# Resource object code (Python 3)
# Created by: object code
# Created by: The Resource Compiler for Qt version 6.10.0
# WARNING! All changes made in this file will be lost!

from PySide6 import QtCore

qt_resource_data = b"\
\x00\x01\x16b\
\x89\
PNG\x0d\x0a\x1a\x0a\x00\x00\x00\x0dIHDR\x00\
\x00\x02\xaf\x00\x00\x02\xd0\x08\x06\x00\x00\x00\xbe\x15\x99\x89\
\x00\x01\x00\x00IDATx\xda\xec\x9du\x98\x1cE\
\xfa\xc7?=\xbb\x1b'H\x82\x13$Hp\xd7\xc3\xe1\
p9\xdc\x0e;\x5c\x7f\x90\xc3\x0e;\xdc\xdd9\x9c\x03\
\x0e=\xdc]\x0e\xf7\xc3\xf5\x08N\x12H Dwg\
\xea\xf7Gu\xcd\xd6\xf4t\xef\xf4\xec\xce\xee\x8e|?\
\xcf3O6\xbbc]]\xf2\xad\xb7^\x09\x10B\x88\
\xfa\xa1\x09\xc8\x86?/\x00\x9c\x9e\xc9d\xb6\xcad2\
\x19 \xa8\xf2\xefn\x8c1\xe4r\xb9o\x8d1g\x00\
W\x02&\xbc&\x03\xe4t{\x85\x10B\x08!\xea\x83\
L\xf8\x00\x18\x08\x1c\x1b\x04\xc1\xcf\x99L\xc6\x89>S\
K\x8f\xa6\xa6&\x03<\x0d\xac\xed]cs\x0d\x08p\
!\x84\xe8v4\x11\x0a!j}\x0e\xcb\xd0nm\xfd\
3\xf0\xf7\xa6\xa6\xa6\x85\xb2\xd9,@n\x96Yf\xc9\
\xac\xb0\xc2\x0aL\x992\x85 \xa8\xce)\xcf\x18CS\
S\x13S\xa6L\xe1\xf9\xe7\x9f7\x80\x09\x82 \x13\x04\
\x01\xb9\x5c\xee\x9f\xc0\xc9\xc0\x17\xe1\xd3}\xeb\xb2\x10B\
\x08!\x84\xa8\x11\xd1\xda\xec\xfd\x7f%\xe0\xb1\xe6\xe6f\
g\xbdl\x03r'\x9dt\x92\xa95>\xfd\xf4S\xb3\
\xea\xaa\xab\xe6\xaf\xa1\xa9\xa9\xc9\x04A0\x0e\xf8;0\
\xd8\xbb\xfe&u\x03!\x84\x10B\x88\xdabN\xe0r\
\xa05\x14\xadY \xbb\xc3\x0e;\x98q\xe3\xc6\xe5\x05\
akk\xabikk3\xad\xad\xadU\xf9p\xdf-\
\x97\xcb\xe5\xbf\xf3}\xf7\xddgf\x99e\x16'b\x9d\
(\xff\x18\xd81\x22\xe2\x85\x10B\x08!D\x95\x12\x84\
\x8f\xe9\x80#\x80\x9f<a\xd7\xb6\xf4\xd2K\x9b\x97_\
~\xb9@\xb4\xfa\x82\xb0\x16\xc8f\xb3\x05\xff?\xf9\xe4\
\x93M&\x93\xc9y\x02\xdd\x00\x8f\x03\xab\x87m\x92Q\
\xb7\x10B\x08!\x84\xa8N\xe1\x9a\xc1\x1e\x97\xbf\x00\x98\
L&c2\x99L\x1b\x90;\xe3\x8c3b\xc5\xe0\xb4\
i\xd3\xaa^\xc4\xe6r9\xd3\xd6\xd6f\xa6M\x9bf\
\xda\xda\xda\x8a\xfe\xfe\xeb\xaf\xbf\x9a\x85\x17^\xd8\x00\xd9\
\xa6\xa6\xa6\xb6 \x08\x9c\x88\xdd&l\x1b\xb9\x10\x08!\
\x84\x10BT\x19\xce\xc7u\xd7P\xb8M\xc5\xcb$0\
p\xe0@3\xcf<\xf3\x98=\xf6\xd8\xc3<\xf0\xc0\x03\
f\xca\x94)\xb1V\xcdj\x11\xb3\xceU`\xda\xb4i\
\x89\xbe\xaf\xe7\x9f\x7f\xbeY}\xf5\xd5\xcd\xcc3\xcfl\
<\xc1j\x80i\xb4\xbb\x11\xf4\x0bE\xbd\x5c\x08\x84\x10\
B\x08!\xaa\x04gu\x9d\x1e\x18E\xe8\xdb:l\xd8\
\xb0\x0eSN-\xb1\xc4\x12\xe6\x98c\x8e1/\xbc\xf0\
B\xe2\x11\xbd\xb3vv\xb7\x98\xcd\xe5r\x1d\x8a\xd5\x9f\
\x7f\xfe\xd9\xdcr\xcb-f\xcb-\xb743\xcd4S\
\xe25e2\x193\xfd\xf4\xd3\xfb\xbe\xb0\x87\x87m$\
\xeb\xab\x10B\x08!D\x95\xe0\x84\xd9\xa9a\x0e\xd4\xb6\
\xbd\xf6\xda\xcb\x18c\xcc7\xdf|c\xae\xb9\xe6\x1a\xb3\
\xe9\xa6\x9b\x9a\xc1\x83\x07w(f\xd7\x5csMs\xf6\
\xd9g\x9b\x8f?\xfe8V@\xfa\x01T\xdd\xed\x0a0\
u\xeaT\xf3\xc4\x13O\x98\xfd\xf7\xdf\xdf\xcc?\xff\xfc\
\x1d~\xef\xf9\xe7\x9f\xdf\x1ct\xd0A\xe6\xf1\xc7\x1f7\
\xc6\x183q\xe2D\x97\xbf6\x1b\x04\xc1\xcf\xc0\x1c\x9e\
\xc0\x17B\x08!\x84\x10\xbd\x88;\x12_ \x93\xc9\xfc\
\x8e\xb5\xba\xe6Z[[cE\xe3\x07\x1f|`\xce:\
\xeb,\xf3\x87?\xfc\xc1%\xfb\x8f}\x0c\x1a4\xc8l\
\xb9\xe5\x96\xe6\xba\xeb\xae3?\xfd\xf4SE\xfce\xfd\
\x8c\x06q\xbc\xf9\xe6\x9b\xe6\x84\x13N0\xcb,\xb3L\
\x87bu\xa6\x99f2;\xed\xb4\x93\xb9\xf5\xd6[\xcd\
\xf8\xf1\xe3c\xdf\xeb\x98c\x8e1@kX\x88\xe1\x9a\
\x88\xc8\x17B\x08!\x84\x10\xbd\x84\x13dw\x86B\xad\
\xed\xbc\xf3\xce+H\x81\x95d\xdd4\xc6\x98\x17^x\
\xc1\xfc\xf5\xaf\x7f5\x8b.\xbah\x87\x82q\xd8\xb0a\
f\xcf=\xf74\x0f<\xf0\x80\x99<yr*\x17\x83\
R\xae\x00\x9f\x7f\xfe\xb9\xb9\xf4\xd2K\xcd:\xeb\xacc\
\xfa\xf5\xeb\x97\xf8\xd9}\xfa\xf41\xeb\xad\xb7\x9e\xb9\xec\
\xb2\xcb\xcc\x97_~\x99\xda*\xdc\xbf\x7f\xff\x1c\x90\x0d\
\x83\xd6V\x94\x80\x15B\x08!\x84\xa8\x0e\xe1\xbaN\x98\
.\xaam\xe8\xd0\xa1\x05G\xf3I~\xa5\xd1\x94S\xc6\
\x183a\xc2\x04s\xef\xbd\xf7\x9a\xddw\xdf\xdd\xcc9\
\xe7\x9c\x1d\x8a\xd9%\x97\x5c\xd2\x1cy\xe4\x91\x05\xa9\xb7\
\xa2\x9f\x15e\xf4\xe8\xd1\xe6\xf6\xdbo7\xdbm\xb7\x9d\
\x19:th\x87\xef\xbf\xdcr\xcb\x99\x93N:\xc9\xbc\
\xf1\xc6\x1b\x89b5I\x94\xbb\xdf\xddq\xc7\x1d\x06p\
\xd9\x07\x9eE\xc5\x0b\x84\x10B\x08!z\x0d\xe7\xc3\xd9\
\x02\xbc\x19\x0a\xb4\xb6'\x9f|2/\xee\xba\x1a$\xf5\
\xddw\xdf\x99\xab\xaf\xbe\xdal\xbe\xf9\xe6f\xc0\x80\x01\
\x89B\xb3\xb9\xb9\xd9\xac\xb1\xc6\x1a\xe6\xdcs\xcf-\xf0\
\x97\x9d6m\x9ay\xec\xb1\xc7\xcc\x81\x07\x1eh\xe6\x9b\
o\xbe\x0e\xc5\xea\xf0\xe1\xc3\xcdA\x07\x1dd\x9ex\xe2\
\x89\xd8\xefSN\xf0\x98\xff\xf7\xd0\xa2\xdc\x16\xbaH\xec\
\x10\x11\xfdB\x08!\x84\x10\xa2\x87p\x02l_\x17\xa4\
\xb5\xea\xaa\xab&Z=\xcb\x09\xa0J\x12\xbe\xef\xbd\xf7\
\x9e9\xf9\xe4\x93]y\xd6\xc4\xc7\x0c3\xcc`\x96Z\
j\xa9\x0e\x9f3t\xe8P\xb3\xd3N;\x99\xbb\xee\xba\
\xcb\x8c\x1e=\xba\xe2i\xbb\xdc5|\xf8\xe1\x87\xae\xb2\
X\x0e\xf8\x02\x18\x84Rg\x09!\x84\x10B\xf4(\xce\
\xea:$\x08\x82\x1fBa\x96\xfd\xf6\xdbo\x0b\x8e\xcd\
+\x95\x0d \xce\xc5\xc0\x18c\x9e{\xee9s\xe8\xa1\
\x87\x9a\x11#Ft(T\x01\xd3\xaf_?\xb3\xfe\xfa\
\xeb\x9b+\xae\xb8\xc2|\xfe\xf9\xe7=R0\xc1}\xef\
\xed\xb6\xdb\xce\x00m\xcd\xcd\xcd\x068!\x22\xfe\x85\x10\
B\x08!D7\xe3\x84\xd7\xf9\xce\xea\xba\xdf~\xfb\xc5\
\x96O\xed\x8e<\xacI\xfe\xb2w\xdf}\xb7\xd9u\xd7\
]\xf3\x82u\xb6\xd9f3g\x9cq\x86y\xf3\xcd7\
\xbb=\xf5VRv\x03c\x8c\x99<yr>uV\
&\x93\x99\x00\xcc\x8bRg\x09!\x84\x10B\xf4\x08N\
p-\x96\xc9d&\x13\x1e\x89w\x14(\xd5\x9db6\
\xce\xc5\xc0\x89\xd7\x03\x0f<\xb0HL\xf6T\xd1\x83\xa8\
\x80=\xfd\xf4\xd3\x0d\xd0\x16fd\xb8%\xb2\x09\x10B\
\x08!\x84\x10\xdd\x84\x13\x5c\x0f\xba\xd4XW]uU\
\xc5\xdc\x05:\x8b\x0b\xb2\xfa\xf9\xe7\x9f\xf3\xe2u\x97]\
v1\xc6\x183i\xd2\xa4^+7\xeb\x7f\xee\x8c3\
\xce\xe8\x04l\x16X]\x02V\x08Q\xcf\x16\x0e!\x84\
\xa8\x16\xe1\x9a\x056ijj\xda$\x97\xcbe\x87\x0d\
\x1b\xd6\xb4\xf7\xde{\xdb\x09+\xd3{S\x96\xfb\xec\x96\
\x96\x96\xa2\xdf577\x13\x04\xbd\x13\x1f\x15\x04\x01m\
mm\x00\xdc|\xf3\xcd\x00\x18c2\xc0\xb9a{\x1a\
\x14\xbc%\x84\x90x\x15B\x88\xca\xeb\xb0Ph\xf5\x05\
\xce\xcaf\xb3\x06\x08\xee\xb8\xe3\x0e\x00\xda\xda\xdazM\
 \xfaX\xaf\x81\xea\xa2\xb9\xb9\x19c\x0c\x1bo\xbc1\
+\xae\xb8b\x931&\xdb\xd4\xd4\xb4\x22\xb0\x1b\xd6\x17\
Vs\xbd\x10B\xe2U\x08!\xbaa>\xca\x01\xfb7\
55-\x06\xe4\xd6_\x7f\xfd\xcc\xca+\xaf\x8c1\x86\
\xe6\xe6f\xb5P\x07d\xb3Y\x00n\xbf\xfdv\x80 \
\x9b\xcd\x9a \x08N\x06fD\xd6W!\x84\xc4\xab\x10\
Bt\x8bp\x9d-\x08\x82\xe3\xb2\xd9l\x0e\x08n\xb9\
\xc5\xc6\x1d\xe5r9\xb5P\x09\x9a\x9b\x9b\xc9\xe5r\xcc\
;\xef\xbc\xec\xb5\xd7^\x19 \x97\xc9d\xe6\x04\xfe\x86\
\xac\xafB\x08\x89W!\x84\xa8(\xcee\xe0\xc4 \x08\
\x86\x00\xe6\x88#\x8e\xc8\x0c\x1d:\x94\x5c.GS\x93\
b\x8e\xd2\xe0\x5c\x1a\xae\xba\xea*\x80L6\x9b\xcd\x05\
Ap00B\x02V\x08!\xf1*\x84\x10\x95\xc1\x05\
i-\x9b\xc9d\xf6\xcc\xe5r\xb9\xbe}\xfb6\x9d}\
\xf6\xd9V\xd5\x06:\xedN\xdd\x90MMd\xb3Y\x82\
 \xe0\xb2\xcb.\x0b\x00\x13\x04A\x7f\xe0,\xe4: \
\x84\x90x\x15B\x88.\xe3\x8b\xa9\xb3\x8d1\xcd\x80\xb9\
\xee\xba\xeb\x00\xf2BL\x941\xa9\x87\x19\x10\x0e8\xe0\
\x00f\x9f}\xf6L.\x97\xcbe2\x99?\x01\x1b\x84\
\x9b\x04\x99\xb1\x85\x10\x12\xafB\x08\xd1\x859(\x0bl\
\xd3\xd4\xd4\xb4\xae1&\xbb\xd0B\x0b5\xed\xb4\xd3N\
\x00r\x17\xe8\xccn\xc0K\x9du\xdbm\xb7\x05@X\
W\x81\xb3\x81\x16d\x81\x15BH\xbc\x0a!D\xe7t\
V(\xa4\x06\x02g\xb8\xd4Xw\xdey'@^\x80\
\x89\xf2q\xa9\xb3\xd6Xc\x0d\xd6Zk-\x97:k\
I`_\xe4\xfb*\x84\x90x\x15B\x88N\xcf?9\
\xe0\x90\xa6\xa6\xa6\x05\x80\xdc\x96[n\x99Yr\xc9%\
\xc9\xe5rJ\x8d\xd5E\x5c\x86\x86\xdbn\xbb\x0d\xdaS\
g\xfd\x1d\x98%\xdc4h\xfe\x17BH\xbc\x0a!D\
\x99\xc2uX\x10\x04G\x86\xa9\xb12\xff\xfc\xe7?\x81\
\xea,\x04Pk455\x91\xcb\xe5\x98u\xd6Y9\
\xe4\x90C2@.\x08\x82\x99\x81\xe3\xc3\xb6\x97\xeb\x80\
\x10B\xe2U\x08!R\xe2\x5c\x06N\x0d\x82`z\xc0\
\x9ct\xd2I\xc1\xa0A\x83\xc8f\xb3\xf2u\xadT#\
\x87\xc1n\x17^x!MMM.xk_`)\
\x14\xbc%\x84\x90x\x15B\x88T\xb8\xd4X\x7f\xc8d\
2;\xe7r\xb9\xdct\xd3M\x97\xf9\xfb\xdf\xffn'\
\xa5\x8c\xa6\xa5J\x8aWWy\xeb\xdak\xafu\xc1[\
-\xd8\xe0-\x7f#!\x84\x10\x12\xafB\x08\x91\x80\xf3\
\xb7<\xc7\x18\x93\x01\xcc\xcd7\xdf\x1c\x80Rcu\xcb\
$\x1fn\x06v\xdbm7\xe6\x9f\x7f~\x17\xbc\xb5>\
\xf0\xa7p\x13\xa1u@\x08!\xf1*\x84\x10\x094c\
\xfd-wnjj\xfa\x831&\xbb\xcc2\xcb4m\
\xbe\xf9\xe6\x18c\xe4.\xd0\x0d\xf8\xa9\xb3n\xbf\xfdv\
\x08\x83\xb7\xb0\x85\x0b\x06\xa0\xd4YB\x08\x89W!\x84\
H\x9cor\xc0\xe0 \x08N\x8d\xa6\xc6r\xc7\xdb\xa2\
\x1bv\x0ca\xea\xac\xe5\x96[\x8eM7\xdd4\x03\xe4\
\x9a\x9a\x9aF\x00\x07\xa1\xd4YB\x08\x89W!\x84\x88\
%\x08\x85\xd2Q\x99Lf\x18\x90\xdbm\xb7\xdd2\xf3\
\xcf?\xbfRc\xf5\x00.u\xd6\xcd7\xdf\x0c\x90\xc9\
f\xb3\xb9 \x08\xfe\x06\xcc)\x01+\x84\x90x\x15B\
\x88\xe2\xb9&\x07,\x18\x04\xc1\xa1.5\xd6\xd5W_\
\x0d(5VO\xd0\xd4\xd4D6\x9be\xfa\xe9\xa7\xe7\
\xd8c\x8f\x0d\x00\x13\x04\xc1\x8c\xc0\xc9\xc8u@\x08!\
\xf1*\x84\x10\x05\xb8\xd4Xg\x04A0\x000\x17\x5c\
pA\xd0\xd2\xd2B[[\x9b|]{j\xc2\x0f\x83\
\xb7N=\xf5T\x06\x0c\x18\xe0Rg\xed\x06\xac\x88R\
g\x09!$^\x85\x10\x02hO\x8d\xb5n&\x93\xd9\
:\x97\xcb\xe5f\x99e\x96\xa6C\x0f=\xd4\xfeQ\xc2\
\xb5\xe7v\x10^\xea\xac\x1bo\xbc\xd1\xa5\xcej\x02\xce\
\xd1z \x84\x90x\x15B\x88v\x8bk\x0b65\x16\
\x80\xb9\xf5\xd6[\x01hkkSj\xac\x9e\xdeI\x84\
\x9b\x85m\xb6\xd9\x86%\x96X\xc2\xa5\xceZ\x03\xd8\x1e\
Y_\x85\x10\x12\xafB\x08\xcd1\xe4\x80=\x9b\x9a\x9a\
\x961\xc6dW[m\xb5\xa6u\xd6Y\x07c\x8c\x82\
\xb4z\x09\x97:\xeb\x8e;\xee\x800uV\x10\x04\xa7\
\x01\x83\x90\xff\xab\x10B\xe2U\x08\xd1\xa08\xab\xeb\xd0\
 \x08Np\xa9\xb1n\xbb\xed6@\xa9\xb1z\x93\xe6\
\xe6fr\xb9\x1c\x0b/\xbc0\xdbo\xbf}\x06\xc8e\
2\x99\xf9\x80\xc3\xc3\xcd\x86\xac\xafB\x08\x89W!D\
C\xce/9\xe0\xd8L&3\x1b\x90;\xe0\x80\x032\
s\xce9\xa7RcU\x01.\xc3\xc3\x8d7\xde\x08\xed\
\xa9\xb3\x0e\x03\xe6\x03\xda\xb4>\x08!$^\x85\x10\x8d\
6\xb7d\x81e\x83 \xd8?\x9b\xcd\xe6ZZZ2\
\x97]v\x99Z\xa6Jp\xa9\xb3\xfa\xf6\xed\xcb\xe9\xa7\
\x9f\x1e\x00&\x93\xc9\x0c\xc2V\xde\x02\xb9\x0e\x08!$\
^\x85\x10\x0d\xc8I\xcd\xcd\xcd}\x81\xdcy\xe7\x9d\x17\
\x00\xb4\xb6\xb6\xe6S6\x89\xea\xe0\xe8\xa3\x8ff\xe0\xc0\
\x81M\xd9l6\x97\xc9d\xb6\x05\xd6F\xc1[B\x08\
\x89W!D\x03\x10\x84\xf3J\x004\x0339_\xd7\
SN9\x85\xef\xbe\xfb\x8e\x96\x96\x16\xf9\xbbV\x01\xc6\
\x98|\xe6\x81\xa3\x8f>\x9a\x89\x13'\x12\x04\x01\xb9\x5c\
\xce\x00C\xc3\xfb\xe7\xee\xa5\x10BH\xbc\x0a!\xeaf\
\x0ei\x0a\x85N\x136@+\x87\xb5\xda\xb5\x01\xbf\xe5\
r\xb9 \x08\x02\xc6\x8c\x19\xc3|\xf3\xcd\xc7w\xdf}\
\x97?\xb2\x16\xbd'\x5c]\x8a\xb2#\x8e8\x823\xcf\
<3\xff\xfbP\xac~\x1f\xde\xbf\xd6\xf0\x9ef\xbc{\
\xdc$A+\x84\xe8M\x141!\x84H\x8boU5\
\xa1@\xcd\xc5<g(0\x02X\x0cX4\x14Ey\
\x97\x81\xe1\xc3\x87\xf3\xc5\x17_0\xd7\x5cs\x91\xcb\xe5\
j\xce\x85\xa0\xd6\xf3\xd2F\x85\xeb\xb9\xe7\x9e\x1b\xbd\x7f\
\x00{\x01s\x00\x1f\x01_\x02\x93\x12\xee\xb5s+\xc8\
\x85}Bu~\x85\x10B\x08\xd1\xabB\xd5Y\xdb\x92\
\x14\xdbp`}\xe0H\xe0\x16\xe0m`\xbc\x132A\
\x10\x18\xc0\x0c\x192\xc4l\xb4\xd1FN\xdc\x98\xe6\xe6\
f\xf3\xed\xb7\xdf\x1ac\x8cimm5\xb5@6\x9b\
5\xc6\x183~\xfc\xf8\xfcu\xec\xbe\xfb\xee\xc6\x18c\
\xa6N\x9dZ\x13\xd7\x90\xcb\xe5\xf2?\x1fy\xe4\x91\xf9\
\xebhjj2\x7f\xfa\xd3\x9f\x0a\xeeY\xf8h\x05\xbe\
\x01\x1e\x03.\x05\xfe\x02\xac\x00L\x9f\xd0\x1f\x9aR\xf4\
\x19!\x84\x10B\x88\x8a\x89U'>\xe2\x98\x05X\x15\
8\x14\xb8\x1ex\x1f\xf8\xdd\x13:\xd1Gk\x10\x049\
\xc0L7\xddt\xc6\x18c\xd6]w\xdd\xfc\xdf\xfb\xf4\
\xe9S3\x02\xb6\xad\xad\xcd\xb4\xb5\xb5\xe5\xff\xef\xaea\
\xcf=\xf7,xN\xad\x08\xd7#\x8e8\xa2\xe0^}\
\xf8\xe1\x87\xe6\x91G\x1e1\x80iii1X\x97\x81\
\xb6\x0e\xee\xed\xf7\xc0\xf3\xc0y\xc0.\xc0\x22\xc0\xc0\x84\
~\xe5\xc4\xac\xdc\xd4\x84\x10B\x08\xd1e\xb1\xda\x9c \
*\x9a\x81\x05\x80\x1d\x81\xcb\x80\x97\x80\xb1\x09B\xc6\x09\
\x9dV\xda]\x09\x8a\xacx\x8e\xd5W_=V\xc0:\
\xcbf\xb5\x09>_\x94\xbe\xfb\xee\xbbf\xc5\x15W\xcc\
[+\x9b\x9a\x9a\xcc\xc9'\x9f\x5c\xf0\x9aj\x14\xe2I\
\x16W\xc0\xdcs\xcf=\xc6\x18c.\xbc\xf0B_\xbc\
\xba\x87\xef\xbf\xdc\x1a\xfe\x9b\x8b\xe9\x039\xe0\x0b\xe0>\
\xe0(\xe0\x8fX\xf7\x91\x8e\xc4\xac,\xb3B\x08!\x84\
H%V\xe3\xd2\x1f\xf5\x01\x96\x02\xf6\x00\xae\x03\xde\x03\
\xa6$\x88\x94\xd68\xa1\x1a\xf7p\xe25\x93\xc9\x14\x88\
\xa95\xd6X\xa3@\xc0~\xf7\xddwU'\xfc\xfc\xef\
2a\xc2\x04\xb3\xd3N;%^\xe7L3\xcddn\
\xbf\xfd\xf6\x02\x17\x83j\xb1\xc4\xfa\xc2\xf5\xa8\xa3\x8e*\
\xf8\xde\xf7\xdf\x7f\x7f\xfeo\x97^zi\x9cxMz\
\xe4\x22\x826\xee9\xbf\x00O\x01g\x02\x9b\x02\xc3b\
\xfa]\x1a\xd7\x14!\x84\x10B4\x90`Mr\x03\x08\
\xb0G\xbd{\x03\xb7b\xadfqB\xb4\x94\xc5\xcdt\
F\xbcF\x05l\xdf\xbe}\xcd\x0f?\xfcP\x15\x026\
*:\xcf<\xf3\xcc\xa2\xebZ}\xf5\xd5\xcdI'\x9d\
T\xf4\xfb\xe5\x96[\xce\xbc\xf3\xce;\x05\x02\xd8\x17\x8f\
\xd5dq\xbd\xef\xbe\xfb\x8c1\xc6L\x992\xa53\xe2\
5\xee\xe1[h\xe3\xfa\xcax\xe0el\x11\x84M\x80\
Yc\xfa\xa5\xcbf \x17\x03!\x84\x10\xa2A\xc8x\
\x02 \xca|X7\x80\xab\x81wB\xb1\x91$VK\
ZU;+^}q\xba\xdaj\xab\x15\x08Xg\x81\
\xed\x0d\x17\x82\x5c.W\xf0\xb9\x0f>\xf8\xa0\x99}\xf6\
\xd9\x0b\xaeg\xc6\x19g,\xb0\xb0N\x9a4\xc9\xec\xba\
\xeb\xaeE\xd7\xfd\xe7?\xff\xd9\xfc\xfa\xeb\xaf\xbd\xeaJ\
\xd0\x91\xc5\xf5\xde{\xef\xcd?g\xda\xb4i\x95\x12\xaf\
\xe5Zg\x7f\x06\x9e\x00\x8e\x06\xd6\x00\x06\xc5l\xb0d\
\x95\x15B\x08!\xea\x8c\x8e|W\x07\x85\xa2\xe0\x14\xe0\
\x15l\xba\xa3$\x7f\xd5\x8a\x88\xd54\xe25*\x12W\
Ye\x95^u!\x88\xfa\xb5~\xf6\xd9g\x05Va\
\xf78\xee\xb8\xe3\x12\xdd\x0a\xfe\xfb\xdf\xff\x9a\x15VX\
\xa1\xe85g\x9cqF\x87V\xdd\x9e\x10\xae\xc7\x1e{\
l\xac\xc5\xd5\xdd\x03'^/\xbe\xf8\xe2J\x8b\xd78\
1\x9b\xf56G\xd1\xbf\x7f\x0b\xdc\x89M\xd3\xb5`L\
_W\x8eY!\x84\x10\xa2\x86\x05k\x92;\xc0\xdc\xc0\
\xae\xc0?\x81Q=-V\x93\xc4kKKK\x91\xb0\
\xf2\x05\xec\xaa\xab\xae\x9a\x7fM\xbf~\xfd\xcc\x8f?\xfe\
\xd8#\x02\xd6\x7f\xff\xd6\xd6V\xb3\xff\xfe\xfb\x17]\xc3\
V[meF\x8f\x1e\x1d\xfb\x9a\xb6\xb6\xb6\x82\xeb\xb8\
\xe3\x8e;\xcc\x90!C\x0a^?\xc7\x1cs\x98\x07\x1f\
|\xb0\xc0\x1f\xb6;]\x09:\x12\xae\xce\xe2\xea\x7fg\
'^\xaf\xb9\xe6\x9a\xee\x16\xaf\x1dYf\xa3}qR\
\xb8\xe1:\x15X\x1d\x98.\xd2\xcf\xdd\x09\x83\xdc\x0b\x84\
\x10B\x88\x1a\x13\xac\x01\xb0\x0cp\x0c\xf0\x1c\xc5\xa9\xab\
\x9c\xa5\xabS>\xabt\xd1\xc2\x16\x04A^\x98\x8c\x1b\
7\xae\xc8\xfa\x98d\x81\xed\xdf\xbf\xbf\xf9\xe9\xa7\x9f\xba\
\xcd\x85 j\x01\xbd\xfc\xf2\xcbMSSS\xc1u\x8c\
\x181\xc2\xbc\xf8\xe2\x8b\xa9\xfcW\xa3\xefw\xc2\x09'\
\xc4\xfa\xc9~\xfe\xf9\xe7\x05\xaf\xa9\xb4\x88\xedH\xb8\xde\
}\xf7\xdd\xb1\xed\xe9\xfe\xbf\xd7^{9\xf1\xea\x1f\xf5\
g{\xb0\xdf\xf8}5\xfa\xb7\xffa\xd3\xb3mEq\
\x16\x03\xe7^ !+\x84\x10BT\x89`\x8d\xfa\xaf\
6\x03\xab\x00'\x03\xafS|\x04\xeb[W{\xd2z\
\x16+\x90\x9d(\xdcp\xc3\x0d\x8b\x04VTL\xad\xbc\
\xf2\xca\xb1\x02\xb6R\x16\xd8\x5c.W\xf0^\xcf<\xf3\
\x8c\x99o\xbe\xf9\x0a\xbeo\x9f>}\xcc5\xd7\x5c\x93\
\xe8V\x90\xd6\x92;f\xcc\x18\xb3\xf5\xd6[\x17\xb5\xd9\
>\xfb\xecSd\xf1\xad\xb4p=\xee\xb8\xe3R\x09W\
\xf7\xd9_~\xf9\xa5\x7f?;\x12\x96\x15\xf3\x87&\xbd\
\x8bA\xf4\xb3~\x06\xee\x05\xf6\xc4\x9e4\xf8d$d\
\x85\x10B\x88\x9e'\x13ca\xed\x0b\xac\x07\x5c\x88-\
\xd9YT\x10\xa0\x07\xac\xab\xd1\x9c\x9fI\x9f5&\x14\
\xd5\xd7\x02\x87\x01\x1f\xbb\xd7\xbe\xf4\xd2K\xb1\x82-\xc9\
\x02;`\xc0\x80\xfc\x91}WE\x9e;\x1e7\xc6\x98\
o\xbf\xfd\xd6l\xbc\xf1\xc6E\xdf\xfd\xd0C\x0f\xedr\
\xce\xd6\xa8\xd8}\xf5\xd5W\xcdb\x8b-V$\xe8/\
\xb9\xe4\x92\x8a\xf9\xc3v$\x5c]\x1e\xd7\xa8p\xcd\xe5\
r\xf9\xd7\x85\xfe\xba\xb9p\xa3q>p<\xf00\xf0\
9\xf1\xbe\xd2\xd1L\x14\xdd\xbdQ\xca\x12_8a<\
\xb6\xfa\xd7\xfe\xd8\x80\xc4\xe88\x92\x8f\xac\x10B\x08\xd1\
\x83\x82\xb5)\xb4\xb0\x9e\x1f#Xs=`\x05+\x15\
`\xe3\xc4\xc3K\xd8B\x06\xbb\x03+a+q\xf9l\
\x9c\xc9d\x0c\xd06\xf7\xdcs\x97,\xbf\x1a\xb5\xc0\x0e\
\x180\xa0K.\x04Q\x01\x1aM\x19\x05\x98\x0d6\xd8\
\xc0\x8c\x1a5\xaa\xa2\x81UQ\xb7\x80\xeb\xae\xbb\xce\x0c\
\x1c8\xb0\xe0s\xe7\x9bo>\xf3\xf4\xd3Ow\xc9\x1f\
\xb6#\xe1\xfa\xef\x7f\xff;\xb1\xdd\xdc5>\xfc\xf0\xc3\
\x06h\x0b\xfd\x93_\x89\xdc;W\xacbC\xe0X\xe0\
\x0e\xe0S:\xce\x01\xdc\xd6\x03\xfd2N\xc8N\x04\x1e\
\xc1\xa6\x7f\x9b[BV\x08!\x84\xa8<\xce- z\
\xc4\xb9,p\x22\xf0n\x07\x82\xb5\xbb]\x00\xe2>c\
26\xc5\xd6\xed\xd8\x12\xb1\xeb\x003\x97\xb8\xb6>\xe1\
\xff\x1ft\x02\xf6\xaa\xab\xaeJ\x14\x88\xbe\xc8Zi\xa5\
\x95b-\xb0i\x05lT<\xdep\xc3\x0df\xba\xe9\
\xa6+\xb8\xa6y\xe7\x9d\xd7<\xf1\xc4\x13\xdd\x1aL\x15\
\x15\xcf\x87\x1dvXQ\xdbo\xb4\xd1F\xf9Jc\xe5\
\x88g\xff\xbb\x1e\x7f\xfc\xf1\xa9\x85\xab\xff\xba\x19f\x98\
\xc1\x00m\x99L&\x87\xcdN\x11`-\xfdIG\xef\
}\x80\xf9\x81\xad\xb1\x01UO\x02\xdf\xd1\xb1u\xb6\xbb\
\xc4l\x92\x90\x9d\x00<\x08\xec\x06\xcc\x16\xb3)\xccH\
\xc8\x0a!\x84\x10\xe5\x09\xd6\xa8\x1f\xebp\xe0\x08\xecq\
{\x9cK@w\x08\xd6Rb\xf5W\xe0U\xac\xab\xc2\
6\xd8c\xd9\xa4\x05\xbf\x99\xf8TFN\x00-\x9a\xc9\
d\xa68\x11\xd3\x91H\xeb\xc8\x02;f\xcc\x98\x92\xc7\
\xf9\xd1c\xfb\xd7^{\xcd,\xb1\xc4\x12\x05\xd7\x96\xc9\
d\xcc\xc5\x17_\xdcci\xac\xfc|\xaa\xc6\x183j\
\xd4(\xb3\xdez\xeb\x15\xdd\x93\xc3\x0f?<\xb5\xdbB\
g\x85\xab\x7f\xad\xa7\x9f~\xba\x13\xae\x06\xf8\x97'\xee\
\xfc\xfe\xea\xac\x96I\xd5\xd9\x00f\xc4Z\xdd\x0f\x0d\xdf\
\xe7\xf3\x04\xb1\xda\x9dn\x06IBv\x0cp\x0b\xb0\x05\
00\xa6\xdf\xca?V\x08!\x84H\x10\xad\xcd1\x0b\
\xfeN\xd8z\xf0\xbf'\x08\xd6J[\xab:\x8a\xe8\x1e\
\x8fM\x1a\x7f&\xb01\xf1\xe5<\x89\x08\x99 \x85\x05\
\xcb\x09\x9e\xf3\x9b\x9b\x9b\x0d\xd0\xb6\xff\xfe\xfbw(\xae\
\x92,\xb0\x03\x07\x0e\xec\xd0\x02\xeb\x8b\xbd\x9f\x7f\xfe\xd9\
l\xbb\xed\xb6Em\xb0\xf7\xde{\x17\x08\xc9\x9e, \
\x10\x0d\x18{\xea\xa9\xa7\xcc\xdcs\xcf]\xf0\xfd\x06\x0c\
\x18`\xae\xbf\xfe\xfa\xd4\x01cQ\xe1z\xdbm\xb7\xa5\
\x12\xae\x93&M\xca\xbb\x86\x04A\xf0\x1b0\xaf'V\
K\xf5e\xe7\xe6\x92$\xfe\x5c\xb9\xe1\xdd\xb1Y\x02>\
\x8e\xe9s\xbe\x9bA\xa5\xfby\x92\x90\xfd\x1c8\x17X\
>\xa6\x8f\xca\xad@\x08!\x84\x04k\x8c\x955\xc0\x1e\
\xcd^\x86M\xca\x1e=b\xad\xb4E\xaa\xa3\x5c\x9a\x93\
\x81\xd7B\xcb\xea\x16\x14\x1f\xaf\xfa\xa2\xbb+G\xadN\
\xec\x0c\x09\x82\xe0G'\x98\xbe\xf9\xe6\x9b\x0e-\x9e\xbe\
\xf8Zq\xc5\x15;\x14\xb0\xd1\xf7\x88+\xdd\xba\xea\xaa\
\xab\x9aO?\xfd\xb4[SUu6U\xd7E\x17]\
dB\xebg\xfe\xb1\xf8\xe2\x8b\x9b\xd7^{\xad(U\
\x97\xff\x9dO<\xf1\xc4\x82\xd7\xdcq\xc7\x1d%]+\
\xdc\xdf\xb6\xdbn;\x03\xb4\x85AZ\x7f\x8f\xb1\xbav\
\xe6\x1e'Yg[\x80%\xb1\x81Uw\x02_\xd1s\
.\x06\xb9\x98\xb1\x95\xc3\xfaj\x1fJ\xb1\x7f\xac\xf2\xc7\
\x0a!\x84\x90\x95\x15\x98\x038$\x14\x8bqi\xad*\
\xb9X'Ef\x1bl\xb0\xcd?\x80?\x87\x96\xb6R\
b\xb5R8A\xb3o(\x96\xdaV]u\xd5\x92\x22\
\xcf\x17a\xcb/\xbf|\x81\x80\x1d;vl\x91\x10\xfc\
\xf7\xbf\xffm\x86\x0e\x1dZp\xcd\xb3\xce:k>9\
\x7fO\x14\x09\xe8\xac?\xec\x94)S\xf2\xb9V\xfd\xc7\
\xb6\xdbnk~\xf9\xe5\x97\x22w\x81\x93O>\xb9l\
\xe1\xea>\xef\xc3\x0f?t\xfd$\x17\x04\xc1\x97\xd8j\
l\x95\xf4\x03\xf5\xdd\x0d\xe2\xc4\xec``E\xe0H\xe0\
ql\xfa\xab\x9e\xc8\xa0\xe1N\x1e\xa2'\x0e\xff\x02\xd6\
\x8f\x8c\xdb\xa6.\x88y!\x84\x10\xa2&\xc8\xc4,v\
k\x00W\x03cc,A\xdd\xb1(G-\xb7\x93\x80\
g\xb1\xa9\x8fV\xa2=\x80\xca\x17\x19=qd\xea[\
\xe6\xde\x0c#\xdb\xb3O>\xf9d\xc9\xa3{_\x8c-\
\xb7\xdcr\xf9k\x1b4h\x90\x19?~\xbc1\xc6\x98\
\x0f>\xf8\xa0\xc0?\xd6=N9\xe5\x94^)\xcf\xda\
\x95\xd4Z\x1f}\xf4QA\xc51\xf78\xe9\xa4\x93\xf2\
\xcf\x89\x0a\xd7R\xae\x02Q\xc2\xd4]\xce\xea\xbaCd\
\x83\xd1\xdd\xf7?\xees\xe6\xc0\x06\x80]\x05|Br\
e\xb8J\x8d\x99$\xb7\x82w\xb1\xbe\xe7\xf3\xc4l\xbe\
\xe4R \x84\x10\xa2.\x88\xcb\x180\x170\x12\x1b\xec\
\xd4\x9dn\x01II\xdcGa\xcb\xc3&YW\x9b\xe8\
\x9d\xa3Q'Z\xd6q\x99\x07\x86\x0e\x1d\x1a\x1b\x80\xd4\
\x91\x80]f\x99e\xf2\xd7:\xfb\xec\xb3\x9b=\xf7\xdc\
\xb3\xa8mv\xd8a\x87|E\xaf\x9e\xf6k\xed\x8a\x88\
\xf5\xaf\xf3\xfe\xfb\xef7\xb3\xce:k\xc1u\x0d\x1b6\
\xcc\xec\xbd\xf7\xde\x9d\x12\xaeN \xdfy\xe7\x9d~j\
\xac\xe7\xbc>\xdc\xd3\xe3\xc6\x89\xd9\xa8(\xec\x8bM\x11\
w<\xf0\x220\xb5\x87\x84\xac?6\x7f\x05n\x06\xd6\
\x8d|7\x05x\x09!\x84\xa8i\xd1\x1au\x0dX\x1e\
\xb8\x12\xf8\x85\xee\xb3\xb2\xc6\x1d{\x1a\xe0\x0b\xe0\x0a`\
S`\xfa\x84\xefZ\x0d\xd6#'\x92\xeet\x02\xf6\xbc\
\xf3\xceKe\x15\xf5\xc5\xd9\xb2\xcb.\x1b\xdb>\xcb,\
\xb3\x8cy\xfb\xed\xb7\xab\xc2\xaf\xb5R\xfe\xb0Q+\xab\
\xff\xb8\xfd\xf6\xdbS\x09W\xbf\x0d\x06\x0c\x18\x90\x03\xb2\
\x99L\xa6\x0dX!r_z{\x13\x18\xf7=\x16\x00\
\x0e\x00\x1e\x02\xc6u\xb3\x90\x8d\x1b_\xaf`s\xc7\xce\
\xe8}\xa7\x0cr)\x10B\x08Q#D\x17\xad\x16`\
\xcbpam\xa3{\xac\xacI\x16\xd6w\x80\xb3\x805\
\x81~1\x22\xb1\x1a\xadD\xce\xafr\x81 \x08~\x0f\
\xaf-\xe7\xa2\xff;#`\x83 0\xb3\xce:\xab\xb9\
\xf3\xce;\x0b\x9eW\x8d.\x02\x9d\xf5\x87\xfd\xed\xb7\xdf\
\xccn\xbb\xedf\x00\x13fl\xc8\xfb\xb8\xa6\xb9N\xf7\
\x9cc\x8e9\xc6O\x8duM\x95\x08\xd7$!\x1bg\
\x95\x1d\x86\xcd\xddz7\xc5~\xb2\x95\x14\xb2q\x9b\xce\
o\x81s\x80Ec\xc6\x9a\x5c\x0a\x84\x10BT\xbdh\
\x9d\x03[\xfa\xf4\xdd\x98\x05\xb4\x92\x8bgT\x00\x7f\x10\
\x0a\xd6UcDG\xad\xa4\xfbq\xdf\xfb4\x17\xbc\xb5\
\xf3\xce;\xa7\xf6\xd9tB\xf7\xcb/\xbf\xcc\xb7\x8bK\
\xbdU+.\x02\x9d\xcd\x0f\xeb\xaew\x9du\xd6)\xe9\
j\x11\x15\xae\xe3\xc6\x8d\xf3Sc\xfd\x02\xccI\xba\xd4\
X\xd50\xf6\xe26b\xb3bS\xcd\xddE\xf7Zd\
\xb3\x91\x8d\xe9T\xe0\xdf\xd8\x00/\x89X!\x84\x10U\
)\xb4\xfcEs!l\xb9\xd6\xb11\x8b[W\x17\xca\
\xa4 \x92/\x81K\xb1\x15\xad\xa2\x01W\xd5\xe2\x0eP\
\x0eN0\x0d\x0e\x82`\x94\x13T\x9f\x7f\xfey*\xf1\
\xe9\x0b\xb6\xc1\x83\x07\x1b\xc0\x0c\x192$\x95\xefl-\
\xe2\xc4\xebM7\xdd\x94\xef\x13\x97]vY\xc1\xdf\xd2\
\xb4\xd7&\x9bl\xe2\x07i\x1d\x11\xd9H\xd4\xda&2\
*d\xe7\x00\xfe\x82=\x01\xf9\x8d\xee)\xf2\xe1\xf2\xd2\
\xfa\xbf\xfb\x0f6\xe0\xadodL\xca/V\x08!D\
\x8f\x8b\xab\xa8 \x5c\x11\x9bl}\x02\x95w\x0d\x88\xf3\
\xb3\xfb\x09{\xac\xbb>\xc5U\x81\xea!\xa1\xba\x13M\
;;\xeb\xeb\xd2K/\x9dZ|:\x81\xbb\xd5V[\
\xe5\xdb\xec\xeb\xaf\xbf\xae\xda\x8c\x02\x95p\x1f\xd8f\x9b\
m\xf2\xd7\xfa\xbf\xff\xfd/\xd5\xb5\xba\xd7\xbe\xfe\xfa\xeb\
\xc6\xeb\xab\x1fa\xddLj\xbdDjRy\xe5\xf9\x80\
\xff\x03\x9e\x8fl(+\xbd\xc9\xf4\xdf\xe7\xc3\xf03\x87\
t\xb0\xf1\x15B\x08!\xbaUT96\x02\x1e\xa0\xf2\
\xae\x01q\x0b\xe0d\xe0\x11lU\xa2\x99\xebP\xb0\xc6\
\xb5u\x06\xf8O\x18\xf9\xde\xe6\xf2\xb1\x96\x12eq\xd6\
\xc8\xcb/\xbf<\xb55\xb2\x96\xdc\x06\x1c3\xcc0\x83\
\x01L\xda\x0c\x0d>\xc3\x87\x0f\xf7}]\xff\x94\xd0\xd7\
k}\xc3\x19g\xf1\x5c\x1e[1\xee3\xba'\xf3G\
\xd4\xa5\xe0k\xe0D\x0a\x0b\x1fH\xc4\x0a!\x84\xe86\
\x0b\x8e\xbf\xd8l\x1dZn*-Z\xe3\xac\xaco\x03\
\xc7\x02#\x1a@\xb0\xc6m\x14V\xc9d2Y\xa0m\
\xd0\xa0A\xb94\xc2\xcc\x89\xdb\xb1c\xc7\xe6\xdbq\xfd\
\xf5\xd7/+\xd7i-Y]?\xfb\xec\xb3\xfcu\xee\
\xb4\xd3N\xa9\xdc+\x5c\x1b]\x7f\xfd\xf5\xbep}4\
l\xf3z\x16S\x99\x98q3\x00\x9b\x89\xe3&\x0a\xfd\
cs\x15\x1c\xd7\xbe\x88\x1d\x0f\x5c\x82u3\x92\x88\x15\
B\x08\xd1m\xa25\x03lOa~\xd6\xe8\xa2T\xe9\
<\x92\xebD\x16\xb4\x0c\x8d\x15\xf8\xe1\xda\xff\x06\x97:\
\xeb\xc4\x13O,i}\xf5\x85\xed\xdcs\xcfm\x00\xd3\
\xa7O\x9f\xba\xf3{uV\xe4\x0b.\xb8 \xdf\x9f\x5c\
V\x85\x8e,\xcc\xfe\xf5g2\x19\x97\x1ak*\xb6D\
k\xbd\x8b\xd78!\xeb3\x17\xf6\x88\xbf;\xf20G\
\xfdb\x7f\x05.\x07\x16\x93\x88\x15B\x08Q)\xd1\x04\
6\xd8bW\xe0\x8d\x0a\x8b\xd68+kR\x05\x9fF\
\x0d\xf2p~\x97\xc3\x82 \x18\x17\xb6Yn\xc2\x84\x09\
%\x05\xac\x13o\xfb\xed\xb7_\xbe}\xdf|\xf3\xcd\xba\
\xca8\xe0\xac\xc8k\xae\xb9f\xfe\x1a\x7f\xfb\xed\xb7\x92\
m\xe3^w\xf0\xc1\x07\xfbAZ\x17\xc7\xf4\xfdF\xdb\
\xa8\xf6T\x05\xbc\x5cd\xfe\x98\x8c\xf5a_B\x22V\
\x08!DgD\xab\xb3j\xb6`#\x94\xdf\x8d\x08\xce\
\xaeZ_\xa2\x19\x03&`\x8f+\xd7C\xb5\xd3;\xda\
H\x1c\xed\x82\xb7\xb6\xd8b\x8b\x92.\x00N\xa0>\xf6\
\xd8c\xf9\xb6?\xe1\x84\x13\xea\xc6\xef\xd5\xb7\x9e\x86>\
\xc1f\xc1\x05\x17L\x9d\x1a\xeb\xfb\xef\xbfw\xfd9\x17\
\x04\xc1OX?\xea\x8c\x04Sl\x81\x91\xd9\xb1\xd6\xd8\
\xd7)\xceT\xd0U\x11\xebo`\xa7\x027\xd0n\x01\
\x97\x88\x15B\x08\x91J\xb4\x82Mo\xf3\x16\x95;2\
\xcc\xc5,t\x9f\x02\xc7Q\x5c\xa2U\x8bU\xb1\x98\xc8\
\x00\x03\x83 \xf84l\xc3\xec;\xef\xbc\xd3\xa1\x15\xd5\
\x89\xb4l6\x9b\xbf\x0f.cA=\xf9\xbb\xbe\xfc\xf2\
\xcb\xf9\xeb;\xf4\xd0CS\xbb\x0c\x84\xd6Zgu=\
0\xb2Q\x10\xf1\xd6\xd8\x00\xd8\x00\x9b;vj\x85\xe7\
\x87\xa8%\xf6j`\xe1\x0e\xe6(!\x84\x10\x0dJ4\
\x1d\xd0\x16\xc0\xcb\xdd Z\xfd\xdf=\x07\xec\x8c\x0d\x12\
\xf1\x17&-N\x1do.\x00\xb6v\xbe\xaf\xbe\x95\xb1\
\x94\x0f\xeb2\xcb,\x93o\x7f'jk=e\x96\x13\
\xa8G\x1duT\xfe\xda\x9e{\xee\xb9\x0e\x05\xbd\xfb\xfd\
s\xcf=g\x80\xb6 \x08r\xd8Jl-\xda0\x95\
\x14\xb2Qk\xecb\xd8\x8aZ\xdfP9w\xa2\xa8\x88\
\xfd\x1d\xb8(\xb2\xc1m\xd6<!\x84\x10\x8d+Z}\
\x8b\xca\xc6\xc0\xd3T\xce= \xba\x88M\x00n\xc4\xfa\
\xd0\x11Y\x88$\x1a\xd2\x89\x07w\xbf\x9ep\xa9\xb3n\
\xb9\xe5\x96\x0e\x85\xa8\x13x'\x9exb\xfe\xde<\xfa\
\xe8\xa3u\xe5\xf7\xba\xf8\xe2\x8b\xe7\xaf\xad#1\xef\xff\
n\xb6\xd9f3\xd8 -C{%(Y]\xd3o\
\xa4\xfc1;\x03\xb0\x0f\x85>\xf1]\xcd>\x12\x15\xb1\
\xbfa+\xe7\xcd\x1e\xf9\x1e\x12\xb1B\x08\xd1`\x22\x08\
lq\x81\x07\xbaQ\xb4~\x1f.:\xc3c\xbe\x83\x16\
\x9e\xf2E\x03\xc0\xb2\x99Lf\x1a\x90mii\xe9P\
\xb09\x81\xfa\xd6[o\xe5\xef\xd1~\xfb\xedW\xf3~\
\xaf\xeeZ'O\x9e\x9c\xbf\xaeUVY\xa5C?`\
'\xf0/\xbe\xf8b?5\xd6=\x12\xae\x15\xdb\x007\
\x03[\x02Ov\xa3\x88\xfd\x118\x1a\x18\x1c3.\x84\
\x10B\xd4\xa1h\xf5\x8f\xfd\x16\x04\xae\xf5\x84jW\x8f\
\xfb\xa2\xee\x05_\x00\x7f\xc3\xd6WO\xb2\xd8\x88\xce\x0b\
\xd8+\x9c\xfb\xc0\xe1\x87\x1f\x9e(\xda|A\xdb\xb7o\
_\x03\x98\xb9\xe7\x9e\xbb\xe6Sf9\xe1}\xdf}\xf7\
\xe5\xfb\xe0\xe9\xa7\x9f\x9e(\xca\x9dp\xcd\xe5rN\x10\
e\x83 \x98\x88\xcd3\x1a\xa8_VtC\x0c\xf0\x07\
\xe0\x16\xac\xefjw\x88\xd8O\x80=\xbd\xcfU\xa0\x9d\
\x10B\xd4\xa9\xe0\x01\x1bQ}&\xede\x5cs\x15\x16\
\xad\xafb\xd3j\x0d\x94h\xed\x16\x9c\x8f\xf2\xacA\x10\
\x8c\x09\xdb>;f\xcc\x98D\xf7\x01\xf7\xbb\x0d6\xd8\
 \x7f\xdf:z~-\x89\xd7\xddw\xdf=\x7fM\x1f\
|\xf0A\xa2;\x84\x13\xf6{\xec\xb1\x87\x1f\xa4uV\
\xcc\xf8\x10]\x17\xb1\xfe\x89\xca\xe2\xd8<\xae\xbfR\x99\
\x0c\x05\xd1\xf9\xeael\x95?\x7f\xae\xd1\x89\x8e\x10B\
\xd4\xb8\xd0q\xa2\xb1/p(\xf0mDxVJ\xb4\
\xbe\x88-`\xd0\xa4\x85\xa4\xdbq\x16\xf4C]\xea\xac\
\xf5\xd6[/\xd1\x92\xea\x84\xde\x15W\x5c\x91\xbf\x7f7\
\xdexc]\xa4\xcc\x0a}W\xcd\xc0\x81\x03\x13\xad\xc9\
N\xa0\x7f\xf9\xe5\x97~j\xaco\x80\x19)\x0eX\x14\
\x95\xdb0\xfbs\xc1<\xe1fa,\x95\xb1\xc4FO\
\x8a\x1e\x00\x96\xd3\xdc#\x84\x10\xb5m\x01\xf1]\x046\
\xc5FTWb\xd1\x88\xbe\xf6Y`\xf3\x98\x85K\x0b\
G\xf7\xde\xdfL\xb8!y/\xbc\x1f\xd9\x97^z)\
\xd6\xf2\xe8\xc4\xdb7\xdf|\x93\xbf\x8f[n\xb9e\xcd\
\x06m\xb9\xeb\xf9\xee\xbb\xef\xf2\xd7\xb3\xd9f\x9b%^\
\x8f\x13\xb3\xcb/\xbf\xbcou\xfd\x8b\xd7WE\xf7n\
\xa0\xfd6\x1e\x06\x9c\x0a\xfc@e,\xb1\xbe\x8f~+\
p)\xc5A]B\x08!\xaa\x1c_\xb4.\x8e\xcd\xc7\
X)K\x87oi}\x1c\xd8$\x22\xa8$Z{\x0e\
\xb7(o\x1c\x8a\xb1\xec\xb0a\xc3J\xfa\xb2\xce2\xcb\
,\x060\x83\x07\x0f\xaeY\xbfWg-\xbe\xfa\xea\xab\
\xf3\xfd\xf3\xfa\xeb\xaf\x8f\xb5$;1\xfb\xd0C\x0f\xb9\
\xd4X\x06x\x05\xa5f\xebm\x11;\x0bp<6\xa0\
\xb3\x12\x22\xd6\xb7\xc2\xfe\x00\x1c\xec\xcd\x85\xf2\x87\x15B\
\x88*^\x1c\xdcB<\x13p\x060\x91\xaeg\x10\x88\
\x1e\xcf=\x8dMR\x1e\x15\xad\xa2\xf7\x04\xec\x03.x\
\xeb\xca+\xaf\x8c\xf5eu\x22n\x97]v\xc9\xdf\xdb\
\x8f?\xfe\xb8&\xad\xaf\xee\xfbn\xbc\xf1\xc6\xf9k\xf9\
\xe9\xa7\x9f\x8a\xae\xdb\x17\xe53\xcc0\x83\xcb0\x90\x05\
V\x8b\xb4\x9f\xe89\xa2\xa7B\xb3`\x0b\x95\xfcP\x81\
Mv\xd4\x1f\xf65`\xc3\xc8x\xd1fE\x08!\xaa\
p1\xd8\x1d\x1b\xe9\xdfU\xbf\xd6\xa8h\xfd\x0f\x85\xee\
\x01\x12\xad\xd5\xb1a\x01X4\x08\x82\xc9\xe1=\xcbE\
\x8f\xd7}\x8b\xe4\xbf\xff\xfd\xef\xfc=>\xe7\x9csj\
\xce\xef\xd5\x17\xa4\xfd\xfa\xf53\x80\x99k\xae\xb9b\xff\
\xee\xae\xff\xb4\xd3N\xf3Sc\xdd\x22\xe1Z5\xf3\x96\
\x7f\x0f\xe6\xc0\x06\x92\xfe\xdc\x0d\x22\xf66lv\x15t\
\xef\x85\x10\xa2\xf7\xf1'\xe1\xa5\x81\xc7\xbaa\xe2\x7f\x03\
\xd8\xce\xb3XH\xb4Vg\x1f8\xcf\x05o\xed\xbb\xef\
\xbeE\xa9\xb3\x9c\x90\x9b8qb\xfe^\xaf\xba\xea\xaa\
5\xe76\xe0\xac\xae\xff\xfd\xef\x7f\xf3\xd7\xb1\xe7\x9e{\
\x16\x89pw\xbd\xbf\xff\xfe\xbb\x9f\x1a\xeb7l\xa5&\
\xa5\xc6\xaa^\x11;\x0fp\x01\xed\xd9P\xba\xba\x01w\
'N\xbf\x02G\x01}\xbcq#+\xac\x10B\xf4 \
\xbe\xff\xd8t\xd8\x00\x88It\xad\x9ckT\xb4~\x80\
My\xd5\x22\x8bE\xd5/\xfe\x19`\xa6 \x08\xbew\
B\xed\x9bo\xbeIL\x85\xb5\xf0\xc2\x0b\xa7\xaaHU\
\xcd\xfe\xae\xa7\x9crJ\xfe\x1a\x1e~\xf8\xe1\x22\xf1\xea\
\x84\xfb\xb6\xdbn\xeb\x07i\x1d\xaf~\x5c\xd5\xfd\xd8?\
AZ\x00\xf8\x07\xed\xa5\xa5\xbb\xe2\xfa\xe4\xcfk\xaf\x03\
\xebjN\x13B\x88\x9e\xc5\x9f\xe0\xff\x04|T\x01\x0b\
E4\xd8\xe1p\x8a\xf3\xb4\x8a\xea\xc5\xdd\x9f}\x9c\xf5\
\xf5\x0f\x7f\xf8C\x91(u\xe2\xee\x88#\x8e\xc8\xdf\xfb\
\x17^x\xa1\xa6\xfc^\x9d(]a\x85\x15\xf2\xd70\
u\xea\xd4\x82ku\xd7\xf2\xfe\xfb\xef\xe7Sca]\
i\x06\xa1\xd4X\xb5 b\xfd\xf9fY\xe0\xdf$\xa7\
\xe8\xeb\xec\xe6\xfcj`6\xcf\x18 K\xbc\x10Bt\
\x03\xfe\x04;\x1c\xb8\x95\xae\xbb\x08\xf8\xaf\x9b\x08\x9c\xed\
M\xe8N\x14i\xa1\xaf\x8d\x05?\x83\xb5\x92\xbf\x11F\
\xd4\xb7=\xf1\xc4\x13\xc6\x18\x93\x17wN\xd4\xbd\xf0\xc2\
\x0b\xf9>p\xd8a\x87\xd5\x8c\xdf\xab/\xc4\xdd\xf7_\
r\xc9%\x8b\x9e\xe3\xac\xcd\x8b.\xba\xa8ou\xdd^\
\x1b\xb1\x9a\x9b\xef\xfc{\xb5\x01\xd6\xef\xbe\xabs^\xd6\
{\xdd\xf7\xc0^\x09\x86\x01!\x84\x10]\xc4\x9fT\xf7\
\xa1=\xd1wg\x8f\xd2\xa2\xc1X7\x02\x0bG>O\
\xa2\xb5\xb6p\x0b\xfd\xda\x99L&\x07\xb4\xcd2\xcb,\
\x05VW\xdf\x07\xd6\xdd\xfb\x85\x17^\xb8\xe6\xfc]\x9f\
|\xf2\xc9\xfc\xf7?\xf6\xd8c\x0b\xae\xcf='\x0cL\
s\xa9\xb1\x9eA~\xae\xf5\xb0i\x0f\x80\x9d\xa9\xcci\
S\xab\xf7\xf3C\x91\xf9O\xfdD\x08!\xba8q;\
\x11\xb9\x08\xf0p\x17'\xed\x5cd\xd2~\x1aX5\x22\
\x80$Zk_\xc0\xde\x11\x8a\xb6i\xbb\xec\xb2K\x81\
huV\xd8\xd5W_=\xdf/&L\x98P\x13\xa5\
b\x9d0=\xf8\xe0\x83\xf3\xdf\xfd\xf5\xd7_7\xc6\x18\
3e\xca\x94\xfc\xf3\x9e\x7f\xfey\xd3\xdc\xdc\x9c\x03Z\
3\x99L\x1b\xb0\x82DI\xdd\xf4m\xb0.M\x7f\xa3\
=3A\xae\x0b\xf3\xa1{\xddxl\x05\xc2\x8c6\xf0\
B\x08\xd19|\xbf\xaf\x0c\xf0W\xe07\xba\xee\x22\xe0\
~\xfe\x02\xd8-\xb20ha\xaf\x9f\xcd\xce\xfc\xc0\xd4\
\xf0^\xb7677\xe7.\xbf\xfc\xf2\x02!x\xe6\x99\
g\xe6\xfb\xc6=\xf7\xdcSS)\xb3\x86\x0f\x1fn\x00\
\xd3\xd4\xd4T\xf0\xfbo\xbe\xf9\xc6l\xb8\xe1\x86\xeed\
\xc1m\xd2\xae\x8a\x11?\xa2>D\xec|\xc0\xb5\xde|\
X\x89\xb9\xf1Y\x0a\xcb\xccj^\x14B\x882\x04\x08\
\xd8`\x85g\xe9\x9a\xb5\xd5w-\xf8\x1d8\x0d[\xd3\
\xdd\x89dM\xce\xf5\xd7\x7f\x00\xb6\x01F\x85\xfe\x9e\x06\
h[p\xc1\x05\xcd\xd3O?m\x8c1f\xcc\x981\
\xf9>\xb2\xf3\xce;W\xbdxu\xd6\xe3q\xe3\xc6\xe5\
\xbf\xf7z\xeb\xad\x97\xff\xfb\xe1\x87\x1f^`I\x0b-\
\xcfw\x85}]AZ\xf5\xb7\xb9\xf7]\xa9\xd6\xa2\xd8\
\x1f\xb6+V\xd8I\xd8\xc2\x09-\xda\xf8\x08!Di\
\xfcr\x86\x7f\x03&w\xc1\xa2\x10u\x11\xb8\x03X,\
\xc1\x82!\xeaS\xc0\xce\x0c\x9c\x13\x04\xc1\xc40A\x7f\
\x16\xc8n\xbe\xf9\xe6f\xea\xd4\xa9f\x81\x05\x160\x80\
q\xbe\xb1\xceg\xb4\xad\xad\xad\xaa\x1e\xd9l\xd6L\x9e\
<\xd9\x18c\xcc\xbf\xfe\xf5\xaf|\x1f\xbf\xfd\xf6\xdb\xcd\
\x93O>i\xfa\xf7\xef\x9f\x17,\xa1X\x7f\x87\xc2\x82\
\x1a\xa2~\xfb\xb9?\x8f\xed\x09|\xddE\x11\xeb\xbf\xe6\
\xe5\xd0\x80\xa0\x8d\xbe\x10B$L\xc2\xf9jI\xd8\x00\
\x93JM\xc0\x1fD\x16r\xf9\xb56\x06\xfe\xa2\xbe\x14\
po(`]\x04~n\xe8\xd0\xa1\xf9>3v\xec\
\xd8\x9ap\x19\xd8a\x87\x1d\x0c\xa1eu\xdey\xe7\xcd\
\xf7\xf5\xe6\xe6f\x13\x04\xc1O\xc0H\xa0\xaf7\xae\xd4\
\xd7\x1b\xa3\xaf\xbb\xfb<\x14\xb8\xd0\x9b\x03\xbb\xba\xf1\x9f\
\x8c-n\x10D\x0c\x0cBT5\x9a\xf8DOL\xbc\
\xd9\xf0\xe7\x03\x803\x80\xc1\xe1\xef\xca]|\xdd\xc4\xdb\
\x04L\x01\xce\x07\xce\xc2\xfa\xcb:q\x9cS\x937\xd4\
\xfc\xd5\x14.\xe0\x84\x9b\x98S\x9a\x9a\x9a\x96\xccf\xb3\
\x00\xd9\xa6\xa6\xa6\xa6l6\xcbI'\x9d\xc4\x9e{\xee\
\xc9\x84\x09\x13hn\xae\xbe\xf59\x08\x02\xfa\xf6\xed\xcb\
\x92K.\xc9\xb8q\xe3\x5c?6A\x104\x05A\x90\
\xcd\xe5r\xff\xc0\xba\xc4|\x1f3\xaeD\xe3\xcd\xa5\xab\
\x86s\x9f\x0bH\xcdR\xfei\x93\xff\x9a\xa7\x80\x83\x80\
\x8f5\x97\x0a!$,,\xf3\x01\xf7R9k\xeb#\
Xk\x9b?\xa9\x8b\xc6\xc5\xb7\xec\xf7\x05F\x06A\xf0\
c\xe8\x17\xea\xd2\x06\xd5\xda\xc3\xf9\xb5>\x0a\xac\x18\xe9\
\xeb2:h^u\xfd\xfe`\xba\x96Z\xd0\xf7\x85\xfd\
\x15\xd8_\xf3\xaa\x10\xa2\x91-\x04\x8e]\x80\xd1t\xfe\
\x88\xcb\x9f\x90\xbf\xa18\x8b\x80\x16r\x11\xd7\xef\xe6\x04\
.s}\xc7\x13\xb2U\xfd\xf0\xbe\xe7\xc7\xb4\x17\x1eP\
_\x17q\x1b\xb6\xc03\x0e\xdcD|\x8e\xd7\xce\x18\x07\
\xee\x01\x86\xa9\xdf\x89j\xdf\xc5\x09QI\x9a\xc3\x89p\
0p\x1e\xed\x15^\xbaz\xacu#\xd67\xeb\xa7\xb0\
\xdf\x06\xe8XK\xc4\xcfi\x19\xda\x8fW\xd7\x02\xb6\x03\
~\x0b\x82 W\xe5\xdf;g\x8c\x99\x1e\xf8\x11\xb8\x04\
k\x09S_\x17i\xe6[\xb0\xe5\xb4\xcf\xc3\xa6\x92s\
B\xb4\x9c ,\xdf-\xeb;\xe0@\xe0>O,\xab\
\x0f\x0a!\xea\xd2\x12\xe0&\xca?\x00\xef\xd35k\xab\
{\xcd\xe7\xc0\x16\xde\xe7\xe8(K\xa4\x15\x83\xb5\xdeW\
\xd4\xd7E\xda\xb9\xd7\xf5\x95\x99\xb0'\x0e\xbe\x15\xb6\xdc\
\xf9\xd7\xb7\xc2\x9e\x0f\xf4\xf3\x84\xb2\x10B\xd4\x0d\xfe\x22\
{$0\x8d\xce\x1f_\xf9\xaf\xb9\x94\xf6\x9c\xad:\xbe\
\x12\x9d\xed\x9b\xcd5\xf8P_\x17]\x99\x87\xff\x08\xbc\
\x171\x08t\xd6]\xeb\x15\xdac\x0c4\x0f\x0b!\xea\
\x02\xb7\x1b\x9f\x0bx\xa0\x8b\x93\xa5\xb3\x10\xbc\x0f\xac\x97\
0)\x0b!\x84\x88\xc7?q\x18\x04\x9c\xe3\xcd\xc5]\
1&L\x00\xf6\xd1\x9c,\x84\xa8u|7\x81\x0d\x80\
o\xe9\xfc1\x95?\xa9^\x10N\xba\xda\xe5\x0b!D\
\xe7\xf0\xc5\xe5\x9a\xc0\xbbt>#\x81\xefFp\x030\
]\xc4p!\x84\x10571\x1eG\xe7S`\xf9\x13\
\xe9\xa7\xa1\x08\xd6\xce^\x08!\xba\x8eo\x85\x1d\x18\x1a\
\x06:\x9b\x91\xc0O\xa9\xf5\x0e\xb0\x8c\x0c\x0cB\x88Z\
\xc2\xed\xb6g\x05\xee\xf7&\xb6\xae\xec\xe6\xaf\xc6\x06\x1a\
h2\x14B\x88\xee36l\x84\x0d\x82\x8d\xbaj\x95\
{J\xf6;\xf0\x17\xef}UZV\x08Q\xf5\xbb\xf8\
\xb5\x80\xff\xd197\x01\x7f\x07\xff\x0d6\x8dQ\xdc$\
+\x84\x10\xa2\xf2\xf3\xf7\x10\xe0:\xbavb\xe6~\xbe\
\x12\xe8\xaf\xf9[\x08Q\x8d\xf8\xbb\xea#\xbc\xc9\xae\xdc\
\xa3'\x7f\xd2\xbb\x13\x98\xdd\x9b\xf4dm\x15B\x88\xee\
\xc5\x17\x98;b\xf3fw&\xa5\xa1o\x84x\x0d\x18\
\x11\xbe\xa7\xfc`\x85\x10U5\xd9\x0d\xc0:\xebw\xd6\
M\xc0\x09\xdd\x89\xc0\xff%L\xa6B\x08!\xba\x17\xdf\
\x0a;\x1c[\x82\xb8\xab\xf3\xfaX`3\xcf\xd8!c\
\x84\x10\xa2\xd7p\xbb\xe8\x05\x81\x97\xe9\xbc\x9b\x80\x9b\x10\
\xdf\x00\x96\xd3\x04'\x84\x10Uc\x98\x008\xc6\x13\xa2\
\xe5\xba\x11\xf8\xcf\xff\x9b\xf7\x9e\xf2\x83\x15B\xf4\xda\xce\
|\x03\xe0\x07:\xe7&\xe0Oj\x17\xd1\xee\x1b\xa5\xa3\
%!\x84\xe8}|#\xc2\xea\xc0Gt\xce\x8d\xc0\xcf\
\x1cs3\xed\xe9\x0e5\xd7\x0b!zl2s\x1c\xe6\
\x09\xd0rw\xe3N\xe8\x8e\x06\xb6I\xd8\xed\x0b!\x84\
\xe8}c\x85\x13\x993\x007\xd1\xb9b39o\xde\
\x7f\x1dXH\x02V\x08\xd1\x138a\xd9\x0f\xb8\x9e\xce\
\xf9A\xf9\xcf\x7f\x0e\x98\xdf{o\xb9\x09\x08!Du\
\xcf\xff\x00\x07\x02S\xe8\xdc\x89\x9b{\xfe\x18`c\xcd\
\xffB\x88\xee\xc4\xed\x8e\xe7\x04\x9e\xa7sGG\xbeu\
\xf6\x02\xa0E;o!\x84\xa8\x19|\x97\xb1\x95\xe9\xbc\
\x1b\x81\xbf\x16\xfc\x9f\xf7\xde\xf2\x83\x15BT\x5c\xb8\xae\
\x00|\xd1\xc5\xdd\xf6/\xc0N\xde{k\xb2\x12B\x88\
\xda\x5c\x13f\x02n\xa7s\xa7p\xbe\x1f\xecE\xdeZ\
 \xd71!D\xc5v\xd9[\x03\xbfR\xbe\x7fk4\
\xdf\xdf\xa2\xde\x04\xa5c\x22!\x84\xa8M|\x91y\x18\
\x9d\xcbF\xe0\xaf\x0f\xf7a}j}q,\x84\x10e\
\x0bW'.\x8f\xa4s\x0e\xfa~y\xc1kP6\x01\
!\x84\xa8\xb7u\xc2YL\xd7\x05\xbe\xa6k's\xef\
\xa2\x82\x06B\x88N\xe2\x1f\xdf\x5cI\xf1\x11O9>\
Mm\xc0\xa1\x09\xbbu!\x84\x10\xb5\x8f\x13\x9a\xf3\xd0\
\xf9\x98\x08'`\x7f\x02\xd6\x96\x80\x15B\x94\x83\x13\x97\
\x83\x80\xfb\xe9\x5c\xe1\x017\x09\xfd\x80\xcd\x03\xeb\xdeW\
n\x02B\x08Q\xdfkG_\xda\x8d\x1e\xe5\xfa\xc1:\
\xa3\xc7d`\x07\xad\x1dB\x88rv\xcfs\x01\xafP\
\xfe\xf1\x8f\x9f\xc7\xefe\xda\xd3`i\xf7,\x84\x10\xf5\
\x8f\x1f\x80{0\x9d\xcb\x03\xee\x8b\xdd\x91\x12\xb0B\x88\
4\xc2u\x09\xe0\xd3N\x0aW7\xe9\x5cK\xbb\x7f\xab\
\xdc\x04\x84\x10\xa2q\xf0\x03}\xd7\x01\xbe\xeb\xe2zr\
\x96\xf7\xbe\xcaN#\x84(\x12\xaek\x01c\xbb\xb8S\
V\xedj!\x84\x10n]\x99\x17x\x95\xae\x9d\xe4\xdd\
\x0c\xf4\xd1\xba\x22\x84\x88N0;\xd2^1\xa5\x1c\xe1\
\xea\x9e\xfb\x1b\xb0m\xf8^:\xe2\x11B\x08\xe1,\xb0\
\xd3\x01w\xd1\xb5@\xae\xc7\x81\x19#\xef+\x84h0\
\xfcz\xd5\xfb\xd1\xb9TXnR\xf9\x0aX)\x22\x86\
\x85\x10B\x08\xdfRzV\x17\xd7\x9a\xd7\x81\xd9\xb5\xd6\
\x08\xd1\xb8\xc2\xd5\xed\x5c\x8f\xa28'k9\x93\xc9\x0b\
\xd8\x92\xb1\x9aL\x84\x10B$\xad9N\xc4\xee\xed\xad\
\x1f\x9d\x11\xb0\x1f\x01\x0bh\xcd\x11\xa2q'\x913(\
\xff\x18\xc7\xaf\x88r\x13\x0a\xcc\x12B\x08\x91n\xedq\
\xeb\xc4z\xc0h\xca\xf7\x83uk\xcf(lp\xb1\x04\
\xac\x10\x0d2y8_\xd4\xcb(?\x87k\x5c\x04(\
\xc8\x81^\x08!D:\xfc\xcc6\x9fuA\xc0\x8e\x06\
V\x93\x80\x15\xa2\xbe\xc9x\x83\xfc\x96NL\x18\xfe\xf1\
\xce\xa1\xde{*0K\x08!Dg\x04\xec\x1c\xd8\x9c\
\xe0\x9d\x15\xb0\xbf\xd1^\x08G\x02V\x88:\x15\xae}\
\x80{\xbb0Q\xf8UO\x9a%\x5c\x85\x10Bt\x12\
?\x13\x81\xbf.\xa5=\x09t\x06\x95\xa9\xc0\x16\x12\xb0\
B\xd4\xa7p\xed\x0f<\xd8\x05\xe1:\x06XS\x13\x84\
\x10B\x88\x0a\xafO\x19\xe0\x1f\x94\x1f\x83\xe1\x04\xec4\
`\x1b\xadOB\xd4\xd7\xcev\x00\xf0h'\x84\xab{\
\xeeg\xc0b\x9a\x18\x84\x10Bt\x83\x80u\xa7x'\
Q~\xf6\x1b\xf7\xdc6`'\xadSB\xd4\xc7\x8ev\
:\xe0\xc9.\x08\xd7w\x81\xb95!\x08!\x84\xe8&\
\xfcL\x04\x07Q\x1c \x9cV\xc0\x1a`W\xadWB\
\xd4\xb6p\x9d\x1ex\x9e\xf6c\x95r\x85\xeb\xf3\xc0\xd0\
\xf0\xbd\x94\x0aK\x08!DO\x08\xd8\xddhwY+\
G\xc0\xba\xe7\xee)\x01+Dm\x0a\xd7\x19\x81\xff\xd0\
y\x8b\xebC\xc0 \x09W!\x84\x10=\x88\x13\x9c[\
\xd0^\xb2<\xad\x80\xf5\xad\xb5\xfbJ\xc0\x0aQ[\xc2\
u0\xb6\xf2Ug\x85\xebm@K\xe4=\x85\x10B\
\x88\x9e\x14\xb0\x7f\x04\xc6Q\x18<,\x0b\xac\x10u(\
\x5c\x07\x02\xcftA\xb8^E{1\x03\x09W!\x84\
\x10\xbd)`W\x02~*S\xc0\xfa\x16\xd8]$`\
\x85\xa8n\xe1\xda\x1fx\xbcL\xe1\x9a\xf3\x9e{\xa1\xf7\
~\xca\xe1*\x84\x10\xa2\x1a\x04\xec\x12\xc07\x9d\x14\xb0\
Y`G\x09X!\xaaS\xb8\xf6\xc3\xfa\xa9v\xd6\xe2\
z\xae\x84\xab\x10B\x88*\x15\xb0\x8b\x00_Q\xbe\x0b\
\x81K\xa3\xb5\xb5\x04\xac\x10\xd5#\x5c\x03l\xe5\xac\xfb\
\xe8\xbc\xc5\xf5\xf4\xf0\xfd\x9a$\x5c\x85\x10BT\xa9\x80\
]\x10\xf8\x82\xf2-\xb0n\xbd\xdbL\x02V\x88\xde%\
\xf0\xc4\xe6\x9d\x9d\x10\xaen\xe0\x9f$\xe1*\x84\x10\xa2\
\xcaqYo\x86\x03\x9f\x94\xb9\xe69\x0b\xecd`=\
\x09X!zW\xb8\x02\x5cCyy\x5c}\xe1z\x9c\
\x84\xab\x10B\x88\x1a\x13\xb0s\x03\x1fuB\xc0\x1a\xe0\
W`e\x09X!z^\xb8\xba\x01w\x1e\x9d\xb7\xb8\
\x1e#\xe1*\x84\x10\xa2F\x05\xec0\xe0\x83N\x0a\xd8\
\x9f\xb0A`\xfe\xfb\x09!\xba\x11'\x5c\x8f\xa3\xf3>\
\xae'z\xef%\xe1*\x84\x10\xa2\x16\x05\xec\xdc\xb4\xbb\
\x10\xa4\xf5\x81u\xcf\x1b\x05\xcc'\x01+D\xcf\x09\xd7\
\x83<\xe1\x9a\xa3\xbc\xac\x02\xa7I\xb8\x0a!\x84\xa8\x13\
\x01;\x1f\xf0%\xe5\x19s\x9c\x80\xfd\x00\x985|\x1f\
\xe55\x17\xa2\x1b\x85\xeb.\xde\xe0+W\xb8\x9e\xed\x0d\
z\x09W!\x84\x10\xf5 `\x17\xc4ZR\xcb\xb1\xc0\
\xbau\xf15`:\x09X!\xbaO\xb8n\x18\x0e\xb8\
l'\x84\xeb\x05\x12\xaeB\x08!\xeaT\xc0.\x06|\
K\xa1ok\xda\xf5\xf1\xb1\xf0}\x94\xe7\x5c\x88\x0a\x0f\
\xcc\xe5\x80\xf1\x14\x96\xbdK;0/\x97p\x15B\x08\
Q\xa7\xf8\x95\xb8~*S\xc0\xbaL=7h\x9d\x14\
\xa22\xb8#\x8cy\x80\xaf;\xb9\xa3\xbcI\x03R\x08\
!D\x83\x08\xd8\x95\x80\xdf:)`O\x8f\xbc\x97\x10\
\xa2\x93\xc2u\x06\xe0m:\xe7\xcbs_8\x08u\x14\
\x22\x84\x10\xa2Q\x04\xec\xba\xc0\x14\xd2\x9fT\xfa\xd9x\
\x0e\x92\x80\x15\xa2s\x04\xa1\xe0l\x01\x1e\xa7\xbc(J\
\xf7\xbcg\x80\x01\xde{\x09!\x84\x10\x8d\x22`\xb7\xf4\
\xc4k\x9a\x18\x11?\x0f\xfa\xd6\x12\xb0B\x94/\x5c\xdd\
\x80\xb9\x89\xce\xa5\xffx\x1d\x981|\x0f\x09W!\x84\
\x10\x8dDK\xf8\xef\x1e\x94\x97\x9d'\x1b>&\x01\x7f\
\x08\xdfC9`\x85(c\xd0\x9d\xd2I\xe1\xfa10\
\x9b\x06\x9d\x10B\x88\x06\xc6\x19\x81F\xd2\xb9*\x5c?\
\xd0^\xc4@F !R\x0c\xb6\xdd\xba0\xd8\x16\x90\
p\x15B\x08!\xf2kjg\x8dAobs\xc0\x06\
(nD\x88X\x9c\xd8\x5c\x0d\x98J\xfb\xf1E\x1a?\
\x9d\x1c\xf0;6\xca\xd2\x1f\xb0B\x08!D\xa3\xe2\xbb\
\xe1]C\xe7\xe2G\xee\xf1\xd6h\x09X!<\xdc\x91\
\xc4p\xac\xf54m\x8a\x0f\xe7`\x9e\x056\x93p\x15\
B\x08!\x8a\x04l&\x14\x9f\x0fuR\xc0\x9e\xab\xf5\
U\x88\xe2\x81\x15`\x8f&\xde\xa2s)\xb1\xf6\x0e\xdf\
\xabE\xcd)\x84\x10B\x14\xe0\xd2EN\x8f\x0dh\xee\
\xcc:\xbb\x8f\x04\xac\x10\xed\xc2\xb59\xfc\xf7\xeeN\x0e\
\xa8\x13$\x5c\x85\x10B\x88\x0eq\xaeys\x01\xff\xa3\
\xfc\x13\xce6l\xfeX\xff\xbd\x84hH\xdc\x0e\xeet\
:w\x94q\x95\xf7>\xf2\xc5\x11B\x08!J\x0b\xd8\
%\x81_H_\xc4\xc0=g4\xca@ $\x5c\x01\
\xd8\xae\x93\xc2\xf5\xf1p \xca\x89\x5c\x08!\x84(o\
\xed\xdd(\x14\xa5is\xc0\xbaS\xd1W\x81\xfeZ{\
E#\xef\xfe\x96\x02&\x90>\xb3\x80\x1b<\x1f\x02C\
P\xf5,!\x84\x10\xa2\xb3\x02\xf6\x00\xda\x8dBi\x04\
\xac3\x1e\xdd\x10y\x1f!\xea\x1e'8g\x04>\x22\
\xbd\xdf\x8d+q\xf73\xb0hD\x04\x0b!\x84\x10\xa2\
|\x01{!\x9d;\xfd\x1c)\x01+\x1aI\xb8:\xc1\
y?\xe9\x03\xb4\xfc\x94X\x1bj\xc0\x08!\x84\x10\x15\
Y\x8f\x03\xe0\x812\x04\xac\x1f\xc0\xf5\xc7\xf0\xbddH\
\x12\x0d\xb1\xd3+\xb7\xda\x87{\xde\x01\x12\xaeB\x08!\
DEp)\xb4\x06\x03\xefP\xfeI\xe8\x8f\xc0\xbc\xde\
{\x09Qw\xb8\x9d\xd9\x16t\xce\xc7\xe6\x02\x09W!\
\x84\x10\xa2\xe2\x02\x16li\xf5\x9fH\x9f\x81\xc0\x9d\x9a\
\xbe\x18\xae\xcb\x0a\xe0\x12u;8\x86\x03c;18\
\x1e\xa3\xbdB\x88\x06\x87\x10B\x08Q9\x9cQh=\
\xca\xcb@\xe0\x8cK\x17F\xdeG\x88\x9a\xc7\xf9\xd5\xf4\
\x01\xfeCz?W'n\xbf\x04fA\x99\x05\x84\x10\
B\x88\xee\x16\xb0\x7f\xa5sn};\x84\xaf\x97\xff\xab\
\xa8\xab\x01q!\xe59\x84g\x81I\xc0\x0a\x1a\x10B\
\x08!D\xb7\x12x\xeb\xf5\x8de\xac\xd7.\xd5\xe5\xaf\
\xc0\x88\xf0\xf524\x89\xba\x10\xae\xdbwr'\xb7{\
\xe4}\x84\x10B\x08\xd1}\x02\xb6\x09\x18\x00\xbcF\xfa\
\x93R\xf7\x9c7P\x01\x03Q\xe3\xb8\x9d\xd7\x08`<\
\xed\xd1\x89i\x85\xeb\xf9\x12\xaeB\x08!D\xaf\xac\xdd\
\xc3\xb1\xe5`\xd3\xc6\xa8\xb8\xb5\xfb\x1fZ\xbbE\xad\xef\
\xde\xfa\x00\xafwb\xf7\xf6\x04*\xfd*\x84\x10B\xf4\
\x06\xceMo\xc3P\xbc\x96\x9b\x1dh'\x09XQ\x8b\
\xb8\x0e{.\xe5\x07h}\x0f\xcc\x1e\xd9\x01\x0a!\x84\
\x10\xa2\xe7\xd7\xf1\xe3(?^e\x1c0\xbf\xd6qQ\
\x8b;\xb6MH\x9f\xcf\xd5\xaf\xa0\xb5^\xe4}\x84\x10\
B\x08\xd1\xb3\xf8\x01\x5c\x0fQ\xfe\x09\xea\xf3\xe1\xeb\x9b\
\xd1\x09\xaa\xa8\x81\xce\x1e\x00\xb3a-\xa8\xe5\xfa\xca\x1c\
\x1b\xd9\xf1\x09!\x84\x10\xa2wp\x15\xb8f\x06F\x91\
\xbe\x02\x97[\xd3O\xd1\x9a.jA\xb8:k\xe9\x03\
\x9d\xd8\xa5=\x18\xbeV~\xaeB\x08!Du\xe0\xd6\
\xf55BQ\x9a\xa6\x80\x81\x7f\x9a\xbaN\xe4}\x84\xa8\
*\xdc\xcej$\xe5\xe5\x873\xc0W\xe1\xce.\x90p\
\x15B\x08!\xaar}?\xbc\x93\xeb\xfb\x10\xda\xad\xb8\
BT\xdd\xcelY`J\x99;\xb36`u\xed\xcc\
\x84\x10B\x88\xaa\xc4\xf7\x7f\xfd7\xe5\x9f\xac\xde\x1a\x11\
\xc1BTE\xa7n\x02\xfa\x02oQ\xbeO\x8c\xfc\x5c\
\x85\x10B\x88\xea\xc6YN\x87\x02_wb\xad\xdf%\
|\x1f\x19\xa9DU\xe0D\xe7\xe9\xa4?Np\xbb\xb1\
\xa7<\xf1\xab\xe3\x04!\x84\x10\xa2zq\xc2s\xbdP\
\xb8\xa6=e\xcd\x02c\x81\xb9\xc3\xb5^\xe9\xb3DU\
t\xe4\xd5hw\x01H\xdb\x91\xc7\x84\x1d\x19ud!\
\x84\x10\xa2&p\x06\xab\xd3(\xdf`\xf5PD;\x08\
\xd1\xe3\xb8\xdd\xd3@\xe0C\xd2\x1f!\xb8N\xbcMd\
 \x08!\x84\x10\xa2\xfa\xd7\xfe&\xa0\x05x\x89\xf4\xfe\
\xafN\xe4\xee/\x01+\xaaa\xf7uI'v_W\
H\xb8\x0a!\x84\x105\x89;-]\x10\x18\x8f5\x5c\
\xa5=u\xfd\x0dX(\xf2>B\xf4\x08n\xc7\xb4\x81\
'JKu\x5c'\x5c\xdf\x03\xfa\xa3\xb4\x19B\x08!\
D\xad\xeb\x80\xdd(\xdf\x80\xf5l\xa8\x01\x14\xef\x22z\
\x0c\xe7.0\x18\xf8\x82t\xee\x02.-\xd64`\xa5\
H\xc7\x17B\x08!D\xed\xe1NO\xef\xa0|\xf7\x81\
C\xa5\x05Do\xec\xb6.\xeeDg=)\xd2\xe1\x85\
\x10B\x08Q\x9b\xb8\xc2B\xb3\x90\xbe$\xbc\xef>\xb0\
@\xf8>r\x1f\x10=\x22\x5c\xd7 }\x9a\x0c'n\
_\xc5:x\xeb\x98@\x08!\x84\xa8/]\xb0%\xe5\
\xbb\x0f<\x16y\x0f!\xbae\x87\xd5\x84\xf5W}\x8f\
\xf4\xee\x02Y`2\xb0\xa4vXB\x08!D\xdd\xe1\
NS\xaf\xa5\xfc\x13\xd9=$`EO\xec\xaeN\xa5\
\xfc\xd2p\x87E:\xb8\x10B\x08!\xea\x03\x17\x0b3\
\x03\xe5\xc5\xc2\xb8\xe2\x05s\xa2\xe2\x05\xa2\x1b\x85\xebr\
\xc0T\xcas\x17x\x1aU\xd1\x12B\x08!\x1aA'\
\xacG{\x90vZ\x9dpW\xe4=\x84\xa8\xc8\x8e\xaa\
\x09k5}\x95tVW\xb7\xa3\xfa\x1d\x18\x11\xbe\x8f\
vTB\x08!D\xfd\xe2NW\xaf\xa0\xfc\x13\xda\xad\
%`Ewt\xc6\x83;\xd1\x19\x0f\x8f\xbc\x87\x10B\
\x08!\xea\x13w\xf4?=\xf0?\xd2e\x1fp\x05\x0e\
F\x85\xaf\xeb\xee\x1c\xf0A\xa8IZb\xfe\x95p\xae\
\x13\x5c'\x9a\x0b\xf8\x85tU4\x9cp}%\xec\x10\
r\x17\x10B\x08!\x1a\x03'\x007\xa3|\x83\xd7\xf9\
\x91\xf7\xe8\xae\xefVJ\xf7\xd4\xfcIq\xa0NH\x16\
\xb8\x15\xd8!\xfc\xb9\xa3\x9b\xef\x17$X\x05x;\xec\
\x049\x8dg!\x84\x10\xa2\xa1\xb4\xc3\xcd\xc0\x9f\xcb\xd0\
\x0e9`e\xe0-\xef=*\x81\x13\xa3\xb9P\xd7\xed\
\x92\xc9d\xe6\xcb\xe5r\x06\x082\x99\x0c\xb9\x5c\x0e\xe0\
I\xe0\xc5\xf0\xb9\xcd\xb4[\x8dE\x0d\xee\x9e6\xec\xc4\
\xee\xe9\xe4n\xde=\x09!\xaaw\xc3\xefN[\xdc\x11\
\xa2\xe6\x01!\x1ao\x1e\xc8`\x8b\x17\xfcH:\xf7\x01\
\xa7\x1f\xfeS\xc1y#\x88\xbc\xcf:\xc0\x0bMMM\
E\x9f\x9f\xc9dL&\x93\xc9a\xd3}\xcd\x1d\xa3\x85\
D\x0du\xbc\x01\xc0\xc7\xa4K{\xe1\xfe\xfe.\xd0\x97\
\xee\xf7[\x11BT\x9fh-5\xa7\x08!\x1a\x037\
\x1f\xecD\xf9\xc5\x0b\xf6\xa9\x80p\xf4_;?pS\
&\x93\xf1?\xa7\xb5\xa5\xa5\xa5\x15\x98\xd6\xd4\xd4\xd4\x8a\
-_o2\x99\x8c\x09\x82`4p$0P\xf3W\
mv\xba\x13I\x9f]\xa0-\x14\xb0\xabk\xb7\x22D\
C\xce\x17\x003\x03\xe7`3\x93\xbc\x82\xad\xa0\xb3y\
\xe4\xb9\xda\xd4\x0a\xd1X\x1b\xda\x07Rj\x89l\xf8\x18\
\x03\xccF\xe7\xfcO\xfd\xd7\x0c\x02\xfe\x1e\x04\xc1\xaf\xa1\
p\xcd\x02\xd9\xb5\xd6Z\xcb|\xfa\xe9\xa7f\xe0\xc0\x81\
\x060\x7f\xfe\xf3\x9f\xcd\x7f\xfe\xf3\x1f3x\xf0\xe0\xbc\
\xc8\x0e\xad\xb3\xff\xa5=\x0b\x82\xe6\xaf*\xc7YL\x17\
\x00&R^\x90\xd6\xd5\x12\xaeB4\xd4\x5c\xe1\x16\x89\
f\xe0@\xe0\xbb\x849\xe2~`\x19-\x02B4\xac\
\x9e\xf8\xbd\x9b\xf5D\xf4\xf4g'\xe0\x13\xcfE\xa0m\
\xe6\x99g6\xf7\xdcs\x8fq\xb8\xcf\xdcb\x8b-\xf2\
\xbf;\xee\xb8\xe3\x9cA\xae\x95\xd0\x12\x1b\x8ao\xcd_\
5bE\xf9w\x19;\xa5\x1c\xd6\xafef\xea$R\
O\x08\xd1\xe1\x22\xe1\xa7\xbf\xdb\x0cx3\xb2\xf88\x0b\
\x8a\xfb\xd9`\x8f\xe5.\x06\xe6\x88\x99o\x84\x10\xf5\xad\
)\x8e\xa5\xbc\xf8\x996`\xc5\x14\xf3DT\xb4\xae\x0c\
<\xe1\x8bV w\xca)\xa7\x18\x9f)S\xa6\xe4?\
o\xd3M7-\xf8\xdbO?\xfdd\xb6\xdcr\xcb\xbc\
\xa56\x08\x02\x13\x04\xc14\xe0\x22`V\xcd_\xd5\xdb\
\xc9\xd6\xa3\xfc \xad\xbf\xe8f\x0a\xd1P\xa2ui\xe0\
\x9e\xc8\x5c\x90+1O\x18\xe0'l\x0e\xe8\xfe\xde\xfb\
j\xc3+D\xfd\xce\x1bM@?\xe0=\xd2\xc5\xd0\xb8\
\xf9\xe2y:\xae\xd0\xe9\xeb\x8da\xc0\x95\x99L\xa6-\
\x08\x82\xbc\xf0\xdcq\xc7\x1d\xcd\xf8\xf1\xe3\xf3\xc2t\xda\
\xb4i\xc6\x18c\xb2\xd9l\x91xmmm5\xd9l\
6\xff\xdc\x97^z\xc9\x8c\x181\x22\xff}\x9a\x9b\x9b\
M\x10\x04\xdfa\xf3\xde\xb7\x84\x9f+\x83]\x15\x90\x01\
\xfa\x00\xef\x94\xd9\xc1\x9e\xa1t\xc0\x86\x10\xa2\xf67\xb6\
`-\xa7\x17\x02\x93)\xac\xa8Wj\xa3\x9b\x8b\x88\xd8\
\xff\x02[E>CGqB\xd4\xef\xfc\xb1n\xcc<\
PJ_\xec\x14\xbe\xb69\xa2U\x9c`\xec\x07\x1c\x11\
\x04\xc1h? k\xe9\xa5\x976o\xbd\xf5V^\x88\
\xb6\xb5\xb5\x99\x5c.gr\xb9\x5c\xa2xmkk+\
\xf8\xd7q\xcd5\xd7\x98\xfe\xfd\xfb\xe7\xbfwh\xd5}\
\x0d\xd8H\xf3W\xf5t.WI\xabTd\xa0[\xb0\
\xa6\x00K\xc4,pB\x88\xfa\xd8\xd0\x06\xde\x221\x12\
\xf8\x9ex\x8bj\xdaGt\xf1z\x98\xf6\xe3A\xb7H\
i\x11\x10\xa2>5\xc6M\x94\xe7\x92\xf8\x15\xed\x95\xb7\
2\x11\x11\xbb%\xf0_\xdfE`\xd0\xa0A\xe6\xe6\x9b\
o\xce\x0b\xcfl6[ F\xd3\x88WGkkk\
\xc1\xfb\x1cr\xc8!\x05\xf3W(\x96\xef\x00\x16M\xd8\
\xe8\x8b\x1eZ\xa0f\xc5F\xf9eIou=K7\
L\x88\xba#z\x92\xf2'l\xd1\x11\xe3mns%\
\x04j\xa9\xc0\x0c\x7f\x9ei\x05\xaeD\xf9\x15\x85\xa8w\
\x9d1\x07\xf0s\x99:\xe3\xb4\xc8{-\x03<\x18I\
}\x95;\xfa\xe8\xa3\x13\xc5gg\xc4\xab{\xbes5\
0\xc6\x98/\xbf\xfc\xd2\xac\xbb\xee\xba\xf9\xf9+L\xad\
5\x098\x1d\x981a\xfe\x14\xdd\xbc#\xba\xbc\x8c\x1d\
\x91\x01>\xa7gj\x11\x0b!zG\xb4.G{\x9a\
\x9b4\xa25N\xc4\xa6=\x1e4\xe1\xe6\xf9o(\xbf\
\xa2\x10\xf5\xac5\x0e%}\x1a\xce,6S\xc1<\xa1\
8\xbc0\x08\x82)\xbe_\xeb\xa6\x9bnj~\xfc\xf1\
\xc7\x02\x17\x81$\xca\x15\xaf\xfe\xeb\xfc\xbf?\xfe\xf8\xe3\
f\xae\xb9\xe6\xca_Ch\xfd\xfd\x1f\xb0G\xe4z5\
\x7fu\xf3nh\x09l4p\x87;!\xaf\xc3\x18\xe0\
e\xda+\xe9\x08!\xeaca!\xb4\x8e\x5cB\xbb\xfb\
P\xd4J\xd2F\xc7G}oc\x93|w\xe4;\xef\
\xfb\xcaF]\x09>\xa4\xdd\xd7M\x8b\x80\x10\xf5\xb39\
v\xb15\xff-C\xc0\x1a\xe0\xf5 \x08>\xf3]\x04\
\x16Zh!\xf3\xc2\x0b/\x14\x1c\xed;qZi\xf1\
\x9a$\x8c/\xbc\xf0\xc2\x82\xf9+\xfc~/\x00k{\
\xd7-W\xa8n\x5c\xb0\xee\xed\xa8#577\x1b\xcf\
D\xef\xdf\xace\x90\x89\x5c\x88z\xd8\xc0\x82\xf5k=\
\x0c\x9b\x11 N\xa8\xfay\x1a\xa7\xc4\x08S\xf7\xdcm\
\xc2\xf7{+a^\x99D|\x96\x82\xa8\x88}\x02X\
52_i\x11\x10\xa2\xf65\xc7\x86\x94\xceR\x92\xd7\
\x1b\xbeh\xed\xd3\xa7O\xee\xca+\xaf\xecPTv\x97\
x\x8dsI\x984i\x92\xd9s\xcf=\xdd\xfc\xe8\xfb\
\xc3\xde\x80\xad\xee\x15g \x10\x15\xe8Dk\x11\x131\
\x1c\x04\x81iii)\xe8D\xfd\xfa\xf5\xf3\x8f\x0f\x0d\
p\x81\xb7\xb3\x10B\xd4\x96h\xf5'\xd3m\x81\xf7\x13\
De6\x22*\xff\x01\xdcF\xa1E\xb6\xcd\x13\x9c\xee\
Df\x8d\x88 u\xbe\xb0?a-\xb3\xefw \x92\
\xb3\xde\xcf\xd7\x02\xc3\xb5\x08\x08QW\xda\xe3^JX\
_=\xa3Y\x16\xc8\x1e|\xf0\xc1\x05\x223\xce\xaf\xb5\
'\xc4k\x9c+\xc1\x87\x1f~hVYe\x95\xfc&\
?\xf4\x87\x1d\x07\x1c\x0fL\x17^\xb3\x5c\xa1\xba\x80\xcb\
\xd7\xe8:\xd0K\xae\x03\x05A\x10ge5\xcb-\xb7\
\x9cy\xee\xb9\xe7\xcc%\x97\x5cb\xb0\xa6q\xb7\xa8\xfd\
\x80\xf5{E\x16\x11!jj\xfc;V\x06\x1e%\xd9\
\x12\xeag\x1ey\x11X\x13\x98\x0b\x18\xe7\x89Q\xb7\xf9\
\x9d\x06,\x15\xbe\xaf\xcb\x83xSd\xc3\xeb\x16\xaaK\
\xc2\xe7\x9c\x14\xbeW\x9c\x88\xf5\x7f\xfe%\x5c\x04\x06{\
\xd7!\x11+Dmn\x9c\x03`!\xec)LQ\xe5\
\xad \x08\x8cgm5k\xaf\xbd\xb6\xf9\xea\xab\xaf\x8a\
R_\x95K%\xc5\xab\xff\x9e~~\xd8\xbb\xef\xbe\xdb\
\x0c\x1d:4\xea\x0f\xfb\x11\xb0cD\xc0K3\x95\xd1\
a\xa2\x16\xd2\xbd\xc3\x8e\x92mnn.\x10\xac}\xfa\
\xf41\x07\x1f|\xb0\xf9\xfc\xf3\xcf\xf37e\x8f=\xf6\
0\xde\xcdp\x0b\xcbn\xb2\x86\x08QS\x16\x0f\xb0\x01\
\x10Wy\xe3\xb8#\xbf\xd6/\xb0\x81\x08\xee\xf5\x0fG\
\x9e\xe3\xfe\xbd\xd8\xfb\x1c\xb7@\xcd\x0d\xfc\xea\xbd\xbf\x7f\
\xca\xb3z\xf8\xfc\x05\x81\xeb)\xb4\xb6&\xf9\xc3~\x0c\
\xec\x12\xb9&Y2\x84\xa8\xcd\xb9\xe8l\x7f\x0eq\x06\
47\xde\xe7\x9csN\xf3\xe8\xa3\x8f\x96\xe5\xd7\xda\xd3\
\xe25\xc9u\xe1\xd4SO-0\x00\x84\xd7\xf5xh\
0p\xc8\x1f\xb6\x03+Ktr\xef\x8fM\x0e\xfe@\
sss\xae\xa9\xa9\xa9`\xd7\xb3\xe4\x92K\x9a\x7f\xfd\
\xeb_\xb17g\x99e\x961\x80\x99a\x86\x19L\x10\
\x04\xceB\xf3\xbc'\x8e\x85\x10\xd5k\xe9\x00\x18\x84\x8d\
\xe8\x1fK\xb2\xb5\xd3\xcd\x07\xbf\x02'\xd3\x9e\x02\x06`\
\x8b\xc8k\xfc\x12\xd1C#\x9f\xe5\x16\xa8\xa3\x12\xc4\xee\
k@_\xef\xbdW\x07\x9e\x22\x9d\x15\xf8Y\xac\xcb\x93\
,\x19B\xd4\x9e.q'3}\x08sG{'\xba\
\x060\xe7\x9e{n\xa7\xfcZ{K\xbc\xc6\xb92\x8c\
\x1b7\xcel\xbf\xfd\xf6\x05\xa5f3\x99\x8cK\x0d8\
,\xc1\xb0\xd0\xf0\x8bU\xd4\xca:\x0281\x08\x82O\
\xa2V\xd6\x96\x96\x16\xb3\xdf~\xfb\x99O>\xf9\xa4\xa8\
\xb3\xb8\x1b\xd1\xd6\xd6ff\x9cqF\x03\x98\xad\xb6\xda\
\xcal\xb4\xd1F\x06\xc8577\xb7\x01\xcb\xea\x06\x08\
Q\x95\xf3\x80?&w\xc4F\xf2\xa7\xf1k\xbd\x01k\
\x11\xc5[d\x06`\x8f\xbf\xfc,\x02\xee5\xfbx\x96\
\x04\x7f\x91\xca`\x03\xc1>\xa4\xd0\xea\x1a}]\x9f\xc8\
\xf7\xfc\x88d\x7fX\xff\xff7\x02\x0bh\x11\x10\xa2&\
\xf0\xc7\xe7\xbc\xc0\xd5\x99LfR\x10\x04\xf9\xdc\xd0\xbb\
\xed\xb6\x9b\x998qb\xa7\xfdZ{[\xbc\xc6\xf9\xc3\
\xbe\xf9\xe6\x9bf\x89%\x96\x88\x96\x9a\xfd\x11\xf8k8\
?\xba\xf9\xba!\x8d\x80qV\xd6~X+\xeb}\x99\
Lf\xb2\xe7C\x92\x05\xda\x96Yf\x19s\xd3M7\
\xc5\xee\x1c\xdcMv7\xe0\xab\xaf\xbe\xca\xdf\xec\x93N\
:\xc9\xbc\xf9\xe6\x9b\x06h\x0d\xd3g]\xaa\x85C\x88\
\xaa\x9b\x0b\x1c\xa5,\x9a\xbe\x18|\x96b\x8b\xa6\x13\xa4\
\x1dYP\x9b\x89\xcf\xf9\xec\xbe\xc7f\xc4[l\x7f\xa0\
\xddb\xdb\xec\xcd_\x03Ho!\xfe\x0dk!\x9e!\
\xe1\xfa\x85\x10\xbd\xbf\x91\xf6\xc7\xf61A\x10\x8c\xf3\xfd\
ZW\x5cqE\xf3\xc1\x07\x1f\xc4\xea\x90Z\x13\xafI\
\xd6\xe2\x7f\xfe\xf3\x9ff\xd0\xa0A\xf9S\xa4\xf0\xfa\xdf\
\x066\x8f\xcc\x99A\xa3t\x8a8+\xeb\x09A\x10|\
\x12\xc9\x18\xd0\x0adw\xdf}\xf7\x82N\xe2\x1a9\xee\
\xe6\xb9\xdf=\xfa\xe8\xa3\xf9\xf7\xb9\xec\xb2\xcb\x8c1\xc6\
d2\x99\x1c6\x22\xf0'\x0a\xabK\x08!z\xdf\xb2\
\xb1\x00p\x9d'\xf2\xdaH\xf6k\xfd\x84x_R\xdf\
wu<\x85\xc1\x15\xee\xfd\xd6(\xb1yu\xbf\x7f\x80\
\xd2\xbe\xb2\xd1\xf7\x19\x86\xf5\xcd\xcd\xa6\xb8\x86/\x81\xbf\
\xc4\x5c\x83\x10\xa2:6\xd2\xdb\x01\x1f\xfa\xa9\xaf\x86\x0c\
\x19b\xee\xba\xeb\xae\xc4\x92\xae\xb5,^\x93\xac\xc7G\
\x1cqD\x81+T\x18$\x7f\x0f\xb0d\xbd\x8bX\xd7\
!\xfcN\xd17T\xefw\xc7YY\x17Zh\xa1\xdc\
\x95W^Yt\x83\xa6M\x9b\xd6\xe1\xee\xc65\xfa\xd9\
g\x9f\x9d\xbf\xd9\x8f<\xf2\x881\xc6\x98\x91#G\x1a\
\xa0-\x14\xc8{\x85\xdfCi\xb3\x84\xe8\x1d\xd1\xea&\
\xba\xc1\xc0\x09T&\x8a?\xa9&\xb9\xfb\xf7\xa6\x12\xc2\
\x15O@.Bat\xb1\x9f\xa5`\xe9\xc8\xfbD\xbf\
\xc7J\x14fE\xf0\xab}E\xad\xc7/\x02\xeby\xaf\
UP\x84\x10\xbd+ZW\x04\x1e\x89\x96t=\xf1\xc4\
\x13+\xee\xd7Z\x8d\xe25\xee\xfa\xbe\xff\xfe{\xb3\xe9\
\xa6\x9bFK\xcdN\x06\xce\x05fI0H\xd4,q\
V\xd6y\x80#\x83 x/\xe2\xcb\xda\x0adw\xdc\
qG\xf3\xd6[o\xa5\xb2\xb2v\xd4\xd8\xbb\xed\xb6[\
\xfe\xbd\xbf\xfe\xfa\xeb|\xe3{\x8b\x86\xab\xb8%K\x87\
\x10=;'\xf8cn\x17\xac\x15\xb5\x12\xf9S\xdd\xff\
\xd7\xa0\xdd\xd7\xd4\x17\x9d\xe3\xb1\x16\xd94\xe3\xde\xbd\xd7\
Y\x09\x22\xf8\xc9\x04kCt\x11\xdc\x96\xf6\xea<Q\
\x11\x1b\xcd\x98p\x1b\xb0\xa8D\xac\x10=\xbe\x91v\xcc\
\x09\x5c\x1a\x04A\xab_\xd2u\x9bm\xb61c\xc6\x8c\
\xe9\x16\xbf\xd6j\x16\xafq\xa9\xb5^x\xe1\x05\xb3\xe0\
\x82\x0bF\xfda\xbf\x06\xf6\xf5\xf4^M\xfa\xc3\xc6Y\
Y3\xc0\x1f\x81\x9b3\x99\xcc\xf8\xa8\x95u\xf8\xf0\xe1\
\xb9\x8b/\xbe\xd8L\x9a4)\xd1\x97\xb5\x9c\x1bm\x8c\
1\xcb.\xbb\xac\x01\xcc\xd0\xa1C\x0b\x9e\xb3\xea\xaa\xab\
\xba\xc0\xad\x5c\xb8\xbbB\x02V\x88\x1e\xb7l\xac\x8d\xf5\
WMc\x99|\x12\xf8C\x0aQ\xe76\xcb\xaf%\x08\
\xce\xa3\xca\xb0\x0c8\x81;\x03\xf05\xf1\xc1[\xdbv\
\xf0~\xbe?\xed\x00\xe0pl\x86\x83R\xfe\xb0\x13\x80\
\xd3\xb1~\xb5ue\xc9\x10\xa2\x8a7\xd2}\x80C\x82\
 \xf8\xd1w\x11Xl\xb1\xc5\xcc\xab\xaf\xbe\xda\xad~\
\xad\xd5.^\x93\xac\xccW\x5cq\x85iii\x89\x96\
\x9a}\x05X?2wU\xfd\x06<.\xe8`\x18p\
x\x10\x04oG\xac\xacm@v\xa7\x9dv2o\xbe\
\xf9f\xa7\xad\xac\x1d\x89\xd7\x19f\x98\xc1\x00f\x85\x15\
V(h\xf8\x87\x1f~\xd8\x0f\xdc\xfa\x87\x16\x07!z\
\xd4\xb2\xb1\x10\xedG\xfaQ\x9f\xd0\xa8h\xfd\x90\xe2D\
\xd9\x99\x12\x9f\xb1\x0f\xf1\x81V\x1fa\x03B3eL\
\xa6\xce\x8a\xb0K\xc2{~\x89M\xe5\xd5\xd1{\xfa\xd7\
>\x176Xt\x1a\xa5s\xd5\xfe/\xbc\x96\x9a\xb6d\
\x08Q\xa5Z\xc5?\x11\xde\x0cx\xcb\x17\xad}\xfb\xf6\
\xcd]w\xddu\x89\xd1\xf8\x8d(^\xe3\xac\xce\xad\xad\
\xadf\xff\xfd\xf7/\x98\xbbCW\x8b[\xb1\xb1LU\
\xbd\x01\x8fZY\x9b\xb0V\xd6\x7ff2\x99\xf1\x9eh\
\xcd\x01ms\xcd5W\xee\xbc\xf3\xce3S\xa7N-\
\xf2e\xadT\xd2\xdd/\xbe\xf8\x22\x7f\xa3\xf7\xd8c\x8f\
\xa2\x06\x1f8p`\x0e\x9b`x\x0c0\xb3\xd7\xa1\x85\
\x10\x95\x9d\x1b\xdc\xb8\x9a\x018%\xb4,\xc6\x09U\xff\
\xe7\xb1\xc0\xd1\xa1\xc5\xd2\xb7\x82\x96\xb2\xa0\x0c\xc5f\x03\
\x88\xb3\x92n\xd6\x89I\xd4\xcf\x88\xf2\x02\xf1\xd6\xdc\x93\
\x22B7\xcdb\xb9\x02\xf0\x10\xe9\xf2\xc3\xbe\x0clP\
k\x96\x0c!j@\xb4.\x89\x8d\xb9)\x18\x87\x87\x1d\
vX\x87\xc1K\x8d.^\xdd\xf7\xf2\xdb\xe5\xf3\xcf?\
7k\xac\xb1F\xd4\x1f\xf6\xf7p\xce\x9f>\xe5<\xde\
\xa3\x9d \x88X\x15F\x06A\xf0V\xe8\x03Q`Y\
\xd9|\xf3\xcd\xcd\x0b/\xbc\x10\x9b\x97\xb5Rfx\xd7\
\x98\x8f<\xf2H\xfeF_x\xe1\x85\xf9\xbfM\x9b6\
\xcd\x18c\xcc\xb1\xc7\x1e\xeb\x07n\xed\x97b\xf1\x11B\
\xa4'\x9a\xaf\xf5/\xa1%\xb1\x94_k\x1b\x9dK\x86\
\xed\x9esq\x82\xc0|\xa0\x0b\xbb\x7f\xf7\x9a\x15CQ\
\xe9[\x89\xb3\xc0\xef\xc0\xfc)'\xe6\xe8\xe9\xd4\x96\xc0\
\xbb\xa4\xcbc{'\xb0\x84D\xac\x10\x9d\xdeH;\x86\
\x02g\x05A01\x14\xaeY \xbb\xe1\x86\x1b\x9ao\
\xbe\xf9\xa6\xc7\x82\xb1jY\xbc&\xf9\xc3>\xf4\xd0C\
f\xf6\xd9g\x8f\x96\x9a\xfd\x1c\xd85r/2\xbd\xd1\
\x01\xa2\x0b\xc0\xaa\xc05\x99L\xe6\x17\xcf\xec\x9e\x03Z\
\x87\x0c\x19\x92;\xe3\x8c3\xcc\xaf\xbf\xfeZV\xc6\x80\
\xae\x8a\xd73\xcf<3\x7f\xa3\x9f~\xfa\xe9\xfc\xdf\x5c\
#\xff\xf2\xcb/~y\xb7\xd7\xc2E@\x0b\x81\x10\x95\
\xb5l\xfc\x11\xf8OJ\x0b\xe3\xc3\xa1E\xb2\x5cq\xe6\
\xe6\xa3\xa5\xb1\xc7\xf1\xd1 \xad\xc9\xd8\xac\x01ta\xc2\
t\x9f\xf1\x8f\x04q|g\x99\xe2\xd8w\x01\xe8\x0b\x1c\
\x82\xb5\x18'\x89{\xd7f\x93\x81s\xa8\xc3\xc8^!\
z`#\x9d\x01\xf6\x0a\x82\xe0+\xdfE`\xdey\xe7\
5O=\xf5T\xc5J\xba6\x92xM\x12\xfaa\xb6\
\xa7\xfc\xe9Zx\x02\xff\x0c\xb0ZOn\xc0\x83\x98\x0f\
\x99\x19\xd87\x08\x82\x17\xe3\xac\xac\x1bn\xb8\xa1y\xf2\
\xc9'c\xcd\xcc\xdd\xd9)\x5c\x03\xee\xb4\xd3N\xf9\x1b\
\xedvR\xeeo\xee\xf3\xd7Zk-\x03dC\x87\xe3\
U\xb5\x10\x08Q1\xd1\xba\x186r>\xc9\xaf\xd5\x17\
\xad\xefa\x0b\x93tfB\xf3-\x99OD\x84\x9f\xfb\
\x8c\xb3*0\xb6\x9dO\xeblX\x97\x86\xa8\xb5\xd8\xd0\
\x9e\xea\xaa\x9c\xcf\xf1\x9f;\x1bp\x010\x85\xd2\xfe\xb0\
\xdf\x02\x07\xd2^\xb2R\xfe\xb0B$\xcf\x0d\x00\xeb\x00\
/z\xa2\xb5\xb5\xa9\xa9)\xe7r\xc0W\x93\xb5\xb5\x16\
\xc5k\x9c\x8b\xc5\xef\xbf\xffnv\xd9e\x97\x82S\xa4\
L&\xe3\xb2\xc6\xcc\xdb\x9d\x1b\xf0L\xcc\x9b\xae\x02\x5c\
\x99\xc9d~\xf4\x8a\x09\xe4\x80\xb6Yg\x9d5w\xda\
i\xa7\x99_~\xf9\xa5\xe8bz\xa2\x91Ke\x1ap\
\x7fw\x8d\xfb\xc4\x13O\xf8\x81[\xd7J\xbc\x0a\xd1%\
\xab\xa4\xdb\xd4\x9eA:\xbf\xd6\x1f\xb1\x11\xf8i\xfdZ\
;\xfa\xecm\x89\x0f\xa8\xfa\x06\xebk[N\x90V\xa9\
\xcf\xfa\xbf\x98\xcf2\xc0;\xd8\x88\xe5r\xaf!\xba\xc8\
.\x85M\xfe\x9d\xa6\xba\xd8\x1b\xc0\xa6=i\xc9\x10\xa2\
F\x84\xabc!\xe0\x96\xd0\x073\xbf\x91\xdeo\xbf\xfd\
\x8a\x02\x8f\xaa\x91Z\x13\xafq\xc1m\xef\xbe\xfb\xaeY\
n\xb9\xe5\x8c'`M\x10\x04\xd1\xb8\x86n\xb3\xb2\xee\
\x13\x04\xc1\xf3\xcd\xcd\xcd&\xe2\xdc\x9c]w\xddu\xcd\
\xe3\x8f?\xde\xe3V\xd6\x8en\xf2\xa0A\x83\x0c`V\
^y\xe5\xa2\xbf\xfb\xdfi\xf0\xe0\xc1\xae\xe2\xd68`\
VO\xb4\x0b!Jon\xddXi\xc6\xfa\x8e\x8f\xa2\
\xb4_\xebTl\xc4\xfd\x5c]\xdcy;\xb1;\x1d\xf0\
\x05\xf1AZ\xbbTpS\xea>\xafO(T\xe3\xdc\
\x07\x0e\xe9\xe2\xf5\xf8\xaf\xdb4\x14\xa7iD\xec\xbd\xc0\
2\x12\xb1B\xe4\xfb\xfd\xf4\xc0\x89A\x10\xfc\x1aZ[\
s@v\xf5\xd5W7\x9f\x7f\xfey\x81\xa5\xb5Z\x5c\
\x04\xeaE\xbc\xfam\xeb\xfb\xc3\xde~\xfb\xedf\xfa\xe9\
\xa7\x8f\xfa\xc3\xbe\x0f\xec\xd0\xd5\x85(\x1a\xb0\xb4\x12p\
Y\xc4\xcaj\x80\xb6\xe9\xa7\x9f>w\xcc1\xc7\x98\x1f\
~\xf8\xa1\xe2\x19\x03*\x99i`\x9f}\xf6\x89\xddU\
\xb9\xc0\xad\x13O<\xd1\x00ma#\x1e\xec-\xc4B\
\x88t\x22kCln\xbf4\xf9Z\x1f\x04\x96\xf7^\
\xdb\x95$\xfc\xee;\x9c\x94 $_H\xd8\x8cW\xc2\
\xfa\xfa\xc7\x88\xa0t\xe2\xfcg`v\xba\x16U\xebo\
\x0aZ\xb0\xee\x01\xdf\xa4\xdc\x14\x5c\x04\xcc\xd1\xc5M\x81\
\x10\xb5\xbc\xa1\x0e\xb0\x01\x94\x05\x85Of\x9bm6\xf3\
\xe0\x83\x0fV\xa5_k\xbd\x8a\xd7$W\x8c\xe3\x8e;\
.nm\xe8\xd4\x22\xe4O\xb2\xd3\x03\xbb\x04A\xf0L\
\x8c/k\xdbj\xab\xadf\xee\xbf\xff\xfe^\xb7\xb2v\
\xe4kq\xff\xfd\xf7\xe7o\xf2E\x17]\x14+^]\
c\x8e\x1f?>\x7f\xec\x17\x04\xc1[\xb2X\x08\x91Z\
\xb4.\x81\x0dTJ\x93\xaf\xf5-\xe0O\x15\xb4\x0c\xfa\
\x8b\xd4\x04\x8a\xcb\xb7\xb6\xd1^\x80\xa4\xd2\x02\xce\xbd\xdf\
\x9d\x09\xa2\xf9\xea\x0a}\xae\xff\xfaY\x80\xb3\x81\x89\x14\
f:Hr\xc78\x04\x1b\x08\x16\x15\xc3B\xd43\xce\
\xf0tM\xa8]\xa6d2\x99\xdcYg\x9dU\xd5~\
\xad\xf5.^\xe3\x5c3\xc6\x8e\x1dk\xb6\xdezk\x03\
d\x83 \xc8\x963\xf1G'\xd6\xa5\x80s\x82 \x18\
\xe594\x1b\xa0u\xd0\xa0A\xb9\x91#G\x9a\xaf\xbe\
\xfa\xaaW|Y\xcbm\x98s\xcf=7\xff\xfd\x9f{\
\xee\xb9D\x7f\x16\xf7\xdd\xd7_\x7f}\x17\xb8e\x805\
\x89/\xb6 D#\xe3\x8f\x87Y\x81\xf3\xb0\x91\xef\xa5\
\x84\xd4\x0f\xa1\x90\xaat`\x91\xfb>w%\x08\xc8\xab\
\xba\xd1\xf2\x98$\x9c\xdd\xe7\xb7bO\xad*\xf1\xf9\xd1\
\xb9h1\xe0\xf6\x94\x1b\x86w\xb0\xa9\xb8\xfc6\x93\x88\
\x15u/^\x83 x \x1c\x17\xadc\xc7\x8e\xadz\
\xbf\xd6F\x11\xafq\xa9\xb5\xc2\xac\x04\xa6\x5c+\xebt\
\xc0N\xc0c\xcd\xcd\xcd\xad\x11_\xd6\xb6\xd5V[\xcd\
\xdc}\xf7\xddUie\xed\x88\x8d7\xde8\x7f\x93]\
\xc7\x8d\xbb\xc9\xae#?\xf7\xdcs\x06h\x0bwj\xff\
\xec\xc6EO\x88Z#Z>\xf1 \xe0;J\x1fa\
O\xc1F\xce\xcf\x96 \x80+!\x5c\xd7\xa3\xf8\xe8>\
\x87\xcd\x060\x1b\xdd\x9b\x10\xdb}\x87\x13\xe9\x19\x97\x85\
\xa8\x88]\x1f[\xbc \x8d\xab\xc6C\x14\xa6 kF\
\xa7K\xa2\xbe\xc5\xab\x0bxl\x8d\x0b \x92x\xed}\
&O\x9el\x8c1\xe6\x8e;\xeeH\x14\xafqV\xd6\
%\x813\x83 \xf82\xea\xcb\xda\xb7o\xdf\xdc\xc1\x07\
\x1f\x5c\x90\xa8\xb7\x1a\xad\xacI7\xf8\xee\xbb\xef6\xb4\
\x97'\xcb\x07\x92\x95\xfa\xeeC\x86\x0cq\x81[\xbfb\
}\xd6\x90\x95B40Q\xb1\xb49\xf0&\xe9\x82\x87\
\xee\xc6\x9e\xe4\xf8B/\xa8\xe0\xf7rAS\xef&\x08\
\xc7\xff\xeb\x81\x0d\xa8\xfb\x1e\x83H\x0e\x16\xdb\xb5\x1b\xbe\
\x87\xbf\x99h\xc2\x96\x8f\xfd\x8at\xfe\xb0\x97\x03sw\
\xc3fB\x88j\x13\xaf\xf7:\xf1\x1a\x17\xa8-\xf1\xda\
\xfb\xb8\xb8\xa3\x1bn\xb8\xa1@\xbc&YYw\x0c\x82\
\xe0\xd1\xe6\xe6\xe66?A/\xd0\xb6\xec\xb2\xcb\xe6\xfe\
\xf5\xaf\x7f\xd5\x9c\x95\xd5\xddTc\x8cy\xf6\xd9g}\
!n\x003p\xe0\xc0\xd8TZ\xd1\x06<\xfd\xf4\xd3\
\x0d\xd0\x1a&\xd2\xfd\xab?\x10\x84h`\xd1\xba\x0c6\
\x92=M\x91\x81\xd7\x80M\xbaI\xb4F\x05\xd7!\x94\
NW\xd5\xdd\xd6E\xf7]\xb6\xa1\xfb\xd3t%}6\
\xd8jA\xa7\x03\xbfQ:=\xd9h\xe0H``D\
\x84\x0bQ\x97\xe2\xb5\xa3\xf5_\xe2\xb5\xf7\xc5\xeb\x8d7\
\xde\x98\x17\xafQ\xc1\xb50pJ\x10\x04_\x86\xc2\xcc\
?f\xca\xee\xb7\xdf~\xe6\x93O>)\xf2\x05\xad\xb5\
(\xb6\x0f>\xf8\xc0\xf8\xd77\xdf|\xf3\xe5\x7f\xdev\
\xdbm\x13;\xaf\xfb\xdd\xc4\x89\x13\xfd\x8a[\xff\xc5\xfa\
\xe8\xe9hM4\x12\xbe \x9a\x03[ju*\xa5\x13\
\xe6\x8f\xc2\xa6\xc9j\x8e\xb1\x0eV\x12'\x02g\xc7F\
\xf5g=\xa1\xd8\x95B\x01\x95\x10\xfa\x8f'X\x81\xcf\
\xee\xc6\xef\x13-\x0c\xb10p\x0b\xe9\x0bCl\x13\xb9\
\xf7\x12\xb1B\xe2U\xe2\xb5\xd7\xc4+\xa1\xe5\xe1O\xc0\
=\x99LfR\xd4\xca\xba\xd8b\x8b\xe5\xae\xbd\xf6\xda\
\xa2\x9bY\x0bV\xd68\x8b\xeb\xe8\xd1\xa3\xcdL3\xcd\
\x94\xbf\xb1\x07\x1dt\x901\xc6\x98\x81\x03\x07\xe6\x7f\xf7\
\xf0\xc3\x0f'\xdelw\xcd\x9bl\xb2\x89\x01\xb2\xa1\x08\
^\x17\x05n\x89\xc6\xc0\x17\x9b\xfd\xb0'\x0f?R\xba\
T\xe9\xc4P\x9c\x0dM\x10\xc0\xdd%\xae\xafN\x10\x8a\
w\xf4\xa0p\xf5\xdb\x0e\xac\x9b\xc4T\x8a\xb3\x1eT\xa2\
4m\xb9\x22v\x1d\xac\xcfm\x1ak\xf9\xa3\xb4\x07\x97\
u\x97\xb5\x5c\x08\x89W\x89\xd7\x92\xe2\xf5d\xe0#\x0a\
\x8f\xcf\xdb2\x99Lv\xdf}\xf75\x1f|\xf0A\xcd\
ZY\xe3\x84k[[\x9b\x99\x7f\xfe\xf9\xf3\xd7\xba\xf1\
\xc6\x1b\xe7\x9f\xf3\xcc3\xcf\xe4\x7f\xdf\xd2\xd2R\xf0\x9a\
\xb8\xc0\xad\x97^z\xc9\x0f\xdc\xba\xb5\x9b\x17\x1c!z\
\x9b\xe8\xe6lk\xda\xfdH\xa3\xa2'\x1b\x11\xb1\xb7c\
#\xdf{J\xf4\xb8\xef\xb9\x92gQ\xf4E\xe2\x04l\
\xf4\x7fo\x1c\x83\xbb\xefvQ\x82\xa8~\xb0\x87Du\
4\xbe\xe1/\xc0\x97\x1dlB|7\x87\x7f \x7fX\
!\xf1*\xf1\xda\x8b\xe25?9\xb5\xb4\xb4\xb4m\xb2\
\xc9&\xb9;\xee\xb8\xa3\xe6\xad\xacq7\xd3\x18cV\
\x5cq\xc5\xfc\x0d]n\xb9\xe5\x8a\xdc\x09v\xdbm\xb7\
\xfc\xdf7\xdf|\xf3\x02\xe1\x1b\xc7\xac\xb3\xce\xea\x02\xb7\
&\x00\xc3\xbcE^\x88z\x12\xad\xbe\xa5n%\xe0a\
\xd2\x05c\xbd\x88\x8dt\xefIK\x9d\x1f\xb5\xff\x9f\x04\
\x81xB/\x8a.g\xb9\x1e\x82M\x0d\x16\x17\xbc\xb5\
y\x0f~?\xff\x9e\xcc\x10\x1a4:\xf2\x87u\xf7\xfa\
\x17\xe0X\x0a\xfda%b\x85\xc4\xab\xc4k\x8f\x88\xd7\
\xd6 \x08\xb2A\x10\x98\xc1\x83\x07\x17\xa5\xbajmm\
5\xd3\xa6M\xab\x0b\xe1\xba\xf9\xe6\x9b\x17\xf8\xb8N\x98\
0!\x7f\x93#%`\xf3\xcfs\xed\x11\xbd\xe9\xae!\
\xc3\x1c\xb1.\xa0\xedH\x7f@\x08Q\x07\xf8bd\x18\
6\x02}\x1a\xa5\xfdZ\xbf\x04\xf6\xf2^\xdf\x93\x89\xef\
\xddg\xeeJ|`\xd4\xe7\xd8\xa8\xff\x9e\x08\xd2*\xf5\
\x1d\xf7N\xf8\x8e\x1f\x03\xfd{\xf8;\xfa\xf7z\x01\xe0\
F\xe2\xfda\xa3\xf7\xfa\x13\xe0\xcf\x91\xf7\xd1\x09\x94\x90\
x\x95x\xed\x11\xcbk\xc1\xe3\xa0\x83\x0e\x8aM\x7fU\
K7\xd4\xff\xae\xfb\xec\xb3O\xfe\xdaf\x98a\x06\xf3\
\xed\xb7\xdf\x16YU\xdd\x8d}\xf9\xe5\x97\x0b\xda\xc2\xb9\
\x09\xf87\xde\xfd<m\xda4\xbf\xe2\xd6\x87\xb4\x07n\
\xc9\xfa*j\x19_4\x0d\x04\x8e\xc2F\x9e\xc7\x89\x17\
\xdf\x1a7\x018\x05\x98)A\x14\xf5\x84\x958\x13Z\
\x10\xbfI\xb0jn\xd3\x8bV\xd7h\x1b7\x01\xaf&\
X\x87\xff\xd6K\xed\xe7\x7f\xde\x1a\xc0\xd3\xa4\xcb\x0f\xfb\
\x14\xb0zD\x18h\x1e\x14\x12\xaf\x12\xaf\x95\x17\xaf\xae\
\x9c\xeb\xb0a\xc3L\xa4R\x96\x01\xcc\x9ak\xaei\x1e\
y\xe4\x91\x9a\xf3{\xf5;\xde\x89'\x9eXpM\xef\
\xbf\xff~\xa2;\x80{\xdd\xbe\xfb\xee\x9b\x7f\xfe\xfa\xeb\
\xaf\xdfa\xe6\x82-\xb7\xdc\xd2\xaf\xb8\xb5\xa1\xac\xaf\xa2\
\xc6E\xab/^\xb6\x03\xdeO\x10/Q\xcb\xeb-\xb4\
\x07\x1b\xf5\x96xq\xdf\xfdl\xef\xfb\xfa\x82\xf0\x09\xef\
y\xbd-\xac\xdcw]\xcd\x13\x82\xbe_\xee\xafX\xbf\
\xd2\xde\xf0\xcb\x8d\xf6\x83\x9dCkp\x92\x7f\xb3\x9f\xa5\
\xe0z\xac?qol^\x84\x90xm\x04\xf1\xda\xd4\
\xd4\x94\x05\xcc\xca+\xafl\x8c1\xe6\x84\x13N(8\
6w\x8fYf\x99\xc5\x9cy\xe6\x99f\xd2\xa4I\x05\
\x8dT\x8d\xd6\xd8\x5c.\x97\xffNW\x5cqE\xc1u\
\xbc\xf0\xc2\x0b\x1d\xfa\xb1\xfa\xd72d\xc8\x90\xfc\xebn\
\xbd\xf5\xd6\xa2\x9b\xef,\xb2o\xbc\xf1\x86\xbfH\xde\xa5\
\x09[\xd4 Q\x8b\xdb*\xc0c)-n/`\xb3\
m\xf4\xb6\xc5\xcd\x09\xbcE\xb0Q\xfb\xd1 \xadi\xb4\
\x17C\xa8\x96\xf1\xe9\xbe\xc7?\x13\xac\xaf7\xf7\xf2\xf7\
\xf5E\xfe`\xe0x\xac\xafk\x92\x05\xde\xfd<\x0e\xf8\
;0\xbdD\xac\x90x\x95x\xed\x0e\xb7\x01\xb7@\xb5\
}\xfe\xf9\xe7\xf9'\xdez\xeb\xadf\xc9%\x97\x8cu\
)\xf8\xcb_\xfeb>\xfd\xf4\xd3\x22\x97\x82ji\x18\
w\xf3\xee\xbd\xf7\xde\x82\xef}\xcb-\xb7\xa4\xea\x94\xee\
:\xde|\xf3\xcd\x82\xd7;\xe1\x1ew\x9ds\xcd5\x97\
\x0b\xdc\x9a\x08\xcc\x1bYL\x85\xa8f|Q17p\
\x95'T;\xf2u\xfc\x1c\xd8=\xf2>\x99*\xb8\x8e\
\x07\x13\x84\xe0EU(\xa2\x9c{\xc6\xb0P\xf0ec\
\xda~\x8d*\xf8\xde\xfeg\x0f\x07\xae\xf5\xfaEG\xbe\
\xcf\x9f\x85}$\xa8\x92>\x22\x84\xc4k\x9d\x88\xd7\xcd\
\xc3\xe3\xee\xdc\x96[nY\xf4\x82\xd7_\x7f\xddl\xbd\
\xf5\xd6\xb1\x22v\x95UV1\xf7\xde{oU\xb9\x14\
8\x8b\xeak\xaf\xbdV\xf0]\xcf;\xef\xbc\xb2\xde\xc7\
]\xc3!\x87\x1cR\xe0B\x11\xed \xaeA/\xbe\xf8\
b\x03\xb4\x86\xae\x17\xc7\xc9\xd2 jD\xb4\xfa~\xad\
\xc7xV\xb5\x8e\xa2\xcc\xc7c\xa3\xf5\x07'Xm{\
S\x5cmNq\x00T\x16\x1b\xd5?\x84\x9e\x0d\x1c+\
k\x01\xc5\x06|\xc6\x89\xee\xd7\xc3\xe7\xf4\xb6\xabC\xf4\
>\xafJ{\xb1\x85RY'\x9e\x07\xd6N\xe8{B\
H\xbcJ\xbc\x96-^\xfb\x06A\xe0|\xda\xb2\xee(\
|\xca\x94)\x05/\xfc\xfd\xf7\xdf\xcdi\xa7\x9df\x86\
\x0e\x1dZ$bg\x9cqFs\xd2I'\x99\xf1\xe3\
\xc7\xf7j\x80\x97\xbb1\x9f}\xf6\x99\xe9\xd7\xaf_\xfe\
\xfb\x1dq\xc4\x11]\xf2\x99\x9du\xd6Y\xf3\xefu\xc3\
\x0d7\x14|\x96\xff/\xed\x81[\x9f\x00}5/\x88\
*%\xce\x9f\xf1\x13J\xe7\xf74\xc0\x0d\xa1\xe5\x8d*\
\xda\xa09\x9f\xd0\xfe\xd8\x9c\xd5qAZ{W\xf1\x86\
\xd2}\xff~\xc0\x87\x14\x96\xafu\xdf\x7f\xdf*\xfa\xfe\
\xd1\xfe\xb3=\xf0\x01\xe9\xf2\xfd\xde\x04\x8c\xa8\xb2\xfe#\
$^%^kP\xbc\x02\x1c\x15Z\x0c[/\xb8\xe0\
\x82\x82'\xc6\xb9\x03\xdcs\xcf=\x05\xf9R\xfd\xc7\x0e\
;\xec`\xde{\xef\xbd\xa2\x0f\xed\xeeFs\xef?f\
\xcc\x183\xcb,\xb3\xe4\xbf\xcf.\xbb\xecb:\xdb\x19\
\x9d\x90\x7f\xff\xfd\xf7\x0b\xae\xf1\xb7\xdf~\x8b\x15\xb0\xdb\
o\xbf\xbd\x1f\xb8\xb5)\xca{(\xaaO$\xf9\x81\x84\
\xd1H\xf2\x8e*+=E\xfb\xf1u\xb5Y\xce\xdc\x18\
;\x9a\xf8 \xadW\xc3\xe7T\xf3Xt\xdfm\xd3\x04\
\xcb\xf1\x8f\xc0\xcc\xf4nz\xaf8\x11\xeb[\xee\xff\x06\
\x8c\xa1tF\x8a\xdf\xe8\xdd\x8c\x14BH\xbc\xd6\x89x\
\x1d\xd6\xd4\xd44\x110\xb3\xcf>{\xac\xd8kkk\
\xcb\xbf\xd8\xf1\xfe\xfb\xef\x9b\x9dv\xda)V\xc4.\xbb\
\xec\xb2\xe6\x8e;\xee(jT'\x08\xbb\xc3U\xa0\xb5\
\xb5\xd5,\xba\xe8\xa2\xb1Y\x02:\xdb\x11\xdd\xcd>\xea\
\xa8\xa3\xf2\xef\xbb\xe2\x8a+\xc6^\xd3\xbb\xef\xbe\xeb/\
\x9c\xf7z\x13\xbc\x10\xd5\x22\x8e\x00\x16\x0c-\xa8I\xd1\
\xe2\xbe\xe8\xf8\x98\xea\xce\xe1\xe9\x04\xd4\xdc\xd8\xe8|w\
-~\xf4\xfej5\x22\x90\xdc\xf7\xbb\x9fx\xf7\x81K\
\xaa\xf4:\xa2>\xd3W\xc6\x88\xef\xa4\x5c\xc0{\xd2;\
\xb9\x80\x85\x90x\xadq\xf1\xea&\x8e;\xdc\xe4\xf2\xca\
+\xaf\x14X\x1eK\x09\xd0)S\xa6\x98\xf3\xce;\xcf\
\xcc1\xc7\x1cE\x22v\xf0\xe0\xc1\xe6o\x7f\xfb\x9b\x19\
=zt\xd1\x17\xa9D\xe7\xf0o\xc6j\xab\xad\x96\xff\
\xdc%\x96X\xa2H\xdcv5\xe5\xd6\xb0a\xc3\xf2\xef\
\x7f\xc5\x15W\xc4\xbe\xf7\xbc\xf3\xce\x9b\x03r\x99Lf\
2\xed\xe9b4!\x8bj\x10\x16\xd3c}U\xc7S\
:Z\xfcgl\xf5\xa4j\xf2k\xed\xe8\xfanN\x10\
|\xff\xac!\xcb\x9e\x13\xe2\x0b\x93\x9c-a\xe9*\x9d\
S\xa2\xfd\xa3T\x156\xdf\xaa\xff\x12=_\x85M\x08\
\x89\xd7:\x11\xaf\xeb\x85\xc7\xddYW\x16\xb5\xd4\x85\xc6\
\x05g=\xfc\xf0\xc3f\xf5\xd5W\x8f\xb5\xc6n\xb1\xc5\
\x16\xe6\xb5\xd7^\xabX\x80\x97\xdf\xb9\xb6\xd8b\x8b\xfc\
\xe7\xcc1\xc7\x1c\xf9\xa3\xfd\xae\x08\xd7\xa8\xfb\xc0\xa7\x9f\
~Zp=c\xc7\x8e\xcd\x7f\x86k\xd8+\xaf\xbc\xd2\
\x0f\xdc:\xd1\x1f B\xf4\xb0\x10j\xf2\x84\xc5\xee\xd8\
\xc8\xef$\xbfV\xdf\xc7\xf2*`\xbe\x04\x01\x5c\x8d\xc2\
u\x8d\x88\xc5\xd8\x89\xbdq\xd8(\xfe\xde\xc8\x93\xda\xa5\
\xc5\x1483A\x8c?Y\xe5\xf7$*b\xb7\x06\xde\
%\x9d?\xecm\x14\xe6\x09\x96+\x81\x90x\x95x\xed\
\xd0m \x00Z\x82 x\xcfM0\x93'ON}\
\xb1\xb9\x5c\xae\xc8\xa5\xe0\xb3\xcf>3{\xee\xb9g\xac\
\x88]l\xb1\xc5\xccM7\xdd\x14k\xd1M\xdba\xfc\
\xe7\x1dt\xd0A\xf9\xf7\x9en\xba\xe9\xcc\xd7_\x7f]\
\xf1\xce\xe7\xda\xc1/x\xb0\xf4\xd2K\xc7Zwi\x0f\
\xdc\xfa\x02\x1bD\x82,\x09\xa2\x97\xc4\xc3:\xd8H\xef\
4\x11\xe1\x8fc\xf3\xbb\xfa\x13{P\xc5\xd7\x99\x09\xbf\
\xe3\xeb\x09B\xef\xc8\x1a\x14A\xee\xe8|z`\x14\xf1\
\xc1g\xdb\xd5\xc0u\xf9.\x00\xfd\x80\x91X\xbf\xdd\xa4\
\xcd\x93\xeb\x93\x93\x80\xb3\x80\xa1\x12\xb1B\xe2U\xe2\xb5\
\x94xu\xbb\xfd\xc3\x9b\x9b\x9b\x0d\xd0z\xe6\x99g\x16\
\xbc m\xa3E\x05hkk\xab\xb9\xe4\x92K\xcc<\
\xf3\xccS$b\xfb\xf5\xebg\xfe\xfa\xd7\xbf\x9a\xef\xbf\
\xff\xbe,\x97\x02\xffog\x9cqF\xfe\xfd2\x99\x8c\
y\xeb\xad\xb7*fqM\xfa\xcc\xf9\xe7\x9f?\xff\x99\
\x17^xa\x91\x05y\xe7\x9dw\xf6\x03\xb7\xb6\xd4\x04\
,z\xd8\x12\x09\xf6\xe8\xf9f\xe2k\xd3GE\xeb\x07\
\xd8\x88q\xff}25r\xad\xfbR\x1c\xe0d\xb0Q\
\xfb\xfd\xa9\xae\x00\xa7r\xafm\xe7\x98k\xcba}E\
\xa7\xab\x91k\xf3\xfb\xe4\xec\xc0\xc5X\xf7\x87R\xfe\xb0\
\xdf\x00\xfb!\x7fX!\xf1*\xf1\xda\x81xu\x93\xc2\
\x9c\x99L\xe67\xc0\x0c\x1d:4\xd7\x95\x9b\x18\xe7\x0e\
\xf0\xf4\xd3O\x9b\xf5\xd7_?\xd6\x1a\xbb\xe1\x86\x1b\xe6\
\xab_\x95r)p\xdf\xe7\x86\x1bn(x\x8f\xc7\x1f\
\x7f\xbc[\x84k\xd4}`\xd4\xa8Q\x05\x9f\xeb\xc4\xf7\
\xd4\xa9S\x8d1\xc6|\xf8\xe1\x87\xbe\x85\xeb\xa1H\x1b\
\x0b\xd1\x9d\x02a\x08p\x1a0\x81\xe4|\xad\xee\xe7\xd1\
\xc0Q\xd8Hq\xdf\x9aY\x0b\xd6\xc9 \xb4\xce\xfd\x98\
`\x9d\xdc\xb4\xc67\x8dn\x03\xf1\x5c\x82U\xf9\xe4\x1a\
\xba\xbe\xe8i\xc02\xb4\x07\xa5\x95:\x0dx\x1d\xd8$\
\x226t\x8a%$^%^\x8b\x16\xc0\x9b\x83 0\
@\xab\x13\x93]\xc9\x10\x10\xe7R0j\xd4(s\xe0\
\x81\x07\x9aL&S$b\x17\x5cpAs\xd5UW\
%Zt\x9d0}\xe8\xa1\x87\x0a^w\xfd\xf5\xd7\xf7\
H\x87s\x9f\x7f\xe6\x99g\xe6?{\x91E\x16)z\
\xde\x88\x11#\x0c\x90kjj\x9aB{^C\x09X\
Qi\x11\x97\xf1\xc6\xef\x9e\xc0\xff(\xed\xd7:\x0d\xb8\
\x02\xeb\x0fJ\x0d\x8a<\xf7]/I\x10v\xf7\xd7\xb8\
p\xf5\xbf\xfb\xf2\xd8\xe0\xa6h\xf0\xd6\xef\xc0\x02\xd4\x96\
?oT\xc4n\x0e\xbcI\xba\x12\xc4\xf7\xd0\x1e\xac&\
\x11+$^%^\x0b&\xcb\x00X;t\x1d\xc8n\
\xb0\xc1\x06\x15\xbb\xe0$\x9f\xd6\x7f\xfc\xe3\x1ff\xc1\x05\
\x17,\x12\xb1---\xe6\xa0\x83\x0e2\xa3F\x8d*\
z\xaf7\xdex\xa3\xe0\xb9g\x9duV\x8fw\x0cc\
LAZ.\xf7\x1d\x5cq\x87\xeb\xaf\xbf\xde\x0f\xdc:\
\xbd\x0e\x16SQ\xbd\x22`}l\xc4v\x1a\x11\xf0`\
(\x88\xa2\xe3\xbe\x96\x04\xbb\xb3\xdeM\x8b\x11u\x93\xb1\
.\x13\xb5$\xeaJ\x09\xd8+\x13D\xfa\xbfkt^\
\xf1\xdd\x1d\xfa\x02\x07\x01\xdfR\xda\x1fv2p\x1e0\
[\x8dn\xba\x84\xc4k\x8fi\x94i\xd3\xa6\xe5\xf5\xc9\
&\x9bl\xd2\xad\xa7\xd2\xbd-^\xdd\xa2\xd8\x1c\x04\xc1\
;n\x12\x89&\xe4\xafT\xf0S\xf4\xfd^z\xe9%\
\xb3\xd9f\x9b\xc5\xba\x14\xac\xb9\xe6\x9a\xe6\xb1\xc7\x1e3\
\xc6\x183z\xf4\xe8\x82\xeaY\x07\x1f|\xb0\xe9\xe9\xce\
\xe6:\xc0\xf7\xdf\x7f_\xf0=]\xa0XL\xe0\xd6(\
\x0a\x8ff\x85\xa8\x84h]\x0c\xb8\x9dt~\xad\xef\xd2\
\xee\x7f]\x8b\xa25*V\x9eJ\x10tg\xd4\x91\xa8\
q\x22oVl\xf2\xff\x9c'\xe4\xdc\xf5\xae_\xc3\xd7\
\xeb\x7f\xe7\xd9Ba:\x99\xc2\x8c\x11q\x82\xf6\xdbP\
\xf0\xf6\xf5\xdaI\xa7ZB\xe25\x12\xa7\xe4\xc6\xcc\xf6\
\xdbo\x9f7\xae\xd5\xaa\x80-%^]\xe0\xd6!\xa1\
\xc5\xb0\xed\xd4SO-;p\xab+.\x05\xa3G\x8f\
6\x87\x1f~\xb8\xe9\xd3\xa7O\xacK\xc1l\xb3\xcdV\
tCz\xa3\xa3\xb9\x0ep\xe1\x85\x17\xe6\xbf\xcf\xfc\xf3\
\xcf_\xf0\x9c=\xf6\xd8\xc3\x00ma\xe0\xd6\xb6\x916\
\x16\xa2\xb3\x0b\xfd\xcc\xc0\xd9\xd8\xc8\xecR\x0b\xfd\x8f\xc0\
_\xebd\xa1wm\xb0\x1d\xf1\x81L\xa3\xb0yi\xeb\
I\xcc\xb8k>8A\xac\xff7\xbc\xb7\xb5\xba\x19\x89\
V}[*\xb4(\xa7\xc9\x0f\xfb\x06\xb0Y\x1dl\xc8\
\x84\xc4k\xc5br\x1c\xaf\xbc\xf2JA\xde{_\xb4\
v%Ei\xb5\x8aW7\xe1\xcf\x96\xc9d\xc6\x03f\
\xc6\x19g\xccu\xf7\xcdt.\x05\xd1\x1d\xc15\xd7\x5c\
\xe3|G\x8b\x1e\xeb\xac\xb3\x8e\xe9\xcdN\xe6\x7f\xe6\xd2\
K/\x9d\xff^'\x9exb\xfe\xf7a^X\xb7\xc8\
<\x16ic!\xd2Z\xdf2\xdeD{ \x1d\x1f\xb1\
:\x11;\x15\x1b\xd9={\x82\x00\xaeE\x91\x93\xc1F\
\xd9\x7fI|\x90\xd6\xceudu\x8d^w\x0b\xf06\
\x85\x19\x15\xdcu\x8f\xac\x93\xfb\xeb\x8b\xd8MCq\x9a\
&\xa8\xeb~\xac\x1b\x89D\xach8\xf1\x1a\x15\xado\
\xbf\xfd\xb6Yg\x9dubu\xd3\xa1\x87\x1ej&L\
\x98P bk\xe5:K\x89W\x7f\x02\xbc\xc1\x05n\
=\xf5\xd4S]\x0e\xdc\xea\x8aK\xc1\x9bo\xbei\xb6\
\xdbn\xbb\xfc\x0d\x98y\xe6\x99\x8b,\xa0\xbd\x81\xfb\x9e\
c\xc7\x8e-\xe8 \x9f~\xfai\xfe9\x8b-\xb6\x98\
\x0b\xdcj\x05\x16\x95\x80\x15\x9d\x5c\xcc7\xa6=\x9fi\
\xa9\xc5<\x1a\xdcR\x0f\x8b\xb9\x9b\x97NN\xb0@>\
O\xf5V\x01\xab\xd4\xb5\xaf\x1b\xb9f'\xe0\x7f\x0e7\
)\xf5\xe0\xe7\x1b\xdd\xac\xed\x8fM\x9b\x95&\x08\xf1\x92\
:\xda\xac\x09\x89\xd7\xb2D\xeb\x1bo\xbca\xd6^{\
\xedX\xd1\x1a}\x1c~\xf8\xe1\xe6\xf7\xdf\x7f/x\xaf\
j\xb7\xc4\x96#^W\x0b]\x07\xb2\xce\xca\xd9\x937\
3\xae\x0c\xedL3\xcdd\x00\xe3\x02\xc9\xaa\xc1w\xc3\
}\x87\xb0\xb2\x96\x01\xcc<\xf3\xcc\x93\xff\xfb?\xff\xf9\
O?p\xeblM\xaa\xa2L\xd1\xbaT(F\xd3\x1e\
\xa3nR\x87\x16(\xe7\xfb\xb9 6\xca>\x1a\xa4\xd5\
J{\x10Z\xbd\x8e-w]\xb7GD\x9c\xbb\xff\xd7\
\xd4\xd9\xf5\xfb\xd71\x14[\xb8`\x12\xa5\xf3\xc3\xfe\x18\
Z\xa2\xfb\xc5\x88a!j^\xbcFE\xe6\x1bo\xbc\
a\xd6]w\xdd\x22\x81\xba\xe8\xa2\x8b\x9a'\x9ex\xc2\
\x18c\xf3\xe1\xc7\xb9b\x1er\xc8!E\x96\xd8j\x15\
\xb1i\xc4\xab[@3A\x10\xb8c\x9b\xec\xb8q\xe3\
z%\xd5\x82\x13\xb0?\xfd\xf4\x93\x09\x05\xa0\xd9j\xab\
\xad\xaa&\xed\x83\xdf\xc1W^y\xe5|\xa78\xf2\xc8\
#\xf3\xbf\x0f\x82\xc0\x05n}\x8d=\xf6\x0c\xd0\xb1\x96\
\xe8x\xc1\x9e\x1d\xb8\x80\xf2\x02X\xfa\xd4\xe9\x82\xed\xda\
\xe5\xae\x04\xab\xeb\x95\x0d\xb0)t\x02~86\x87o\
T\xc0g\x81\x95\xeb\xac\x1d\xa2\x96\xf4E\xb1%d\xd3\
\x06(nU\x87\x1b9\xd1\xa0\xe25j\xcc{\xe7\x9d\
wbE\xeb\x88\x11#\xcc}\xf7\xdd\x17\xfb\x1eg\x9e\
y\xa6\x190`@\xac\x88\xfd\xf5\xd7_\xab\xda\x9d \
\xadxu\x96\x9f\x03\x5c\xe0\xd6\xf1\xc7\x1f\xdfm\x81[\
iv\x19_|\xf1E\xbe\xa1\x0f<\xf0\xc0\xaa\x11\xaf\
\xfe\xf7\x18?~|A\x87x\xf7\xddw\x8d1\xc6\xec\
\xbd\xf7\xde~\xe0\xd6N\x916\x16\x22ZJ\xf3\xff\x80\
\xefHWJ\xb3\xdeS\x07\xb9\xebY\x9f\xe2#\xf3\x1c\
6\x0a\x7f6j\xb3\x92Vg\xdb\xe2\xef\x11\xab\xabk\
\x93\xff\xd4\xa9\xa51*b\xd7#}j\xb8\x87\x81\x15\
%bE\xad\x8a\xd7\xa8h}\xeb\xad\xb7b\xdd\x03F\
\x8c\x18a\x1ex\xe0\x81\xa2\xd7\xe6r\xb9\x22\xadt\xea\
\xa9\xa7\x9a\xbe}\xfb\x16\xbd\xc7\xc8\x91#\xab\xd6\x9d\xa0\
\x1c\xcb+\xc0\xcc\x99L\xe6g\xc0\x0c\x1a4(\xd7\x9b\
\xc2\xf0\xed\xb7\xdf\xce7\xf0q\xc7\x1d\xd7c>\xb8\xe5\
~O\xbf\xea\xd7,\xb3\xccb\x8c1\xe6\xc7\x1f\x7f\xf4\
\x17\x98\xa7=\xc1\x22\x1a\x9b\xb8\xa4\xedo\xa7\x5c\x94\xff\
\x0d,\x19\x99\x84\x83:m\x9f\xbe\xd8\xa8\xfa\xb8`\xa5\
\x83\x1a\xc0\xea\xea\xb7G\x06\x18\x04|F|\xd0\xda\xee\
u\xdc\x1e\xd1\xa2\x1c{\x93\xae(Gkh\x9d\x9f\xa7\
\x8e7y\xa2\xce\xc4kT4\xbe\xf5\xd6[\x89\xee\x01\
\x0f>\xf8`\x87\x827)\xbb\xd3\x19g\x9c\x11+b\
\xab\xd1\x9d \xadx\xf5\x07\xf7\xd5.p\xeb\x91G\x1e\
\xe9q\xd1\xe8>\xeb\xe9\xa7\x9f\xce7\xec\xa5\x97^Z\
u\xe2\xd5g\xcd5\xd7,\x88\xee3\xc6\x98\xc5\x17_\
\xdc\x0f\xdcZR\x02V\xa2\xd5\xfb\xff\xb2\xc0})E\
\xeb\xab\xc0Fu.Z\xa3s\xd0H\xe2\xdd\x05\xde\xc6\
F\xe17\x82\xd55\xda&[\x13\x9f.\xec[`\x86\
:o\x13\x7f\xec\xcc\x04\x9c\x0a\xfcF\xe9r\xc8c\x80\
\xbf\x01\x03\x22\x9b\x01!\xf1Z5\xe25\xce=`\xbd\
\xf5\xd6\x8b\xb5\xb4\xde{\xef\xbd%EkZ\x11\xdb\xbf\
\x7f\xff\xaav'\xe8\x8cx]\xb9\xb9\xb99\x07\xe4\xd6\
Xc\x8d\x1e\xbf\xa9\xeef\xdcu\xd7]\xf9\x06\xbd\xf5\
\xd6[\xabR\xbc\xba\x9d\xc9\xc4\x89\x13\x0b:\xc0\xe8\xd1\
\xa3\xcd\x8b/\xbeh\x80\xd6\xb0$\xee\x05\xfe\xc0\x11\x0d\
\x85\xbf\xf0\xce\x81\x8d\x90\x9eF\xe9@\x94o\x80}#\
\x96\xa7z^x\x9d\xf8\x9a\x1d\x18K\xa1\xbb\x84k\x97\
u\x1b\xd4\x8a\xe6\xae\xf7\xf1\x04Q\x7fN\x83\xb4\x8b\x7f\
}#\x80\x9bH\xe7\x0f\xfb>\xb0}\xe4}$b%\
^{U\xbc\xa6My\x95\xe4\x1e\xd0\x99x\x9dZr\
'(G\xbc\xba\x9di\x10\x04\xc1+nB\x18=z\
t\x8f\xfa\x9b\xba\x9br\xc5\x15W\xe4\x1b\xf2\xd1G\x1f\
\xadZ\xcb\xabk\x97[o\xbd5\xff}\xe7\x9csN\
c\x8c1\x83\x06\x0d\xca\x01&\x93\xc9\xfc\x00L\xef\xb5\
\xb1\xa8\x7f|KX?\xe00\xe0'J\x1fyN\x02\
\xce\x04\x86$,\xda\xf5.L\xaeM\x10hw4\xa8\
p\xc5\x13ZK`\xf3\xf9\xba\x0c\x14~\x89\xdcFI\
\xcb\x17=\xc5X\x07x\x96t)\xe5\x1e\x07\xfe\x10\xe9\
s\x9a\x8f%^{T\xbc\xa6u\x0fXx\xe1\x85S\
\xb9\x07tF\xc4F-\xb1\xa7\x9f~z\xac\x88\x8d\xcb\
\x13\xdbSZ\xb0\x5c\xf1\xea,\x83{\x85\xc1FmG\
\x1duT\x8f\x06n\xb9\x869\xf9\xe4\x93\xf3\x0d\xf8\xca\
+\xafT\xb5\xdb\x80K\x9f\xe5\x9b\xfa\xcf;\xef<s\
\xd9e\x97\x19\xa0-\x0c\x82\xdbM\xd6\xd7\x86 \xba\xb8\
n\x03\xbc\x97\xb0\xb8f#\x8b\xebm\x9e\x08i$\xa1\
\x96?\xf5\xf1\x84\xbc/\xce&`\xa3\xee\x1b\xf9\xd8\xd7\
\xb5\xd1\x85\x09\xe2\xfe\xe1\x06\xeb3\x99\xc8\xb5\xee\x06|\
\x9ebs\x98\xc5\xa6\x19\x1b\xde\x80\xe3L\xf4\xa2x\x8d\
\xea\x97\xff\xfe\xf7\xbf\x15u\x0f\xa8\x84\x88Mr'\xe8\
\x8db\x07\x9d\xb1\xbc\x02\x0c\xc9d2\xa3\x01\xd3\xbf\x7f\
\xff\x5cO\xeeL\x9cx=\xf4\xd0C\xf3\x0d\xf7\xf1\xc7\
\x1fWU\xb6\x81\xa4\xef<m\xda\xb4\x82\x1b~\xdbm\
\xb7\x99>}\xfa\xb4\x01\xb9 \x08\x9eG>W\xf5.\
Z\xfd\x8d\xc9\x8a\xc0\xa3\xa4\xcb\xd7\xfa\x22\xf0\xc7\x06\xb5\
\x089\xb1\x9f\xc1F\xcf\xc7\x09\xb3\xbfKd\xe4\xe7\x8e\
!\xc0\x0f\xc4\x07o\xfd\xa9\x01\xdb\xc9\x1f+3\x00'\
\x02\xe3\x12D\xac\xff\xf3/\xc0\xf1\x14\x9e\x88I\xc4J\
\xbcV\x9d{@w\xeb\xaer\xdc\x09\x0e;\xec\xb0\x1e\
s'(W\xbc\xfa\x13\xdf\xe5a\xe0V\xdb\xfd\xf7\xdf\
\xdfc\xd6W\xd7\x10\xbb\xee\xbak\xbe\xc1~\xfa\xe9\xa7\
\xaa\x16\xaf\xfew\xbb\xe7\x9e{\x0a\xea\x0b\xaf\xb3\xce:\
9 \x97\xc9d\xda\xb0\x81:\xda\xe9\xd7\xafU\x0cl\
\x84\xf3\x95\x9e8\xed\xc8\xaf\xf5\x0b\xe0/\xde\x86\xa6\x11\
\x13\xac7y\x96\xb3\xb8\x80\xa4\xcf\x80\x814V\x90V\
\xa9\xb6\xda3\xa1\xad>\xc6\x06'5b[\xf9cp\
\x01\xe0z\x0aO8\x92\xfca?\xa1\xbd\xcc0\xc8\x1f\
V\xe2\xb5\x9b\xdc\x03\xde~\xfbm\xf3\xc7?\xfe\xb1H\
\x10.\xb2\xc8\x22\x15\xf1i\xed.w\x82\xb8b\x07\x87\
\x1ezh\x81\x88\xed\x0ew\x82\xae\x88\xd7\xe5\x9b\x9b\x9b\
\xb3@n\xa5\x95V\xea1\xcb\xab\xfb\x8c\x0d6\xd8\xc0\
\x00\xa6\xb9\xb9\xd9L\x992\xa5\xea\xc5\xab\xef>\xb0\xf9\
\xe6\x9b\xe7o\xf2\xdcs\xcf\xed\xe7g\xbcD\xe2\xb5n\
\xad>\x03\xb1\x91\xcdc:\xb0\xfa\xb8\xc5\xf4Wl\xd9\
\xd3\x19\x13\x16\xdfF\xb3&\xce\x88\x8d\x9a\x8f\xb3&n\
\xad1S\xd4^M\xc0+\x09V\xea\xa3\x1b\xbc?\xf9\
\xa7\x1f\xab\x01O\x92\xee\xf4\xe3i`\x8d\x84\xb1-$\
^\xbb\xe4\x1e\x10'Z\x17Zh!s\xcf=\xf7\xf4\
\xbah\xadVw\x82\xce\x88W\xbc\x9d\xfb\x0bn\xa7\xfa\
\xc3\x0f?t\xbb\x80\xf4/z\x95UV1\x80\x192\
d\x88\xe9\xedT\x16\xe5\x8a\xd7l6k\x9a\x9b\x9b\x0d\
\xb6\xca\x96\x09\x82\xc0M\x98?y\x82E\x13c\xed\x12\
\xf5\xb7\xdb\x11\xf8\x90t~\xad7a#\xa5\x1bY\xb4\
F\xaf\xfd\x9c\x04!\xf6\x98\xda(\xb1\xcdV\xf5\xac\x88\
\xbe\x7f\xf0\xafX\xeb\x7f#\xbb(E\xc7\xe7N\xc0G\
$\xfb\xc3\xfa\xff\xbf\x1e\x98_\xe3S\xe2\xb5\x12)\xaf\
\xe2\x02\xb1\x16Zh\xa1\xa2\x8aX=\xe1\x1eP\x09w\
\x82SN9%\xd6\x12{\xd8a\x87\x99\x89\x13'V\
\xd4\x9d\xa0\xb3\xe2\xd5\x0d\xd8\xdd]\xe0\xd6\xc8\x91#\xbb\
\xddu\xc0\xbfy\x8b,\xb2\x88\x01\xcc\xf0\xe1\xc3kF\
\xbc\xfa\x1d\xf8\xe1\x87\x1f\x8e\xde`7A\xee\xe9\x0f\x22\
Qs\x96\x1d\x7f1[\xbd\x84e\xc7_\x14\x9f\x05\xd6\
\x96e\xa7@`\x00,\x86\x8d\x96\x8f\x8a\xb0\xa9\xd8\xe8\
z\x09\x88\xe4\xf9\xf9\xc6\x04\xd1\x7f\x8b\xda\xadh\x8c\x0d\
\x00\x8e\xc5\xfa\xba&\xe5\x87uc\xf77\xec\xc9\x88\xfc\
a%^\xeb\xce=\xa0;\xdd\x09\xa2)\xb6\xbab\x89\
\xed\xacx\xcd;\xc0g2\x99\x1f\x01\xd3\xd2\xd2\x92\xed\
n\x11\xe9\xbf\xef\x1cs\xcca\x00\xb3\xfc\xf2\xcb\xd7\x94\
x\xf5\xbf\xe7\xb6\xdbnk\xb0\xa9\xb2\xfc\xc9\xf1%\x1a\
\xd3\xb7\xb1^\x04\x03\xd8H\xe5k\x89\xf7\xa9\x8bZv\
>\x01v\x8d\xbc\x8f\xee}{{>\x1ci3w\x94\
{\xa1\x04X\x87\xc2?\x00\xe6\xc4\x06'Es\xe2\xe6\
\x80\xb5\xd4~\xb1cw\x1e\xe0*\x0a\xddS\x92\xc6\xee\
\x97\xc0\x1e\x1a\xbb\x12\xafi,\xad\xef\xbd\xf7\x9eY\x7f\
\xfd\xf5k\xc6=\xa0R\x226\xce\x9d`\xe4\xc8\x91]\
v'\xe8\xacx\xf5-\x83\x17\x85\xe2\xab\xf5\xae\xbb\xee\
\xeaV\xeb\xab\xbb\xb8\x5c.g\xfa\xf5\xebg\x00\xb3\xde\
z\xeb\xd5\xacx5\xc6\xe4\xaf#lCgYZQ\
\x0bKMZo\xa6\xc7F(\xffB\xfah\xe6\xc1\xb2\
\xde$\x8a\x89?\x11\x1fx\xf4\x036\xaa^AZ\xa5\
\xdb\xf0\x88\x04\xeb\xeb\x1b\xe1\x1c\xae6\x8c\x1f\x7f+Q\
\x98\x0d\xa4\xa3*w\xff\xa1\xbd@\x86[\x1b\xd5\xa6\x0d\
*^\xeb\xcd=\xa0\xab\xee\x04\xb9\x5c.\xd1\x9d\xe0\xf0\
\xc3\x0f\xef\xb4;AW\xc4\xab\x1b\xe8K777\xb7\
\x02\xb9\xe5\x96[\xae[E\xa4\xbb\xa8\x09\x13&\xe4/\
~\xdbm\xb7\xad\x89`\xad\xa4ky\xea\xa9\xa7\xf2\xd7\
\x12\x04\x81\x9b\x10\xaf\x94x\xad\x09\xeb\x96oe\xd9%\
\xb4\xa2\x96\xca#\x99\x0b\xad\xb2\xca#\x99,\x222\xd8\
c\xdc\x8f\x89\x0f\xd2\xdaS\xed\x96Z\x8c\xf5\xc3V\x90\
21\xed\xb8\x9f\xda1v\x5c\xfb\xed\xb1-\x85y\x98\
}\x11\x1b\xf5\x87\xbd\x05X8ac+\xea\x5c\xbc\xd6\
\xbb{@%,\xb1\xa7\x9dvZ\xa2;\x81/b\xd3\
Xb\xbb\x22^\xf1\x16\xefg\xdcn\xf4\xeb\xaf\xbf\xee\
61\xe9\xdes\xd4\xa8Q\xf9\x8b\xdew\xdf}k\xf6\
\xe6\xbb\x00\xae\x9dw\xde\xd9Y_\xdd\xa48\x16\x18\xea\
-B\xa2z-4kRX\xc1\xa7#\x0b\xcdSX\
?XYhJo\x8a\x8fN\xb0\x18\xbe\x82\xdcj\xca\
m\xcbM\x12,\xd8?\x01\xb3\xc8\xfa\x9a\xb8\xb6\xf9\xfe\
\xb0\x87\x93\x5c\x01/\xea\x0f{\x1a\x8dW\x01\xafa\xc5\
k\xa3\xb9\x07T\xca\x9d \xa9\xeclZw\x82\xae\x8a\
W7(wv\x81[\x07\x1ex`\xb7\x8b\xd7\xb7\xde\
z+\x7f\xb1\xc7\x1e{lM\xfb\x888\x06\x0d\x1a\xe4\
\x04l\xd4*\xa2\xc0\xad\xea\x13\x03\x00\x0b\x92\x5c;=\
\xba\xb8}\x84\x8dh\xf6\xdfG\xe2+Y0\xcc\x83\x8d\
\x8a\xcfF\xac\x5c9lz#\x09\x82\xf2\xfb\xec}\x09\
\x9b\x81\xcb\xd4\x9e\xa9\xc7\xfc\xdc\xc0\x15\xc04J\xfb\xb2\
\x7f\x05\xec\xed\xbd^\x1b\xae:\x13\xafQ\xcd\xf1\xee\xbb\
\xef&\xba\x07\xc4U\xc4\xaau\xf7\x80\xdev'\xe8\xaa\
x\x0d\xc2\xc7\xe0 \x08\xbes\xd6\xc3\xee\xf2Au\x9d\
\xc5?j\xbf\xe8\xa2\x8bjz\x07\xe3n\xc8\x8b/\xbe\
\x98\x9f\x00\xc3\xe2\x0f\xaf{\xed+z\x7f\x01\xf3\xab\xf4\
\x9c\x14ZX\x92\xa2\x92\x8dgA\xff[h\xb9\x89\xb3\
\xda\x8ax\xa1\xf0\xaf\x04\xa1u\xa3\x84V\xa77\x04#\
\x80\x89\x14\x97\xd6\x9d\x06,\xa3v-\xb9\xce\xf9F\x84\
\x15\x80\x87H\x97\x1f\xf6e`\x83\x84\xb9D\xd4\xa0x\
\x8ds\x0f\x88\xb3\xb4\x8e\x181\xc2\xb8\x02N\x8ddi\
\xed)w\x82\xae\x8aW\x7f\xc2;\xb7\xa9\xa9\xc9\x00\xad\
\xb7\xdezk\xb7\x04n\xb9\x1b\x7f\xc7\x1dw\xe4/\xee\
\xa6\x9bn\xaai\xcbk6\x9b5S\xa7N5\xc6\x18\
\xb3\xc7\x1e{\xf8\xee\x039\xe0\x0fZTz}\xe1\xf7\
\xdb~\x0fl\x84q\xa9|\x90Y\xac\xdf\xf2\xb0\x04\x0b\
\x8eH\x9eG\xd6\xa2\xd0\xcf\xd5\xfd<\x0e\x1b=\xaf\x12\
\xca\x9do\xdb\xd3\x136\x05O\xab\x8fvj>\xd8\x12\
x\x87t\xf9\x9bo\xc7\xa6}\x93\x88\xadQ\xf1\x1a\xd5\
3\xef\xbd\xf7^\xbeX\x92\xffXp\xc1\x05\xcd\xddw\
\xdf-\xd1Z\xa6\x88\xcd\xe5r\x1d\xba\x13DSl9\
\xdd\xd4\x15\xf1\xea\x16\x92\xc5]\xe0\xd6\x92K.\xd9-\
\x17\xeb:\xc0UW]\x95\xbf\xa8G\x1f}\xb4\xea;\
\x873\x97\xb7\xb6\xb6\x9ai\xd3\xa6uxd0b\xc4\
\x08\x03\xb4\x86\xd9\x07\xae\xd7\xa2R\x15\x96\x96?b#\
\x8a\xd3XZ\x1e\xa5=[\x84\x16\xa9\xf4\xed\xed\x84\xc1\
\x1b\xc4\x07\x17\x1d\xa1\xb1\xd0\xe5\xf6\x9d\x1e\x18E|\x10\
\xdc\x0ej\xdf\xb2\xd6<\xb7\xee\xf5\x05Fb3`$\
mj\xdd\x5c1\x118\x1b\x98Y\x9b\xda\xda\x11\xafq\
\xee\x01q\x81X\x0b.\xb8\xa0\xdc\x03*\xe4Np\xf2\
\xc9'\xa7r'0\xc6\x98\x1bn\xb8\xa1\xd3\xe2\xd5\x17\
\xb0O\xb8\xc1\xfb\xc5\x17_T\x5cT\xba\xf7:\xfd\xf4\
\xd3\xf3\x17\xf3\xe6\x9boV\x8dx\x8d\x8a\xd4i\xd3\xa6\
\x95\xec\xb8\xa3F\x8d2\xff\xfe\xf7\xbf\xcd1\xc7\x1cc\
\xb6\xdcrK3d\xc8\x10\x03d\xc3\xcc\x03\xbf\x03\xf3\
F\xdaX\xf4\xc0\xe4\x15\xb2(p\x1b\xf1~\xadQ\xd1\
\xfa\x1e62Y\xa2\xb5\xf3\x96\xc1\xfd\x89\x0f,\xfa\x00\
\x1b5\xaf\xc0\xa2\xae\xb7\xf1\x9f\x13\xda\xf8\x7f\xc0tj\
\xe3N\xb5)\xc0l\xc0E\xd8\xe2\x19\xa5\xfca\xbf\x06\
\x0e\x00Zb\xc4\xb0\xa8R\xcb\xab\xdc\x03\xaa\xc7\x9d\xe0\
\xb0\xc3\x0e3\xbf\xfd\xf6\x9b1\xc6\x98\xbb\xef\xbe\xbbK\
\xe2\xd5-\xf8;\xb8\xc0\xad\xbd\xf7\xde\xbb\xe2\x81[\xee\
\xbdF\x8e\x1c\x99\xbf\x88\x8f?\xfe\xb8WRe9\xa1\
\xeaDj\xa9\xcf\x1f;v\xacy\xf2\xc9'\xcd\xf9\xe7\
\x9fo\xb6\xdaj+\xb3\xe0\x82\x0b\x16\xdd\x10\x8a\x8f\x9a\
\x0c\xb0\x88\xc4k\x8fZ\xa8\xc0F\x0a\x9f\x11n\x1eJ\
\xf9\xb5\xfe\x84\x8dD\x1e\x10\xb1r\x89\xf4\x1b\xdf \xb4\
F\xfdD\xbb?\xa6\xdf\xce\x1b\xcbJU\xd1\xb6~\x96\
x\xf7\x81S\xd5\xce\x9d\x9a3\xfc\xf6Z\x96\xf6\xe0\xb8\
RU\xf5\xde\x006\x8d\x99\x7fD\x95\x88\xd7\x01\x03\x06\
\xb4\xbe\xf7\xde{f\xd3M7\x95{@/\xba\x13\x9c\
v\xdai\xf9\x9c\xf8\xfe\xe3\xac\xb3\xce2\x97_~y\
\x97\xc4\xab\x1bt\x03\x83 \x18\xe5\x84X\xa5\x03\xb7\x9c\
@\xdcm\xb7\xdd\xf2_\xfe\xc7\x1f\x7f\xecV\xf1Z\xce\
\x91\xbf1\xc6L\x992\xc5\xbc\xf3\xce;\xe6\xea\xab\xaf\
6{\xef\xbd\xb7Yq\xc5\x15c+Lx\x8f\x5cs\
ss[KKK\xb6\xa9\xa9\xc9\x84\xc1Z\x93\x80\x07\
\xb1)n4\xa9\xf5\xdc\xc2\x0e6\x87\xe8W\x94\xce\xd7\
:\x15\xb8\x14\x98+\xc1\x12#\xca\xb3^]\x96 \xa8\
\xeeS\xdbV\xbc\x8f/\x8f=5\x88\x06oM\xc4f\
\xd1\xd0\x06\xac\xeb\x22vS\xe0\xcd\x94\x22\xf6\x1e`~\
\x19)\xaaG\xbc\x86\xf7\xc4\xaf\xe8W2\xe5\x95\xdc\x03\
z\xc6\x9d\xa0\xb9\xb99IKuy\x11:\xd3\x05n\
\xddx\xe3\x8d\x15\xdd\x8d\xb8\xce\xb1\xe1\x86\x1b\x1a\xc0\xf4\
\xef\xdf?\xef\xc4\xdbU\xf1\xda\x99#\xff\xaf\xbe\xfa\xca\
\xdc~\xfb\xed\xe6\x98c\x8e1\xeb\xaf\xbf\xbe\x99u\xd6\
Y;\x12\xa9&\x08\x02\xd3\xd2\xd2b\x9a\x9a\x9aLs\
ss6\x08\x82\xe8\xc0\xf8\x048\x11\x1b\x19,z^\
@mN|\xbe\xd6\xe8\xe3\x01`\xb9\xc8\x84\xa7\x0dF\
\xe7\xdb}\x19l\xd4{TLM\x0a\xc7\x82\xc4T\xe5\
\xdb\xfc\xca\x84\xcd\xc2\xdd\xda,ty\x83\xe0\xfaj\x1f\
\xe0@\xe0\xdb\x84y$\xeb\x89\xa37hO\xa1\xa7\xb9\
\xa4\xf7\xc5\xeb\xfd\xe1\x98huk\xf7j\xab\xad\xd6\x10\
\xc5\x05\xaaQ\xc4\xfa\xed\xdc\xd6\xd6fN:\xe9$3\
\xd7\x5cs\x15\x18\x01+\xb1\xab_\xa4\xa9\xa9i*\x90\
[x\xe1\x85\xbb\xe5bV^ye\x03\x98!C\x86\
\x98\xceXw\xcb=\xf2\x1f=z\xb4y\xf2\xc9'\xcd\
9\xe7\x9cc\xb6\xdcrK3b\xc4\x08W\xce\xb5\xe4\
c\xf8\xf0\xe1f\xc9%\x974\xd3O?\xbdijj\
r;\xee\xa8/\xd4\xa3\xc0v\xb4\x1f=\xbb\xf6\xd4\x02\
\xd23\x16\x93\x00[\xa6\xf5\xe3\xc8\x82b\x22\x96\x92\xe7\
C\x81\xeb\x0b\x01-4]\x13R\x016\xda=NH\
\x9d.!\xd5-\xe2*\xc0\x16'\x18C\xe1i\x82k\
\xf7\x0d\xd5\xee\x15\xdb$\x00\xcc\x8eM\xaf\xf7#\x85n\
1\xee\xe1\xf2\xc6\x1e\xa0v\xaf\x1a\xf1z\x0b6\xf3\xcf\
\xb4 \x08\xb2\xc3\x86\x0d+\x08\x14\x9a2e\x8a,\xad\
=Lkkk>\xc3\x80\x9fu\xca\xcb\x8d\xdf\xe5\x89\
\x11\xe0\x11\xb7\xe0\x7f\xf4\xd1G\x15\xd9\xa1\xb8jT\xc6\
\x98\xbc\xbf\xe8|\xf3\xcd\xd7\xa1x\x8d\x8a\xd4R\xdf\xe1\
\xf7\xdf\x7f7o\xbc\xf1\x86\xb9\xea\xaa\xab\xcc\x9e{\xee\
\x99\xe6\xc8\xbf\xe01\xcb,\xb3\x98\x0d6\xd8\xc0\x5cv\
\xd9e\xe6\xf5\xd7_7\x8f>\xfa\xa8\x199r\xa4\x99\
w\xdey\xb3MMMQ_\xd6/\x803\x81%b\
&=Y\x99z~\x91\xd9\x88b7\x01\xdfB25\
\x5c\x80\xfc\xd7i\x91\xe9z\xbb\xef@|\x00\xd1(l\
t\xbc,Q\xdd\xd7\xf6\x07\xc6\xb4\xbd\x0b>\xec\xab\xb6\
\xef\xf2\xa6\xd8\x0f\xfe\x5c\x04\xebF\x10'^\x9dK\xc1\
\xab\xdekE\xefn\xee\xe6\x09\xad\xaf\x05\xf7\xe8\xc0\x03\
\x0f,\xd0\x22\xb2\xbc\xf6\xbc\xfb\xc0\x07\x1f|`V\x5c\
q\xc5\xe8Z=\xa1R\xbb\x96\xad\xc3\xc0\xad\xecn\xbb\
\xedV\xb1c}\x873\x17/\xbd\xf4\xd2\x05f\xe5\xb4\
G\xfe\xd9l\xd6|\xfe\xf9\xe7\xe6\xd6[o5\x87\x1f\
~\xb8Yk\xad\xb5\x5c\x94\x7f\xaa\xc7t\xd3Mg\x96\
_~ys\xc0\x01\x07\x98K/\xbd\xd4\xbc\xf3\xce;\
E\xa94v\xd8a\x07g\xad\x8b\x06\xfa<\x1cZY\
\x07\xc5XY5i\xf5\xdeB\xbe\x09\xc5\xbehq\x8f\
\xcf\x80\x9d\xb5\xd9\xe8\xf2\xc2\x9e\xc1F\xb7\x7fI|\xea\
\xa6\x9dd\x85\xea\xd6\xf6o\xc2F\xbb\xbfM\xbc\xd5\xfb\
\xafj\xff\x8aX]\xe7\x02\xfeA\xa1\xbf\xab\x89\x11\xaf\
\xae\xf4\xb1\xc4ku\xb1\x11\xf0j\x18\x8bb\x80\xd6>\
}\xfa\xe4\xae\xbe\xfa\xea\xd8x\x1cQyk\xabo\xed\
\xde{\xef\xbd\xe3|\xc6o\x00\x16\xae\xc4\xa4\x18\x00\x03\
\x82 p\xc9\xdc+\x12\xb8\xe5WU\x98~\xfa\xe9\x0d\
`\xd6^{\xed\x92\xaf\xfb\xf1\xc7\x1f\xcd#\x8f<b\
N?\xfdt\xb3\xe9\xa6\x9b\x9a\x05\x16X \xb5H\xcd\
d2f\xd1E\x175\xdbm\xb7\x9d9\xfb\xec\xb3\xcd\
\xf3\xcf?o~\xfa\xe9\xa7\xd8\xcf\x193f\x8c9\xec\
\xb0\xc3LKKKA\x0a\xa5L&c\xc2 \xb6\xb3\
\x81\xa5de\xadj\xf1\x1agy\xcd\x11\x1f\xbc\xf5$\
\xb0j\xe4}\xb4\xe8\x94\xb7\xc9=5A8=\x8b\xaa\
\x91\xf5T\xbf_'\xb2\x18\xb8\x8d\xc4\xcf\xc0\x1c\xc8\xdf\
\xb83V;\x80\x81\xc0\xd1\xc0\xe8\x84\xb9$'\xf1Z\
\x13\x1bl\xc2M\xdeAA\x10|\x17\xc6\xf3\x18\xa0m\
\xc4\x88\x11\xe6\xc5\x17_,\x10\xb0r%\xa8lf)\
\xc7E\x17]T Z\xc3\xfb\xf0\x9fp\xfe\xaa\xf8\xc2\
t\xb2\x0b\xdcr\xbb\x94\xaeT\xdcr\x173v\xecX\
\x17\x91o\xf6\xddw\xdf\xfc\xdf\xc7\x8d\x1bg^~\xf9\
es\xd9e\x97\x99]w\xdd\xd5,\xbb\xec\xb2&\xb4\
\xfe\xa6z\x0c\x1b6\xcc\xac\xbf\xfe\xfa\xe6\x84\x13N0\
\xf7\xddw\x9f\xf9\xdf\xff\xfe\x97\xea{\xddz\xeb\xadf\
\xb9\xe5\x96+\xb0\xb2\x06A\xe0\x02\xb2\x9e\x08\xadt\xd3\
\xcb\xcaZ\xb3\xe2\xb5T\xe5\x9c\xeb\x80\xe1\x09V\x17\x91\
\xbc\xc0/H|\xb9\xd2V\xda\x83\xe1\xd4\x96=\xd3\xf7\
oO\xd8D\x5c\xa7\xfb\x90\xbaO\xfbm\xb4=67\
q\xd2\xfc\x91\x95\xe5\xb5\xe6\xc6\x08X\xdf\xe5\x8b\x82 \
\x98\x1aj\x90,\x90\xfd\xd3\x9f\xfed\xc6\x8c\x19#W\
\x82n\x08\xcez\xe2\x89'\xcc\xb0a\xc3\x8c/ZC\
c\xe0^\xdda\x04to\xb2`SS\xd3\x14 7\
\xff\xfc\xf3\x9b\xaeZ_\x9dx\x1d=zt~\xd0/\
\xb6\xd8bf\x83\x0d60\x83\x07\x0fN-Rg\x9c\
qF\xb3\xdaj\xab\x99C\x0f=\xd4\x5c{\xed\xb5\xe6\
\x83\x0f>(p\x02\x8es1\x984iR\xc1\xef\xbe\
\xff\xfe{s\xf4\xd1G\x9b\xc1\x83\x07\x17\x98\xaf[Z\
ZL&\x93\xf9\x11\x9bBi\x85\x18Q/\x0bFm\
\x89\xd7Vl\xc4{\x9c\xe5\xd5_\x90\xc6\x03\x7f\xc7\x06\
}!\xaba\xaa\xf6\xbe;A0])\xc1\xd4\xe3\x1b\
\x89\xf9\xb0>c\xfeF\xc2m\xc6W\xd1\xfd\xe8\xd0:\
\xe7\xb7\xcb\x1f\x80\xc7I\x97\x1e\xebw\x89\xd7\x9a\xba\xcf\
\xbe\xff\xf2\xf2\xc0\x83^\xd0v\x1b\x90;\xf6\xd8c\x95\
\x89\xa0B\xb9]G\x8d\x1a\xe5\x0aBd\x81lx\x82\
=\x19\x1b'4Sw\xae\xb3N\xa4\xdd\xef\x06\xed{\
\xef\xbd\xd7\xa5\x1b\xea\xc4\xeb3\xcf<c<\xb3q\xe2\
\xa3O\x9f>f\xd9e\x975\xbb\xee\xba\xab\xb9\xec\xb2\
\xcb\xcck\xaf\xbdf\xc6\x8d\x1bW\xd2\xbf\xc2\xf9\xccN\
\x992\xa5\xc8t\xfd\xd0C\x0f\x99u\xd6Y\xa7\xc0\xfa\
\x96\xc9dLss\xb3\x09\x82\xe0\x85p70s\xcc\
\xe4\xa6\xc9\xa8\xb6\xc4\xab[p\xa6\x00\x1b\x00W\x10_\
e+*h\xbf\x00v\xef\x8e\x1da\x9d\xb5\xf5\x86\x14\
\x07\x0ae\xb1G\xac\xb3\xa2\xa3\xea\xde\xb8'\xc7'l\
&^B\xc1\x89\xa5,r\xf3\x03\xd7z\xf3B\xb6\xc4\
\x1c\xb1}\xf8|\xb7A\x96x\xad\xcd\xcd\xcaV\xc0\x7f\
}W\x82\xc1\x83\x07\x9b[o\xbd\xb5\xc0\xf8%\x7f\xd8\
\xf4~\xad\xc6\xe4\x8bP\xe5|\x8d\x05\xdc\x05,\x9e0\
\xfe\xbae`o\x1e&\x94\xcd\xee\xb8\xe3\x8e\x9dvl\
v\xd6\xda\x5c.\x17\xeb\xb3\xba\xc0\x02\x0b\x98\xcd6\xdb\
\xcc\x9cy\xe6\x99\xe6\x91G\x1e1?\xfc\xf0C\xc9\xcc\
\x05~\x06\x82l6kr\xb9\x5c\xfe\xf7>\xbf\xfc\xf2\
\x8b9\xed\xb4\xd3\xcc\xd0\xa1Cs\xbe\xb0\xf1\xac\xac\x97\
\x00+\xc5\x5c\xbf\x16\xdf\xda\x17\xafY`\x81\xf0\xef\xab\
F\xac*\xad\x1dXU^\xa0\xd0\x17Gy`\xdb\x05\
i_l4\xbb\x1f\xdd\xee\xda\xee Y\xf9z\xed\xbe\
\x0c\x00>%>x\xee/\xba/\x05\xf3\x85\x1b\xcb\xd3\
\x01\xc7\x01\xbf\x90|:\xe3~\xfe\x058\xc1\xb3\x1a]\
-\xf1Z\xb3\xf8\xb9|\xfb\x03G\x04A0\xd6\xb7\xc4\
.\xb3\xcc2\xe6\xed\xb7\xdf\x96?l\x19~\xad\xd7]\
w\x9d\x190`@\xd4\xaf\xf5M\xda\x8b5\xd1S\xc6\
\xc0\x00\xe8\x17\x04\xc1gn\xa1r)&\xca\xcd\xc9\xea\
\xf0+k\xad\xb6\xdaj\xe6\xd3O?\xedP\x0c;S\
\xb4\x13\xa9q\x1d\xc8\xf9XD\x7f\xff\xf8\xe3\x8f\xbbb\
\x08y+k\xe8\xcbj\x82 x\x11\xd8\x07\x18*+\
k]\x8b\xd7\xb6p\xb7\xe7oD\xb6\x03\xdeO\x10\xb1\
Q\x7f\xd8\x9b),8\xd1\xc8\xfd\xc3\xb5\xf3_\x13,\
|oa\x93\xba+=S\xef\xdd\x9b\xad\x88O[\xf6\
-0Cd\xd1nD\xc1\xe2\x8b\xf7\x9d\xb1y\xa1K\
\xf9\xb5\xe6\x80\xebi\xaf\xa0\xe5\xda[\xe2\xb5~\xc6\x0d\
\xd8\xd4ZWe2\x99\xac\xef\x0f\xbb\xd3N;\x99_\
\x7f\xfdU\xae\x04\x1d\xf8\xb5\xbe\xf2\xca+f\xd1E\x17\
\xcd\xcf;\xa1\xc6\xfa\x01\xf8\xbfpM\xa0\xa7\xe7\x1e\xe7\
#r\xbc\x0b\xdc\xba\xec\xb2\xcb\xca\x0e\xdcr\x82\xf7\x86\
\x1bn\xc8\x0b\xd7A\x83\x06\x15\xf9\xa1\xfaG\xfeiv\
9.\xff\xab\xcf\xf8\xf1\xe3\xcd\x89'\x9e\xe8\xac\xacy\
Q\xd2\xd4\xd4d2\x99\xcchl\xca\x93Ueem\
(\xf1\xbah\xf8\xf7\x16\x0a#\x89\x8f\xc2&y/\xe5\
\x0f\xfb+p\x0a0c\xc2\xa4\xd7(\x0b\x7f\x80\x8d^\
\xff\xc5\x13E~[\xad#\xeb^U\x8c\x83G\x136\
\x17\xe76\xe8\xfd\x89\x1e\x15\xaf\x0e<E\xba\x13\x98\xa7\
\xc3\xe7\xfbkb\xb3,\xafu\xd7?|\x7f\xd8U\x81\
\xa7|W\x02 w\xfa\xe9\xa7+\xb5VD\xbc\x8f\x1d\
;\xd6l\xb5\xd5Vy\xa3O\x10\x04&\x93\xc9\xb4b\
O\xb3g\xef\xcd\xf5\xd2\x09\xba\xf92\x99\xcc$ 7\
\xf7\xdcs\x97e7w\xc2\xf5\x7f\xff\xfb_\x81\x8f\xeb\
\xf3\xcf?\x9fo\x88r\xad\xb8\xce\x02\xeb\xf3\xfc\xf3\xcf\
\x9b\xcd6\xdb,\xc9\xca\xfa&p\x080[L\x87\xd5\
$\xd38\xe25\x133\x90\xe6\xc6\xfa\xc3N#\x9d\xaf\
\xdb^\xde\xeb\x1b\xc9\x8a\xe5\xae\xf9\xba\x04at\x9b\x84\
kUl0\xc0\x16M\x99Jq\x16\x88\xa9\xd8S\x88\
F\x0aF\xf4\xafs\x01l>\xc94\xbe\xef\x9f\x90\x9c\
\x0b\xbaI\xe2\xb5!69;\x03\x9f\xf9\x22v\xb6\xd9\
f3\xf7\xdf\x7f\x7f\x81\xbei\x14W\x82\xa8\xe6:\xe1\
\x84\x13\xdcf\xaf\x95v\xbf\xd6\x87),\xbb\xde\xab'\
\x95n\xc0\xba\xc8\xe2\xd6\xb7\xdez+\x95\xf9\xdc\xbf\xa9\
\x8b,\xb2H^\xb8\xba\x88\xbernz\x9c\x95\xf5\xf7\
\xdf\x7f7\xe7\x9cs\x8e\x99k\xae\xb9\x0a|Y\x9b\x9b\
\x9bM&\x93\x19\x07\xfc\x13X7\xd2!\x15\xb8 \xf1\
\x1a\xb7\xdb^\x09[U.M\x94\xf1K\xc0\xfa\xd52\
@{\xb0}W\xf1\x16|_\x14\xfd\x86\x8dvW\x90\
V\xf5\xdc\xab\xf3\x136\x19\x8f4P\x9fu\xd77=\
pr\xd8O\xe3\xc6s\xd4\xaf\xf5X\xda\x0b\xd0\xc4\x09\
}\x89\xd7\xfa\xdf\x04\xfa>\xd1'\x06A0!\x14g\
Y \xeb\x5c\x1e}kd\xbd\x8a\xd8\xb6\xb6\xb6\x82\x8a\
dw\xdcq\x87\x99i\xa6\x99\x5c\xbfwF\xc9\xf7\x81\
m\xabmM\xcc\x97\xdet\x15\xb7\xb6\xd9f\x9bTf\
sw3\xf7\xdf\x7f\xff\xbcp]y\xe5\x95\xcbJ\xb9\
\x15ge}\xfd\xf5\xd7\xcd\x0e;\xecP\xe4\x9f\x18Z\
Y\xdf\x02\x0e\xc5VE\xa1\x81\x04\x86\x16\xec\xf2\xc4\xab\
?Q\xf9\x8b\xd3\xd6\xc0\x7fI\x97\x1f\xf6v`\xb1\x06\
\xe8c\xce\xc2\xfcR\x82 :^V\xd7\xaa\xb2\x1e\x05\
\xd8\xa0\xa2\xef\x88\x0f\xde\xda\xa2\x8e\xefWt<\xef\x8e\
=1\x89\x13\xaa\xfex\xce\x02Wa\xfd\x1e)\xd1>\
\x12\xaf\x8d\xb5\xae\x80\xcdi}s4\xb5\xd6>\xfb\xec\
S\x90\xa6\xb3\x9e\xfca\xa3%]\xdf\x7f\xff\xfd\x82\x92\
\xaea\xbe\xd6\xb1\xd8B\x1e\xfef/Sm\x13b\x9f\
 \x08\x9cs{\xd6\xdd\xa4$\x01\xeb\x94\xfa=\xf7\xdc\
\x93\x17\xae\x03\x06\x0c\xc8W\xb7\xf2\x95|)g`c\
\x8c\x99<y\xb2\xb9\xe8\xa2\x8b\xcc\xf0\xe1\xc3s\x9e\xf5\
\xc7\xf9\xb2\x8e\x07n\x02\xfe\x18i\xb8&\x89V\x89\xd7\
\x12\xe25*\xd0\x00\xfaa\x83\x92~\xec`\xd1s\xef\
?\x11[ym\xe6\x14\x8b^-\xb7\xed_\x88\x0f\x04\
\xfa\x0c\x1b\xe5\xae \xad\xea\xbbg{$\xdc\xb3O\xeb\
\xf0\x9eEOR\xd6\xc1f\x0cI:Ii\xf5\xfe\xf6\
(\x85\xd9fJ\xad\x19\x12\xaf\x8d\xb5\x19\xf4\xe7\xf3?\
\x02/\xfa\xae\x04\xcd\xcd\xcd\xb9K/\xbd\xb4\xae\xfca\
}\xfd5q\xe2D\x17h\xef\xfb\xb5f\xb1\xa9\xe2\xe6\
\xab\xf6u\xcfM\x0a\x7f\x0boZ\xdb\x05\x17\x5c\x90\x18\
\xb8\xe5\x84\xe9\xb7\xdf~k\xfa\xf6\xed\x9b\x17\xaf\x0f<\
\xf0@\x87\x16\xd78+\xebk\xaf\xbdf\xb6\xd9f\x1b\
\xd7p\xf9\x09'\xb4\xb2\xbe\x0b\x1c\x81\xf5[\x8c~_\
\x1d_J\xbc\x96#^\xe3\x06\xe0\x1c\xc0\xc5X_\xc1\
R\xfe\xb0\xa3\x80\xfd\xbc\xb1R\x0f\xfe\xb0\xee\x1af\xc4\
F\xab\xc7Y\xf1\xb6\xaac+^-/\xb8\xee\xde\xbd\
B\xbc\xb5\xfc\xd8:\xb9oQ\xd1\xba0p\x0b\xf1~\
\xadQ\xd1\xfa>6\xf3\x88?\xf6\xcb\x99#$^\x1b\
\x07\x7f>o\x02\xf6\x09\x82`T\x98F\xd4\x00m\x0b\
,\xb0\x80y\xf6\xd9gk\xda\x1f6\xaa\xbf\xce:\xeb\
\xac\x82q\x13\xea\xbf\xb8 \xc6\xa0\x9ao\x1c\xc0<\x99\
L\xe6w\xc0\xcc>\xfb\xec\xb9R~\xae\xcb/\xbf|\
^\xb8\x8e\x1c92V\xb8F\xab28\x11{\xe5\x95\
W\x9a\x85\x16Z(\xce\xca:\x09\xf8w(T\x9a#\
\x13\x8a\xac\xac\x12\xaf]\x15\xafq\xbb\xede\xb0\xc5:\
\xd2Xq^\x036.\xc3\x8aS\x0b\xedzn\x82\x00\
zL\xc2\xb5\xea\xef\xdd\xaa\xde\xa6\xcb\xf7S\xfe\x15{\
D^\xcb~\xca~\xbf\x1b\x02\x9cF:\xbf\xd6\xd1\xc0\
\x91\xd8\x8c#t\xa2\x0d$^5\xae\xc0\x9e\xb6\x9d\x13\
\x04\xc1$\xdf\x1fv\xa3\x8d62\xdf~\xfbmMY\
a]\x8e|\xbf\x98\xd3\x1cs\xccQ\xe0\x22\x80=e\
\xdb\xb5\x13\x9b\xbd\xaa\xb9i\xae\x86v\xeb+\xaf\xbcR\
dbv\xe24\xac\xb0`\x00\xb3\xe4\x92K\x16\xfd=\
\xce\xca\xfa\xee\xbb\xef\x16\x98\xa7)\xb4\xb2~\x8cM\x10\
\xbdP\xe4{\xc9\xca**-^\x93D\xec\xe6\xd8\x5c\
\xa6i\x82\xba\xee\x06\x96\xaaa\x11\xeb\xdajql\x95\
\xb2\xb8\xc8\xf5%:\xd9\xae\xa2g\xc7\xc5\x0d\x09\x9b\x8f\
[kt\xf3\xe1[\xc12\xc0\xde\xc0W$\xbb\xf88\
\xcb\xeb4lf\x91\xb9\x13\xc4\x88\xc4\xab\xe8\x8c\x88]\
\x1c\xb8\xdb\xf3\x87m\x05r\x87\x1f~x\xd5\x97\x9a\x8d\
\xfa\xb5~\xfe\xf9\xe7f\xcd5\xd7\xcc\xbb\x18\x85%]\
\x7f\xc3\x06<\xce\x90\xb0.\xd6\xcc\xcdZ\xcfU\xdc\xda\
|\xf3\xcd\x0bv\x16N\x98>\xfe\xf8\xe3y\xe1\xda\xd2\
\xd2\x92\xdf\x85\xb4\xb5\xb5\xc5\xde\xc0\x9bn\xba\xc9,\xbe\
\xf8\xe2qV\xd6\xc9\xa1\x08\xd8\x1c\xeb\x87\xe8O^\xb2\
\xb2\x8a\xee\x16\xafq\x8be\x1f\xe0`l0L\xa9\xc5\
r\x0ap\x01\x85)\xda\x9aj\xacM\x1fI\x10>\xe7\
\xd7\xa8\xf0i$\x9cO\xeb\x9c\xc08\x0a-\xb0\xee>\
\xae]C\xf71\xbahn\x00\xbcH\xba|\xad\x0f\x01\
+D\x8c\x1eA\x17\xc7\x86\xc4kc\x13\xed\x8f\x9b\x00\
oz\xfe\xb0\xad\x03\x07\x0e\xcc]w\xdduU\xe9\x0f\
\xebk\xb1\xb6\xb66s\xc0\x01\x07\xc4\x95t\xbd\x15\xeb\
\x8aSk\xebW\xd1\x8d\x0a\x80\x96 \x08\xdeq\x0b\xf5\
\xe4\xc9\x93\x0b|_\x7f\xfe\xf9g3`\xc0\x80\xbcx\
\xbd\xe5\x96[\x8c1\xa6 \x22\xcf\x18c>\xfe\xf8c\
\xb3\xdf~\xfb\x99\xa6\xa6\xa68_\xd6O\xb0V\xd6\x11\
1\x93\x86\xac<\xa2\xa7\xc5k\xdc\xc0\x9d\x15{\x9c>\
\xd9[,\x93\xfca\xbf\xc7\xe6\x19n\x89\x11\xc3\xd5\xdc\
\x9e[\x10\x1f\xf0\xf3\x1d6\x9a]AZ\xb536\x0e\
K\xd8\x84\xbc\x11\xf6\xcbj\xbe\x97Q\x91\xb0\x18\xed'\
\x80q~\xad\xfe\xd8{\x07\xd8\xb2\xc2k\x88\xc4\xabH\
2n\xf4\x05\x0e\x09\x82\xe0\x07\xdf\x1fv\xf1\xc5\x177\
\xaf\xbe\xfajU\x94\x9a\x8d~\xf6\xe5\x97_n\x9a\x9b\
\x9b\xa3%]_\xa50\x1dd\xcd\xe7\xc4w>\xa6\xd7\
\xba\x8a[g\x9eyfA\xc3\xac\xb5\xd6Zy\xe1\xba\
\xeb\xae\xbb\x165\xdc\xf5\xd7_o\x96Xb\x09\xd7P\
\xf9\xc6\xcad2S\x80\xfb\xc2\x89FVVQ\x8d\xe2\
5n!]\x12\xb83\xe5B\xfa6\xf6\x14\xc1\xff\xde\
\xd5\xd6\xaf\x9d\xff\xdf\x00lTz\x5c\x90\xd6\x1e\xb5\xbc\
\x0bo@\xebP&\x5cT\xdfO\xb8\x9f\x07T\xf1\xfd\
\x8c\xfa\x18\x9e\x8d\xcd\xf0Qj\xc3\xf8#02\xbc\xee\
Jo\x18%^E\xa9\xbe:'pY&\x93\x99\xe6\
\x97\x9a\xddz\xeb\xad\xcd/\xbf\xfc\xd2+\xae\x04\xd1,\
N\xcf?\xff\xbc\x19>|x4\xf5\xd5\xb7\xc0\xfe\xde\
\xb5\xd4\x85\xc10\xf0\x06\xe4\xb3\xa1I\xb9m\xe8\xd0\xa1\
\xf9\xc6\xf8\xfb\xdf\xff\x9e\x17\xaeK-\xb5T\xfe\xf7\x9f\
}\xf6\x999\xf0\xc0\x03MKKK\x9c\x95\xf5+\xe0\
,\x0a\xf3e:\xa1,+\xab\xa86\xf1\x9a$b7\
\xc0\x06k\xa59\xc2|\x00X\xbeJw\xb5\xee\x9a\x8e\
M\xb0\xd4\xbd\xe2MhZ\xa0kk|lD\xbc%\
\xfd\xa7P\x18VS\xf0\x96/6[B\x81\xfd\x0d\xa5\
]u\xa6b3\x84\xcc\x91 *$^Ew\xeb$\
?\x90|E\xe0\xd1h~\xd8\x13N8\xa1G]\x09\
\xfc\xa0\xf8\x1f~\xf8\xc1l\xbc\xf1\xc6\xf9q\x13\xfa\xb5\
N\xc1\xba\x82\xcd\xd2\x8d\xe3\xa6Wo\x0a\xd8\x8a\x13?\
b\xcb\xaf\xe6\x00\xf3\xe9\xa7\x9f\x9aO>\xf9$/\x5c\
\xe7\x9csN\xf3\xc3\x0f?\x98'\x9f|\xd2,\xb7\xdc\
rEV\xd6\xe6\xe6\xe6,\xf0\x04\xf0gl\xf5\x13\x7f\
\xc2\x92\x95U\xd4\x82xMZd\xf7\xc3\xa6\xcdJ\xb3\
\xc8^Ja1\x8d\xde\x9e,\x9c \x9d\x17\x1b\x8d\x9e\
\x8d\xb4c\x1b6z\xbd\xae&\xb6\x06\x1b#\xf7&l\
J.\xaf\x92\xfb\x1a\xe7G\xf8\x06\xe9\x82$\xef\xc5f\
\x06\xf1\xaf9\xe8\xc6\xb6\x94x\x15i\xfb\xf1v\xc0\x87\
~~\xd8\x99f\x9a\xc9\xdcy\xe7\x9d\xdd\x9aZ+j\
\xd9=\xfa\xe8\xa3\xe3\xfcZ\xef\x07\x96\xaeG\xd1Jd\
\xe1_\xcaM\x1e\x99L&\x07\x98?\xfe\xf1\x8ff\x89\
%\x96\xc8[S\x97^zi3\xf7\xdcs\x1bo\xa1\
6---&\x08\x82o\x80s\x22\x0d\x05\xf2e\x15\
\xb5+^\xe3\x06\xfc\xcc\xc0\x99\xc0\x04J\xa7\xed\xf9\x11\
\xeb\x8f8\xc0\x9b\xf42\xbd\xdc\x8e\xb7&\x08\x9c\xeb%\
\x5ck~\xfe^\x08{\xec\x1e\xcd\x1e\xd1J{M\xf2\
\xde\xb8\xbf\xd1\xc5~i\xdaK\x92\x97\x12\xado\x00\x9b\
\xf6\x80h\x95x\x15\x9d5\x08\x80M\xcdvl\x10\x04\
?\x87\xa21\x07\xb4\xad\xb8\xe2\x8a\xe6\xfd\xf7\xdf\xaf\xa8\
?l\xb4\xa4\xeb\xcd7\xdfl\xa6\x9bn\xbah\xea\xab\
wh\xaf\xb6\xd7\x13\xe3\xa6\xd7p\xa6\xf0\x1db\x16\xe0\
\xd8G&\x93qV\xd6\xc7\x80\x9diO\xb5\xe0OV\
\x1a\xe4\xa2\x1e\xc4\xab\xeb\xd3\xfe\x91\xd1\xa2t\x1cX\xe2\
\xe7\x87}\x97\xf6\x84\xff\xbd1\x91\xb86\x5c+\xd2\x86\
\xceZ<\x0ek%\xae\xe5\xbc\xa0\x1a'\x96\xd3\x126\
'\xcf\xf4r\xdf\x03\x9b\x99\xe3\x02l\xa6\x8eR\x85A\
\xbe\x01\x0e\xa4\xe7\x03!%^EW\xfa\xf8p\xe0z\
g\xfcs\xeb\xc2\xee\xbb\xefn&N\x9c\xd8%\x7f\xd8\
h\xea\xab7\xdex\xc3,\xbd\xf4\xd2n\xbc\xe4BW\
\xcd\xd1\xd8\x0a\x92\xfdzx\xdc\xf4\xbax=\xcd\x1b\xb0\
\x06\xeb>`B\xa7d\xf7\xfflxc\x1eBVV\
\xd18\xe25I\xc4\xaeGaJ\x9f\x8e\x8a\x1cDS\
\xfa\xf4\x94\x90\xc8\x84\xdf\xf9\xcd\x04asxd\x1e\x10\
\xb5\x87\xdbx\x0c\xc6\xe6E\x8d\x0b\xde\xda1f\xb1\xed\
\xce>\xe7\xa7\xa0;\x04\x9b\x99\xa3\x94\xcb\xcdd\xe0<\
z\xcf?O\xe2Utv\xfc\xf9\xfdtM\xe09?\
+\x01\x90;\xef\xbc\xf3:\xe5\x0f\xeb\x8b\xdd_~\xf9\
\xc5\xec\xb0\xc3\x0e\xbe&\xcb\x85\x9a\xecZ\xba\xd7\x1f\xbc\
*q\x93\xccC\x94\xb6\xbc\xbaIf\x93\xf05-\xc8\
\xca*\x1aG\xbc\xfac\xc6\x9f\x1c\xf6\x22]2\xf5,\
p%0\xac\x87&\x19\xf7\xde\x07\x10\x1f\xd0\xf3>6\
j[AZ\xf53VvL\xb8\xd7_\x85\xe2\xb6;\
\xefut\x11\xdf\x0a{\x84\x19\xb7\xb9\xcbF\xc6\xc9]\
\xb4\x17\xc7\xe8\xc9\xcd\x9d\xc4\xab\xe8\xaeu\xe1/\xc0\x97\
\xbe?\xec\x9cs\xcei\x1e}\xf4\xd1T\xae\x04Qq\
{\xf2\xc9'\x17\xe81\x97\x97?\xfc\xff\xd2\xdef\xb1\
!\xfa\xa8\xbb\xc8~\xd8\xf49\x05\xfe\xac\x09\x0f'\x1a\
\xea\xde$-$^S|?7\x86f\x04N%\x9d\
?\xecX\xe0o\xb4\xfb\xc3v\xc7Xr\xef9\x0b\xb6\
lf\x9c5n\xa3F\xda\xa57\x88\xf5'\xc0\xba\x09\
\xc4Y\xd9O\xeb\xa6\xfb\x1d=\x91X\xde3\x86\x94:\
\x91x\x09\xd8\xb0\x97E\xab\xc4\xab\xe8\xceu\xe1\xb4 \
\x08&\xfa\xa5f\xd7^{m\xf3\xc5\x17_\x14d\x0d\
p\x226Z\xd2\xf5\x9e{\xee13\xcf<s^\x83\
yb\xd8\x1f\xdb\x07\xd1~\xca\xd60;\x05\xb0Q\xc8\
S\xbc\xc9\xa5#\xab\xeb(\x0akG\x0b\xd1\xa8\xe2\x95\
\x181\xb0\x10p\x13\xf1\xfe\xb0Q\x11\xfb!\xd6\xd7\xdc\
\x7f\x9fJ\xe7\xac\xbc<A\xc8\xdc+\xe1Z\xb7\xe3e\
\xb9PxE\x83\xb7&\x02\x0bVx\xcc\xf8\xfdg.\
l\xa6\x8d\xa9\x94\xf6k\xfd\x0a\xd8\xc7[l3U4\
\x8e%^E\xa5\xc7\xc6\xc2\xc0m\xd1\xd4Z\x07\x1dt\
P\x81P\xf5]\x04>\xfa\xe8#\xb3\xca*\xab\x14\x88\
V\xdf\x8d\x93B7\xcf+\xc3\xcfin\xb4\xc6]\xa7\
\x84p\xf5'\x9e'\xabD0\x08\x89\xd7E\xab\xa8/\
F\x8fL\xd7\x06\x9e#]~\xd8\xc7\x81U\xbc\xd7v\
5?l\x1a\x11\xb3\x90\xc6q]\x8f\x99+\x126-\
\xf7Th\xd3\xe2\xbb\x1f\x0c\xc0f\xd6\xf81A\xa8\xfa\
\xe3v\x02p:04a\x91\x97x\x15\xf5D\x5c\xde\
\xf0W}W\x82\xbe}\xfb\xe6\xae\xbc\xf2\xca\xbch\x9d\
:u\xaa\xd9k\xaf\xbd\xf2.?A\x10\x18O\xf4&\
\xe9\xb2'\x1am>w*\xfd\x00J\xfb\xbb:\x85\x7f\
\xb1,6B\xe2\xb5\xc3E=\xe3M\x5c\xbb\x00\x9fP\
\xda\x1f\xb6\x0d\xb8\x06\x1b\xb1\xda\x95E\xdd\x9f,{\xfa\
\xf8XTG\xff\x0bhw\x17\x89\xf6\xb1\xae\xba\x8bD\
\xfd\xfa\xb6\x01\xfe\x9b\xb0I\x8b\xfa\xb5\xde\xe6\x8d\xd9J\
l\xd2$^E-\x8d\xcb\x8c\xd7\xef\x0f\x08\x82\xe0;\
?\xa8k\xc9%\x974\xa7\x9crJ\x81q#\xe2\x22\
\xd0\xd1\x89\xf8\x17\xb4W\x9dk\x88>\xea\xc4\xeb\x85\x11\
\x81\xda\x91x\xdd/\xf2Z!$^\xe3\xbf\xbb\x9bD\
\xa6\x07N\xc4\xa6\xa5J\xb2L\xb9\x9f\x7f\x01\x8e\xc7\x06\
\xd7\xc4\xed\xdc\xd3\xb6Y4\xf5]O\x06\xee\x88\xea\x18\
7q\x81z\x86\xce\x05\xeaE\xfb\xe1J\xc0\xa3\xa4;\
Yx\x11\x9b\x99\xa3ZE\xab\xc4\xab\xe8\xe9>\x066\
}\xdc\xf9A\x10\xf8\xa5f[=\xd1\xfa9\xf03\x1d\
\x9f\x8a\xbb\xdfO\x01\xe6\xa9\xe2\xf5\xb0\xe2\xb8\x81\xf8\x08\
\xe93\x0d\xfcQV\x1b!\xf1\xda\xa9\xc9j\x01\xe0\xba\
\xc85d\x13\x16\xfcO\xb0V[\xff}2)\xc6\xb3\
K\x99\xf4?z?e\x92\xe8\xbdy=\x83\xcd\x06\x93\
\x94\x22\xed\xb02\xfa\x81\xff\x9caX\xff\xba,\xa5}\
\xba\xbf\x04\xf6(\xb3\x0fK\xbc\x8aF\x18\x9f\xfe\x98Z\
\x06\xb8?\x93\xc9\xb8\xa2O\xbfc\x8b\xe1L\x9fR\x9b\
\xb9\xf5d\x9dF\x9b\xdb\x9b(\x9di\xc0W\xf7\xc3\x1b\
I\xdd\x0b\x89\xd7n\x98\xacV\xc7\xfa\x8e\xa7\xa92\xf4\
,\xb6\xc0\x80\xdf&A\x89\xf6\xaa\xb6d\xf5\xa2\xf7\xc6\
\xce\xda$\x17\xa7\x98\x93\x8e\x8bS\xf8bs\x006C\
\xc6\xcf\xa4\xf3k=\x99\xf6\x12\xe1\xe5\x9e\x1eH\xbc\x8a\
F\x14\xb1\x1ba\xb3\x06,\xe2\xfd\xee\x12\xd2\x9f\x8a\xef\
\x13\xbe\xa6\xeeO\xc53\xdeN\xfa7\xd2e\x1a\xf8\x8a\
\xf6\xea\x0d\x1a\xc4B\xe2\xb5\xfc1\xe7OV;a3\
\x0e\xa4\xc9\x83y\x03\xed\x91\xe2q\xbbkw\x04\x9cT\
&t\x1a\xbd[&T\xf4\xde\xf8)\xb7,p\xb4\x9f\
\xee\x18\xd3OMB?\xbd\xa9D?\x95x\x15\x22~\
\xee\xf6\xe9\x1b\xfe\xee\xa02\xc4\xeb\xf9\x8d2\xbf\xbb\x0b\
\x5c\x95\xd2\xf9]\xdd\x00~J\x03XH\xbcVt\xb2\
\x1a\x04\x1c\x8d\xcd\xfdZ\xca\xa2\xf5+p\x126w`\
\xb4\x8d\xdc\xbf\xf7&\x08\x95\xcb%\x5c\x1bvQ\x9c7\
\xec;\xfe\x86\xa6-|\xfc\xc1\xeb\x17q'\x04O\x91\
._\xeb\xb3X+/\x91\xf7\xab\xc5\xf9F\xe2U\xf4\
V\xffk\x8el\x1e\xd7#}&\xa8G\x1aM\xbc\xee\
B\xfaL\x03\xff\x08_\xa3`-!\xf1Z\xb9\xeb\x03\
\xebl\x7f\x15\x85\xc15I\xbe\x84\x9fc}\x09\xfd\x12\
\x9c`\x8f\x9d\xa2G\xc49l\xd4\xf9,\xa8\xb0H#\
\x8f\xa1\xe3\x1265/\xd3\xee\x1f\xeb\x98\x9fB\xdfl\
\xbf/\xc6\xf9f\xef\xea\x89\xbaL\x1d\x8cG\x89WQ\
\x0d\x1bO\x80\xf9\xe8\xd8\xea\xea\x1b\x1e?h\x14m\xe6\
.\xf2DJ\x9b\xa5\xdd\x00\xfe\xab\xc4\xab\x90x\xad(\
\xd1\xeaD+S\x18\xc5\xdd\x91\xb5\xeb?\xc0\xba^\x1b\
\xbcO|\x90\xd6\xc1\x9e\xc8\xcd\xe8\xd10\x8f\xa6\xf0\xd1\
\x02L\x87M\xa7cb\xfa\xc7\x9ea\xff\x98\x01\x9b\xe9\
\xe2\x17\xba?+\x86\xc4\xab\x10\x1d\xaf\x0b`\x0bB\xfd\
\x8ft1IcC#E\xdd\xf7S\xb7`\xfe\xb3\x0c\
\xf1\xbay\x8c\xc5H\x08\x89\xd7\xca\xec\xb4\xfdq\xb5m\
(F\xd3\xf8\xc3^\x03\x9c\x95 L\x9eW7\x12!\
\xebQ\x98\x1d\xc0O\x9f\xb6?\xed\x81\xbb\x1d\xe5#\xce\
\x02\xd7\xd2\xf5|\xc4\x12\xafB\xa4\x13\xb0/R\xfat\
\xdc\x89\xd8\xc5\xaaqM\xac\xb4\xb53\x1b\xfe;,\xc5\
\xa0\xcc\x84\x8d\xf3\x8d\xfa\x93\x10\xddB.2\xd6\xee\x04\
\x1e\x04\x0e\x04\x8e\xa2\xbd\x22Q\xd6[ds\xe1\xb8u\
\x963Ca\x81\x04\x80\xfb\xb1\xb5\xe6\xfb\x84\xaf\xd5\xe2\
\xdb\xb8\x0b\xe1\xd8pC\xb4T\xd8w\x5c_\x99\x87v\
\x9f\xe8\xac\xb7\x91r\x0b\xa2\xeboO\x01'\x84\x8b\xa9\
\x13{9o-\x11BT\xd6\xa0\x91\x05\xbe\xa6\xdd7\
\xbd\xa3\xf5#\x83\xf5o\xff\xa0\xda\xe6\xf9J\x8a\xd7 \
\x9c\x98\xfa\xa6\x10\xaf&\xfc\xdb8\xe0'\xefwB\x88\
\xee\x13\xb1M\xc0d\xe0\x5cle\xa2\xa3\xb0\x05B\x9a\
#B\x17O\x94f\x22\x13\x1f\xc09jR\x11c\xb4\
\xc8D\xe6x\xb7\x11r\xa2\xd5m\x92\x9a\x80\x8f\xb1\xa9\
\xafn\xf5\xfa\xa6\x91h\x15\xa2\xdb7\x9c`\xdd}J\
\xe9.\xf7\xb7\xf9J\xe8\xb9^S\xe1\x95f&l\x95\
\x87R\xe2\x95p\xd7>Z\xe2U\x88\x1e\x13\x19NL\
|\x8b\xf5[]\x19x\x88v\x9fF\xe3\x89\x89L\x89\
\x89M\x0f=\x5c_\x89[$\xfd>\xe4\xfe?\x168\
\x06X!\x14\xae\x81g\x0d\xcai\x88\x0a\xd1#|\x91\
\xe29Q\xf1ZUTR\xbc:\xa1:\x0c\x9b|:\
M\xa3|\x83\xf5\xb9\x08$^\x85\xe8\x11LD\xc4\xbe\
\x09l\x0al\x01\xbc\x9br,j\xac\x8a\xb4}\xc1\xcf\
.s\x156/\xf0\x19\xc0\xef\x14\xba\x11\x08!zn\
\xbc~\xdd\xc1\xc63\xaa\xe9\xe6\x0d\xff\xad\xaaq\x9a\xe9\
\x86\xf7\x9a;\xbc\xe8\x8e|\xe1\x5c\x03\xfe\xaf\x1b\xbe\x87\
\x10\x22\xbd\x88uy;\xef\xc3Z\xc3n\xf7\xc6o\xa9\
IM\x884\x0be+\xb0\x01\xb0o\xb8h6\xa7\xe8\
cB\x88\xee\x1b\x93\xdf\x86\xe3\xb2#cEU\x8b\xd7\
\xeeHO5g\xca\x1d\xb9/^\xb5\x18\x0a\xd1;8\
\xa7\xfcfl\x0a\x95\xa5S\x8eI\x8dY\x11\xedCq\
}$\x8bM\xab\xb5\x0c\xb6\x94pK\xb8h\x0a!z\
O\xbc~\x8f\x8d9\x9a%\xc5kf\xc5\x9e\xa6O\xa2\
\x8aN\xc9\x9b\xbb\xa1Q\xe6J\xf1\x5c\xb7\xf0}\xad\xbe\
$D\xaf\x13\x84\x82\xe2\x04`\x04\x85\xd9\x07\x8c7^\
\x9dH9\x06x\x0ee\x1bP\xbf\x81\xa9\xd84P\x8b\
'\x88X\xf7\xffS\x80{\xb0)\xb42\xc8U@\x88\
\xde\xe4w\xe0\x87P\xbc\x9a\x849\xdc\xfdn003\
0\xaa^\xc5\xab#m\x9a,\x80\xef\x22\xc2W\x08\xd1\
\xb34\x85\x02tql^N_\x80D'57N\
7\xc0\xfa-\x0a\xf1G`aJ[_\x07\x84}f\
\x07\xe4&&Doa<\x01\xfa\x036\xc5])\xfd\
5\x08\x9bVqT5]HwX^\xe7H\xb9c\
w\x8d'\xf1*D\xefs.6\xcd]\x96\xe2\xbc\xae\
n\xc2sBwMl\xae\xd8\xcb\xb0\xd6\xd76d}\
m$\x82\xf0\xd1\x0f\xb8\x92\xc2Tkq\x0b\xa5\xeb7\
\xdba\xcb\x81?\xe3\xfdN\x08\xd1\xf3\x06\x8b\xb6\x14\xfa\
\xcbm<\x9b\xa8\xe3*[\xee\x82Z\x80\x0fIWv\
l<\xd6\x97\xa2.\x1bDT\xf5\xc0\x85\xc6\xa8\xb0\x95\
\xb6-\xb6\xa4\xb0\xda\x8aK[\xf4\x09\xf0\x97\xc8\xb8u\
\x7f\xfb\x09{\x94\x94A\x96\xb4F\x1dC\xc7D\xfa\x8d\
\xfb\xf71\xe0\xc8\x84\xbf\xbd\x15\xae\x13\x99\x06\x99\xf7U\
aKT\x1b\xcehy\x0a\xe9+\xa1\xee\x1d\xe9\xcfu\
'^\x87\x86\x8b\x9a\xbf\xd8E\x1fN\xd4~\x0a\xf4\xd7\
\xe0\x15\x12\xaf\xbd6f3\xd8\xe3\xdcOi\xafj\x14\
W\x9f\xfe\xc1\x04!ri\xbdNh\x22\x11':\xe7\
\x01~\xf563\xae_di\xaf\xdc\xf3aB\xbf9\
\xb0\x81\xfa\x8d\xc4\xab\xa8V\xf1\xba/\xa5K\xc4:a\
{R\xe4\xb5u5\xa1\x01,\xe05D\xae\x84\x92\x7f\
Y\x03WH\xbc\xf6z;\x1c\x9f 0^\x0a'\xaa\
&l\x10\xd7DO\xa88\xa1;\x0dXV\x02\xb6!\
\xc7\xcf\xbf\x12\xfa\xcd\x8d\xdes7\x8a\xfc\xcd\xf5\x9b\xd1\
\xd8S\xb7\xa0\x81\xc6\x99\xc4\xab\xa8\xb6>\xb9q\x19\xe2\
\xf5\xbaz\x17\xaf\x7f(!\x5c\xfd\x86\xbaG\x8b\x9e\x90\
x\xed\xb5\xf1\x1a`+\xa7L\x88\x88Rg=[%\
|n\x9f\xf0\xdf\xd3\x13\xc4\xca\xd3^\xbbj\x11n\x8c\
\xb1\xb3\xa6\xd7W\x9c \xcdb]\xc1\x86\x85\xfd\xc0-\
rw'\xf4\x9b+\x1ad\xfe\x97x\x15\xd5\xda'\x97\
-C\xaf=\x5c\xaf\xebb\xd4w.\x9bB\xc9_\x22\
\xf1*$^{\xb5\x0dnK\x10\x16\xd7E\x04i\x06\
\x98\x1e\x9b\xe6(\xce\xbd`{\x8d\xe5\xba\xc7\xf5\x83f\
\xe0\x8d\x84~s\x84\xd7\x0f\xdc\x06iAl~\xc8\xa8\
\xd5\xbe\x15[m\xabQ\xc6\x9a\xc4\xab\xa8&\xe3\x05\xd8\
\xe2\x03\xbf\x93\xee\xa4\xfc\x95\xc8\x5cP5\x17Q\x89\x89\
\x0d\xac\xcf+\xa4\xcb\x1e\xf0\x93\x06\xae\x10\xbd\xb2\x98f\
\x81\xb5C\xd1\xe9\xa2I]d\xf8/XW\x82\xc0\x9b\
\xc0\x02\xac\x7f\xe31\x14\xe6\xf9s?\x9f\x09LGr\
\xbe@Q\x1f\x0b^\x0e\x1b\xb8\xb1\x9c\xd7o\x5c\x8a\xac\
\x0fC\x83D\xc6\x13\xa9\x19\xe03\xe0|\xef\xf7\xae\xcf\
4\x03\xe7\xa9\xbf\x08\xd1\xe3\xb8\xf9\xfbW\xe0\xb7\x12\x9a\
\xcd\x8d\xcf\x99\xb0\xd9h\xaaN\x81W\x8a\x99\xcb\x10\xaf\
\xa3\xd5\x87\x84\xe8Q\x9cph\x09\x85\x83\x8f\x13\x1b\xa7\
a\xf3/\xfb\x89\xe4s\xa1P\xb9\x15[\x9c\xc0\x09`\
\xf7\x9cy\xb1\xd1\xe59\x94y\xa0\x9e\x85\xeb\xcc\xc0\x89\
\x9e\x08\xc5\xdb\xb0\x1c\x09L\x89ln\x5c\x7f8\x8b\xc2\
\xe2\x04~\xca\xb5\x1d\xbd\xdf\x09!zN\xbc\xfe\x86\xb5\
\xbc\x96Z3\x9cx\xed_\x8f\x8d\xe1\xfc\x9b. }\
\xea\x85\xad\x22\xaf\x15\xa2'hd\xb7\x01w\xed\x07R\
\x9c\x1a\xcb\x00\xef\x87\xbb\xeb\xb84F\xee\xb5\xcb\x85\xe3\
\xdb\xbd\xc6\x1d\x03\xff\x8e\x0d\xd8l\x84 \x9cF\x1d3\
\x97\x12\xef.p_\xe4yq\xaf\xdd\x81\xf8tl\xa3\
\xb0\x15|\xea5u\x96\xdc\x06D\xb5\x1a2\x00^%\
]j\xd3)\xc0\xdc\xd5\xb46V\xeaK8%?s\
\x8a\xc1\xe8>\xf3\xe7\xc8k\x85\x10\xdd;\xd6s\xd8d\
\xd3'Pl=\x038\x1c[\xee3\xae\x04\xa0;&\
~\x13\xb86|\xbf\xac\xf7\xdc\x81\xc09\xc8u\xa0\x1e\
\xc5W\x16X\x06\xd8\x87vk\xaa\xbb\xcf\x93\xb1V\xd7\
\xa4\xb9\xdc\xf5\x9b\xdb),N\xe0\xfa\xe3\xdc\xc0\xdf\x90\
\xd5^\x88\xde\x10\xafcR\xea\xb0>\xc0\x90j[\xd0\
*)^\x87\xa6x\x9e\xab\xda\xf0\x8b\xc4\xab\x10=:\
Y\xb9|}3\x87?g<qq/\xf0(\x1dW\
>r\xaf9\x01\x18\x1b\xbe\xa7\x7f\x0c\xbc\x05\xb0\xa1\xf7\
\x9e\xa2>\x168\xb0n&-\xde\x1c\xee\xc4\xe6E\xd8\
b\x16\xce\xff\xb5\xa3\xb9\xff0\xac\xe51\xf0\xfaR\x0e\
8\x04\x9b\x8eM\x02V\x88\xde\x11\xaf\xa5\xd6\x8d\xc0\xd3\
wu\x15\xb0\xe5&\xad\x99S^\xdc\x14O\xbc\x0a!\
\xba\x17'.\x97\x07\xf6\xa2\xd8z6\x09k=\x0bJ\
l&\x9d\xb5\xf6\xa7P\x04g(\x0e\xde:\x07\xebz\
 \x0bl\xed\xe367\xdbc\x03\xfc\xa2AZ_c\
\x83\xf52%\x84\xab{\xdd\xdb\xd8\xe3\xf3h\xf0\xd6\x00\
\xac_\xac\xfa\x8c\x10\xbd#^K\xcd\xfb`\xfd^\xeb\
J\xbc\x06\xde\x029c\xca\xd7L\xc4F\xba\x95j4\
!D\xe5&\xabs\xb1>\xe6Q\xeb\xd9\x05\xd8\xa8\xf0\
R\x22\x04\xef5\xff\x08\xc5H\xf4\x18xq\xe0\x00\x14\
\x84S\x0f\xfd\xc5`\xfdQ\xcf\x8c\x08K\xf7\xf31\xe1\
<^j\xd3\xe3^\x93\x097=c(\x0e\xde\xfa\x13\
6i\xba\xac\xf6B\xf4\x1ci\x02\xe7MD\xbcV\xcd\
\xce\xbaR\x0c\x02\xfa\xa5l\x84qX\xdf:!D\xf7\
\xe2\xc4\xc1\x8e\xd8\xe8\xee\xa8\xf5\xec+\xac\xd5+\x8dp\
\xf5\x85K+\xd6G6\xfa\xfb\x1c6\xd5\xd6\x1c\x9e\xa8\
\x15\xb5\x87\xeb\x0fG`\xb3I\xb8\xfe\xe2\xfa\xcf\xf3\xd8\
*[M)\xfb\x8d\xb3\xb4\x8e\xc6\xba\x9dDS\xae\x01\
\x9c\x1d\xae!\xb2\xc0\x0a\xd13\x8c\x8b\x8c\xc1\x8e\x98\xa1\
^\xc5\xeb@O\xbc\x96j\x88\x09\xe1\xe2'\x84\xe8>\
|\xeb\xd9\x19\xc4[\xcf\x8e\x0e\xc7c\x1a\xeb\x99\xc3\x09\
\x98\xa7\x81;\x22b\xd8`O`N\x95\x08\xa9i\xe1\
\x9a\xc5f\x8f\x18I\xb1\x9bI\x1b\xd6\x7f\xd5D\x8c\x12\
i\x04l\x06\xeb:\xf0f\xa4\xdfd\x81\xc5\x80\x83\x91\
\xef\xab\x10\xdd\x8d\x9f\xeb\xb5\x5c\xf1Z\x15\xa7\xe5\x95t\
\x1b\x18H\xe9<`\xc6\x13\xaf\x94\xb9`\x0a!\xca\x1f\
\xdf9l4\xf7\xdc\x14[\xcf\x9e\xc5F\x81w\x14\xa4\
\xd5\xd1X\x0e\xc2\xf7\xf6\xc5\xaf{\xaf]\xb1%fu\
\x0c\x5c\x9b\x9b\x1e\xb0\x96\xd0\x81\x14\xbb\x99\x5c\x8b\xad\xb2\
Un\xbf\x89\x13\xbf&\xd2W\x8f\x06\xe6\x94\x80\x15\xa2\
G\xf8\xad\x0c\xf1:}\xb5-n\x95b \xe9+0\
\x94\xd3`B\x88\xce\x0b\xd7\x11\xd8h\xee\xa8\xf5\xac\x95\
B\xebY\xb9\xb8\xf7\xfb\x1f6H+\xeav\xd0\x84\x8d\
P\xcfh\xac\xd7\x14N\x90n\x88-\xf7\xed\xbb\x99\x04\
X\x7f\xd5\x13\xba`xp\xef\xf7\x1c\xb6<\xb1\xfb<\
\xf7~3b\x0be\xc8j/D\xf7\x93\xc6\xf2\xea\xfe\
6C\xbd\x89W\xdf\xf2\x1a\x94\x98t\xe2,\xafB\x88\
\xca\xe3\xc6\xe2\xd9\xd8h\xee\xa8\xf5\xecj\xe0-:g\
u\x8d\x0a\xd8\xf3\x81\xcf)\x0e\xc2Y\x05k\x81\x95\xef\
km\xf5\x99\xbe\xe1\x86\xc4\x9f\xa3]\xc0\xd5\xc9\xd8l\
\x13i}\xa4\x93\xd6\x01\xe7\xb2\xf2\x1b\xc5\xa9\xb3v\x05\
VEV{!\xba\x8b\xa8\xdb@\x1a\xeaN\xbc:\x06\
y\x0bZ)dy\x15\xa2\xfbp\xe2qc`s\x8a\
\x83\xb4F\xd3\x9e\xea*\xd7\x85\xcfq\x22d\x22\xc5\xa9\
\xb6\xdc\xcf\xa7b\xadi\xb2\xa4U?\xae?\x1c\x88\xcd\
\x1a\xe16\x1d~\xaa\xab\x7fT\xa0\xdf\xb8~8\x8a\xc2\
`\xc1\xc0\xeb;\xcej/\xb72!\xba\x8f\x89\xc0\xb4\
\x88\xa0Mbp\xca\xe7\xd5\x9cx-G\x95\x8fW\x9f\
\x11\xa2[(e=\x0b\xb0\xf5\xe9GS\x19\x9fs'\
l\xee\x01\x1e\xa38u\xd6\x9c\xc0q\xc8\x87\xb1V\x84\
\xab\x7f\xbf\xa2\xfd\xe3\x08\x0a\x8b\x0ct\x05\xd7\x1f.\x04\
>\xf5>\xdf\x89\xe5\x95\x80\xbf\xa0\x94kBt\x07n\
\xfcN\xc5\x96\xf6.\xb5\xa6\x80=\xc1\x0b\xba\xb8q\xad\
J\xf1:]\xca\x85\x15\xca3U\x0b!\xca\x17!\x07\
\x03\x8bRl={\x93\xc2D\xf1\x95\x9c\x08\x8f\x08w\
\xf1\xd1c\xe0\x03\xb1\x91\xe4r\x1f\xa8\xfeM\xcf)\xb4\
[\xca}7\x90;\x80\xa7\xe8\x9a\x9bI\xb4\xcf$\x15\
\xc8\xf0\xbf\xcbL\xc8j/Dw1\x05k}%\xc5\
\x86\xb4?\xb6L,\xd50\x1e+\xe9\xf3:\xa0\x8c\xd7\
LT\x9f\x11\xa2\xdb\x84\xeb\x9c\xd8\x04\xf2Qk\xa7\xc1\
\xe6fm\xa3\xb2\x99>\x9c\xc0y\x0f\xb8\x9c\xe2\x0aJ\
}\xb1\x05\x12\xaab\xd2\x13ED}\x94\xa3\xc1}\x13\
\xb0Y%*\x9d\x1d\xc6m\xa8\xee\xa3\xb04\xb1\xeb?\
\xb3cs\x06\xcbj/D\xf7\xd0\x1a\x0a\xd84\xf4\xf1\
\xc4kU,v\x95\xa2\x7fJ\xf5\x0e0\xb9\x8c\xe7\x0a\
!\xd2o$\x0d6Z\xdb\xf73u\x22\xe16lz\
\xacJY\xcf\x88\x08c\x17\xd0\xf3=\xc5\xc1[\x1b\x02\
[\xa0 \x9cj\xed3\x19\xac\x9fi\x13\xc5\xc1}\xe7\
`\xb3JT\xd2ZOd\x0d8<\x5cD\xa3V\xfb\
\x03\x80%\x90\xd5^\x88\xee\x12\xafi\x0bF\xf5\x05Z\
\xeaQ\xbc\x96cy\x9d\xac>#DEq\x22qU\
`\x17\x8a\xadg\xbfa\xa3\xbb\xbb+\xb7\xb2\xb3\xb4\x8e\
\xc3Z\xcb\xe2\x8e\x81\xcf\xa20\xf3\x81\xa8\x8e5\xc0E\
\xf8\xfbyy]\xff\xf9\x02\x9bM\xa2;\x84+\xde\x06\
\xe7\x03\xe02\x8a\xad\xf6}\x90\xd5^\x88\xee\xa2-\x85\
xu\xe3\xaeO\xbd\x8a\xd7\xfee<w\x92\xfa\x8c\x10\
\x15#\xf0\xc6\xf3y\x11\xd1\xeaD\xc8Y\xd8\xe8\xee\xee\
\x12!\xd0n\x1d\xbb\x11x\x85\xe2c\xe0\x85(\xac\xd8\
$z\xbf\xdf$UDs?\x1f\x89u\xf3\xea\xce\x82\
2\xae?\x9c\x06|G\xb1\xd5~}`+d\xb5\x17\
\xa2R\xf8c}\xaa\xf7\xbb\x8e\xf0\xdd\x06\xea\xc2\xe7U\
\xe2U\x88\xde\x1f\xc7Ylt\xf6J\x14[\xcf>\xc5\
Fuw\xa7p\xf5\x05Q\x16[\x00\xc1\xb7\xa0\xb9\xcf\
>\x0a\x98W\x02\xb6j\xfaM\x0e8\x96\xc2\xaaV\xae\
\xff<\x0e\xdc\xed\xf5\xa5\xee^H\xc7\x85\xdf%\xc9j\
?\x10Y\xed\x85\xa8\xb4\xd1Cn\x03e4\xd6\x14\xf5\
\x1b!*6\x01\x19`\x086:;\xc9z6\x89\x9e\
)\xc7\xec\x84\xcfK\xc0M\x14\x1f\x03O\x07\x9c!\x11\
R5\x1b\x9e\xc5\x80\x83(v3\x99\x86\xf5C\xf5\x05\
fw\xf7\x9bL\xd8g^\xa2\xd8j\xbf\x80\xb7!\xd2\
\xa6G\x88\x9e\x13\xaf\xeey-@s=\x8a\xd7\xfee\
4\x96\xc4\xab\x10\x95\x1b\xc39ln\xce\xd9)\xb6\x9e\
=\x82\x8d\xe6\xee\x8e \xad$\x9c\x00:\x16kMs\
\xc2\xd5}\x87\xed\x81\xb5\xd01p5,\x5c\xe7b-\
*Q7\x93\xcb\xb0\xd9#z\xb2\xdf\xb8\xcfw\x22\xd5\
\xf5%\xd7\xc7\x8f\x00\xe6\x93\x80\x15\xa2\xa2\xa49\x09w\
\xf3C\xbfz\x12\xaf\xc6S\xe5i'\xcc\xb6\x1e\xda\xcd\
\x0bQ\xcf8a\xb1\x04\xb0?\xed\x96*7\xd1L\x09\
\x17\xfc\x9e\x1ekN\x5c|\x87\xf5c\x8c\xba+\xb8\x0a\
J-\xc8\x02\xdb\x9b\xfdf\x0bl\x16\x88\xa8\x9b\xc9\x0f\
X\x1f\xd8\x9e\xaep\xe5\xbe\xc7+\xc0\x0d\xdewr\x9b\
\x9fA\xc0\x99\xea3BT\x94r\x8c\x89u\x99*\xab\
\xd4{\x99\xc8\xe2&\x84\xa8\x0c\xcez\xe6\x84\xa1o=\
\xfb\x80\xee\xf7Y\xecH\xc0^\x1a\xf9\x0eN8-\x0b\
\xec\x8d\xach=\x8d\x13\x82\x03\xb0~\xa4qn&\xc7\
\x03\xbf\xd0;\xd5t\xfc\xef\xf0\xb3\xf7\x1d\x5c\xbf\xd9\x0e\
X\x17Y\xed\x85\xa8\xe4\x5c\xdd\x1b\x9a\xb1j\xc4k\x93\
79\x96j(\x89W!\xba>\xde\xb2\xd8(\xec\xf5\
)\xb6\x9e%Y={Z\x84L\xa5\xd8\xfa\xeb\x04\xc9\
\x09\xc0,\xb4\x1f\x0d\x8b\x9e\x99\xf3s\xd8\xac\x0f\x0bQ\
\x5c\x81\xedU\xac\xd5\xd3\xfd\xae7\x16\xd2\x0c6W\xb0\
\xeb\xbf&f\xb3&\xab\xbd\x10\x95\xa1\xad\x1bt^M\
\x88WS\xe6{\x19\x89W!\xba\x84\xb3\x9e\x0d$\xd9\
zv\x1c\x85\xfe\xa6\xbdA\x92\xdf\xad\x13$\xb3\x00'\
\xd2~4,zF\xb8\xce\x8b\xcd\xfa\xe0,\x9a\xc6\x13\
\x8e\x87\x85\xf7\xa87\xef\x87\xfb^\x97\x03\xefSl\xb5\
_\x1a\xd8\x17Y\xed\x85\xa8\xd4x#\xe5:Q\x97\x01\
[Me4\x94\xc4\xab\x10]\x17!\x7f\xc5FaG\
\x83\xb4^\x02\xfeI\xefY\xcf\xa2\x9bU\x97\xf1`2\
\xc5\xa9\xb3\xf6\xc2\xba\x10\xe8\x18\xb8\xe76=g`\xb3\
>D+\xb0\xdd\x04\xbcH\xcf\x06iud\x10\x99J\
{\xc6\x83h\xea\xac\x13\x80Y%`\x85\xe82\x9d\xb1\
\xbc6\xacx\xcd\xaa\xbf\x08\xd1%\xe1:_(\x08\xa3\
)\x8e\xfch\xedj\xb0f&\xe5\x9au\x22\xa4\x05\x1b\
\xbc%\xcbk\xf7\xe2\x04\xe9Z\xd8l\x0fN\xb0\xba\x8d\
\xc48\xac\xb5\xbe7-\xf5>\xee\xfb=\x06\xdcCq\
\xea\xac\xa1\xc0I\xc8u@\x88J\x8c\xb5\xb4\x1b\xca\x86\
\x17\xaf\xca2 D\xe7\xf0\x93\xb6\x0f\xa28\xc5\xd1\x0d\
\x14V\xb7\xaa\x06\xdcw;\x13\xf8\x8a\xe2\x0aJQA\
%\xba\xa7\xcf\xc4m\x14\xdc\xbd9\x1d\xf8\x96\xde\xf3\x91\
NZ0\x03\xac\x8b\x83_\xe5\xcb}\xc7=\x81\xe5\xd5\
o\x84\xe8v\xf1Z\xae\xce\xab\x09\xf1*\x9fW!z\
\x06'\xf6\xd6\x01\xb6\xa5\xd0z\x16`#\xc4\xab\xc9z\
\x16\x15!\xbf\x01\xc7\x10_A\xe9L\x0a\x8f\xb2Ee\
\xe7\xf9\x1c6\xbb\x83\xef\xa2\xe16\x10\x1fb\xb3BT\
\x93p\xf5\x85\xf5g\xc0\xf9\x14[\xed\x9b\x91\xd5^\x08\
\x89\xd7\x0a\x89\xd84V\x00!DyD\xadg\xfeX\
r\x8b\xfc\xa9\xd8\x1c\x9d\xd5&B\xf0\x04\xd3m\xc0\xb3\
\x14\x1f\x03\xcfC{\x10\x91|\x18+\xdbor\xd8\xe0\
\xb8\x13(\x0e\xee\x03\xebW:\xa5\x0a7=~\xdf>\
\x87x\xab\xfd\x1a\xc0N\xc8\xfa*DW\xe6\x88J\xeb\
\xbc\x9a\x10\xafA\x99\xea=\xd0$#D\xa7\xc6j\x0e\
\x1be\xbdtD\xf85a\xab!]N\xef\xe4t-\
w\x93{\x186H z\x0c<\x12XP\x02\xb6\xe2\
\xfd\xc6`\xb3:\xccBqp\xdf}\xd8l\x10\xd5\xe4\
f\x12\xed/\x010\x01\xf8\x1b\xf1V\xfb\xd3\x81\xc1(\
\xe5\x9a\x10\x9d\xa1\x1c=\xd6V-_\xba\x92\x03=W\
\xc6g\xca\xfa*D\xf9\xc2uV\xac\xf5\xcc\x17wn\
!?\x82\xf6\x1a\xd5\xd5\xeaS\xee\x04\xd3[\xc05\x14\
\x1f\x03\x0f\x00\xceF\xae\x03\x95\xec7q\x05!\x5c\xfb\
N\xc6Z\xbb\x03\xaa;\x0e\xc1m\xd4n\x07\x9e\xa6\xd8\
j?7p\xb46=Bt\x9bx\x0d\xca\xd4y5\
%^\xb3e|\xa6,\xafB\xa4\xc7\x89\x8b\x93\xb0Q\
\xd6\xd1\x14Gwc\xa3\xb2\xab\xd5z\xe6\xe3\xbe\xfb\x09\
\xc0\x18OL\xf9%K7B\xc7\xc0\x95\xe4<\xac\x7f\
h4\xb8\xef\x02\xe0\x13\xaa\xd3\xcd$\x89\xc3\x89\xb7\xda\
\x1f\x02,\xec\x89Z!D\xe5\xc4k\xb9:\xaf.\xc5\
k\xa0\xc9E\x88\xb2&\x96,6\xaazO\x8a\xadg\
\x13\xa9\x0d\xeb\x19\xde\xce=\x03\x8c\x0e\xc5x\x5c\x09\xd2\
\xb3\x81~\x91\x1d\xbf(\xbf\xdf\xe4\x80\x1d\xb1\xd9\x1c\xa2\
\x15\xd8Fa\x83\xe4jE\xb8:\xf7\x98\xb7\x81\x7fP\
l\xb5\xefO\xbb\xd5^\x08Q\xbexM3\xd7\xd6\x95\
x\x8d\x9a\x93M\x8a\xcf\xd4\x82$Dy\xe3\xf4|\x92\
\xadg\x9fS[\xd63\xf7\xdd\xff\x81u!\x88VP\
Z\x1c8\x10Y\xd1\xba2'\x1b\xac\x1f\xe8\x19\xc4W\
`;\x06\xebGZ+\x9b\x1e\xbf\xdf\x9c\x04\xfcDq\
\xf0\xd6f\xc0&\xde\xef\x84\x10\xa5)\xa7jV]\xfa\
\xbc\x96R\xe4\x81\xf7\xaf&\x16!\xd2\xed\x88\xb3X\xeb\
\xd9\xea\x14[\xcf\xfe\x87\xb56\xd5\x92p\xf5\x05T\x1b\
\xed\x15\x94\xfc9)\x07\x1c\x0b\xcc\x81\xfc\x18;;\xaf\
\xe7\xb0E,\xe6\xa18H\xeb9\xe0Vj\xc3\xcd$\
\xae\xdf\x8c\xc1\x06\xa0E\x83\xb7\xc0f%\xe8\x87\xfc\xa6\
\x85(g\x9d)W\xe7\xf5\xfa\x86\xb77\x02\xb6*\xfd\
\xb9B\xd4#na\x9e\x1e\x1bM\x1dg=;\x9a\xda\
\xb3\x9e\xf9\x93`\x13\xf0\x0c6}\x96\x13W\xeeZf\
\x04N\x93\x08\xe9\xb4p]\x088\x94b7\x936l\
\xb6\x87Z=^w\xd7s\x0d\xf0&\x85\xc1[Y`\
\x11\xe0`mz\x84HM9\x96\xd7\xbat\x1b\x98\x96\
r\xe7\x0c\xd0'\xf2Z!D\xbc\x08\xf9\x1b6\x9a:\
j={\x1a\x1b}]k\xd6\xb3\xe8|\x10'\xc2\x9d\
uyW\xe0\x0f(x\xab3\x9b\x9e\xb3\x80\x81\x14\xbb\
\x99DE_\xad\xf6\x19'\xc2s1c\xe6\x18`\x98\
\x04\xac\x10\xa9\xe8_\x86\xce\x9bZO\xe2\xd51\xa9\x0c\
\xf1\xdaO\xfdE\x88\x92\xc2ual\x14u\xd4z\xd6\
J\xf1q{-\xe2\xae\xeb\xabPl\xf9\xee\x0f.\x92\
\xfc\x5c\xef\xdaE\xc78A\xba\x116kC\xd4\xcdd\
\x0c6\xcbC\xad\xb9\x99D\xf1\xdd\x1fn\xf3\xae\xdb\x09\
\xf7\x19\xb0\x05;d\xb5\x17\xa2\xeb\xe2\xd5x\xf3\xf5\xb4\
j\xf9\xd2\xbd%^\xfb\xab\xbf\x08\xd1\xe1.\xd7`\xfd\
Y\xfbSl=\xbb\x0a\x1bu]\xcbV\xd7\xa8\x80\xbd\
\x10\xf8\x94\xe2 \x9cU\x80\xddP\x10N\x9a>\x03\xd0\
\x17\xeb\xf7\xe9\xff\xce\xf5\x9f\x13\xb1Y\x1ej\xd1\xcd$\
n-q\x81g\xbfQ\x98:+\x0b\xec\x0c\xac\x86\xac\
\xf6B\x94\xd2c}S>\x7f*\xd6pRw\xe2u\
r\x19\xcf\x1d\xa0~#D,N\xb4m\x82\x8d\x9e\xf6\
\xadg\x016\xca\xfa$j\xdfz\x16\x15!\x13I\xae\
\xa0t\x1a0\x13\xb2\xa4\x95\x9a\xcb\xb3\xc0A\xc0b\x14\
\xfa\x81\xba\x14SW\xd7Q\xbfIJ\xf9\x15x\xedq\
^x\xed\xb2\xda\x0b\xd1u\xf1:\xad^\xc5\xeb\xa42\
\x9e+\xcb\xab\x10\xc58\xb1\xd6\x8fx\xebY\x06k=\
\x1bC}X\xcf\x1cN`\xdd\x03<Jq\x05\xa5\xd9\
\x81\xe3\x90\x0fcG\xf3x\x0e\x9b\x9d\xe1\xd8\x98vr\
%y[\xeb\xac\xdf\xf8V{\xbf\xd8\x82\xeb?+\x02\
\x7fAV{!\x92\xd6\x9a\xc0\x13\xaf\xa5\x0c\x03\xd3h\
w\x1b\xa8\xabl\x03\x93S6\x00\xc8\xf2*DG\x22\
\xe4`l\xd4t\xd4z\xf6\x066\xe0\xc6Yb\xeb\xd1\
\x0a\x10-s\xeb\xda\xe4\x00l\xfeW\xe5~M^\x88\
N\xc3fi\x88V`\xbb\x1d\x9b\xd5\xa1\x1e\xdcL\xa2\
}\xc6\x95\xb9=\x92x\xab\xfd)\xc0\x10\xaf/\x09!\
\xdai\xa6=\x80\xbe\xd4\xdc\x5c\xb7n\x03\x9d\xb1\xbc\xea\
\x08P\x88B\xe1:\x17\xd6\x8f/\xcez\xe6JcV\
\xc5\xce\xb7\xc28\xeb\xd8\xfb\xc0e\x14\xbaJ\x98\xd0:\
p\xae\xe6\x8d\x22\x9c \xfd\x036;\x83\x13\xf7N\xd8\
M\x08\xfbS@}\x1e\x9f;\x81~?\xf00\xc5V\
\xfb\xd9\x80\xe3)t)\x10BXZh`\xb7\x01S\
\x86xu\xcf\x9dN}F\x88\x02|\xeb\xd9\x0c\x14[\
\xcfn\xc5FW\xd7\x9b\xf5,*`3a\x1b|O\
\xf11\xf0\x06\xc0\x96(\x08'\xdag\x9c\x7fg\xc6\xfb\
\xbdk\xcb\xb3\xb1\xc5,\xea\xc5\xd7\xb5\xa3u\xe5\x08`\
J\xa4]r\xc0\xfe\xc0R\xea7B\x14\xd1\x97\xf4\xc6\
\xc4\xa9\xd4i\xb6\x81_\xcbx\xee\xf4\xea3B\xe4q\
\xe2l5`\x17\x8aSc\xfdF}[\xcf|\x11\x12\
\x00\xbf`}\x5c\xe3\x8e\x81\xcf\xc2\xba\x1d)x\xab]\
\x9c\xed\x0e\xacLqj\xac\xcf\xb0\xe5\x83\xebY\xb8\xe2\
mp>\x04.\xa10x\xcb`\x8fE\xcf\x89\x88~\
!\x1a}\xe3\xeb\xc4\xeb\xa0\x94\x9b\xc3\xc9T\x91\xdf|\
o\x89\xd7\x19\xd4w\x84(\x98\x1c\x9a\xb0\xd63\xdf\x91\
\xde\x89\x903\xb1Q\xd5\xf5.B|!r\x03\xf02\
\xc5\xc7\xc0\x0b\x02\x7fE\xc1[\xae\x9f\xccDqNS\
\xf7\xf3Q\xd8,\x0e\xf5\xbe\xe9\xc1\xeb\x0f\xa7\x03\xdfR\
l\xb5_\x0f\xd8\x1a\xf9L\x0b\xe1\xd3\x0f[\xcc$\x0d\
\xbf\xd7\xdb\xe6\xcf\x1d\xc3\xac\x14N\x90\xb9\xf0\xdf\xb8G\
k\xf8\xefm\x91\xd7\x0a\xd1\xd3\xfdu\x93\xb0/\xb6y\
}\xb6\x0dX\xb4\x1b6vi\xbe\xcf^\xdew0\xe1\
\x22\x9b\x03>\xc6\x1e\xebdh\x1c\x8b\x91k\x93U\xc2\
vpm\x91\x0b\x7f\x9e\x00\xcc\x1b\xb6G\xa6\xc1\xfb\xf1\
\xf9\x91~\xe3\xfe}\xb4\x01\xe7Xw\xad\xbb%\x8c\xa5\
\xcf\xb1V\xa6\x9e\x1cK\xee;]\xed\xad\x81\xee{\xbd\
Rob@\xd4\x0cn\xde\x5c\xb2\x03\xbdf\x22\xe3\xe8\
\xfej\x9aS*\xe9\xf3:\x91\xc2*'I\xd6\x02h\
\xf7yU\xfe=\xd1\xe8\x13\x88\xc1FC\x9fLaP\
\x89\xb3\x9e\x1d\x89=\xae\x09\x1ah\xbc\xb8\xe3\xef\x97\x81\
\x7fR|\x0c<\x08k\x8dnT\xd7\x01\x97\x81bq\
l\x16\x86h\x90\xd6T\xda+\xb05\xd2\x1c\xeb\xac\xaf\
7\x01/Rl\xb5\x9f\x9f\xf6\x92\xb2\xb2\xbe\x8aF\xc6\
\xcd\x9b\xd3\x971O\x8c\xafF\xf5]\x09~'}\xa1\
\x82\xc1\x12\xafB\xe4]\x03\x8e\xc7\xe62\xf5+\x045\
a\xa3\xa7\xef\xa7\xbe\x83\xb4:\xda\x14\x07\xd8\xbc\xa5\xbf\
x\xc2\xd5\xb5\xc5v\xc0:4f\x10\x8e[x\xce\xa5\
0G\xa3\x13e\x97a\xb36\xd4cJ\xb54}&\
\x17\x8aw\xdf\x98\xe2\x04\xeca\xc0p\x09X!R\x8b\
WS\xaf\xe2\xd5\xcf60%\xe5\xa4;]\xc4R \
D\xa3\xe1D\xeaR\xd8h\xe8h\x90\xd6\x14\x1a\xd3z\
\xe6p\xed\xf1=6\xfb@\xd4\xdf7\x08\xc5[K\x83\
\xcd#N\xbco\x89\xcd\xbe\x10\x0d\xd2Jj\xafF\xc1\
\xb5\xc7+\xc0\xf5\x14[\xed\xa7\xc3\x06\xfdi\xed\x11\x8d\
n8\x81\xf2\x0c\x89\xbfF^[\xf3\xe2\xd5\xf1;\x85\
\xc9\xc5;bp\xb8\xe8\x08\xd1\xe8\x93\xc79\xd8h\xe8\
h\x90\xd6\xa5\xc0G4\x9e\xf5,*`\x9b\xb0\x96\xc4\
\x0f\xbc\xb6p\x02n\x19`\x1f\x1a\xc7\x8a\xe6\x04\xd8\xc0\
\x18\x01\xe6~>\x9eBKu#\xe2\xda\xe2\xef^[\
\xe4\xbc\x0d\xe36\xc0\x1fQ\xea,!\x1a\xdam\xc0O\
\xa301\xe5\x82=\x03*\x11+\x1a\x97&o\x11]\
\x8fb\xeb\xd9\xb7\xd8\xa8\xe9F\xb5\x9eE\xe7\x968\x1f\
Ng\xa5>\x01\x98\x95\xc6\xb0\xa4\xb9\xfe0\x12\x9bu\
\xc1\x17d\xceG\xf8\x06\xefw\x8d\x8ak\x97\x1f\xb0\x15\
\xb6\xe2N\xf9\xce\x8dl\x1a\x85hD\x86\x94\xf1\xdc\xba\
\x13\xaf\xbeE`lJ\x15\xdf\x1f\x9b\xe2\x05M\x1c\xa2\
\xc1\xf0\x83\x8e\x92\xacg\xc7\x02\xe3hl\xeb\x99\xc3\x09\
\xb3G\x81{=\xe1\xef\xaci3\x03'R\xff\xd6W\
'\x5c\xe7\xc3\x06\xf1\xf9n&N\xb0\x1d\x8e*IE\
\x05\xec\xe5\xc0\x7f)\xb6\xda/\x05\xec\x8b|_Ec\
\x1b\x06fI\xb9f\x01\xfc\x9cR\xdf\xd5\x9cx\x05\x18\
\x93\xf2\xf9}=\xf1*D#\x91\x148\xe2D\xda\x8b\
\xc0\xcd4\xb6\xbb@\xdcD\xeb2/L\xa28\x08g\
O`9\xea\xfb\x18\xd8]\xf3\x19X\xbf\xcdh\x05\xb6\
\x7f\x02/\xd1\x98\xc1}\x1d\xf5\x99i\xd8\xca[\xfe\xa2\
\xeb6>\x7f\xc7Z\xed%`E\xa3\x8a\xd7\x99#\x1a\
\xae#\x9d\xf8s\xb5-\xa4\x95\x14\xaf\xa5,\xaf\x81g\
\x19\x90\xe5U4\xaap\x1dN\xbb\x95\xcc\x1f\x83Y\xda\
S\xf9T\xcd\x0e\xb7\x0aH\xaa\x18\xe5\x04]\x0b\xed\x05\
\x1e\xea\x11'H\xd7\xc1fYp\x82\xd5\x09\xf8qX\
k\xbd,\xf5\x85\xb8vz\x1c\xf87\x85\xa9\xb3\x0c0\
\x14\x9b\xa2N\xae\x03\xa2Q\x999\xe5&0\x8b,\xaf\
\xf9\x85y\x88\xc4\xabh0\xfc\x12\xa7\x83(\xb6\x9e\xdd\
\x00\xbc\x8a\xacg\x1d\x09\xd8\xb3\x80\xaf(\xae\xa0\xb4&\
\xb0#\xf5g}u}\xa6\x19\xeb\xa7\x19xs\xa6k\
\x93S\xb1Y\x06\x1a\xddG\xba\xa3\xc5\xf7(lPq\
\x9c\xd5~\x05\x14\xbc%\x1ao\x5c\x10n\xe0\xd2\xe8\xb0\
)\xf5*^)C\xbc\xa6U\xfcB\xd4\x13Nd\xfd\
\x11\x1b\xa8\xe5'O\x0f\xb0Q\xd1\xc7#\xebY)\x11\
2\x018:\xd2N\xfe\x91\xfa`O\x9c\xd4\x03\xae\x8f\
\xec\x8b\xcd\xae\xe0\xfa\x8d\x13[\x1f`\xfd:\xe5f\x92\
\xbc\xe9i\x02\xbe\xc0V#\x8bZ\xed\xfd\xb2\xcci\x16\
q!\xeaeC\xdc\x97\xf6l\x03\xa5\xf8\x8d\xd2\x01\xf9\
u!^\xd3L\x00\xb3\xa8\x0f\x89\x06\x9b,Z\xb0\xd6\
\xb3\xe8\xef3\xd8\xa8\xe8\x1f\x90\xf5\xac#\x9c`\xbb\x0d\
x\x86\xe2\x0aJsc-l\xf5\x12\xb4\xe4\xaekV\
lV\x858Q~8\xed\xf9\xb5\xb5\xe9I\xee7\x99\
p\xec\xfd\x8fb\xab\xfd\xea\xc0\x9f\xbd\xe7\x09\xd1\x08\xcc\
\x80=\x01\xecH\xb3\xb99\xe5gJ\xe7\xf1\xafI\xdc\
q\xcbF\xb4\xd7\x92.U'\xf7\xda\xc8k\x85\xe8\xc9\
\xbe\xba\x89\xd7\x1fs\xde\xcf\x8bv\xc3\xc6\xce}\xe6\xc1\
\xc4\xd7\xa1\x7f\x17\x9b\xb6\xa7'k\xae\xd7\xb2\xa0\x03X\
\x16['\xde\xd5\xad\xcf\x85?O\x02F\x84\xed\x98\xa9\
\x93\xbezEB\xbf\xb9Gsh\xd9m\xb9]\xa4\x0d\
]\xff\xf9:\x5c\xcc+=\x06\xdd\xe7^\x1d~^\xab\
\xf7\xd9\xaf\x94\x10\x0eBt\xe7\x1c:\x02\x9b\x86\xd0x\
k`\x92^{\xae^\xfb\xaak\x8ce:\x10\xad\xd1\
\xc6x\xac\x1bD\x82\x10\xd5&^\xddb8;6\xa0\
1\xeb-\x98n,\xac/\x11\xd2\xa9{xY\x82\xa8\
\xbb\xb7\x0e\xda\xd3}\xf7\xe5\x12D\xfaD`\xa1:\x11\
\xe9=A\xe0\xb5\xe9\x13\x09\xfd\xe6\xccn\xe87\x12\xaf\
\xa2Z\xe7\x96?P\xda\xd8\xd8\x1a\xfe{w\xbd\xaeQ\
n\xf2\x9c;\xb4|t\xa4\xe4]C\xbd\xe5\xbdN\x83\
W\xd4\xabxu\x9f\xf7\x8f\x84\x05\xf3.\x09\xd7No\
\x08f\x06~\xf2\x04\x9d\xdf\xae\x1b\xd7x\xbb6\x85\xd7\
\xf8lB\xbf9U\xfd\xa6\xd3cqil\x0a\xad8\
\xab\xfd\xc2\xdd4\xfe%^E\xb5\x8d\x83m#sJ\
G\xe2\xf5\x92\xf05\xcd\xf5\xb8\xab\x05\x1b,\xf1u\x09\
5\xef~\xff5\xeduu5xE=\x8aW\xf7Y\
+\xd2n=3\xdeb\xf9;0?\xb2\x9eu\xa5m\
\xf7\xa7\xf8\x18\xd8`\x03\x99\xfaQ\x9b\xae\x18\xee\xdav\
\x22\xfe\x88\xfb+l\xaeW\xb9\x99t\xbem/I\xd8\
\x14<P\xe1M\x81\xc4\xab\xa86\x9c\x00\xfdk\x0a\xf1\
\xea\xfevd=\x8bW\xf7x\xbbD\x838\xa10\x19\
\x18V\xe1]\xae\x10\xd5\x22^\xdd1e\x06x>a\
\xa1<\xa9\xc2\x0be#\xe1\x04\x7f3\xf0fB\xfb\x1e\
^\x83\xed\x9b\x09\x1f\xd3\x85\x225\xce\xaa\xbc\x83\xfaM\
\x97\xdbw(\xf0#\xedn<\xfe\xc6g\xb3\x0a\xb6\xaf\
\xc4\xab\xa8V\xf1z>\x85\xd6\xd5\x8e\xc4\xeb\x8e\xf5<\
\xe7\xb8\x8bz,\x85\x9aw\x8fe$^E\x9d\x8aW\
\xf79\xbb\x10o=\xfb\x12\x1b\xe9)\xebY\xd7\xdbx\
-\x0a}\x88\x9d\xe0\xfb\x05\x98\x8b\xda\xb2l\xbb\x85\xe5\
\xf4\x04A\xfe\xb4\x84k\xc5\xfa\xcd>\x09c\xf3C*\
g\xb5\x97x\x15\xd5\xda\xffoK!^\xdd\x86n\xad\
F\x10\xaf\xd7\xa4\x10\xaf\xaeA6\xd5D,\xeaP\xbc\
:\xb14\x03\xd6=&\xcez\xb6\xad\xfa~E\xef\xe7\
\xbf\x12\xc4\xde\x0d5\xd4\xceN,\x8d\xc0\xfa_F}\
2\xa7a\xb3,\xa8\xdfT\xa6\xad\x9b\x81\xd7\x12\xfa\xcd\
Q\x15jg\x89WQm\xb8\xfe\xf6,\xe9N\xc9[\
\x81\xc5*\xb0.V\xbd\xc5\xe0D\xd2\x9b\xa2\xf7\x8d\xbc\
V\x88z\x10\xaf\xee3\xceLX\x18\x9f\x94\x00\xa9\xb8\
\xe0\x9b\x17\x9bH;\x9a\xcd!\x0b\xacZ#\xed\xed\xbe\
\xdf\xbd\x09\xfd\xe6r\xf5\x9b\x8a\xb7\xf5\xea^_\xc9y\
\xfdg<\xd6\xad-\xa8\xd0\x5c \xf1*\xaaI\xb86\
\x03\x9f\xd2q|\x92[\x17\xc7\xd2\x9e\x97\xbf\xae\xc5\xeb\
^)\xc4\xab\xfb\xdb\x19\x12\xaf\xa2\xce\xc4\xab{\xdd\xc2\
\xc4[\xcf\xa6\xd2\xee.#\x11R\xd9{zLd~\
q\x22\xe1\xe5\xf09M5p\x0d\x1bS|\x94\x9d\xc5\
fU\x98\x85v\x9fMQ\xb96\xbf9\xd2\xe6\xae\xff\
\xdcT\x81q*\xf1*\xaaQ\xbc\xce\x0c\xfcJ\xba\xcc\
P_x\x1a-\xa8\xe7\x89\xa0\x9cB\x05\xb7\xd5\xb3\x9a\
\x17\x0d)^\xdd\xfb?@\xbc\xf5\xecb\x09\xd7n\x99\
\x903@\x7f\xe0\x13\xe2\xdd4\xf6\xac\xe2vw\xdf\xbf\
\x1f6K\x82\x89\xf9\xfe\xfb\xab\xdfT\x1cg\xb5\x9f\x1b\
\x18\xe7m4\xfdya\xf5.\xb6\xbb\xc4\xab\xa8\xb6>\
\x0f\xd6\xfd(K\xba\x02\x05\xcf\xd7{?u\x8d\xb2\x18\
\x85\x81\x13\x1d)\xfaW5xE\x1d\x89W\xf7\xde\x9b\
\x11o=\xfb\x11\x1b\xe5,\xebY\xf7\xdd\xd7-\x88\x0f\
\xc2\xf9\x1e\x98\xa9J\xdb\xdeY5\x0eO\xd8\xf0\xbc\x89\
--\xac\xe0\xbe\xee\xeb7\x7fKh\xfb\xd7h\xcf\x1a\
\x12t\xe1\xfd%^E5\xcd5\x9b\x93>\xc7\xeb\x8d\
\xf5\xbeqv\x03pFl\x1d\xdc4\xe2\xf5k`\x80\
\x06\xb0\xa8\x03\xf1\xea\xacg}\xb1\xd1\xcaq\xd6\xbf}\
\xea}\x12\xa8\x92{\xfbp\x82\x10\xb9\xa0\x0a\xdb\xdf\x89\
\xa2\xb9\xb0\xd9\x11\xe2\xac\x7fk\xa9\xdft\xeb\xba\x95\x09\
\xd7\xa1\x8f\x89\xb7z\xef\xdd\x85\xf6\x97x\x15\xd5(^\
\xff\x8f\xf4\xee\x9d'E^[\xb7\xe2\xb5\x09\xf8/\xe9\
\x1c\x81'b\x93\xb4wF,\x08QM\xe2\xd5\xbd\xef\
Q$[p\x9a\xd5\xcf\xbb]\x08\x82=\xfd\x99B\xbc\
\xbf\xf1\x12U&\x04\xdd\xf7\xb8!\xa1\xdf\xfcK\xc2\xb5\
\xc7\xeeA\xdc\x89I\x0e\xf8\x01\x18B{.s\x89W\
Q\xeb}\xfd\x22\xd2\x07\xd6\xef\xde\x08s\x90[<\x1e\
\x22}\xfe\xb0?hr\x165.^\x9d\xf5l\x186\
J9*\x9ar\xc0\x1a\xea\xe7=z\x7f\xcf%>x\
\xebQ\xefyA\x95|\xd7U\xc3~\xd2\x16\xe97\xbf\
b\xb3(\xa8\x02[\xcf\xdd\x8b\x07\xa9\xac\xaf\xba\xc4\xab\
\xa8\xc6~\x1e\x8d\xc9\xe8\xc8\xc8\xd8\x10k\x973+_\
^\x86\xaa\xdfI\x8b\xba\xa8q\xf1\xea\xde\xf3\xa6\x84\x85\
\xeff\xf5\xf1\x1e\xc3\x09\xbd\x19\x81o\x89w\xdf\xd8\xaa\
J\xeeG&\xfc\x0e\xaf$\xf4\x9bc\xd4oz\xf4^\
\x04\xc0\x22\xd8\xea\x8fq9v\x97\xee\xc2\xdc \xf1*\
\xaaant\xfd\xf7-\xd2\x9d\x8eO\xa3AN\xc7\x9d\
x=\x8c\xf4\xce\xc0u\xefO!\xeaZ\xbc\xfa\xf9\x22\
\xb3\x14Wy\x1a\x8f\x8df\x96\xf5\xac\xe7\xef\xf1\xee\xc4\
\x1f\x03\x7f\x06\x0c\xa4w\x03\xa0\xdcw\xdc3\xe1;~\
\x8a\xf5\xc3T\x90V\xcf\xdf\x93\xb3\x126\x13Otb\
3!\xf1*\xaaM\xbc\xce\x04\x8c&]\x5c\xd27\xc0\
\xf4\x8d\xd0O\x93\x22~;\x12\xaf\xb7\xca\xba jT\
\xbc\x06\xe1\xfbuT\xa9\xe7o\xea\xdf\xbd2I\xbb\x08\
\xf1\x17\x13\xee\xcb\xdf{\xf1\xbe\xb8\x8c\x073a\xb3 \
\xc4Y\x87\xb7P\xbf\xe9\x95~\x93\x09\x17\xeb\xa4\xcax\
\xdb\x94y_$^E\xb5\xe0\xd6\xb4%:\xd0e\xd1\
\x93\xf17\x1a\xa5\x8f\xba\xc6Y\x9a\xc2\xa8\xd9\x8e\x1a\xe7\
u\xafa4\x88E-\x89W\xf7^{Sl=3\
\xc0G\xd8\xdc\xa3\xb2\x9e\xf5\xde}^\x85\xc2\xaa[N\
\x90\xfc\x06\xccG\xefX\xc4\xddw\xbb AX?\x22\
\xe1\xda\xeb\xfdfW\xe2-\xe2\x9f\x03\x83\xca\x18\xd3\x12\
\xaf\xa2\xda\xfa\xf6\xd6\xa4\xcf\xc5\x7f{\xa3\xccE\xe5\x98\
\xa5\xdd\xef\xc7\xd0 fiQW\xe2\xd5\x89\x9e\xa1\xd8\
h\xe4l\x8c\x95f3\x89\x90\xaa\xb8\xd7\xd7&\x88\xc4\
\xde\x98\x98]\xbfZ\x12\x9b\xfd *\xaa\xa7P\xe7u\
\xc4k\xa4\xdfd\x80\x17\x12\xfa\xcd\x89e\xf4\x1b\x89W\
Q-8\xd7\xcc\xa3I\x9f&\xeb\x84\xc8k\x1b\x82\xb7\
I\xe7\x10\x9c\x0d'rM\xd6\xa2\x96\xc4\xab{\x9f\x8b\
\x13\x16\xb8\x07\xd5\xa7{\x1dg\x1d\x9b\x9d\xf6\x1c\xaaN\
,\xba\xfb\xb4n\x0f\x0a\xd8\xc0\xfb\x9cG\x13\xfa\xcd\xb9\
\xda\xf0T\xcd\x1c\xb1\x82'6\xfd\x0d\xc6\x04`\x01\xd2\
Y\xed%^E\xb5\xf5\xeb\x1bI\x1fP\xbfC#\x89\
W7\x98o\xa7\xb4\xdf\xab\xfb\xdb\x96\x9a\xb0E\x0d\x89\
W\xf7\x1eKa\xa31\xa3\xd6\xb3\xc9\xd8\xa8e\x05i\
U\xcf\xfd\x1e\x99 \x16\xdf\xa2\xe7\xaaW\xb9\xef\xb2\x15\
\xf1G\xd2\xdfb\xb3$\xc8\xcd\xa4z\xfa\xcdU\xc4\xa7\
\x5c\xbb3\xe5\x9a%\xf1*\xaa\x05\xd7\xcf^)\xa1\xcd\
r\xde\xbf+4\x926s\x0a\xfdd\xd2\x9b\xa6\x8fj\
$u/\xeaF\xbc>\x91 \x88\xce\xd2f\xac\xaa&\
lW\xf9,Z<\xc5\xdd\xaf\x83z\xe0~\xb9\xef1\
\x10\xeb7\x19\x17\x0c\xb4\xbb\xfaM\xd5\xf5\x9b\xd9\x81\xb1\
\x14W>3\xc0z)\xee\x97\xc4\xab\xa8&\xe1:\x18\
\xf8\x8et.\x9d\xe3\xb1nq\x0d\xd3G\x9d\x00\xfd3\
\xe93\x0e\xfcS\x93\xb6\xa8\x11\xf1\xea^\xbf-\xf1\xd6\
\xb3\xaf\xb1>\xdc\xb2\x9eU\xdf=\xdf r\xcf\xdd=\
\x1b\x03\xccJ\xf7Z\xca\xddw8>a\xc3\xf3\x22\xed\
Y\x08\xd4o\xaa\xab\xdf\xfc\x1f\xf1\x01\x99\xef\x02}\xe8\
\xb8\xe0\x85\xc4\xab\xa8\x06\xdc\xbc\xb6(\xf6\xb4\xb0\xa3L\
\x03~\xffnj\xa4>\xea\x1ai\xf9\x12\xea>\x9aq\
@\x93\xb6\xa8v\xf1\xea[\xcf\xbe \xdez\xb6\xab6\
bU}\xdf\xefN\x10\x8fWv\xe3}ss\xdb|\
\xd8,\x07Q+^\x1b6+\x82\xfaMu\xe1\xc6{\
\x9fp!\x8f\xeb7\x87\x94\xb8o\x12\xaf\xa2\x9a\xe6\xbf\
-I\xef\xceyO\xa3\xcdIn \xce\x02\x8c#\x9d\
y\xfag\x1a\xcc<-jR\xbc\xba\xd7\x9e\x98\xb0\x90\
\xbd@{\xd5$Q}\x9b\xea\x00\x1bh\xf3;\xc5~\
\xca\xad\xe1\x86\xbb;&k\xf7~\xb7'\xf4\x9bk%\
\x5c\xab~\xbeX/r\xcf\x5c\xbf\x19\x0b\xccF\xb2\xd5\
^\xe2UT\x03\xcd\x91\xb5+\x8d;\xe7\x19\x91\xd76\
\xd4\x8e\xf5MJ\xe7\x13s\xc2a\xa5\x0eD\x83\x10\xbd\
-^\x9d\xf8\x99?A\xfc\xb4\x01+J\x84\xd4\xc4\xbd\
?%AD>G{F\x80\xa0\xc2\x9f\xb9\x0e\xc5.\
\x0bYl\x16\x849Qp_-\xf4\x9b;\x13\xfa\xcd\
\xd5\x1d\x8c{\x89WQ-\x9bw\x80\xbbH\x9fi`\
\xfbF\x5c\xcf\xdc\xc5\xdeLz\x13\xf5^\x8d\xa8\xf2E\
\xcd\x88\xd7R\x0b\xd8U\x12\xae5\xb3\xa9\x1e\x0c|I\
\xbc\xdb\xc7\x9f+x\x1f\xdd\xe7\xb5\xd0\x9e:0\xdao\
Fj\xde\xab\x89\x85\xbf\xa3\x8dk\xd6\xdb\xb8f$^\
E\x15\xce{\xae/~H\xe9\x14\xa6.\x95\xe0\xd2\x09\
}\xba\xaeq\x13\xf1\xe1\xa47Q_\xa8I\x5cT\xa9\
xMst8;\xb2\x9e\xd5\xd2\xfd\xdf\x9e\xf8\x80\xbb\
QT.\xe0\xce}\xd6A\xc4\x07\xfc\xfc\x17\x9b\x05A\
\xfe\xfe\xb5\xd3oN$\xd9e(\x88\xb9\x97\x12\xaf\xa2\
\x1a6_\x00\xc3\x80\x89t\xec\xca\xe9\xe6\xa6\x1f\xc2M\
~\xc3\xf5O7`7\x22}\x19\xb2\xa75\x90E\x15\
\x8a\xd74A\x1b\xff\x17yoQ\xddV\x08w\x9f\x9e\
J\xb8\x9fgT\xe0~:\x113+6\x9bA\x5c\x05\
\xb6\x0d\xd4oj\xaa\xdfd\xb0\xa5a\x93\x825w\x89\
\xb9\x9f\x12\xaf\xa2Z\xd6\xbcuS\xe8\xb1\xac\xb7\x19k\
\xc8\xbe\xe9\x16\xfey\xb1%\x10\xd3(\xfdo\xb0Q\xdc\
\x1a\xcc\xa2\x9a\xc4\xab;\x098\x84\x8e\xd3\xe5\xc8zV\
{}`\x19l\xda\x98h\x05\xa5I\xc0\x88H?\xe8\
\xecg\x5c\x99 \x90\xef\x96p\xad\xd9~\xb3\x0d\xf1V\
\xfbo\x80\x19\x22s\x81\xc4\xab\xe8m\xdc\x1av0\xe9\
O\xc2/o\xd4\xf9\xc9\x0d\xc6\x16\xe0\x93\x14j\xdf5\
\x9a\xca\xc4\x8aj\x12\xafn\x11\x9a\x8d\xf6D\xe5Qk\
\xcb\x1f%Bj\xba\x1f\x5c\x9a .\xef\xef\xc2}u\
\xafY>\x9c\xd7\xb2\x14\xba\x99L$}yQQ\x9d\
\xfd&m\x81\x12\x89WQ-}\xf6\x9f\xa4\x8fA\xda\
?\x22|\x1b\x0a7)\xdfO\xfa\xe8\xb6]\x1a\xb9\xc1\
D\xd5\x89\xd7\xe8\xc2\x13]\xa8\xd2\x96\x88\x14\xd59?\
e\xb0)\xfa~$\xfe\x18x\x93N\xdc_?[\xc1\
s\x09\xfd\xe6\x14\xf5\x9b\x9a\x9f?\x96\xc2\x9e*vT\
\x1a\xbaI\xe2UT\x01\xae/\xbeC\xfa\xecO\xabE\
t\x5cC\xd1\x992\xb1\x17K\xbc\x8a*\x11\xaf-\xe1\
\xbf+\xd1nq\xf5\x17\xa9\x09\xc0pd=\xab\x87\xbe\
\xb0\x1f\xf1\xc7\xc0\x1fP~@\x95{\xcf?'\xbc\xe7\
\xff\x80\xe9\x90\x9bI=\xf4\x9b\x8b\x126'\x0fz\xcf\
\x93x\x15\xbd\xbdI\x07\x98\x0b\xeb\x0e\x95&\xef\xfe/\
X_\xfd\x86\x15\xafn\xd0nF\xfa\xa0\xad\x174\x98\
E\x95\x88\xd7\xe6p\xe0\xbe\x90\xb0@\x9d\x18y?Q\
\xbb\x93{3\xb6\xca_\xdc}>\xa2\x8c\xfb\xec62\
3`\xb3\x16\xc4Ys\xb7W\xbf\xa9y\xdc}\xee\xc8\
j\xbfy\xf8\xdc\xbe\x12\xaf\xa2\x0a\xd6\xbbr\x82\xe7_\
\x09\xfbd\xc3\xf6K\xa7\xd8\x87\x97\xa1\xf8\x7f\x06f\xd2\
\x80\x16U ^\xc1\x96z\x8d\xb3\x9e}\x8e\x8d:\x96\
\xf5\xac~\xfa\xc3\x9a\xb4\xe77\xf4\xf3w\x8e\xc3\xa6\x98\
Icaw\xefuF\x82\x10~\xda{\x9e\xfaM}\
\xf4\x9b\xbd\x13\xe6\x88\x8f\x80\xfe\xb4\x9f\x22J\xbc\x8a\xde\
\xc0\xf5\xbf\xe3P\xb0V\xa7\x06y\xda\xc4\xb8\xbe\xaf\x85\
,\x13\xa27\xc4\xeb\xe2\xe1b2\x136z8\xce\xaa\
\xb2\x8d\xfah]\xf6\x89[\x12D\xe7\x8d)\xee\xb7\x13\
\xb6#\xc2\xcdz\x5c\xf9\xd9e\xd4o\xea\x0a\xe7\x17\xff\
jB\xbf\xf9\x9b\xf7\x5c\x89W\xd1[}\x14\xe0^J\
\x07k9\xf1\xbaGD\xf8jQH\xa9\xfa\x0fT\xc3\
\x89^\x14\xafK\x85\x7f?7aAzB\x02\xa4.\
'\xf8\x00\x98\x07\x18\xef\x09Ow\xdf\xb3)6\xd5\xee\
\xf7\xf7'\xf4\x9bK\xd5o\xeav.Y-\xb2\xc9u\
?\x8f\x07\xe6\x0b\xfb\xd6\xb5\x12\xaf\xa2\x87q\xfd\xaa\x1f\
67q)\x03\xa2\xfbw\xd9\x88\xf0mH\x9c\x00=\
\xac\x0c\xf1z\x93&y\xd1K\xe25\x17.6\xc3\xb1\
Q\xc3\xbe\xf5\xac\x0d\x1b]\xbc\x94\xfag]\xf7\x8b\xa3\
\x13\xc4\xe7\xab\xe1s\xe2\x5cE\xdck7%\xfe\x08\xf9\
'\xac\x7fd\x06\x05\xf7\xd5k\xbf\xf9gB\xbf\xb9-\
\xfc\xfbu\x12\xaf\xa2\x176\xe5\x00\x8ba\xf3Y\xe7(\
\x9de\xe0{\xacK\x5c\xc3\xf7K\xdf\x9f\xcc\x94h<\
\xb7#\xf8\x10\x9b\xf4]\x83Z\xf4\xb4x\xcdb\xado\
w$,D\x17I\xb8\xd6\xb5\x95\x22\x83\xf5S\x8c\xe6\
\xa6v\xf7\x7f\xaf\xc8\xa6\xdc\x7f]\xbfp\xee\x8as3\
\xd9O\xfd\xa6\xae\x05B\x80\xf5\x8b\x1eO\xb1\xbb\x88\xc1\
\xd6\x88?O\xe2U\xf40n\x9e\xda\x8d\xf4\xf9]\x1f\
\x8f\x08\xdf\x86^\x10\x00f\xc1\xa6_(%`\xdd\xe0\
\x1e\xa1\x06\x14\xbd ^\x7f\x01\x8e\xa5\xb0\x18\x81[\x8c\
~\xa0\xddz\xa6\xc5\xa6\xbe\xfb\xc6\x9f\x88\xb7\xa0~\x0f\
\x0c!\xbe\x82\xd2\x11\x09\x1b\x9e\xd7\xb1i\xd74\x97\xd5\
\x7f\xbf9\x92\xf8*|O\x02Wy\x7f\x93x\x15=\
)^}\x7f\xebR'\xdfg\xc4l\xd0\x1b^\xc0\xfe\
\x87\xf4\xa9\x1aT\xac@\xf4\xa4xu\xfdor\xcc&\
\xcb\xfd}\xef\xc8\xebE}\xe2D\xe6C\x09b\xf4B\
\xaf\x1f8\x11;\x17\xedV7't\xdd\xf3\xd7T\xbf\
i\x885\xceY\xed\xa3\xd6w7\x97\x8c\xf1~\x96x\
\x15=9\x9f\xbd\x9bB{\xb9\xbfm\xa6\xf9\xaaX\xfd\
\x9fS\x86\xfa\xbfB\x0d(zA\xbc&m\xa6:\xf2\
w\x14\xf57\xd9\x07X?\xb1)\x14\x1f\x03O\xa3\xbd\
\x8c\xb5+dqc\x82\xd0\xbdE\xf3X\xc3\xcd+\x9b\
\x961\xafH\xbc\x8a\xee\xde\x84\xcf\x17\xceciR\x95\
\xfe\x1en\xc4\xfd\xd7kP\x03[\x96\xa1\xfe\xdfV\xe3\
\x89^\x12\xaf\xb9\xc8\x22\x93\x03V\x97\x08i\xc8>r\
v\x82(}\x9c\xf6$\xde~\xa4\xb9/r\xc7c\xfd\
\xa7U\x81\xad\xf1\xfa\xcd\x031sKN\xe2U\xf4 \
\xceh\xb8m\x8a\xcd\x94\xd3]\xaf\xab?\xc6\xef\x00\xe6\
&}\xb1\x82\x89\xc0\xbc\xda\x01\x88^\x10\xaf\xd1\x05\xe6\
\x9f\x12\xae\x0d9g\xb9JYI\xb9~\xb7\x0e\x9f\x9b\
T\x99\xebh\xf5\x9b\x86]\xeb\x16\xa60\xd7\xaf,\xaf\
\xa2\xb7\xc4\xeb\x05\xa4?\xf1\xbe$\xf2\xda\x86'\xf0\x06\
\xf6\x9b\xa4\xf7{\xddR\x93\xbf\xe8%\xf1\xea[\xcf\xd2\
VW\x12\xf5\xd9O\x92\xaa\xac\xbd\x05\x1c\x1e\x99\xcf\xdc\
\xdf>\x01\x06 7\x93F\xee7gt0\xbfH\xbc\
\x8a\x9e\xd0]\x01\xf02\xe9\xddXv\xac%\xcd\xd5\x13\
\x0a\xdb\x84\x9f\xd3\x06\xbc\x86M\x80\x9b\xeb@\x0c\x98\xf0\
\xdf\xb5\x81{4\xb0E/\x90\x0b\x07\xf0YX\xcb[\
\x9fP\x98h#\xd5X\x93\x7f\x0bp+\xb0?\xb0r\
\xa4\x0f,\x13>Ld.\x0b\xb0\x95\x95&\x87\xaf\xcf\
\xaa)\x1b\xb2\xdf\x9c\x13n|\xe6(\xb1\xde\x09Qi\
2a\x9f\x1bF\xbb\x7f~Gz\xab\x09\xeb\xcb\xffz\
D\x83\x09O$\xff\xb9\x8c]\x80\xfc^EwP\xca\
\xf2\x1a\xf5\xff\x11bQl0\x83\x7f\x0c\xec\x97\xb4\x8e\
KJ/\xc4\x16\xb4Wh\x93\xe5U\xf4\xb4\xde\xda\x8e\
\xf4qF\xef\x87\xaf\x0bj\xed\x22\xbb\x9b\x5c\xf8\xefk\
\xd8*E}\xc3\x06\x0b\x12v\x0dn\xc1\x98\x1f\xf8\xcc\
\xdbI\x08\xd1S<\x0d\xacC\xbb\xf5L\x0bLc\x12\
\x84s\xd6[\xd8\xc0\xbd\x1c\xedGr\xbe\xf5\x22\x13\xf6\
\x93\x17\x81\xf5\xbc\xff\xab\xdf4n\xbf\xf9\x1d\xf8\x1a\x1b\
\xf1-\xeb\xab\xe8)\x9c\xe5t-O\x7fe:\xd0f\
\x99p#\xd5\x865\xee\xd4\xc4iQO\x8b\xd7/\x80\
\x8f\xb1%6\x93\xc4k\x106^\x1f\xe0\x0f\x12\xaf\xa2\
\x9b\x07x\xd2\xe6\xe9\xc8\xf0!\x84?\x87e\x12\xe6,\
\xf7\xb7\x8b\xd5T\x22e\xbf\xd1\xf1\xac\xe8\x0e\x9c{\xd3\
\xea\x1d\xf4\xbd\xe8\xdc\xf5L\xe4\xff\x12\xaf\x91\xcfj\x03\
^\xc0\xfaa\xa4\xf1{]\x87\xf6\x1c\x8aB\xf4t\xdf\
W\xbf\x13\xa4X\x00\xa2\x0b\x81\xfa\x8dH\xd3o\x14\xd5\
-\xba\xa3\xbf\xe5\x80\x05\x81\x85(\xf6\xc9\x8f\xaeoM\
\xd8\x93\xa5\x97\x22\x9b\xad\xba\x98\x90+\x85\xf1\x14~\xa9\
\xe8m\xf7\xb7U\xb0.\x06:~\x13\x95ftJ1\
\xe2?D\xe3bJ\x88R\x93\xe29\xa2\xbe\x09R\xce\
\x19\xae\x8f\x8c\x89lz\x84\xa8\x94\xa6[\x0d{z\x9d\
K\xa1\xc9\xde\x03\xbe\x0a\xfba\xcd\xcc_=\xb9\xf3s\
\x8d\xf2*\xd6\x17h\x10\xa5\xfd^\xe7\x07\x16\x01\xde\xa9\
\xb5\x86\x15UK\x96v\x1f\x9f\x7fc\xf3uN\x0b\x07\
z\x9a\xc5I\x08\xf5\x0d\xd1\x95\xf9\xc7q\x8a\xfa\x8e\xe8\
&\x9d\xb5v\xe4\xffq\xb8\xd3\xef\xffP\x98\x15J\xe2\
5\xa6\xa1\x02\xe0;l\xad\xddUiOI\x14G[\
\xf8\xfd\xd6\x09\xc5\xab\xfc^E\xa5\xc5\xc6\xdf\xb0~A\
\xb3x\x0bKG\xe9\xb0\xa6a\x93\x8fO\xaf\xcdT\xc3\
.\x0c\xa5\x5c\x9dD\xe3mX\xa6\x84s\xc3ttl\
m\xf5\xd7\xbb\x8b\xb1983(\x9d\x9a\xa8\x5c\x7f\xcc\
bsL\xa7\xf1wu\x7f{\xba\x16\xe7\xb0\x9e\xf6\xb9\
i\x0aE\xe9\xb3\xa1x5)&\x86\x0d\x80\xf3%\x5c\
E7l\xa4>\x07\x96\x03\x8e\x03\xf6\x0a\xfbg\x5c\x80\
\x85\xf16T7\x01\xd7aO\x0f\x06{\x8b\x92\xa8o\
\xdc\xdc\xb5;0\x92v\x0b~\x00\x8c\xc5\xa6E\xfa]\
\x9b\x9a\x86\xea\x0f\xd3\xb0\xd5 \x97\x097\xc2\xcbE\xd6\
.\x22\x9b\xe2&l\x01\x8bS\x81[\x90AFT\x16\
\xb7\x11Z\x1e\x9b\xe3\xb5T\x5cQ\x06\xf8\x15\x9b\x05J\
\x1b\xf0\x14\x03\x1e\xe0\x8f\x94\xce?\xe6r(\x8e\x07f\
M\x98\x14\x84\xe8\xeaN\xd5\xb1\x22\xf00\x85%\xf3\x92\
\xca\x18?\x81\xcd\x84!\x1a\x8fCb\xfa\xc7w\xd8\x94\
j\xa2\xb1h\x01\x8e\x08\xef\x7fG9\xcb\x0d\xf03p\
,\xd6:\xab\xb5Lt\x07\xce\x18y\x0a\xa5K\xc2\xba\
\xbe\xf9\x8c\xfacyba0\xf0#\xe9\x13\xe8n\x1d\
\x11\xbfBT\xb2O\xfa\xfdjk\xe0\xbf)E\xec\xed\
\xc0\xe2\xdek\xfb\x84\xef\x95\xd1\xa3\xee\x1e}\xc2\x7f\x8f\
\x8c\xe9\x17\xdf\x033\x86\x7f\xd7\xfd\xaf\xcfG\xb3\xb7A\
i\x02\xfe\x82M\xfd\x185\xb6\xb8u\xcb/\x19|5\
6\xd7+Z\xc7D7\xafe\x016\xae\xa8\x94\xb6r\
\xc2\xf6\x98\x88\xf0\x15\x1d\xe0\x06\xee])v\x07n\x81\
\xb8J\x83^t3~\x1d\xfa\xfe\xc0_\xbd\x0dV\xd4\
\x8a\xe2WZ\x9a\x80\xadc>T\x8bSCX5\x8e\
H\x10\xaf\xd3\xcb\x82\xd1\x10\x9b\xdb\xb5\x81\xe7\x126\xb7\
\xb9\xc8<\xf1\x04\xd6=\xce\x9f\x17\xd4?Dw\xad_\
`\x83\xdc\xa7\xc4l\xa8\xe2N\xb6s\xc0\x0aZ\xb3\xca\
_\x04\xf6\xa2t\xa9X\xb7s\xf8\x8c\xf6hp\x0d~\
\xd1\x13\x9b+\xb0~C\x97a\xf3\xe0E-*\xd1\xbe\
;\x0a\xd8\xd7\xeb\xdf\x19TQG\xe2U\xd4\xcb\x5c0\
\x02\xeb\xa7\xea\x8f\xfdl\x82h\xfd\x10\xd8!\xf2>\x9a\
\x0bDw\xcfOA'tU?\xcd[\xdd\xbfCX\
Q;\x04\xd1C\x04\x14\x1e\xa3,\x0f<\x10Y\xb8|\
k\x8b\x7fz\xf0*\xb0Qd\xe1\xd2\xc4 \xf1*j\
K\xb4\xba\xfb8#\xd6\x87pB\x82P\xf5\x7f\x1e\x83\
u+\x19\xe0\xf5\x05\x89V\xd1\x93\xba\xeaN\xd2\x9dh\
\x1bt\xa2\xddiq\xe0\xfbf\xb4\xa5h\xe8\xbfG\x16\
\x11!z\xa2\x9f\xfa\x03\xfbO\xc0\xdb\x09\x226\x1b\xe9\
\xc7wR\xe8\x0f+\x11+\xf1*\xaa_\x004y\xf7\
q/l\xf2\xf6$\xd7\xa1\xac\xf7\xfb\xcb\x81\xb9\x22\xe3\
]\x88\x9eZ\xa7\xdcF\xeb'J\x1b\x04\xa3\xb1D\xd2\
T\x9dX\x08N%}T\xdckT\xae\xda\x91\x13%\
\xcd\x91\x87v\xc9\x22iQs}\xa3\x0f6\xe2\xfc\xfb\
\x14\x8b\xda$\xe0\x5c\xda\xf3\xc8jQ\x93x\x15\xd5\xb9\
\xf8\xfb\x0b\xf8\xfa\xd8r\x99iNZ\x1e\xa6\xddoP\
\x9bT\xd1\x9bs\xd3\x9fP\x16\xa7n\xc7-\xe0k\x90\
\xcem\xc0-\x16\x8bxb\xa2\xab\x9f\xdd\xd1\xdfu3\
E\xa9\xbe3+p\x01\xe9\xfca\xbf\x05\x0e\xa6\xddo\
[\xfe\xb0\x12\xaf\xa2\xfaD\xebb\xd8\x0c\x22I~\xad\
\xbeh}\x97v\xcb\x95\xd6\x0dQ\x0d\xeb\xd2\xb5\xa47\
\x06>V\x01-\xd5\xb0\x93\x06X\xdf\xa0\xff\xa5\xd8-\
\xb8\x06\xffkd!)\x87LD|l\x9e\xc9dv\
\x1b0`\xc0\xae}\xfa\xf4\xd9\x0d\xd8\x15\x98\xa3\x0c\x91\
+\x1a\xb7\xef\xfa}ci\xe0\x1e\x92\xad4\xbe\x88}\
\x13\xd8\x5c\x0b\x9e\xc4\xab\xa8\xaa\x8d\xe8P\xe0ll\x91\
\x097n\x936\xa2?\x86\xebP\x7f\xef~K\x00\x88\
j\xd0R_\x97\xa1\xa5\x0e\xe9\x82\x96\xd2\xe4\x11\xfe{\
\x15\xdd\x9bP7\xba\xbb^\x13x\xae\xa9\xa9\xa9\xe03\
2\x99\x8c\x09\x82\xe0{\xac\x85L\x11\xe3\xa2\x5c\x11\xbb\
1\xd6\xb5%M\x0a\x9d\xfb\xb1Uy$b%^E\
\xcf\xe2\xcf\xe9-\xc0~\xa4\xf3k\x9d\x82-\xe9:\xa7\
\x0c\x1c\xa2\x0auT\x9a\xc2O\xee1\x15\x9b=\x03\xe9\
\x9b\xae5\xfa\xa6\xa4\xf7\xd3\x98\x04\xcc[F\xa3\xfb\x93\
\xcbp\xe0\xfaL&\xe3OR\xad\xdbo\xbf}\xeb\xd0\
\xa1C[\x9dx\x0eE\xed\xcbX\xbf'\x7f\xe1\xd2\xa2\
$\xd2,\x86\xfb\x03\xdf\xa4X\x0c\xa7\x02\x17\x01\xb3k\
1\x94x\x15=\xbe\xd9\xdc\x88\xf6\x80\xe14\x9b\xcde\
\xb5\x1e\x88*\x9e\x97.\x22\xbd\x11\xf0e\xcdU]\x9f\
L\x08'\xfd\x1f)\xed\xfb\xea\x1a~\x9f\xc8M+%\
(\x06\x01\xc7\x04A\xf0s(\x5cs@\xdb\x8a+\xae\
h\xde{\xef=\xe3\x189rd\xc1\xa4\x15>\xf7_\
\xc0\x82\x12\x17\xa2\xcc\x8d\xd2,\xc0Y\xd8\xba\xe7\xa5\x8e\
!\x7f\x00\x0e\x05\xfa\xc6\xf4]!\xf1**+Z\x97\
\xa4\xbd@N\xa9|\xadoc\x83`\xfc1\xae\xfb+\
\xaaMC\xf5\x05>!}U\xadcSh(\x91r\
\xc1\xbf\x85b\x87\xf8$\xf1\xfa\x88\xb7\xc8\x97\x9a\xa8\xb6\
\x07>\xf0\x5c\x04\xdaf\x9ai&s\xd7]w\xe5E\
k.\x97\xcb\xff\xfc\xf5\xd7_\x9bu\xd6Y'_A\
\xa9\xa9\xa9\xc9\x04A0\x1e\x9b\xa6k\x90\xc4\x85(s\
\xa1\x5c\x14\xb8#\xe5B\x19\x17\x00\xa2~&\xf1**\
\xb3\xa1\x9c\x0d8\x9f\xf6\xdc\xe2\x1d\x05X~\x0f\xfc\x1f\
\x0a\xb0\x14\xb5\xd1\xbfW\xa3\xb4\xf1\xcf7\xa2,\xdd\x81\
\x86\x12e.\x08\xdbS:\xdf\xab\xbb1\x13\x81y\x22\
\x8d\x1f\x97T\xfe\xe1\x88\x8b@\xee\x84\x13N0>m\
mmy\x01\x9b\xcdf\xf3\xbf\x7f\xe4\x91G\xccl\xb3\
\xcd\x96\xff>\xa1\xf8\xfd\x00\xd8V\xbbp\xd1\x09\x11\x1b\
M\xbd\xd3\xd1\x11\xe5\xc3\xc0J\x911\xa2~&\xf1*\
\xd2\x13Mmw0\xe9R\xdbM\x0e\x05\xee\xac\x09\x02\
X\x88j\x9c\x93.\xa0\xb4\xcb@\xd63\x92hM\xa9\
\xd0\x22\x0f\xf6\x98u\x1c\xe9]\x07\x0e\xf4n\x9e?\xb9\
\xcc\x01\x5c\x12\x04\xc1\xb4 \x08\xf2\x13\xd3\xd6[om\
~\xfe\xf9\xe7\xbc8mmm5q81\xeb8\xed\
\xb4\xd3\x0aR\xa4\x84b\xf8~o\xe7\xa2\xc9M\xa4]\
D\x9b\xb0I\xcf\xbfL\xb1\x88\xb6\x02W\x02s\xab\x9f\
I\xbc\x8aNo\x1a7\x07\xde\x22]&\x90\xbb\x80%\
d\x9c\x105\xa6\x9d\xfa\x01_\x90\xdee\xe0\x8c\xc8|\
&\xba\xb8\xc0\x03\xdc\x1b3\xa1t\x94u \xe3\xdd\x80\
>\xc0\xc1A\x10|\xef[[\x17[l1\xf3\xea\xab\
\xaf\x16\x88S\xdfM \x09_\xdc\xfe\xfc\xf3\xcff\x9b\
m\xb6\xc9WP\x0a\x82\xc0\x04A0\x05\x9bZef\
\x89\x0b\x91\x02\xbfo\xcc\x84-\xce\xf1\x1b\xa5\xcbM\x8e\
\xc6\x96\x9b\x1c\xe8MX:\xea\x91x\x15\x1d\x8b\xd6e\
C#C\x1a\xd1\xaar\xce\xa2\x96\xd7\x94uI\x97e\
\xc0\xf5\xff?H\xafTvQ\x08\x80\x9dI\x9fu`\
\x0a\xedV\xa9M\x80\xd7=\xbf\xd6\xd6\x01\x03\x06\xe4\xae\
\xbb\xee\xba\x0e\xad\xaa\xa5\xc8\xe5r\x05\x22\xf6\xc5\x17_\
4\x8b,\xb2H^\x5c477\x9b \x08F\x01{\
x\x93\x9d&>\xd1\xd1\x02\xeb\xefv\x17\x06n&]\
B\xf4\xf7\x80\xed\x22\x13\x97D\xac\xc4\xab(\x5c\x84\xe7\
\x04.!]\xe1\x90\xaf\xb1\x99A\x94\x16Q\xd4r\xbf\
\xbf\x82\xf4Y\x06>\xc0f\xc4\xd1<U\xc1E\x1d\xac\
\x15\xf3\x17\xd2\xd7\xe5\xbd\x08\xb8.\xea\xd7:r\xe4\xc8\
D+jg\x88Zk\xaf\xb8\xe2\x0a\xd3\xdc\xdc\x9c\xdf\
\xbd\x87\xa2\xf99`u\xed\xdeE'D\xec\xba\xc0\x7f\
HW\x8a\xf21`\x15\xf53\x89WQ 6\xfb\x03\
\x87\xd3^\xd7=\xce%\xc7\x8f\x998\x0b\x9d\x9a\x89\xda\
\xd7L\x03iO\xcb\x98\xc6e\xe0\xb4\xc8\x5c&*\xb8\
\x8b\xb8\x9d\xd2Y\x07\x0c`\x82 p\xc21\x07d7\
\xd8`\x03\xf3\xcd7\xdft\xda\xd2Z\x8e+\xc1\xd4\xa9\
S\xcd^{\xed\x95?\x82\x0a\x82\xc0\xf9\xc3^\x0d\xcc\
\xa5IQ\xa4\x5c|\xfd\xfe\xb1;\xed\xbeKq\x8bo\
\x9b'h\xaf\xa1=\xdf\xb1\xfa\x99\xc4k#\x8f\x9b\xad\
\xb1'\x13q\x9b\xbfld\x1c\xdd\x8a-\x01\xab\xcd\x9f\
\xa8\xf5\xb9(\xc0\x16\xc6I\xeb2\x90\x05\x96\xf3\xc6\x90\
\xa8\xf0\xc2\xb0M\xa9\x9b\x11\x04\x81inn\xceOL\
\xf3\xce;\xafy\xfa\xe9\xa7\xf3\xc22\x9b\xcd\xa6\xf2k\
\xed\x0cQW\x82\x0f>\xf8\xc0\xac\xb8\xe2\x8a\xf9\x093\
t%\x18\x83-\x1f\xa84+\x22\xed\xc6\xcd-\xa0\x83\
\x81\x13\x81_I\xf6\x87u\x0b\xf3/\xd8|}\xbe?\
\xacD\xac\xc4k=[\x9b|\x8b\xd1\x8a\xd8\xb4\x89i\
N,\xfe\x83\xad@$\xd1*\xeae\xcd\x00\xf8'\xe9\
]\x06\xde\x0au\x88\xfa}7LL\x003\xd0~\xf4\
S\xe4:\xe0\x97t\xcdd2\xe6\xa2\x8b.\xea\x92_\
kWD\xac\x9fZ\xeb\xf6\xdbo7\xd3O?}4\
\xb5\xd6[X\x7f\x5cM\x98\xa2\x9c\x09\x09`~\xe0\x06\
\xe2\xfda\xa3V\xd9\x8f\x81\x9d\x22\xef\xa3\xcd\x92\xc4k\
\xbd\x8e\x8d\xb9\xb1\x998Z)\xed\xd7\xfa%\xb0\xa77\
\x1edH\x10\xf5\xa2\x95f\x06~\xa6\xb4\x9b\xa5\x1b'\
\xc7G\xe61\xd1\x0d\x13\xd4\xcd\xd1\xdd\x84\xe7\xd7j\x00\
\xb3\xe7\x9e{\x9a\xc9\x93'W\xcc\xaf\xb5+\xfe\xb0>\
G\x1duT\x5c\x95\xae;\xb0\xc19q\x13\xb1\x10\xd1\
\x89\xc9\xef\x1f\xab\x01O\x93.?\xec\xd3\xc0\x1a\x11\xb1\
%!%\xf1Z\xebk\x82k\xcfA\xc0\xdf\xb0\x198\
\xe2\x84\xaaoy\xfd\x15\x9b\xd1c&\xcd\xbb\xa2N\xe7\
\xa1=(\x9d\x1b\xdf?\x85X\xdc\xdb\xc0\x89\x0a\xd3'\
\x9c\xa8\xd6p\xbbi\xcf\x97\xd4\x00f\x95UV1\x1f\
}\xf4Q\x81h\xed.\x17\x81\xce\x8a\xd8o\xbf\xfd\xd6\
\xac\xb7\xdezy\x8b@&\x931A\x10\xfc\x0e\x9c\x0c\
L'\x0b\x80HA\xd4\xafog\xac\x855N\xc4\xfa\
\x96\xa7\x1c\xd6b\xab\x92\xc6\x12\xaf\xf5\xd4\xffw\x04>\
\xec\xa0\xff\xfb\x0b\xf8\xcd1\xc6\x02\xdd\x13QOc\x03\
\xe0)\xd2\xa7\x16}9\x1c\x03\x1a\x07\x15&jm\xda\
\x1d\x98\xd6\xd4\xd4\x94s\x13\xd4\xcc3\xcfl\xee\xb9\xe7\
\x9e\x1e\xf1k\xad\x94?\xec\x93O>i\xe6\x9cs\xce\
\xa8+\xc1\xa7\x14\x1f\xf1\xaaC\x894\x96\xa7\xc1X\x1f\
\xd7\x9fSX\x9e\xc6c}ggH\x18cB\xe2\xb5\
\x16\xd6\x82U\xb0\x196\xd2\x9c<<\x0b\xac\x15\xb9_\
\xba\x17\xa2\x1e\x85\xeb\xc2\xd8tp9\xd2\xb9\x0c\x1c\x1a\
\x99\xc3D\x85'\xaa\x95\x80\xc7\xa2.\x02\xa7\x9crJ\
\xaf\xf8\xb5V\xca\x95\xe0\xdcs\xcf\x8ds%x\x18[\
\xc2\xd6\x17)Bt$b\x1d\xf3a\xb3Z\xb4Q\xda\
\xe7\xef3`7\x0a\xf3\x10\xcb\xe2/\xf1Z\xed}|\
^lF\x8d\x1c\xa5}\xbe]\x1fG}\x5c4\xc8\x1c\
t\x02\xa5\x03\xb5\xdc\xd8\xf9\x1d\x18\x16\x11\xbf\xa2B\x13\
\xd5\x5c\xc0\xe5\x99L\xa6\xd5+\xe9j\xb6\xddv[3\
n\xdc\xb8^\xf7k\xadDj\xad_\x7f\xfd\xd5\xec\xb4\
\xd3Ny\xa1\x11V\xe9\x9a\x86\xadI<K\x82\x98\x17\
\x22\xba\xd9\xf3w\xce\xabF\xacR\x1dU\x11z\x0eX\
;2\xfe$\xb2$^\xabe-\xf0\xfdZ\x8f\xa30\
\xdfwG~\xad'\xd0\xee\x8a\xa5\xf9S\xd4\xeb\xbc\x9f\
\xf16e\x01\xed.4\x1d\xb9\x0c8a{\x8f\x84k\
e\xf0}=\xfb\x00#\x83 \xf8\xd1/4\xb0\xf8\xe2\
\x8b\x9b\xd7_\x7f\xbd\xea\xfcZ+\xe1J\xf0\xdak\xaf\
\x99\xc5\x16[\xac\xc0\x95 \x08\x82\xef\x80}d\x1d\x13\
e\x8c!\x7f\x91\xde\x8eB\x7f\xc0\x8e\xf2\x5c\xde\x82\x82\
\x07%^\xab\xb3\x1f\xef\x82u\xab*\x95\xe7\xd8\x00\xd7\
c3r\xa8\x1f\x8bz\x17\xacQ\xb6&]nW7\
^\xb6\x89\xcc_\xa2\x8bV\xa3\xcd\x81w\xbc\xd4Wm\
\xfd\xfb\xf7\xcf\xddx\xe3\x8d\x05\xc2\xaf\xda]\x04:[\
\xa5\xeb\xdak\xaf5---\xd1*]/E\xacc\
\xf2\xd9\x12\xa5\x16\x7f\xbf\xd2\xcaQ\xa4\x8b\xc4\x9e\x80\xad\
\xb42D\x8b\xbf\xc4k\x15\xac\x05kb\xfdU\xd3\xe4\
k}\x12\x9b\x81\xc3\xef\xb7joQ/\xe3\xa2)f\
.\x0eB\x83\xc3\xde\xd8\xccE\xe3I_\x85\xf4[\x0a\
O&D\x17&\xaa%\x81{\xa3%]\x0f?\xfc\xf0\
\x8a\x96t\xad\x05W\x82l6k\x0e<\xf0\xc08\x7f\
\xd8\xeb\xb0~\x8d\x12\x16\x22\x0d~\xff\x18\x86\xadu\x9d\
&\x07\xe6W\xe1\x84\xd8\xe4\x89aY\xfc%^{\xaa\
\xaf.\x08\xdcH\xbc_kT\xb4~\x88\xcd8\xe0\xbf\
\x8f\xfa\xaa\xa8\x07\x03D\x5c_\xee\x0f\xac\x0c\x1c\x19\x04\
\xc1\xe3\xcd\xcd\xcd\xe3B\x97\xca\x82<\xf7\xd1\xdfQ\xec\
2p\xa94D\xd7'\xaa\x99\x81\xb3\x83 \x98\x14\x0a\
\xb4,\x90\xddp\xc3\x0d\xcdw\xdf}W3\xc1X\xdd\
\x11\xd4\xf5\xe9\xa7\x9f\x9a\xd5V[-_\x7f;\xec\x94\
?\x87\x96\xb4~\x12\x16\xa2\x13\x9b\xc4\x15\x80\x87RZ\
\xb3^\x02\xd6\x975K\xe2\xb5\x87\xd6\x82\x19\xb0\x990\
|\x0bR[\xc2\x06k,p\x0c\xf2k\x15\xf53O\
g\x12\xe6\xd8!\xe1<|V&\x93y\xab\xb9\xb9y\
J$x=\xdb\xaf_?\x7f\x1e/\x95\xdb5\x87\xcd\
\xd6!\xf1\xda\x89\xdd\x84k\xb4\xbd\x83 \x18\xe5\xbb\x08\
\x0c\x1f>\xdc<\xf3\xcc3U\x9d\xfa\xaa\xa7\xabt\xdd\
}\xf7\xddf\xc8\x90!\xd1\xd4Z\xff\x05\xfe\x14Y@\
\xb58\x8a\x8e&G\x7f\xa2\xda\x12x\x87t\xfe\xb0\xb7\
\xa1\xba\xef\x12\xaf\x95_\x0b2^\xbb\xfc\x05\x9b\x1d \
\xc9\xaf5\xeb\xfd|56\xeb\x00Z\x80E\x9d\x08\xd6\
(\xc3\x80\xed\x82 \xb8*\x93\xc9|\x12\x96\xbd\x8f\xfa\
\xadf\xd7]w\xdd\xdc\x95W^i\x86\x0d\x1b\x96\xff\
\xdbf\x9bmfV^y\xe5\xb8\x22NnL\xbd\xa1\
9\xbc\xf3\xd6\x9fu\x81\x17=\xd1\xda\xda\xd4\xd4\x94\xbb\
\xe4\x92Kj*\xf5UO\xa7\xd6:\xee\xb8\xe3\xe2\x5c\
\x09\xee\xa1\xbdB\x86&r\x91F4\xb8I\xab/0\
\x12\xf8\xb1\x03\xd1\xe0D\xd8$\xe0l\xecI\x89\xfa\x9a\
\xc4k\xa56Q\x7f\x04^ ]f\x8c\xc7\x80?h\
\xc3.\xea\xa0\xffgb\xe6\xe5\xc5\x81\x03\x82 \xf8w\
&\x93\xf9\xde/y\xef\xc6\xc6\xa0A\x83\xb2\x9bl\xb2\
I\xee\xc6\x1bo4?\xff\xfc\xb31\xc6\xb8lE\x06\
0\xf3\xce;\xaf1\xc6\x98\x93N:\xc9x\x86\xae\xe8\
\xdc~Pd\xde\x12\x09\xf8\x13\xd5B\xc0\xcd\x9eOF\
\x1b\x90\xddo\xbf\xfd\x0a|>\xeb\xd5\xaf\xb5\x12\xfe\xb0\
c\xc6\x8c1\x9bn\xbai\x5c\x95\xae\xd3\x80\x19#;\
:!\xd2\x8c\xcb\xd9\x81\x8b\xb0\xc9\xadK\xf9\xc3~\x0b\
\x1c\xe8M|r[\x91x\xedL\x9f[\x18\xf8W\xd4\
\x92\x94 Z\xdf\xc3f\xce\xf0\xdfG\xf3\x9b\xa8%\x83\
A\x9c\xa5\xb3\x7f\xb8\x19;>\x08\x82g\x9a\x9b\x9b\x7f\
\x8bXJs@\xdbl\xb3\xcd\x96\xdds\xcf=s\x8f\
=\xf6X\x91Ak\xe7\x9dw\xce?\x7f\xba\xe9\xa63\
\x13&L0\xc6\x18\xf3\xc2\x0b/\xe4\x7f\x1fj-7\
\x1f\x8d\x03f\xd5|\x94\xde\xc23=pb\x10\x04\xbf\
\x86;\x81\x1c\x90]}\xf5\xd5\xcd\xe7\x9f\x7f\x9e\x18y\
/Lb\x86\x85g\x9f}\xd6\xcc7\xdf|QW\x82\
\xcf\xb0ie\xfcI^\x1dT\xa4\xb5\x82-\x0d\xdc\x9b\
\xd2\x0a\xf6\x06\xb0\x89\xac`\x12\xafe\x8a\xd6!\xe1F\
{\x82\xd7\xaf\x926J\xa3\xc36\xed\xafM\xb9\xa8\xb1\
y5\xc9\x1d`(\xb01pA\xe8\xbf:5\x12\x5c\
\x95\x05\xda\x16]t\xd1\xdcQG\x1dU\x90\x1a\xd4w\
\xa54\xc6\x98\xa3\x8f>\xba\xc02\xfb\xf5\xd7_\x17<\
o\xa6\x99f\xf2]\x07\x5c,\xc3u1cR$,\
\x88;\x03\x9fz>\x1bm\xb3\xcd6\x9by\xe0\x81\x07\
\x1a\xda\xaf\xb5R\xae\x04\x17^xaA\xa0M\xd8\xce\
O\xd0\xee\x90\xdd\xe8\xc2B\x94?f7\x0d\xc5i\x9a\
\xd2\x9bw\x03K5x_\x93xM6`d\xbc\xc5\
ro\xe0\x7f\x94\xf6k\x9d\x06\x5c\x86-R\x83\x16[\
Q\xe3\x82u>`\xb7 \x08n\xcad2_$\xf9\
\xaf\xae\xb3\xce:\xb9\x8b/\xbe\xd8|\xf9\xe5\x97\xb1\x82\
\xb5\xb5\xb5\xd5L\x9b6\xcd\x18c\xcc5\xd7\x5cS\xf0\
\x1e\xaf\xbc\xf2J^\x1f8q\xeb\xdc\x09\xc2\xcfsc\
k5\x8d\xa7\xd2\x0b\xe0*\xc0\x93\xbe_+\x90;\xed\
\xb4\xd3\xe4\xd7ZaW\x82\xc9\x93'\x9b\xdd\xfe\xbf\xbd\
\xf3\x8e\x93\xa2H\xff\xff\xbbzf\xc99'#\xa2\x07\
\x8a\xe1T\xc03\xa0\x98\x101\x9d\xa0\x80\x19\xd3\x09\x9c\
\xc8)\x82\x82g\xf8\x1dF<\x15Q9\xfd\x8a\x09\x03\
\xa7x\xa8w\x9c\xa8\x80\x98\x15\xcc\x88r\x06\x82d\x14\
\x16D\x97\xdd\x9d\xe9\xfa\xfd\xd1]\xbd5=3\xcb\xee\
\xec\xcc\xc6\xe7\xfdz\xcdkwggzz\xaa\xab\xab\
>\xf5\xd4\x13.\xb8 X\xb5\xf9U\xbab\xfe\x04\xd0\
Y&\x00!\x03\xb1Q\x0f\xcf=\xe0G\xca\xe6\x0f\xfb\
w<\xf7\x83\xba\xd8\xd7D\xbc\x96>\x17\x9c\x08\xbcO\
\xd9,\xfa\xff!\xb9<\xb6,\xbc\x85\xea\xdc\xcf\x9d\x14\
\xe3\xc1\xfe\xc0H\xa5\xd4\x7f\x1c\xc7\xd9\x90\xca\x7f\xb5q\
\xe3\xc6\xf1A\x83\x06\xb9\xcf=\xf7\x9c\xde\xbcys\xca\
9\xde.\xc4d\xb4\xd2\xeb\xaf\xbf\x9ep\xac\xe7\x9f\x7f\
>\xe1\xffF\x1b\xbc\xf4\xd2K\xe1\xdc\xae\x9f\x90\xb8#\
.\x84.\xde.\xc0?\x1c\xc7qm\xbf\xd6\xa1C\x87\
\xeam\xdb\xb6\x89h\xcd\xa1+\xc1g\x9f}\xa6\x0f:\
\xe8\xa0p\x95\xae\xb5\xbe\x08\xc9\xb3\xae\x95t^\xa14\
l\xe1\xd1\x1e\xb8\xdb\x17\xa8;\xdb\xe6]\x03\x5cI\xdd\
K\xe3&\xe25\xb5h\xed\x09\xbc@\xd9\xfcZ?\xc7\
\xcb\x80!\xa2U\xa8\xce\xfd;]\xfe\xd5fxE5\
nVJ\xbd\x1b\x8dF\x7fI\xe5\xbf\xba\xeb\xae\xbb\xc6\
G\x8e\x1c\xa9\xe7\xcd\x9b\x97R\x03\x15\x17\x17\xa7t\x9f\
4\xd6\xd4/\xbe\xf8\x22A\xb8N\x9e<9\xe1\xff\xb6\
\xb6\xfa\xed\xb7\xdf\x8c\xd55\xe6k\xb1\x91\xa1\xf1J.\
\xa8\xff\xb3\x81?xo\xb2/V\xcf\x9e=\xf5G\x1f\
}\x94`%,**\x0aV\x15\xf2\xa8\xf8\xa3\xb0\xb0\
P\x17\x16\x16\x06m\xfc\xd8c\x8f\xe9z\xf5\xea\x85s\
v~\x88\x17\xd9+\x08e\xbd\xaf\xc3EDfQ\xb6\
\xfc\xb0\x9f\x90\x98\xc6\xad\xb6\x0b\x11\x11\xaf\xc9\xb9\xbb\xef\
\x02\x0a\xca\xb0\xe0Y\x0b\x8c\xc6\xcb|Q\x97\x16<B\
\xcd\x13\xaca:\x00\xa7+\xa5\xa68\x8e\xb3$\x1a\x8d\
\xc6H\xaef\x15\xdb\x7f\xff\xfd\xddI\x93&\xe9/\xbe\
\xf8\x22\xad;@i\xc6<\xf3\xbfM\x9b6%\x14\x1f\
\x18=zt`\xc4J\xc7\xf1\xc7\x1fo\xbb\x0e\x1c\x96\
\xc2\xd8X\xa7-\xae\x0a/b\xee\x0b{p\xfa\xdd\xef\
~\xa7\xdfx\xe3\x0d1\x8fV!\xb7\xdf~\xbb\x11\xb1\
\xf6M5\xc3\xb7\x8e+\xb1l\x08\x19\x88\xd8\x93\x80\x8f\
\xca(b_\x06~_\x07Dl]\x16\xaf\xb6\xd8\x8c\
\x02#\xf0,\xf0;\xf3k-\x04\xee\xf5\x05@*\x01\
,\x08U-XS\x89\xbcn\xc0\x85J\xa9g\x1c\xc7\
Y\x95\xca\x7f5\x12\x89\xc4\xfb\xf5\xeb\xe7N\x9b6M\
\xaf^\xbdz\xa7\xee\x00\xa5a[T\xdb\xb4i\x13|\
\xce\xe9\xa7\x9f\x9e\xb0\x03\x9b\xce\xadp\xda\xb4i\x1a?\
+\x11\xf0\xe7\xbar\x9f\x95e\xa0\xcd\xf3\x07\xea;\xf0\
\xca\x95\xed\xd0Z\xd7?\xe9\xa4\x93\xd4]w\xddE\xa7\
N\x9dX\xb3f\x0dEEED\xa3b\xa9\xae\x0c\xb4\
\xd6\xc4b1\x9a5kF\xfb\xf6\xed\x99?\x7f>\xa3\
F\x8db\xcd\x9a5\xaeR\xca\xd5ZG\x81\xab\xf1|\
\x14\xa3\xfe\xe4\x22\x08e\x11)\xf8\xa2\xcc\x04\xdf\x5c\xef\
/\x84\xf0EI\xc4z\x8dyO10\x0d\xb8\xdd\x17\
rf\xf0\x8c\xd72\xf1\x1a\xf3\xc5\xeb\x9d\xfe\xefF\xa8\
\xaf\x03\xba\x03[\xfd\xbfu-\x9b\xe0\xcdu\x1c\x88W\
\x1d\xeb`\xab?8\xd6wv\xad\xfe1\xdb\x7f\xed\xe7\
V\x7fpkQ\xdb\x085\xd7\x10\xa7\xad\xf1\x0b\xbc\x1d\
\x81\x9e\xc0\xd1J\xa9\xe3\x22\x91\xc8\xa1Z\xebV\xf1x\
0|i\xc0m\xd3\xa6\x8d:\xf1\xc4\x13\xd5\x90!C\
T\xdf\xbe}i\xda\xb4i\xc2\xc1c\xb1\x18J)\x1c\
\xc7A\xa9\xb2\xada\xe3\xf18\x91\x88w\xcb\xf4\xec\xd9\
\x93%K\x96\x00p\xf0\xc1\x07\xb3x\xf1\xe2`\xbeO\
u<\xf3\xde\xb5k\xd7\xd2\xb9s\xe78\x10QJ\xfd\
Gk=\xb0\x96\x8dC\x19c\xfc(o\xf4\x07\xab\x22\
v^\x9eL\x1eU\xf7(\xf6'\xd6+C\x16#A\
(+\xf6\xaa\xbd\x15p\x1b%\xfe\xb0\xa5\xe5\x87\xdd\xe0\
/\x9a\x1a\x84\xc4Om\x11\xafP7,\xafaK\xfc\
A\x94\x9e^\xcd\xb6\xc4/\xf6E\xae\xdd\x97d\xf7G\
\xa8\xca\xc5W\xaa>\xd8\x1c\xe8\x07\xdc\xaa\x94\xfa \x1a\
\x8d\xfe\x16.\xc7\x0a\xc4\xbav\xed\x1a\x1f=z\xb4~\
\xe7\x9dw\xd2\x06Ug\x9a\xfe\xd3~O\xff\xfe\xfd\x83\
\xcf\xee\xd2\xa5KJ\xabli\xec\xbf\xff\xfe.\x9e\xeb\
\xc0\x06J*\xd3\xd5j\xd7\x81\xf2\x08\x1b\xc7q\x1c\xc7\
u\xdd\xf8\xc8\x91#\xe9\xdd\xbb7\xbf\xfc\xf2\x0byy\
yr\x8bT1\xb1X\x8c\xf6\xed\xdbs\xf5\xd5W\xb3\
b\xc5\x0a\x1c\xc7\x89\xb8\xae+\x13\x86\x90)qKx\
l\x06\xae\x03\x9e\x02\xfe\x0a\x9cm\xbd\xc6\x04\xef\x18\x11\
\xd3\x0e\x98\x0c\x5c\x08\xdcLI \x8fX\xddj\xd6\xc2\
\xc5\x94\x0e\xee\x04\x8c\x03.\xf7\xadS\xda\xba\x9e\xa6\x0f\
D\xfcyd5\x9e\xe5\xfd\x11\xdf\xc0\xe1\x84\xfa\x92 \
T\x96`5\x8fxh\xcc\xe9\x02\xfcA)u\x9cR\
\xeaH\xc7q\xf6\x8e\xc5b\x8e\xd9\xc94cT\xaf^\
\xbd\x9c?\xfe\xf1\x8f\xce\xa9\xa7\x9eJ\xf7\xee\xdd\x13\x0e\
\xee\xba.\xae\xeb\xe28\x0e\x8e\xe3\xa4\xddm\xd6Z'\
\xbc'\xfc\xbc\xd6:\xd0N\x97_~9\xaf\xbe\xfa*\
\x00yyy\x81\xf5\xd5\xb6\xca\x966\xf7G\xa3Q\xce\
<\xf3L\xf5\xc5\x17_\xb8Z\xebv\xc0\xe1\xc0\x0aY\
4\x96X^o\xf6SA\x14\xf5\xeb\xd7O\x9cM\xab\
\x19\xdb\xb6m\x0b,\xaf\xbe\xc3\xf7\xe8\x0c\x16(\x82\x90\
j2\x08\x97\xfa|\x87\xb2\xe5\x87\xfd/\xd0;\xb4X\
\xae\xa9\x03jm\xb7\xbc\x86K\x0a\x8f\xf6\xbf\xd7\xceR\
\xa8\xfd\x8a\x17\xb8\xd5.$\x80\x05\xa1\xb2\xc7('\xc5\
\xf3\xbf\x03.SJ\xbd\xe08\xce\xeaT\xfe\xab\x0d\x1a\
4\x88\x9fr\xca)\xee\xa3\x8f>\xaa7n\xdc\x98\xd6\
\x7f\xd5XX\xe3\xf1x\x10\x84e?b\xb1X\xb9\xad\
\xb0\xb7\xdf~{\xc2\xf9\xfc\xef\x7f\xff+W\xa6&\xe3\
\xf7\xeag(\x88\xe1U\xdbz\xa2\x86\x8fE\xe5\x1a\x90\
\xcbf\x8e\x89\xc7QJ1\x7f\xfe|\x9ex\xe2\x09.\
\xb8\xe0\x02\x0a\x0a\x0a\xc8\xcb\xcbKXi\x08\x95x\xd7\
*E4\x1a\xe5\xa0\x83\x0e\xf2f\x8dH\x04\xcbWG\
\x10*\x8a\x11+fbx\x03\x98\x8fg]\x9d\x88\x97\
\x9c\xdb\xb6\xc2\x19++@\x7f_\xec>\x0a\xdc\x0a\xac\
\x0aY\xf7\x84\xea1\xf1\xdb~\xad\xa7\xe1\xb9\x88\x1dd\
\x8c;\xd6u\x0d\xfb\xb5\xbe\x00\xdc\x82W\xda\xd5\xcc'\
q\xb9\xb6B%.\xb6\xecL\x17\xe0Uj;\x008\
\xc6\xf7_\xfd\xbd\xeb\xba-\x5c\xd7Ek\x8d\xeb\xba\x1a\
p\xdb\xb6m\xab\x06\x0c\x18\xa0\x06\x0d\x1a\x14\xe9\xd7\xaf\
\x1f\x8d\x1a5*\x19\xf0\xb4\xa6\xa8\xa8(\xf0_\x8dD\
\x22\x09>\xa7\xe6w\xc7\xd9\xf9\xae|aa!\xf9\xf9\
\xf9l\xdd\xba\x95\xf5\xeb\xd7\xf3\xf3\xcf?\xb3z\xf5j\
6n\xdc\xc8\xd7_\x7f\xcd\xacY\xb3\x82\xd7.X\xb0\
\x80n\xdd\xba\x95\xc9\xe2\x1a\xac\x12-\x7f\xd9\xddv\xdb\
M\xad\x5c\xb9\x12\xa5\xd4\x91Z\xeb6\xc0O\xd4b\xdf\
\xd7r[\xe5\x8cH\xbd\xf4\xd2K\xb9\xe0\x82\x0bh\xd8\
\xb0aZ\x87b!\xb7\x98N>s\xe6L\xbe\xff\xfe\
\xfb\xe09A\xc8\x01nHxN\xc7\xf3\x83\xbc\x0a\xcf\
J\xd7,\x85\xb8\x89\xfbc\xcc\xe5\xc0\x99x.\x05S\
\xf1\xacufk\xcf\x95\xa6\xadr\xd1\x1a\xc7\xcb\x18q\
3%\xfe\xaaF\xb4F\xad\x05\x8c\x11\xb1\x8b\xf0\x5cH\
^\x0d\x89V\x09\x0c\x15r\xd9_\xed1\xc3\x1e7Z\
\x03\x87\x02'(\xa5\xfa*\xa5\xf6u]\xb7~\xd8\x1d\
`\xaf\xbd\xf6r\xce8\xe3\x0cu\xe6\x99gFz\xf7\
\xee]\xaaA\xa8~\xfd\xfai\xff\xff\xcb/\xbf\xb0y\
\xf3f6l\xd8\xc0O?\xfd\xc4O?\xfd\xc4\x9a5\
k\xd8\xb8q#k\xd6\xaca\xfd\xfa\xf5\xe4\xe7\xe7\xb3\
y\xf3f\xb6n\xdd\xca\xf6\xed\xdbw\xfa\xe5\x9ez\xea\
)\x8e>\xfah\x5c\xd7-\xb3p5\xe7j\xdc\x18N\
9\xe5\x145u\xeaT\xad\x94\xda\x0do\xc7\xeb?\xa1\
\x85i\x9d#p\x1b\x88F\xa3\xbaW\xaf^A\xc0\xd6\
\xd8\xb1c\xcb\xe5T,d\xb7x\x81\xa1A\x83\x06\x1a\
\xd0\x0d\x1b6\xd4\xc7\x1dw\x5c1\xa0\xf3\xf2\xf2\xc4m\
@\xc8%\xf6\x08\xdb\x0dx\x92\xb2%\xaa_\x0a\x0c\x0d\
\x1d\xa7&\x04\x16\xd4&\xb7\x01\xfb\xdau\xc1\xab\xd2W\
\xcc\xce\x03\xf2V\x01\x7f\xb2\xde_S\xae\x9dP\xb3\x17\
X\xa9\xd4\xdcn\xc0\x10\xe01\xe0[\x92\x03\x97c\xcd\
\x9a5\x8b\x9dz\xea\xa9\xee\xd3O?\xad\x0b\x0a\x0a\xd2\
\xce\xa5\xdb\xb7o\xd7k\xd6\xac\xd1K\x96,\xd1o\xbf\
\xfd\xb6~\xe1\x85\x17\xf4\xbd\xf7\xde\xab\xaf\xbb\xee:}\
\xe1\x85\x17\xea\x81\x03\x07\xea>}\xfa\xe8=\xf6\xd8C\
\xb7h\xd1\x22!\x0fkE\x1e&@\xaco\xdf\xbe;\
\xcd\xe5Z\x16\xd7\x81\x05\x0b\x16\xd8\xae\x03\xf7\xf8\xedT\
k\xef\xcfr\x09\x9bX,\xc6\x83\x0f>\xc8\x09'\x9c\
\xc0\xe6\xcd\x9b\xb9\xeb\xae\xbb\xb8\xf6\xdaki\xd3\xa6M\
\xb9L\xddB\x16\xcc`\xfe\x0am\xfc\xf8\xf1\xec\xd8\xb1\
\x03\x80\x09\x13&\xd0\xa2E\x0b\xdex\xe3\x0d\xea\xd5\xab\
Gqq\xb14\x94\x90+\xe2\xd6\xe4\xf2-p\xbe?\
\x91\xdc\x88W\x85\xc6\xbc\xc6L>F\xc8v\x07\x9e\x01\
.\xc6K\xa5\xf4\x8e%\x84$\xa8+\xb78\x96@m\
\x80\x97\x13\xf2Z\xa0\x8du\xbd\x22)\xae\xdd\xaf\xc0\xfd\
x\x96\xf3\x9f\xad\xeb%\xdb<B\xaeD\xab\x0a\x8d\x07\
Q\x7f\xec\xe8\x0b\x1c\x8fgYl\x1f\x1e\x93:v\xec\
\xa8\x0e9\xe4\x10u\xf2\xc9'Gz\xf7\xeeM\xabV\
\xad\xd8\xb6m\x1b\xaf\xbe\xfa*\xdf}\xf7\x1d+W\xae\
d\xe3\xc6\x8dl\xda\xb4\x89\x0d\x1b6\xb0e\xcb\x16\xf2\
\xf3\xf3)((\xc8\xda\xc97i\xd2\x84\xfa\xf5\xeb\xd3\
\xa6M\x1b:v\xecH\xdb\xb6m\xe9\xd8\xb1#m\xda\
\xb4\xa1]\xbbv\xec\xbd\xf7\xde\xc4b1N8\xe1\x04\
o\xf5\xd8\xa5\x8bw\xf2\xf1xF\xe9F\x8d\xee:\xfa\
\xe8\xa3i\xd2\xa4\x89\xda\xbe};J\xa9\xa3\xb5\xd6\x8d\
)\xd9\xe5\xaau\xe3j\x99[J)\x85\xd6\x9a\x1e=\
z0m\xda4\xce:\xeb,\x00\xce9\xe7\x1c\xe6\xce\
\x9d[&\xff\x0f!K\xaa\xc1_(l\xd9\xb2\x85;\
\xee\xb8#x~\xc2\x84\x09\xdcp\xc3\x0d\xd2@Be\
a\xfb\xc3*`\x81\xff8\x1f\xcf\x1f\xb6[H\x14\xd9\
\xfe\xb0\xc7\x02\xc7\x00\x8f\xe3\xf9\xc3~/\xa2(\xa7\xa2\
UY\xed:\x18o\xdb\x7f\xbf\x14B\xd5\x08\x06#b\
\x9f\xc5\xf3k\xfd&t}\xe4\x1a\x09\xb9\x1cW4\xd0\
\x02?\xff\xaa/X\x0f\x04\xec\xe4\xaaZ)\xe5z\xf2\
D\xa9H$\x12i\xdc\xb81\xabW\xaf\xe6\xf6\xdbo\
\xe7\xc7\x1f\x7f\xcc\x8a\x1b]$\x12\xa1I\x93&\xb4n\
\xdd\x9a\xd6\xad[\xd3\xb2eKv\xdduW\xda\xb5k\
G\xfb\xf6\xedi\xd7\xae\x1d\x9d:u\xa2c\xc7\x8e4\
n\xdc\x98\x16-Z$\xf8\xd0\xa6\xe2\xd7_\x7f\x0d~\
o\xd5\xaaU\xc5\x94\xbe\xaf\xcd\x94R\xf4\xef\xdf_\xbd\
\xf0\xc2\x0b8\x8e\xd3\xc3u\xdd\xfd\x81\xf7\xeb\xbcx5\
|\xf7\xddw\x0c\x1e<\x98\xb6m\xdb\xb2i\xd3&^\
{\xed5>\xf8\xe0\x03\xfa\xf4\xe9\x13\xa4m\x10r<\
\x13\xf9\x0b\x85\xa1CKv_\xef\xbc\xf3N\x00\xf2\xf3\
\xf3\xa5\x81\x84\xca\xc6\xf6\x87u\xf1\x5c\x08^\xa2\xc4\x1f\
\xb6eH\xc4\xda\xbf\x0f\x07\xfe\x88WP\xe3>`\x1b\
\xc9ADB\x86\xf3\x9a\xdf\xc6\xc6\x17\xb57\x9e\xb5\xbb\
\x7f\x0a\xd1j\xb6\x1c\xcd\x00\xfe\x8e\xff\xday\xa1k+\
\xd7D\xc8e\x7f\xd5x.8\x7f\x05N\x01vWJ\
\xe5E\x22\x11\x13o\xe3j\xef\x17Gk\xad\xb4\xd6\x11\
\xc0\x04c\xf1\xddw\xdf\x95\xe9\x83\x9a6mJ\xcb\x96\
-i\xd9\xb2%\xadZ\xb5\xa2c\xc7\x8e\xb4k\xd7\x8e\
\xce\x9d;\xd3\xb9sgZ\xb5jE\xdb\xb6m\x03k\
i\x83\x06\x0d2W\xe2\xfe\xb9\x19\x1f\xdc\x06\x0d\x1a\x04\
1*\x00m\xdb\xb6\x0d^\x97)\xc6j{\xe6\x99g\
\xaa\x17^x!\x1e\x8b\xc5\xea\xf9\xc6\x81\xf7kkg\
)\xb7\xd24+\x86g\x9f}\x96\xe3\x8e;\x0e\x80\xb3\
\xce:\x8bU\xabV\x11\x8dF%x+\xc7\x98\x05\xc2\
\x87\x1f~\xc8\xdc\xb9s\x01h\xdf\xbe=c\xc7\x8e\x05\
\xa0^\xbdz\xd2HBUa\xe7\x87\xdd\x8a\x17\x00\xf4\
\x140\x01/;A$$t\x8d\xe5\xb6\x05\x9eu\xef\
\x5c\xe0\xff\xe1\x957\x8e\x93\xe8n \x94\xd3`DI\
\x10\xd5nx\x95\xd2.Nq\x0d\xec\x85D\x14\xf8\x01\
\xf8\x1b\xf0\x84\xff:\xc9\xd7*T\xb6x=\x06\xf8\x8b\
%\xfe\xe2\xb1XLQJ\xd1\x13c\x1d5b\xb3}\
\xfb\xf6\x09V\xd1v\xed\xda\x05[\xf8\xadZ\xb5\xa2i\
\xd3\xa6\x19\xe7\xa8\xd7Z\xa7\xb4\xe8\x86\xb3\x10h\xad\x83\
j[a\x97\xca\x9f\x7f\xfe9I\xbcV\xa8\xe1\xfc\xcf\
\x1e0`\x80\xfd\xdc\xf1ZkS\x0d\xb0\xd6Y_\xcb\
,^#\x91\x08\xb1X,\xb8\x08\xc7\x1e{,}\xfb\
\xf6e\xe1\xc2\x85\xfc\xf8\xe3\x8f<\xf2\xc8#\x5cz\xe9\
\xa5\xe5\x8e\x96\x13\xcay\xc1|\xcb\xf6\xd9g\x9f\x1d<\
\xf7\xdcs\xcf%\xfd_\x10\xaaX\xc4\x1a\xab\xdf\x0f\xbe\
h\x9a\xee\x8b\xd9c\xad\xd78$F\xb3\xef\xed\x8b\xdd\
K\xf0|g\x17Z\x22K\xfca\xcb\x86\xed\xd7\xda\x14\
\xaf\xd2\xde\x18\xbc\x88l[\xa8\xda\xd7 \x82g\xf1\xbe\
\x0f\xb8\x07\xd8\x12\x12\xc0\x82P\x99\xac\x04\xb6)\xa5\x9a\
h\xad\xd9g\x9f}\x22=z\xf4\xa0A\x83\x06t\xe8\
\xd0\x81N\x9d:\xd1\xa1C\x07\xbat\xe9B\xabV\xad\
h\xd1\xa2\x05\xadZ\xb5\xa2I\x93&\x19\x8bQSH\
\xc0\xb6~\xa6K\x89e\xd2S\x96UP\xa6b\xe3\xc6\
\x8dY\x15\xaf\xe6\x1c\x9b5k\xc6QG\x1d\xe5\xbc\xf5\
\xd6[D\x22\x91\x83b\xb1\xd8\xdexA\xb2u\xb2\x5c\
l\x9e/^o\x06\xf4\x07\x1f|Pd\xa2\xdc\xd6\xaf\
_\x1fD\xce)\xa5RF\xc2\x0b\xd9\xc3$.~\xe4\
\x91G\x82v?\xea\xa8\xa3\xb4\xd6Z\x17\x15y\x97e\
\xdc\xb8q\xc5\x80n\xdc\xb8\xb1d\x1b\x10\xaa\x8b\x98\xb2\
W\xb3\xc3\x80\xafI\x9f\xfc\xde\xfe\xfbIJ\xfcf\xa1\
j\x93\xdfW\xf7l\x03\xe1v>'E;\xbbi\xda\
\xf9\x09\x7f\xe1P\x1d\xdaY\xa8\xbb(\xab/\xcf\xf3\x0b\
\x0a\xc4/\xbe\xf8\xe2\x8c\xb2\xf1\xc4b\xb1\x94E\x04L\
!\x01\xf3\xa8L\xcc<=u\xea\xd4`\x0e_\xb0`\
AB\xd6\x80L1\xef\xbf\xff\xfe\xfb5\x10\xf7\xb3\x19\
\x5cQ[\xef\xe9rGY\x99\x95IQQ\x11\xed\xdb\
\xb7\xe7\xcf\x7f\xfes\xf0\xfc\x15W\x5c\x91\xb4z\x11\xb2\
d\xca\xb2\xb29\x5c~\xf9\xe5\xc1\xf3\xcf>\xfbl\xf0\
\x7f\x7f\x91!\x8d%T'\x5c\x12\x83\xba\x9e\x01\x0e\xc6\
\xdb\xc6\xde\x9c\xc6\x0ahR5\x9d\x07|\x82\xe7R\xd0\
\x82D\x8b\xaeP2\xe1\xdb\xfe\xa8G\xe0\x15\x92\x98\x81\
W]\xc8\xb4e\xaav~\x13/\x18\xe6\x02\xe0\x7f\x94\
\xd4\x80\x17k\xabP\x15h\xbfo\xba\xc0<3\xa7=\
\xfa\xe8\xa3,^\xbc8\xd0\x1d\xb1X,\xe1\x11\x8f\xc7\
\x89\xc7\xe3h\xad\x83\x87\xd9\xaa\x8fF\xa3\xc1#\x12\x89\
\x04\x0f\xa5T\xf0\xa8\x0a6m\xda\x14\xfc^\xd1\x80\xad\
` \xf0\xbf\xcb\xc0\x81\x03\x01\xb4\xeb\xba(\xa5N\xb0\
\xc6\xe1\xba-^\xed:\xbd\x00S\xa6L\x09\x04\xd3\xb4\
i\xd3X\xb3f\x0d\x8e\xe3H\xb2\xfcl\xcfP~\xc7\
\x1c5jTp\x0dF\x8e\x1cI\xa7N\x9d\x12\x5c5\
\xc4\xdfX\xa8\xc6\x22\xd6\x88\xa8\xdf\x80\xdb\xf0\xaa8=\
LIa\x83\xb8\xf5\xbb\x11QM\x80\x1b\x80O\xf1\xfc\
f\xed\x84\xf9u=\xc5\x89\xed7\xdc\x15\xaf\x92\xd9B\
<\xd7\x8cTmi\x84\xee2\xbc\x8c\x10\xc7\xf8\xaf7\
m\x19\xae\x05/\x08U\xc5<\xad\xf5\x8eH$\xe2\x00\
\xda\x18\xc9\xea\xd5\xab\x97V\x94V\xb5 \xcdT\xbc\xb6\
n\xdd:+s\xb7q\x1d\xd8}\xf7\xdd\xe9\xd1\xa3\x87\
\xe3\x1f\xb37^.g]\xdb\xc6\xcb\x8c-\xaf\xb6@\
}\xf8\xe1\x87\x83\xff\x1b_LI\x9d\x95=\xe2\xf18\
\x8e\xe3\xb0f\xcd\x1a\x1ex\xe0\x81\xa0}\xa7N\x9d\x9a\
\xd4\xe9\xa5\xdd\x85\xea\xde\x9d-\x11\xb5\x0a\xaf\xfa\xd6a\
\xc0\x7f-\x11\x15\xb3\x84\xae\x11g\xbb\xe3\xe5\x91}\x07\
\xaf\xe4\xac\x11gQjy\x0d\xef4\xa2\xd5\x08\xd2\x16\
x\x91\xd9\x8b\xf0278!qo\x07\xd1m\xf1_\
{(\x9eo\xb1\x0a-\x1a\x04\xa1\xaa1\x8b\xa7/\x80\
%\xbe\xc6\xd0\x1f|\xf0\x01\xaf\xbc\xf2J\x82\x06\xa9\x89\
\x98\xb9\xfa\xa7\x9f~J\x12\xaf\xd98\xb6_Q\x8c?\
\xfe\xf1\x8f\x0a\xcf\x9d\xb3#\xf0\x07Jr\xe7\xd6]\xf1\
j[^\x8dP\x1a>|8{\xee\xb9'\x00\xef\xbe\
\xfb.\xf3\xe6\xcdKhH\xa1\x823\x95oU\x1d2\
dH\xf0\xdc#\x8f<\x12\x08[[\xbc\x8a\xdb\x80P\
C&([\xc4~\x04\x0c\x00\x06\x01K,A\x1a\xb3\
\x84\x97)\x09y8\xf0:^\xfe\xd1\x1e\x96\xd0\xad\x0b\
\x22\xd6v\xab\x00o\xbb\x7f\x11^ \x5cK\x12]\x04\
L{\x99\xdf\xa7\x03\x87\xe0es\xf8%\xb40\x10\x84\
\xea468@\x01~\xc0\xa6\xef\xbb\xc9\xa8Q\xa3\x02\
\xddQS\x05l*\xf1j\xd2pe\xd3\xf0t\xfa\xe9\
\xa7\x03\xb8\xbe\xf8?\x81\x12\xffv\x11\xafa\xa5?s\
\xe6\xcc\xe0y\x93\x7f\xd4\xa4\xce\x122\xc7\xb4\xef\xbcy\
\xf3x\xe7\x1d\xaf\x18\xd1\x1e{\xec\xc1\xf0\xe1\xc3Sv\
x\xb1\xbc\x0a5P\xc4\x1a\x7f\xd8Yx\xb9H\xaf\x05\
6Z\x82\xd4\xbc\xc6\xde\xda\x1e\x02|\x88\xe7~\xd0\x86\
Dkmm#\xec\xd7z4^1\x88\xc7\x81\xbdR\
|w\xbb\xbd\xde\x00\x8e\xc2\xcb\xf8\xf0C\xa8M\x05\xa1\
\xba\xf6w\x80\xb9\x9e\xe4p\x1d\x80U\xabV\x05\xbb\x8d\
5UW\x98\xf9y\xcb\x16/\xa1G\xa6\x19\x12\xd2a\
\x8cW\x07\x1f|0\xed\xdb\xb7W\xfeg\x1e\x81\xb7C\
\xe3\xd6\xa6\x05\xbeS\xdeF\x09w\x1a#P\x0f9\xe4\
\x10N>\xf9d\xc0\xf3\xe7\xf8\xfb\xdf\xff\x9e$v\x85\
r\xce\xecZ\x07)9\x86\x0d\x1b\x16<oRc\xc5\
b\xb1$?\x19\xb1\xbc\x0a5\x90\xb0?\xec]xV\
\xc2\x07\xf1\xa2\xfa\xc3\x96D\xdb\x1fv<\xb0\x18\xcf\xfd\
 \x12\x12n\xb5\x01\xdbB\xda\x0d/\x03\xc3\x02\xbc2\
\x99a\xd7\x09\xdb\x9a\xfd50\x14\xaf2\xd1\xbb$\xbb\
d\x08Bu\x1e\x0f\xc0\x0b\xd6\x5c\x0e(\xc7q\x5c\x80\
k\xaf\xbd\x96\xe2\xe2\xe2\x1a\x19Wc\xe7\xc0\xdf\xbcy\
3\x00-[\xb6\xcc\xae\xeaW*\xd0\x5c\xa7\x9cr\x8a\
\x11\xaf{\xf9\xe3)uR\xbc\x1aL\x87\xb1E\xaci\
\xac\x193f\x04\xcf]}\xf5\xd5\x14\x17\x17\x13\x89D\
$x+\xd3;\xd8o\xd7{\xef\xbd7\xc8\x0b7`\
\xc0\x00z\xf5\xea\x95 lS\xad\xec\x04\xa1\x06b\xc4\
W\x14\xf8\x11\x18\x89\xe7&\xf0\x1f\x92-\xafvU\xa8\
\xdd\x80i\xc0\xdb\xc0\x89)\x84nM\x15\xad\xb6_\xeb\
\xff\xf3'\xf3\xf3H\x0eZ\xb3\xfdZ7\xfb\x82\xfe\x10\
\xe0\xb9P\xbb\x89%A\xa8\x11:\xcf\xef\xfb?\xfb\x0b\
/\x5c\xd7\xd5J)\x0a\x0a\x0a\xb8\xfe\xfa\xebk\xfc\x5c\
g\xc4k\xb3f\xcd\x92\xf4T\xb6t\xc3\x99g\x9e\xa9\
\x80x,\x16\x8b\xf8\x8b\xd8ZE\xc6\x01[\x09\xa3\xac\
/P[\xb4h\x11t, \xd8\xda\x96\x08\xf8\x0cf\
q?5Vqq1c\xc6\x8c\x09\x9e\x7f\xfa\xe9\xa7\
\x13:h\xaa\x95\x97 \xd4\xf0\x89\xcbT\x84\x89\xe0\xf9\
t\x0e\x04\xce\x00>#9\x9dS\x94\x92\xed\xf4\xc3\x80\
W\x81\xe7\x81\xfdBB\xb7\xa6\xdc\x18a\xbf\xd6K\xf0\
2-L\xc4\xb34\xdb\xd6\xd5\xb0_\xeb\xc3x\x19\x1c\
\xee\xc0\xb3`\xdb\xaf\x11\x84\x9a\xa8M^\x0dk\x95\xc9\
\x93'\xb3f\xcd\x1a\x94R5\xd60\xf6\xcb/\xbf\x00\
%\x96W?\xadUV\x8em\x8e\xd3\xaf_?\xea\xd7\
\xaf\xaf\xfc\xe7\x8e\x06\x1aP\x8b\x5c\x07\xb2\x22^\xedU\
\xd0\xa4I\x93h\xd8\xb0!\xe0Yb\xbf\xfd\xf6[\x1c\
\xc7\x91\xe0\xad\x0c;\xe0\xc5\x17_\x1c<7~\xfcx\
Z\xb4h\x91\x90\xf35\xd5BB\x10j\x89\x88\xb5]\
\x00f\x03}\xf0\xaaE\xad\x0f\x89X\x87\xc4*\x5c\x83\
\xf0\x82\xc0&\x03\xedH\xceuZ-o\xf9\x90\x107\
\xdb\xfd\x8f\xe0eZHeq6m\xf3__\xb8_\
\x8e\x97\xc1A\xf2\xb5\x0a5\x1d\xb3\xe0z\x17\xcf\xff]\
i\xad]3/^}\xf5\xd55n\xbe3\x06\xa7\x1d\
;v\x04\xcf\x99L\x03\xd9t\xaf4mR\xaf^=\
\x8e?\xfex\xe5?\xd7\x13\xd8\xd7\x1akD\xbc\xdab\
\xcb\xac\x82\x9ex\xe2\x89\xe0\xf9\xb3\xce:\xcb3\x8fH\
\xf0V\x99\x89\xc5b8\x8e\xc3\xf7\xdf\x7f\xcfSO=\
\x05@\xc3\x86\x0d\xb9\xed\xb6\xdb\x12\x16\x0a\xa5\x89^A\
\xa8E\x93\x98\xb1.\x16\x02\xf7\xe2Y\x17\xef\xf3\xff\xb6\
\xad\x8b\x8e%\xda\x1a\x02W\xe3m\xb5\x8f\x04\xeaQ=\
\xfda\x8dh5\x82\xb4\x07\xdev\xffk\xbe \xb5\xf3\
\xb5B\x89U:\x8a\x97Nh\x10^\xa6\x86\x8fB\xa2\
U\x06[\xa1\xa6/^\x15\xb0\x1ax\x1f //O\
\x9b\x00\xa7\x993g\xf2\xc9'\x9fd]\xf8U\x06&\
X\x0b\xb2S\x1a6\x9d\x86\x00\x18<x\xb0\xf2\x9a\xc8\
mHIi\xee\xba)^K3\xd3\x1b\xc5?x\xf0\
`\xf6\xdd\xd7\x13\xf9\x9f}\xf6\x19/\xbd\xf4R\x8d\xec\
dU\x85\xdd\x8e\x86\xc7\x1e{,h\xff\xd2\x04\xaaX\
^\x85Z\x8a\xbd]\xbe\x1e\xb8\x0a/3\xc1l\xd2\xfb\
\xc3\xc6\x81\xce\xc0T\x7f\x02\x1cH\xf5\xf2\x87\xb5\xad\xa8\
m\xf02'|\x08\x9c\xed?o\xce\xd3!\xd1\x1fx\
\x03p\x0d\x9e%z\x96\xff\xbc\x14\x19\x10j\x1bA\xb5\
-\x80\xe2\xe2bu\xd0A\x07\x05s\x9c)\x5cPS\
|_\x8d\xf1.???x\xae]\xbbv\xb9Y\x11\
\xfb\x1aa\xc0\x80\x01PRm\xebXk\xb1_w\xc4\
\xab\xe9 ;\x13\xa0F\xf1?\xff\xfc\xf3\xc1s\xe7\x9e\
{n \xac\xc4\xfa\xba\xf3\x15\x93R\x8a\x97_~\x99\
O?\xfd\x14\x80\x1e=z\x04\xc5\x1fv&N%`\
K\xa8\xe5\xd6\x18[\xc4~\x8e\xe7\x0b;\x10\xcf76\
\xbc]n\x8b\xd8\xdf\x03\xaf\x00\xff\x02\x0e\xa4j\xfda\
m\xb1\x1d\xc5\xdb\xee_\x8c\x17he\xfb\xb5:!\xb1\
]\x04<\x80W^\xf7n\xbc\x5c\x98\x11K\xe8\x0aB\
m\xbb\xdf\x01\xdet\x1cg;\xe0t\xe8\xd0A\x9ft\
\xd2I\x00\xbc\xf7\xde{\xfc\xfb\xdf\xff.\x93.\xa9N\
T\x86\xe5\xd5\xe8\x806m\xda\xd0\xa7O\x1f\xc7\xd7\x0e\
\x87\x02{RK\xaamU\xb8<l\x98h4\x8a\xeb\
\xbat\xef\xde=\x10\x5c\xdb\xb7o\xe7\xe6\x9bo\xaeq\
\x9d\xac*Vf&\x83\xc0y\xe7\x9d\x17<\xff\xcf\x7f\
\xfe3aaP\x96\x15\x97 \xd4\x01\x11kD\xe0\x7f\
\xf0\xaa\xc8\x8c\xc0\xdbfLU\x12\xd5\x88\xc0\xd3\x81\x0f\
\xf0\xdc\x0e:R\xb9\xfe\xb0\xe1s\x19\x80W1l\x1a\
^\xc6\x84T\x95\xc5\xec\xefx80\x0aX\x83\xe4k\
\x15\xea\x8ex\xfd\x06/h\x91\xb7\xdf~\xdb\x1d1b\
D\xf0\x82\x9aT\xb8\xc0\x9c\x9f-^siy5z\
\xc1\xcf:\xe0\xba\xae\xdb\x12/\xc5\x1e\xd4\x02\xd7\x81\xac\
\xf9\xbc\xa6z\x8d\xed\xfbz\xd3M7\xb1}\xfbvI\
\x9dU\x86\x85\xc1-\xb7\xdc\xc2\xb6m\xdb\x80\x12\x17\x0c\
\xd7uS\xa6\xc6\x0a#n\x03B]\xbae(\xb1J\
\xc6\x80\x87\xf0\xac\x92\x93I\xb6J\xda\xd6\xce\xfa\xc0\x95\
x\xfe\xb0c\xfc\xbfs\xe9\x0f\xabB\x82t\x7f\xe0\x05\
_\x90\xf6&1_+!\xd1\xfd)%\xd6\xe5\xc5\x96\
0\x97|\xadB]\x10\xaf\x0eP\xec\xba\xee|\x80u\
\xeb\xd6\xa9\xe6\xcd\x9b\xf3\xa7?\xfd\x09\x80\x95+W\xf2\
\xe0\x83\x0f\x96Y\x9bT\x076l\xd8\x90$^sa\
t2\xc7<\xf5\xd4S\xa1\xc4u\xe0xk\xec\xac[\
\xe2\xb5,\x96S#P\xeb\xd7\xaf\x1f\x04\x19A\x895\
Q\xac\x83\xc9\x98\x0c\x02\xdb\xb7o\xe7\xc6\x1bo\x0c\x9e\
7\x0b\x80\xb2\xde\x98\xe26 \xd4\xc5\xdb\xc7\x12{\x1b\
\x81\xb1@/\xbc\x94Y\xb6?\xa8\x1b\x12\x91\x1d\x80\xbf\
\xe3\xf9\x99\xfe\x91\xdc\xf8\xc3\xda\x9f\xd7\xce\x17\xd6\x1f\x02\
g\x86>\xcf\x09}\x8fu\xc0h\xd2\xfb\xf5\x0aB]\
b^4\x1a-\x04\xd43\xcf<\xa3\xef\xbd\xf7\xde\xe0\
\x1fc\xc7\x8ee\xc7\x8e\x1d5\xa6p\x81\xc9\xd9\x0e\xd9\
/R\x90J\x0b\xec\xbd\xf7\xdet\xeb\xd6\xcd\xf1\xb5\xd7\
a@{J\x02\xe2D\xbc\xa6k\xb8\xf1\xe3\xc7\xd3\xaa\
U+\x00f\xcf\x9e\xcd\xe7\x9f\x7f.\xa9\xb3JY%\
\x9d\x7f\xfe\xf9\xc1s&\xedXi\xa9\xb1\xd2\x1dG\x10\
\xea\x18a\x7f\xd8%\xc0Y@\x7f\xbc`-\xbb\xc2T\
XT\x1e\x80\x17\xf84\x07/\xb9\xbf\x11\x88\xd1\x0a\x0c\
\xf0\xb6\xd8\xcc\xc3\xcbx\xf0\x09^\x06\x84\x06$Zz\
\xc3\x19\x15\xee\xc1\xf3\xd1\x9dBr\x851A\xa8k\xf7\
5\xc0\xc7\xae\xeb.\x03\xd4SO=\xa5\xeb\xd7\xaf\xcf\
5\xd7\x5c\x03\xc0o\xbf\xfd\x16\x18|j\x82\xf1f\xd3\
\xa6MI\xe25W\x96\xd7P\xb5-\xad\x94\xea\x82\xe7\
b\xa5\xa8=U\x08\xd3\x92\x07\xd0\xa0A\x83\x9b\x01\xfd\
\xfc\xf3\xcf\x17i\xaduQQ\x91\xde\x19\xc5\xc5\xc5Z\
k\xad\xe7\xcc\x99\xa3\xfdN\xa8\xbbu\xeb\xa6\x85\xd4\xed\
\xf4\xc5\x17_\x04\xed\xd4\xa2E\x8b\xe0\xff\xae\xeb\xee\xf4\
\x18\xe6z<\xf2\xc8#\xc5\x80n\xdc\xb8\xf1h\xff\xfa\
Ee\xfc\x13\xea \xb6\x0b@\x04/\xd9\xff\x0f\xe6\xfe\
\xa2d\xdb\xdd\x08X#X\x0b\xf1\xca\xd2\xeeb\x1d+\
b\xddGc\xfd\xd7\x15S\x92Wv-\xd0\xdc\xfa\x5c\
{\xa5y\x0a\xf0q\xe8s\xcd\xfb\xdc\xd0y\xbc\x88\xe7\
R`\x7f\xae\xacF\x05\xb9\x97=\xee3\xf7\xd0\xa7\x9f\
~\xaa\xb5\xd6:\x12\x89\x04s\xe6\xea\xd5\xab\xb5\xd6Z\
\xc7b\xb1j=\xcf\x9fw\xdey\xc19o\xda\xb4)\
\xa7\xe7l>\xf3\xddw\xdf\xb5\xc7\xbc\xa9\xa1v\xad\xd1\
\x9d\xa2\xec\xcb\xa0r\xf8\x95\x98\xdc\xae'\x9dt\x12\xbd\
z\xf5\x02\xe0\xdbo\xbf\x0d\xca\xc8\x8a\xefkb\x90\x96\
\xc9\x89\x0b%\x95\xb4v\x96\x1a+\xd5jK\x10\x84\x04\
kf\x1c\xf8?<\xab\xea$`;\xa9\x83\xa2\xe2x\
\xf9`\xaf\xc0\xf3/\x1d\x0b4&1\xfa?\xed\xadG\
\x89\x85\xd4d7x\xd9\x7f\xfc\x9e\xe4\xc00\xdbJ\xbc\
\x18\xcf\xa7\xf5\x8fx\xb9[%_\xab $\xde[\xe0\
\xb9\x0e\xb8\x80\xf3\xe8\xa3\x8f\x02\xde\xee\xa4\xa1\xa6\x14.\
\xb0\xdd\x06\x9a7\xf7\xd6\xbc\xb9\xb2\x18\x9b\xb6\xf8\xc3\x1f\
\xfe@\xabV\xad\x94\xffYG\x03M\xa9E\xd5\xb6\xd2\
\x91`y}\xf6\xd9g\xcbly\xb5\x95\xff\xf2\xe5\xcb\
\x83\xd5F\xfd\xfa\xf5\x83\xffW\xd7URea\xbe\xff\
3\xcf<\x13\xb4\xcf!\x87\x1c\x12X\x5c\xcbbu\xb5\
\xaf\xc7\xa3\x8f>*\x96WAH\x9e\xfc\xec\xfb\xa0;\
\xf0\x0c\x89\xd6P#\x14]<\xab\xaa\xf9\xdf\x97\xc0`\
\xeb\xbd\xe3H\xb6\xbc\xae\x03\x9a\xf9\xff\xef\x8c\xb7\xdd_\
H\xb2U7l\xf1]\x05\xfc\xc9\x8c\xb1T\xbf\x02\x0a\
\x82P\x9d\xc4k[\xc7qV\x00z\x8f=\xf6\x08&\
\xc6\x0e\x1d:\x04s\xe7\xe2\xc5\x8b\xab\xad\xae0\xe7\xd4\
\xabW/\x0d\xe8\xbc\xbc\xbcr\xed\xaefJ<\x1e\xd7\
Zk}\xce9\xe7h\xc0\x8dF\xa3E\x94d\x1d\xa8\
\xb1\x11\xde9\xb5\xbcBI\xea\xac\xddw\xdf\x9d\xe1\xc3\
\x87\x03PXX\xc8\xd8\xb1c\xeb\xbc\xa5Pk\x1d\xac\
\x8c.\xba\xe8\xa2\xe0y\x93\x1a\xab\xbcV\xd7\x9a\xb0\xea\
\x14\x84\xaa\xb8\xd5H\xacL\xf550\x0c8\x0e\xaf\xfc\
\xa4\x1d0e\x16|\xe6=\xfb\x01\xff\xc4\xabxu\x00\
^\x16\x8301_\x80\x9a\x0c\x06\x7f&\xb9\xa2\x97\x11\
\xba\x11\xe07\xe0N\xbc\xcc\x08\xd3\x10\xbfVA\xd8\xd9\
\xfd\xab\x80MZ\xeb\xf7\x00\x96/_\xee.]\xba\x14\
\x00;xk\xf4\xe8\xd1\xc1<X\xdd\xb2\x0f\x98\xb9\xd9\
\x14)h\xdc\xb8q\xc6\xba\xaa<\x18\xbfW\x7fg\xd7\
\x8d\xc5by\xfe\xd8g\xda\xb6\xd6\x92`y\x9d1c\
F\xb9,\xaf\xf6\x8a\xc3u]mY\x1d\xf4\xc6\x8d\x1b\
\xeb\xb4\xf5\xd5\xac\x88\xc6\x8e\x1d\x1b\xb4\xc9\x85\x17^\x98\
\xf0\xbf\xb2b\xae\xc7\x93O>)\x96WA\xd8\xf9\xa2\
\xdd^\xe5]\x04|Oz\x7fX\xf3w\x81/|\xb5\
%F5\x90\x0f,%\xb5_k<t\xbc\xe7(\xa9\
1n,\x1f\xe2\xeb#\x08;\xd1~\xe6^u\x1cG\
\x03\xf1;\xee\xb8#\x98\xff\x0e<\xf0\xc0`\x0e}\xe9\
\xa5\x972\x9aC+c\xae\xd7Z\xeb\xf6\xed\xdbk@\
\xef\xb5\xd7^\x95\xf2\xd9\xc6\xaa[PP\xa0#\x91H\
\x1c\xd0\x8e\xe3\xbc\xeb/\xb0\xa9\xa9\xe3OV\xcb\xc3\x96\
\xb6\xe20V\xc4\xa9S\xa7\x06\xcf\x9fs\xce9\xdeI\
\xd4\xc1\xf4N\xf1x\x1c\xc7q\xf8\xf9\xe7\x9f\xb9\xeb\xae\
\xbb\x82\xe7\x1fy\xe4\x91\x0a\xad\xc4$U\x96 \xec\xdc\
\x18\xe1\x8bJ#\x1c\x1f\x03\x0e\x02n\x06~!\xd9\x1f\
\xd6\xf8\xcd6\x00~\x97b\xc0o\x8e\xe7\x8a\x90\xca\xaf\
\xd5\xbc\xff=\xe0D`\x08\xf0\x15\xe2\xd7*\x08\xe5\xc1\
\xdc#o9\x8e\xf33\xe0\xbc\xf0\xc2\x0b\xc1}\xf3\xc0\
\x03\x0f\x04/\x1c3fL0\x17V\x17\xeb\xab\xbd\x83\
jr\xb8\xb7n\xdd\xbaBs}y?\xbbA\x83\x06\
\x1cw\xdcq\xc6\xef\xf5\x00\x7f\xcc\xaa;\xe25\xd3\x0a\
YFT\x8d\x1c9\x92\x8e\x1d;\x02\xf0\xfa\xeb\xaf\xf3\
\xfe\xfb\xef'T\x83\xa83\xa6\x1f\xbf=\x86\x0d\x1b\x16\
<w\xdf}\xf7\x11\x8dF\x89\xc5b\x19o\xff\x9b\xe3\
J*2A\xd8\xf9\x1a\xd2\x12\x9b\xdb\x80\x9b\xf0\xb6\xf2\
\x9f\xa2$\x98*\x9c\x1f\xd6M3\xb1\xba\xa4\xae\xec\xf5\
\x03p)p$\x9e\xeb\x81\xe4k\x15\x84\xcc\xc4\xab\x02\
\x96\xc7\xe3\xf1E\x00\x8b\x16-r\xd7\xad[\x07x\x01\
I\x03\x07\x0e\x04\xe0\x87\x1f~\x08\x8cd\xd5\xcdu@\
kMAAA\x82x\xad\x8c\xaa\xa3F\x0f\x0c\x1a4\
\xc8T\xdbj\x0c\x1cS\xa7\xc4k\xa6\x19\x02l\x81:\
s\xe6\xcc\xe0ySB\xd6d&\xa8\x0b\xc4b1\x94\
R|\xf0\xc1\x07\xbc\xf6\xdak\x00t\xe8\xd0\x81+\xaf\
\xbc\x12\xa8\x98\xdf\xaad\x1b\x10\x84\x8cD\xac\x11\x9b\xdf\
\x02\xe7\x03G\x03o\x92\x9c\x1f6\xd5\x98\xa9B\x824\
\x82g\xc1\x9d\x84\x97\xe1\xe0\xff,q+~\xad\x82\x90\
\x99xu\x00Wk\xfd\xbao\xa4Qs\xe7\xce\x0d^\
p\xdf}\xf7\x05\xbfO\x980\x81X,Vm\xac\xaf\
F\xa0\xfe\xfa\xeb\xaf\xc1sm\xda\xb4\xa94\x81mt\
\x81/\xf0M\xb5\xadc\xfd\xb1\xabFf\x1d\xa84\xcb\
\xab-P\x8f<\xf2H\x8e9\xc6\x13\xfd?\xfe\xf8#\
\xff\xf8\xc7?*$\x8ck\xd4\x1dh\xa5\xc62\xc2\x1d\
\xe0\xb9\xe7\x9eK\x10\xb6\x22^\x05\xa1\xd2'G{\x9b\
\x7f\xa1o\x998\xcf\x17\xb4\xa6`A*\x8bi\xd8\x0d\
\xe1i\xbc\x0a_\x13\x81-$\x96}\x15\x04!\xf3{\
\x14`\xbe\xe38\xbf\x02\xce\xcc\x993\x83{q\xcf=\
\xf7d\xc4\x88\x11\x80\xb75\x7f\xfd\xf5\xd7W\xbb/`\
\xa7\xc9\xaaL\xcb\xab\xd9\x91\xed\xd0\xa1\x03\x07\x1dt\x90\
\xa9\xb6\xd5\x1b\xd8\x8d\x1aZm+\xe7\xd9\x06\xd2\x89\xdf\
g\x9f}6x\xce\xd4)\xae\x0b\xd6W\xf3\xfd\x1fy\
\xe4\x11V\xadZ\x05@\xdf\xbe}\xe9\xdb\xb7o\x82\xb0\
\xcd\x14\xc96 \x08\x15\xbbECBt\x06p\xa8/\
D7[\xcf\x9b\xf4Z\xb6\xe0}\x1b\xe8\x07\x9c\x0b|\
c\x09^\xf1\xe1\x11\x84\xec\x89\xd7\xa5\xae\xeb.\x01\x98\
7o\x9e.,,\x0c^p\xdbm\xb7Q\xaf\x9e\x17\
\x87t\xd7]w\xb1~\xfdz\x94RUn\x183\x9f\
o\xeb\x9bN\x9d:\x01P\xaf^\xbd\x9c\xbb\xf9\xd9;\
\xdfg\x9cq\x86\xb1\xb6\xb6\xc5sg\xa2N\x88\xd7\x8a\
v\x82H$\x82\xeb\xba\xb4o\xdf>Hka\x0b\xd8\
\xda,^\xed\xd4X\x97_~y\xf0\xbc\x11\xf2\xd9X\
\x81I\xc0\x96 dg\xbe\xa1\xc4\x05`+\x89.\x00\
q_\x98F(\xf1k\x1d\x0e\x1c\x05, \xd1\xd5@\
\xfcZ\x05!{\xe2\xd5\x01\x8a\x5c\xd7\x9d\x07P\x5c\x5c\
\xcc\xfc\xf9\xf31\xbf7k\xd6\x8c\xbf\xfd\xedo\xc1\x1b\
L\xf0VU\x1aub\xb1X \xa8mk\xf0\x94)\
Sx\xe9\xa5\x97\x00\x02\xa3U.E\xac\xd9\x95=\xed\
\xb4\xd3\xa0\xc4u\xe08k\xd1^\xebHH\x955u\
\xea\xd4r\xa7\xcaJ\x97:+\x5c\xdem\xe5\xca\x95\x09\
\x85\x0djkj\xac?\xfd\xe9O\xc1w\x1e5jT\
V\xd2z\x98\xeb\xf1\xaf\x7f\xfd\xab\x18\xaf\x10\x84\xa4\xca\
\x12\x84,\x8d\xfb\xa1\xfb\xe8\x0f\xc0Uxy]/\xa2\
\xa44\xac\xf1\x9b\x15\x04!7\x98\xfb\xab_4\x1a-\
\x06\xf4\x05\x17\x5c\x90\xa4+:u\xea\x14\xcc\xb1\x9f|\
\xf2I\x95\xa5\xe44\xf3\xfa\xda\xb5k\xf5\x9e{\xee\x99\
\x90*\xd4<\x0e8\xe0\x00=g\xce\x9c\xb4\x1a)\xdb\
)\xb3\xb4\xd6z\xd7]w5)\xb3\xbe\x07\xdaX\xe3\
W\xed\x15\xaf\xf7\xddw_\x85\xc5\xab}q\xa6O\x9f\
\x1e\x5c\xc4?\xfc\xe1\x0f9\xaf6Q\xd5u\x8dW\xaf\
^\x1d|\xdfH$\x92\xb5\x0a\x1b\xe6z\xbc\xf4\xd2K\
\x22^\x05!78\xa5\x88S\x11\xad\x82P9\x0bI\
\x80\x16\x8e\xe3,\x03t\xfb\xf6\xed\xe3\xe1y\xd6\xf7\x85\
\xd5\x80>\xfc\xf0\xc3+\xa5\x92U:\xf19g\xce\x9c\
\x04\xb1\xda\xa4I\x13}\xca)\xa7$\x89\xd8c\x8e9\
F/Z\xb4(\xe1\x5c\xb3-b\x8d\x98\x1e5j\x94\
\x06\x5c?\xef\xeb\xc0\xda:\x86%\x88\xd7{\xee\xb9'\
+\xe2\xd5\xa6k\xd7\xae\xc1\x05|\xed\xb5\xd7j\xa5\xf5\
\xd5\xdc4\x87\x1f~x\xf0]\x1f}\xf4\xd1\xac\xad\xb2\
\xcc\xf5x\xf9\xe5\x97E\xbc\x0aB\xeeEl\xd4zH\
\x94\xa4 T\xee\xfd\x87Rj\x9a?\x97\xc6\x8c\xe8\xb3\
u\xc9A\x07\x1d\x14\xcc\xb5\xb3g\xcf\xae\xb4\xc2\x05\xf6\
|~\xfd\xf5\xd7'\x08\xd4\x83\x0e:H\xef\xd8\xb1C\
k\xad\xf5\x07\x1f|\xa0\xfb\xf5\xeb\x97$b\x07\x0c\x18\
\xa0\xbf\xfa\xea\xab\x9c\x88X\xa3\xab\x16,X`\x17c\
\xb9\xd7n\xd7Z+^\xef\xbe\xfb\xee\xac\x89W\xd3\x90\
\x8b\x17/\x0e.\x5c\xdb\xb6m+}\x95TYV\xd7\
7\xdex#\xf8\x9e{\xec\xb1GV\xbf\xa7\xb9\x1e\xff\
\xfe\xf7\xbfE\xbc\x0a\x82 \x08\xb5\x15c!\x1c\x14\x89\
D\x5c\xc0\xbd\xfa\xea\xab\x03qj\x84\xde{\xef\xbd\x17\
\xcc\xb7{\xee\xb9g\xa5\xe8\x0a\xf3\xd9\xf1x<I\x98\
\x8e\x181\x22\xe5{\xe6\xcf\x9f\xaf\x0f;\xec\xb0$\x11\
{\xee\xb9\xe7\x06\xae\x94\xe6\x98\x15=w\xfb\xfdM\x9b\
65\xae\x03\x9f\x01\x8dC\x96\xed\xda'^\xef\xba\xeb\
\xae\xacZ^Mc\x0e\x1c80\xb8hw\xdduW\
\xad)\x1bkw\x96v\xed\xda\x05\xdf\xd1\xac\x14\xb3e\
a6\xc7\x993gN1\xa0\xf3\xf2\xf2D\xbc\x0a\x82\
 \x08\xb5\xd2\xf2\x0atr\x1cg5\xa0\x7f\xf7\xbb\xdf\
\xb9\xa9\xe6\x5c{{~\xca\x94)9\xb3\xbe\xda\x9f\xf9\
\xd5W_\xe9V\xadZ%\x08\xd1\xa7\x9f~:I\xe0\
\x86\xe7\xfe\x97^z)a\x17\xda<\xae\xbe\xfaj\xbd\
m\xdb\xb6\x84\xf7WD\xc4\x9a\xf7\x0e\x1e<\xd8\x05t\
4\x1a-\x04\x0e\xab\x8d\xd6\xd7\x04\xf1z\xe7\x9dwf\
U\xbc\x9a\x0b\xb9u\xeb\xd6\x84\x0bf\x8e_\xd3\x05\xac\
\xe9\xa0w\xdf}w\xc2\xb6@\xb6W\x80\xe6s\xe6\xce\
\x9d+\xe2U\x10\x04A\xa8\xcd(\x00\xa5\xd4\xf3\xfe\xbc\
\x1a\xfb\xee\xbb\xef\x02\xcd`\x04\xea\xf2\xe5\xcb\x83y\xb7\
Q\xa3F\xba\xa0\xa0 \xeb\xba\xc2\x16\xc3v\x0c\x0f\x9e\
?\xae^\xb6lY\xa9\x96\xd3\xb0\x88\x9d>}\xba\xee\
\xdc\xb9s\xc2q\xea\xd5\xab\xa7o\xba\xe9\xa6\x84\xd7f\
*bC~\xc1\xc6u`b\xc8\xaa]\xfb\xc4\xebm\
\xb7\xdd\x96u\x9fW\xd3\x91&L\x98\x10\x5c\xacs\xce\
9\xa7\xd2|Tr\xbd\x85PTT\x94\xd0\x11\xb7l\
\xd9\x92\xf5\x1b\xc8t\xc8\xd7^{M\xc4\xab \x08\x82\
P\x9b1\x22\xebr\xc7q4\x10\xbf\xe7\x9e{\x12\xe6\
B#\xecF\x8c\x18\x11\xcc\xbd\xd7]w]V\x0dG\
\xb6\x98\x1c>|x\xc2<\xdf\xbf\x7f\xff2g\x0fp\
]7I\xc4N\x9e<Y\xb7h\xd1\x22\xe1\x98\xad[\
\xb7\xd6\xf7\xddw_\xd29\x94\xe7\xfb\x98s\xc9\xcf\xcf\
7\x85Y\xb4R\xeaM\xabMk\x8d\xeb@\x82x\x9d\
4iR\xd6\xc5\xab\xdd\xf0\x8d\x1a5\x0a.\x94Y\xb1\
\xd4\xd4\xe0-#\xbc\xcf;\xef\xbc\xe0;]\x7f\xfd\xf5\
9\xb1(\x9b6z\xfd\xf5\xd7E\xbc\x0a\x82 \x08\xb5\
\x19\xb3\xbd\xfd\xbbh4\xba\x19\xd0G\x1cq\x84\x9b*\
\xc8i\xeb\xd6\xad\xba^\xbdz\xc1\x1c\xbcv\xed\xda\xac\
\xcc\xc1f~\xcf\xcf\xcf\xd7\xfb\xed\xb7_\x82\xc8\xbc\xe5\
\x96[2J{\x15\x0e\xce*,,\xd4\xe3\xc7\x8f\xd7\
J\xa9\x84\xe3\xef\xb2\xcb.z\xc6\x8c\x19\x15N\xaf\xd5\
\xb7o_\xe3:\xb0\x15\xd87\xd4\xb6\xb5K\xbc\xder\
\xcb-Y\x17\xafv\xc3?\xff\xfc\xf3\x09\xf9\xcfjj\
\xe0\x96\x11\x93\xcb\x96-K\xd8\xb6\xc8\x95\xd3\xb8\xf9\xbc\
y\xf3\xe6\x89x\x15\x04A\x10j3\xc6:\xe8(\xa5\
\xde\xf0\xe7\xd8\xd8O?\xfd\x94\xa0'\xcc<{\xfb\xed\
\xb7\x07\xf3\xf0\xd0\xa1C\xb3fl[\xb0`\x81\xf6-\
\xbf\xc1\xe3\x8d7\xde\xa8\xf0<\x1f\x16\xb1\x9b6mJ\
\xb0 \x9bG\xcf\x9e=\xf5\x7f\xfe\xf3\x9fr\x8bX\xa3\
\x17\xee\xbf\xff~\x0d\xc4\xfd\xefpE\xc8\xaa]\xbb\xc4\
\xeb\xcd7\xdf\x9c\x13\xf1j_\xe4\x9e={&\xa5\xb8\
\xa8I\xbe\xaf\xae\xeb\x06\xdf\xe7\xc0\x03\x0f\x0c\xbe\xcb\xf3\
\xcf?\x9f\xb3\xefb\xa5\xc0\x10\xf1*\x08\x82 \xd4v\
\x8c\xc8\xba\xce\xb8\x0e<\xf5\xd4S)]\x07\xb4\xd6\xba\
}\xfb\xf6\x15.\x5c`\xbf\xfeo\x7f\xfb[\x82\x90\xec\
\xde\xbd\xbb6\xe29[\xc6)[Kh\xad\xf5w\xdf\
}\xa7\xcf>\xfb\xec$\x11{\xf8\xe1\x87\xeb\x05\x0b\x16\
\x94Y\xc4\x9a\xff\xfd\xf0\xc3\x0f\x81\xdf\xabR\xea\xc5\xd0\
\xc2\xa0v\x89\xd7\x1bo\xbc1'\xe2\xd5\xeepK\x97\
.\x0d.J\xb3f\xcdj\x5c\xea,\xd31^z\xe9\
\xa5\xe0{\xec\xbb\xef\xbe9\xfd\x1e\xa6\xed\x16.\x5c(\
\xe2U\x10\x04A\xa8\xed\x98\xed\xedC\xa3\xd1\xe8\x0e@\
\x9f~\xfa\xe9nx\x8e5\xdb\xfb\xcf=\xf7\x5c0\x1f\
\x1fq\xc4\x11\xe5\x9e\x8fm1\xd8\xbf\x7f\xff\x04\xf1x\
\xe1\x85\x17\xa6\x0d\xc0\xca\x96\xa6\xb0\xcf\xf3\xf3\xcf?\xd7\
'\x9cpB\x92\x88=\xe1\x84\x13\xf4g\x9f}\x96\xd6\
\x82\x9b\xea;\xf7\xe8\xd1\xc3\xa4\xccZ\x0bt\xa9M\x02\
6A\xbcN\x9c81g\xe2\xd5\xeeh\xf6\xea\xe2\xc6\
\x1bo\xac1\xd6W\xbbS4i\xd2$\xf8\x0eK\x97\
.\xcd\xa9\xff\xae9\xee;\xef\xbc#\xe2U\x10\x04A\
\xa8\xed\x18\x81\xd5\xc8q\x9c\xc5\x80n\xd8\xb0a\xdch\
\x083\x17\xdbs\xf2\x01\x07\x1c\x10\xcc\xc9\xaf\xbc\xf2J\
\x99\x82\xc2\xed\xf7/[\xb6,!\xe5%\xa0\x1f{\xec\
\xb1\x94\x99\x07ri\x183\xbc\xfd\xf6\xdb\x09\x85\x8f\xcc\
\xe3\xec\xb3\xcf\xd6?\xfc\xf0C\xa9\x99\x09\xcc\xb9\xfa\x85\
\x14\xdcH$\xa2\x81\xb3BV\xed\xda#^'L\x98\
\x90S\xf1j.NAAA\xc2\xc50y\xce\xaa\xbb\
\x805\xe7w\xd3M7\x05\xe7~\xd6Yg\xe5\xbcc\
\x1b\xf1\xfa\xee\xbb\xef\x8ax\x15\x04A\x10\xea\x92\xf5\xf5\
n\x7f\xbe\x8d\xbd\xfe\xfa\xebI\x86\x223\xf7\xbe\xfb\xee\
\xbb\xe5*\x5c`\xcf\xd9\xcf<\xf3L\x82&i\xd9\xb2\
\xa5^\xb2dI\x95\xec\x0c\x87u\xd0\xbf\xff\xfd\xef\x04\
wK\xf3\xb8\xe2\x8a+\xf4\xa6M\x9bR\x8aX\xd3>\
\x8b\x16-\xb2]\x07\x1e\x09\xb5k\xed\x11\xaf\xe3\xc7\x8f\
\xcf\xa9x\xb5/\x8c\xedd}\xdai\xa7U\xfb\xd4Y\
\xe6\xbc\xb7m\xdb\x96\xd0\x81r\x91[.\x9dx}\xef\
\xbd\xf7\x8a\xf1\xb6\x00D\xbc\x0a\x82 \x08\xb5\x19c!\
\xec\x1f\x89D\xe2\xbe`s\xc3Z\xc1\x16\x96\x03\x06\x0c\
\x08\xe6\xe6\x07\x1f|0\xad\xae\xb0\xe7\xebp\xb0\xd4\xd1\
G\x1f\x1d\xbc\xa7\xaa\x0cj\xa9\xd2k\xcd\x981C\xef\
\xb2\xcb.\x09\xe7\x1a\x89D\xf4\x84\x09\x13taaa\
\xc2w\xb3\xbfs\xc7\x8e\x1d\x8d\xeb\xc02\xa0U\xc8\xb2\
];\xc4\xeb\xb8q\xe3\x8ar\x9d\xbe\xca\xeehv\xa5\
\x0a\xe3\xcbQ]Sg\x99\xcep\xc6\x19g\x04\xe7|\
\xdbm\xb7UJ\x077m\xf2\xe1\x87\x1f\x8ax\x15\x04\
A\x10\xea\x02F`\xb5v\x1c\xe7[@w\xea\xd4)\
\x9eJK\x84\x82\x944\xa0\x9b6m\x9a2\xb8\xcb6\
D\x1d|\xf0\xc1\x09bp\xc2\x84\x09\x15JOU\x19\
\x22v\xca\x94)IU\xbe\x9a6m\xaa'O\x9e\x9c\
\xf0:#h/\xbd\xf4R\x932+\x0e\x9c\x10Z\x18\
\xd4\x0e\xf1:v\xec\xd8\xa2\xca\x10\x90\xe6\xf8\xaf\xbe\xfa\
j\xd0\xf8{\xed\xb5W\xb5\x0d\xde2\xe7\xfb\xf9\xe7\x9f\
\x07\xe7\xdb\xa2E\x8bJ;_\xf3\xf9\x1f}\xf4\x91\x88\
WA\x10\x04\xa1N\x09X\xa5\xd4\xe3\xfe\xdc\x1bKg\
\xe82\xf3\xf0\x15W\x5c\x11\xcc\xd3\xe3\xc6\x8dK9O\
\xbf\xfb\xee\xbb\xbaA\x83\x06\x09\x02p\xce\x9c9\xd5J\
\xb8\x96\x96^\xab\xa8\xa8H\xff\xf5\xaf\x7fM\xfa\x0e\x9d\
;w\xd6\xd3\xa7OOr;\xa0\xa4\xda\xd6\x1d~\xbb\
\xd6x\xd7\x81\x04\xf1\xfa\x97\xbf\xfc\xa5\xa8\xb2\xac\x9f\xa6\
#\xf5\xee\xdd;h\xf8'\x9f|\xb2Z\xfb\xbe\xee\xb3\
\xcf>I\x1d\xbd2\xda\xca|\xc6\xe2\xc5\x8bE\xbc\x0a\
\x82 \x08u\x05c!\x1c\xe2\x07\x1d\xb97\xdcpC\
\xca\xb97]\xe1\x82\x0d\x1b6$\xbcn\xf2\xe4\xc9\x09\
\x82o\xaf\xbd\xf6\x0a\x8a\x1b\xa4+\xf3Z]E\xec\x96\
-[\xf4\xa8Q\xa3\x92\xfca\xf7\xd9g\x1f\xfd\xe2\x8b\
/\x06\xafk\xdc\xb8\xb1\xa9\xb6\xb5\x08h\x10\xb2l\xd7\
|\xf1:f\xcc\x98\xa2\xca\x16d+V\xacH\xa8\xf1\
[\xdd\xac\xaf\xa6\xa3<\xfd\xf4\xd3\xc1y\x1ez\xe8\xa1\
\x95z\x8e\xa6\xad>\xfd\xf4S\x11\xaf\x82 \x08B]\
\xc1X\x08wu\x1cg\x1d\xa0\xf7\xdbo?7\x9dN\
0\x7f\xdfv\xdbm)\x0b\x17\xd8n\x7f\xf8\x91\xfb\xb9\
L\x83UY\x22v\xe5\xca\x95\xfa\xfc\xf3\xcfO\x12\xb1\
\x87\x1ez\xa8\xfe\xe6\x9bo\xf4\xb9\xe7\x9e\xeb\xfa\xda\xe1\
7\xe0\xd0\xda`}M\x10\xaf\xa3G\x8f.\xaa\xcc\x8b\
h\xfcH/\xbe\xf8\xe2\xa0\xb1\xc7\x8c\x19Sm\x82\xb7\
\xec\x1b\xa3~\xfd\xfa\xc19._\xbe\xbcR;\xbb\xe5\
\xb6 \xe2U\x10\x04A\xa8K\x18\xd7\x81\xd9\xfe\x1c\x1c\
[\xb5jU\xca]Z\xfb\xef\x8e\x1d;\x06s\xf6\x8b\
/\xbe\x98\xb0s\x0a\xe8\x07\x1ex\xa0\xd2\xd2`\xe5\xd2\
\xb8f\xeb\x94/\xbf\xfcR\x9f|\xf2\xc9I\x22\xd6/\
\xe2\x10\xf7\xff\x1e\x1b\xb2j\xd7|\xf1:r\xe4\xc8J\
\x15\xafv\x997\xbb\xa17n\xdcX-\xdc\x07L\x87\
\xbe\xe6\x9ak\x82s\x1b>|x\xa5wv\x11\xaf\x82\
 \x08B\x1d\xc5\x88\xac\x11\xa6\xda\x96\x11\x9e\xa9\xb4\x8a\
\x99\x9bg\xcc\x98\x91$\xe2\x00\xdd\xb8qc\xbdx\xf1\
\xe2j\x1bcS\x11\xadbx\xef\xbd\xf7\xf4\x91G\x1e\
\x19\xfe\xeeF\xbc\xbe\x1a^\x18\xd4x\xf1z\xd5UW\
\x15i\xad\xf5\x8e\x1d;*}[\xfe\x81\x07\x1e\x08\x1a\
\xb9_\xbf~U\xde\xa9\xccym\xda\xb4)\xa1\x03\x84\
\x93$W\x06&u\xd9\xb2e\xcbD\xbc\x0a\x82 \x08\
u\x09\xb3\xbd\xbd\x7f4\x1a\xfd\xc5\xd7\x08nYvL\
\x0f9\xe4\x90 \xa5\x14~\xa9U3\x9f\xd6\xa4\xb2\xf4\
eq!H%\xe4\x1f\x7f\xfcq]\xaf^=\xad\x94\
r\x95R1\xbc\xc0\xad\xed\xc0\xefCm[-/\xf8\
NQJi\x80\xcd\x9b7\x03P\xbf~}\x5c\xd7E\
k\x9d\xfb\x93t\xbc\xd3\x1c1b\x04\x9d;w\x06`\
\xfe\xfc\xf9\xbc\xf3\xce;(\xa5\x88\xc5bU\xd3x\xfe\
y\x0d\x1b6,xn\xca\x94)8\x8eC,\x16C\
\xa9\xcaY\xb0\xc4\xe3q\xf2\xf2\xf2\x00\xf8\xed\xb7\xdfd\
\x18\x13\x04A\x10\xea\x12\xae\xff\xf3\xebx<\xfe9\xc0\
\x9bo\xbe\xa9\xcd|\x18\x8f\xc7\xc3z\x86\xe2\xe2b\x00\
\xfa\xf5\xeb\x17\xbcf\xf4\xe8\xd1\xbc\xf3\xce;\xe4\xe5\xe5\
\x11\x8f\xc7\x89Dj\xee\xae\xb9\xd6\x9aX,\x86\xeb\xba\
(\xa5\x88D\x22D\xa3\x9e-k\xc5\x8a\x15\xdc{\xef\
\xbd\x1c{\xec\xb1\xfa\xdak\xafu\x8b\x8a\x8a\xe2Zk\
\xa5\xb5\x8e\xe0Y\xb1m\xa3W\xcd\xb6\xbc\x02\xb7\xfa\x1d\
d\xc7i\xa7\x9d\xa6\xd7\xaf__\xa9N\xcc\xe63\xde\
~\xfb\xed\xc0\xc2\xd9\xa5K\x97*3\xeb[E\x01\x82\
\xf3\xe9\xd0\xa1C\xa5\x9eOxUx\xdbm\xb7\xe9z\
\xf5\xea\x15\x011\xc7q\xae\xf2\xaf\x9bX^\x05A\x10\
\x84\xda\x8eQ\x9a7\xfasrl\xd6\xacY;\xd5(\
v\xc9\xd8\x9a\x18\x98\x15\xd6\x04\xc5\xc5\xc5)\xf5\xc7g\
\x9f}\xa6'N\x9c\xa8\xf7\xdbo?\x17\xcf\xbaj\x5c\
\x04\xcc\xa3\x18\xf8\x14\xf8\x07%\xb9^k4F\xfc\x8c\
\x08}Iw\xe2\xc4\x89\xa5\x8a\xa9\x5c\x05G\x1ds\xcc\
1I\x152*\xd3\xbcow\x0c\xbb\x9a\xc5\xc2\x85\x0b\
+\xa5\xe3\xbb\xae\x9b\xe0\xbf\xf2\xf2\xcb/\xeb\x0e\x1d:\
\x98<m\xae\x7f>\xa3D\xbc\x0a\x82 \x08uL\xbc\
\x1e\x19\x8dF\x8b\xf0\xb2\x08\xb8\xa9\x8cIF/\xc4b\
\xb1`\xfe>\xe4\x90Cj\x5c`Vi\xee\x00\xb1X\
L\xcf\x9d;W_r\xc9%n\x97.]\xe2!}\
\xa0\x1d\xc7\xd1\xd1ht\x9bRj!\xf0W\xe0p\xa0\
qm\xeb\x14\x0a\xcf\xc5` \xf0\x89\xf1\x0d\x01\x8a[\
\xb5j\xa5\xff\xf9\xcf\x7f&8\x05\xe7\xca\xeah:\xdc\
\x86\x0d\x1b\x12|L+K<\x87?g\xda\xb4i\x09\
\xe5\xe2rmq\x0dW\xd2\xf8\xee\xbb\xef\xf4\x11G\x1c\
a\x9c\xac\xe3\x8e\xe3h\xa5\xd4v\xe0f\xa0\xb9\x7f\xdd\
\x94\x8ci\x82 \x08B-\xc7\xccu\xcd\x1c\xc7\xf9\x1c\
\xafPP<\x95>0\xf3\xe8\x1bo\xbc\x11\xcc\xe17\
\xddtSB\xfcHM\x14\xac[\xb6l\xd1\xcf<\xf3\
\x8c>\xf3\xcc3\xdd\xa6M\x9b\x1a\xc1\x9aP*\xd6q\
\x9c\xf5J\xa9\x97|\x03W\xcf\x14\x06.\x87ZP\xa0\
 \x15\x0d\x80k\x94R\x1b-\x11\x1b\xeb\xd3\xa7\x8f\xfe\
\xdf\xff\xfe\x97s!iVEc\xc6\x8c\x09.\xc8e\
\x97]Vi+&\xfb{\xd9\x9d\xc2$0\xce\xd5\xf7\
\xb6;jaa\xa1\xa9\xb5l\xcc\xff\xda\x8f\xb0|\x16\
\xd8[\xc60A\x10\x04\xa1\x0e\xe2\x00(\xa5\xee5\xda\
d\xc1\x82\x05Is\xa8\x11\xa8W^ye0\x87\x7f\
\xf4\xd1G\xd5\xd6e\xc0\x18\xaeRi\x9c\xef\xbf\xff^\
O\x9e<Y\x1fy\xe4\x91\xaeo\xc8J\x10\xac\xd1h\
T;\x8e\xf3\xadR\xea1`\x18\xb0[\x1a\xab\xb5S\
\x9b\x8d]\xb6\xf7\xf2n\xc0\xa3\x8e\xe3\xb8~0W\x0c\
\x88_v\xd9e\x09\x0d\x9c\xed\x8e`[6\xa3\xd1h\
p\x81V\xacXQ)\x1d\xcf|7\xbb\xbc\xdc\xe8\xd1\
\xa3s&\x9e\xc3bx\xda\xb4i:///\x10\xad\
\xfe\x02\xe2}\x12}T\x22bq\x15\x04A\x10\xea\x18\
F\xa3\x9cj\xaam\x8d\x1a5\xca\xb5\xe7g[C\x98\
\xbc\xaeJ\xa9j\x95\x16\xab4\xeb\xaa\xd6Z\x7f\xf4\xd1\
Gz\xdc\xb8qz\x9f}\xf6I\xf2_UJ\xe9h\
4Z\xe88\xceb\xe0.\xa0?\xd0\xba.\x0a\xd60\
\x8aD3\xf3Q\xc0[\xb6+A4\x1au\xa7M\x9b\
\x96t!\xb2-\xe8\x9ex\xe2\x89@@\x1ev\xd8a\
9\xefx\xe6sW\xaf^\x9d`\x86\xcf\x85\xb59\xec\
\xd7\xfa\xd6[o\xe9n\xdd\xba\x05\xf5\x87\xa3\xd1\xa8V\
J\xfd\x08\x5ca]\x8fZk\xee\x17\x04A\x10\x842\
\xe8\x13\x80\xb6\x8e\xe3,\x07\xf4\x9e{\xee\x19O\xa5E\
\xb6o\xdf\x1e\xcc\xe3G\x1duT\x95\xfb\xbb\x96&X\
w\xec\xd8\xa1\xff\xfb\xdf\xff\xea\x0b/\xbc\xd0m\xd7\xae\
]:\xff\xd5\xadJ\xa9y\xc0\x04\xa0\x0f\xd00\xd46\
\x8e%X\xeb4\x8e\xb5\xcaQ\xc0%J\xa9\x95\xb6+\
A\xf7\xee\xdd\xf5{\xef\xbd\x97\xb6\xd2C6\xac\xaf]\
\xbbv\x0d:\xe0\xab\xaf\xbe\x9aS\xeb\xab\xf9\xdc\xc3\x0f\
?<\xf8\xcc\xe9\xd3\xa7g]\xb8\xda\xc7Z\xb7n\x9d\
\x1e8p`\xd8\xafu\x07p7\xd0.\xc5\x8aS\x10\
\x04A\x10\xea\xb26A)\xf5\xb4\xd1\x22_~\xf9e\
 N\x8d\xcb\xc0\xcb/\xbf\x1c\xcc\xe3w\xdeyg\x95\
\xf8\xbb\x96\xe6\x0e\xb0n\xdd:=}\xfat=`\xc0\
\x00\xb7~\xfd\xfa\xe9\xdc\x01\xd6(\xa5\x9e\x07.\x03\xba\
\xa7\x10\xa6F\xa7\xc9Nl\x0al\xd1\xd4\x16\xb8[)\
\xb5\xc3w%\x88\x03\xf1\xc1\x83\x07\xeb\xfc\xfc\xfc\xac\xba\
\x12\x98c|\xfc\xf1\xc7\xc1\xc5l\xd5\xaaU\xceL\xff\
\xe6\xf3^\x7f\xfd\xf5\xe0\xf3\xbav\xed\x9a3\xbfV\xad\
\xb5\x1e7n\x9c\xf1k5\x85\x074\xf0\x12\xb0\x7f\xa8\
\xfd\xa5c\x0a\x82 \x08B\x89&\xb9\xc0\xb8\x0e\xdcz\
\xeb\xad\xae\x99c\x8d@\xb5K\xce/Y\xb2\xa4\xd2\xfc\
]\x8du5\x95`\xfd\xfa\xeb\xaf\xf5]w\xdd\xa5\xfb\
\xf4\xe9\x932\x9dU4\x1au\x1d\xc7\xf9F)\xf50\
0\x18\xe8\x92\xe6\xfb\xd7)w\x80\x8ab\xbb\x12\xfc\x1e\
\x98\xe3\x8b\xad \x85\xd3\xad\xb7\xde\x9a\xd5\xd4ZF\xa0\
\x9ez\xea\xa9I+\xa8lo\xe1\x1b\xda\xb6m\x1b|\
\xd6\xa2E\x8b\xb2\xd2\xe1c\xb1XBG~\xea\xa9\xa7\
t\xd3\xa6M\x03\xd1\xea\xdf\x80\x9f\x01\xa7\x89h\x15\x04\
A\x10\x84\xb4\x18\xeb\xe3\x1e\xd1ht\x13\xa0\x0f>\xf8\
\xe0$k\xd6\xae\xbb\xee\xaa\x01\xdd\xa0A\x83\x9c\xfa\xbb\
\xee\xcc\x7fu\xe1\xc2\x85\xfa\xaa\xab\xae\xd2{\xed\xb5W\
<,X}w\x80\xdf\x94R\x1f\x00\xb7\x03\xc7\x02-\
B\xdfW\x89`\xad8a\x7f\xd8\xc1\xc0\xd7\xb6+A\
\xa7N\x9d\xf4\x9c9s\xb2\x92Z\xcb\x08\xd4\xfc\xfc\xfc\
\x84\xc8\x7fS\xba6[\x02\xd6\x1cg\xf2\xe4\xc9\xc1g\
\x9c|\xf2\xc9\x15\xee\xeca_\xe0O>\xf9D\x1fx\
\xe0\x81a\xbf\xd6\x8d\xc0\xd5\x94\xf8\xaf\x88_\xab \x08\
\x82 \xa4\xd7!\x0ap\x94Rs\x8c\xf6\xb0\x0b+\xfd\
\xfc\xf3\xcf\xc1\x5c~\xe2\x89'f\xdd\xdf\xb54\xc1\xfa\
\xdbo\xbf\xe9\x17_|Q\x9fs\xce9n\x9b6m\
\xd2\xf9\xafnRJ\xfd\x17\xb8\x068\x08\xa8\x97B\xa0\
\x8b\x01+G+\x1f#\xb0\x9a\x007(\xa5\xb6\xfa\x96\
X\x17\x88\x1fw\xdcqz\xe5\xca\x95\x15\xb6\xc2\x9a\xf7\
M\x9c81\xe8\x8c\xc3\x86\x0d\xcbZg4\xc7/*\
*J\x10\xc8\xc6\x0d\x22\xd3\xf3\xb6;\xf5\xb6m\xdb\xf4\
\x90!C\x82c+\xa5\xb4\xe381\xe0a`\x17\xab\
]\xc5\xafU\x10\x04A\x10J\xc7\xcc\x95W\xfb\xba#\
\xfe\xe8\xa3\x8f\x06s\xee\xb3\xcf>\x1b\xcc\xb7S\xa6L\
\xc9\x8a\xbfki\xfe\xab\xeb\xd7\xaf\xd7\xff\xf8\xc7?\xf4\
\xf1\xc7\x1f\xefF\xa3\xd1t\xfe\xab+\x94R\xcf\x01\x97\
\x00{\xa5\xf9N\x22X+\xb9\x03\x81\x97\x7f\xf4\x99\xb0\
+\xc1\xd8\xb1c+\xe4J`[>\x1b7n\x1ct\
\x86o\xbe\xf9&+[\xfa\xa6#\x9e{\xee\xb9\xc1\xb1\
\xaf\xbf\xfe\xfa\x8c\x85k\xf8=\x93&M\xb2E\xb1\xe9\
\xd8\xff\xc6\xabva\x88J\x87\x15\x04A\x10\x842a\
\xb6\xd0\x0f\x88F\xa3\xbf\x00\xba\x7f\xff\xfe\x81X\x186\
lX0\xef~\xff\xfd\xf7\x19i\x05\xdb\xba\x9aJ\xb0\
.Y\xb2D\xff\xf5\xaf\x7f\xd5\x07\x1ex`:\xff\xd5\
\x98\xe38_\x00\xf7\x03g\x00\xed\xd3h(q\x07\xa8\
\x22\xc2\xae\x04\xfd\x81E\xb6+A\xe3\xc6\x8d\xf53\xcf\
<\x93\xb1+\x81Y1\xbd\xf0\xc2\x0bA\xc78\xe0\x80\
\x03\xb2\x16@\xb5l\xd9\xb2\xe0\xb8\x0d\x1b6\xcc\xc8?\
&\x9c\xfaj\xf6\xec\xd9\x09\xfe\xb3~{\x98\xed\x83\xe1\
~[\xd5\x97N+\x08\x82 \x08\xe5\x16\xaf\x00\xed\x1d\
\xc7\xd9\x08\xe8\xbc\xbc\xbc\xb8\xd1\x0a\xad[\xb7\xd6\x80n\
\xde\xbcy\xb9\xe6\xf3\xd2\xdc\x01\x5c\xd7\xd5o\xbe\xf9\xa6\
\x1e5j\x94\xdeu\xd7]\xd3\xb9\x03\xfc\xaa\x94z\x07\
\xb8\x05\xe8\x0b4M\xa1\x97D\xb0V\xc3\xced,\xb1\
y\xc0h\xa5\xd4\x06\xdb\x12\xfb\xfb\xdf\xff>\x88\xfa\xcb\
4\xb5V\xcf\x9e=\x03A8k\xd6\xac\xac\xf8\xbe\xfa\
~\xa8\x1a\x08J\xe1\x96\xf5\x98a\xbf\xd6o\xbe\xf9\xc6\
\x94t\x0d:\xb4\x9f\x99!p\xa9\xf0;\xbd):\x10\
\x95\xae#\x08\x82 \x08eBYZ\xe3EJvz\
\xf5\xfb\xef\xbf\xaf\xe3\xf1x0\xff\x9e~\xfa\xe9;\xb5\
\xba\x96&X7o\xde\xacg\xce\x9c\xa9\x07\x0d\x1a\xe4\
6k\xd6,]9\xd6\x8dJ\xa9W\x80\xd1\xc0\x81\xbe\
\xfeI\xa5\x8dD\xacVslW\x82\xce\xc0C\x8e\xe3\
\xc4\xec*]\x17^xa\x10tUVs\xbey\xcd\
\xd7_\x7f\x1dt\x9c\xa6M\x9bf\x1cEh\x8e7{\
\xf6\xec\xe0x\xfb\xee\xbbo\xb9\x8eg\x9f\xf7\x8e\x1d;\
\xf4\xa5\x97^\x9a\xe07k\x09w\xfba\xb6\x166\x01\
\xfb\xa4h3A\x10\x04A\x10Rc\x0c>w\x1b\xe1\
j\xaaq\xdex\xe3\x8dz\xee\xdc\xb9\xc1|k\xfc`\
\xc3\xfe\xae\xa5\xf9\xaf\xfe\xf0\xc3\x0fz\xca\x94)\xbao\
\xdf\xbe\xc6\x1d \x95\xff\xea\xf7J\xa9'\xf0\xca\xb1\xee\
\x91F\x07\x89u\xb5\x86\xaf\x8c\x00\xfe\x00\xcc\xb3]\x09\
\x1c\xc7q\x8d#uY\xabt\x99\x8e6t\xe8\xd0\xa0\
#\xddp\xc3\x0d\xe5\xb6\xbe\xda\xc2\xb4Y\xb3f\xc1\xb1\
\x96.]Z&1\x1d\xfe\xac)S\xa6h\xc7q\xc2\
%]K{\x98\x9b\xe1\x1bJ\x0a\x11H\x86\x01A\x10\
\x04A\xd8\xb9p\x1d\xed\xcf\xa1v\x8et\xdd\xbbwo\
}\xe6\x99g\x06s\xed\xbau\xeb\x829=\x1e\x8f\xa7\
\x9d\xdb?\xf9\xe4\x13=q\xe2D\xbd\xff\xfe\xfb\xa7+\
\xc7Z\xe48\xce\xe7\xc0\x14\xe0d\xbc\x9c\xf7\xa94\x8f\
\x08\xd6Z*b/\x02\x96\xdb\x22v\xcf=\xf7\xd4\x0b\
\x17.L\xb0f\xa6\xb3z\x1a\xd1\xb8c\xc7\x8e\x041\
\xb8u\xeb\xd6r\x09X\xd3\x81o\xba\xe9\xa6\xe0\x18g\
\x9f}\xf6N3\x18\x98\xd5\x9aa\xde\xbcyz\xb7\xdd\
v\xd3\xb6hUJ\xc5w\x22\x5c\xc3\x02\xf6\x1d\xbc4\
Y\x92\x22K\x10\x04A\x10J\x17\xae\x83\xad9\xd4%\
\xb4\x8d\xdf\xb0aC\x0d\xe8\xb6m\xdb\xa6\x9d\xd3\x8b\x8a\
\x8a\xf4\x7f\xff\xfb_}\xf1\xc5\x17\xbb\x1d;vL\x97\
\x7f5_)\xb5\x00\xb8\x01\xaf\x1ck\x93R\x04\xabP\
K\xb1W#-\x81;\x94R\xbf\x99\x14\x17@\xfc\x8c\
3\xce\xd0\x1b7n\xdc\xa9+\x81\x11\xa8w\xdeyg\
\xd0aO=\xf5\xd42o\xf5\x9b\xf7o\xdd\xba5A\
L\x16\x14\x14\xa4\x15\xc0\xae\xeb&l;\xacZ\xb5J\
\x9fx\xe2\x89\xe1\x92\xae[\x81\xb7It\x0d\xd8\xd9\xa3\
\xd8\xff9\xcbo\x1b\xf1\x8b\x11\x04A\x10\x84D\x8c\x11\
\xec(\xe07\x7f\x8euS\xcd\xab\xc68v\xdey\xe7\
%\xf9\xaf>\xf5\xd4S\xfa\xb4\xd3Ns\x1b5j\x94\
\xce\x7fu\xadR\xeaE`$R\x8eUH\xd1\x01\x01\
z\x02\xb3\xc3\xa9\xb5n\xbe\xf9\xe6R\xb7\xe8m\x81\xda\
\xaaU\xab\xa0\xe3}\xfc\xf1\xc7e\xda\xf27\xab\xb0\xd3\
O?=x\xef\x1dw\xdc\x91V\xb8\x86\x8fw\xcd5\
\xd7\x98\xc0\xab\x18%\xdb\x15\xb3\x80\x1e\xfe\xf7z%$\
L\xcb*`\xef\xb7V\x97rc\x08\x82 \x08B\x89\
n\xe8\x0eld'\x06\xa2\xbc\xbc<\x0d\xe8\x97_~\
Yo\xdb\xb6MO\x9a4I\x1fv\xd8a&X:\
\x9c\xceJ\xfb\xe5X\x1f\x05\x86\x00\xbb\xa6\xf9|q\x07\
\x10\x92\x5c\x09N\x07\x96\xd8\xae\x04m\xdb\xb6\xd5\xb3g\
\xcfN\x9bZ\xcb\x08\xcaW_}5\xe8\x84\xdd\xbau\
+\xb3\xbb\xc0g\x9f}\x16\xbc\xafU\xabV)\x85q\
8\x13\xc2\x93O>\xa9\x9b4i\x12\xf6k\xfd\x188\
%\xf4\xdd\x9a\x02_\x90\xe8\x1aPV\x01{\x9d\x7f\x9c\
<\xe9&\x82 \x08B\x1d\xc7X>;\x00\xff+\xcf\
\xbc\xba\xcf>\xfb$\xf9\xaf\xfa\xee\x00\x05\x8e\xe3\xbc\x0f\
\xdc\x0a\x1c\x8f\xb7\x1b\x9cJ\xa3\x88`\x15\xd2vJ\xd3\
1\x1b\x02\xe3\x95R\xf9v\x95\xae\xa3\x8e:J\x7f\xf7\
\xddw\x09~*FP\x9a\x9f\xbd{\xf7\x0e:\xeb\x13\
O<Q\xea\xd6\xbf\xa1[\xb7n\xc1{\xfe\xfb\xdf\xff\
&\xbc'\x1c8\xb6h\xd1\x22\x93\x9e\xcb.\xe9\xba\x1e\
\xb8\x8a\x92\x92n\xe6\xbb\x18Q\xbe\x17\xb0\x81\xb2\xbb\x10\
\xb8\xd6\x0dy\x91\x08XA\x10\x04A4B`\x10z\
\x9f\xf2\x19\x84\x82y7\x12\x89\xe8h4\xbaY)\xf5\
*0\x0e\xe8\x85\x97c=\xfcY\xe2\xbf*\x94\x0b\xdb\
\x0a\xbb\x07\xf0D\xd8\x95`\xf4\xe8\xd1I\x96WcE\
]\xb1bE\xc2\x16@\xbaTWF\x90>\xf9\xe4\x93\
\xc1\xeb{\xf5\xea\x95\xf0Z[\xb4n\xde\xbcY\x0f\x1e\
<\xd8\xdc\x041\xab\xa4\xebT\xa0S\x9a\xf3\x87\x12\xa7\
\xf2\xa3\x81BJ\xf1\xcdI#`\xe3x\xd58\xecc\
\x09\x82 \x08B]\x13\xae\xf5\x80W)\x9f+^\x1c\
\xcf\xca\xfa\x93R\xeai\xbc\xa2@{\xa7\xd1\x1e\xe2\xbf\
*T\x88\xb0+\xc1\xb1\xc0{\xb6+A\x83\x06\x0d\x5c\
cY\x0d[H/\xbb\xec\xb2\xa0\xe3^u\xd5UI\
\x11\x86\xb6\x90\xadW\xaf^\xf0\xda\x95+Wj\xad\xb5\
.,,L\x10\xba\xb7\xdcr\x8b\x11\x93v\x1a\x8e9\
\xc0\xa1\xa1\x8e\x9f\xae\xd3\x1b\xd1y\x1ei\xa2\x22K\x11\
\xb0.P\xe0\xb7\x81\x08XA\x10\x04\xa1\xae\xea\x81\xe7\
\xca)\x5c\x8de\xf6S\xbc\x1d\xd0T\x82U\xdc\x01\x84\
\x9c\xac\xb6\x1c\xab\x93\x8dTJ\xad1\x09\x88\x81X\xcf\
\x9e=\xf5\xa7\x9f~\x9a\xe4\x12`w\xe0\x0d\x1b6$\
\x08X\xf3\xf3/\x7f\xf9K\xf0\x9aK.\xb9$) \
\xeb\xc5\x17_\xd4m\xda\xb4\x09n\x14_</\x05\xce\
.\xa3hM%`\xaf\xcdd\xd5\x08\xe4\x03\xbdE\xc0\
\x0a\x82 \x08uH\xb8\x9a\xf9\xeea\x7f.,*\xa7\
p]N\xc9\xeehD\x04\xabP\x99\xd8V\xd8\x0e\xc0\
T\xa5T\xb1]\xa5k\xd8\xb0az\xfb\xf6\xed\x81\xf0\
\xbc\xff\xfe\xfb\x83N|\xec\xb1\xc7&\xe5e\xdd\xb4i\
SBG\xb7E\xeb\xd7_\x7f\xad\x0f;\xec\xb0\xc0B\
\xea\xe7k\xdd\x0cL\xa4\xa46\xb1\xa2\xfc\xfe0\xe6&\
\xbc7C\x01\xbb\x01\xd87E\x9b\x08\x82 \x08Bm\
\x15\xaewf8gn\x06\xf6\x0b\xcd\xbf\x82P\xa5\x22\
\xf6P`\xae\xe5\x0f[\x0c\xb8\x93'O\x0eDh\xe7\
\xce\x9d\x83\xce\xfc\xd6[o%\xf8\xb1\x1ew\xdcq\xc1\
\xff\x1ez\xe8!\xad\xb5\xd6\x05\x05\x05\xfa\x92K.\x09\
\xfb\xb5j\xe01`\xcf4\xe7Q\xde\x9b\xd1\xbc\xf7\x9f\
d\xb6\xfd\xb1\x1c\xd8]\x04\xac \x08\x82P\x8b1b\
s\x82=\xc7S6w\xbb8\x9e\x85\xf6\x18\x99+\x85\
\xea\xb4\x1a\xb3;\xe2\xb9\xc0\xb7\xb6+A\x97.]\xf4\
\xe7\x9f\x7f\xae\xd7\xae]\x1bt\xe8\x8e\x1d;\x06\xa2\xf6\
\xed\xb7\xdfN\x0a\xd2\x9a:uj\x82_\xab\xef\x22\xf0\
&^\xa0\x95-ZU\x16\xce\xdf\x01\x1a\x00\x0b(_\
\xc4\xa4y\xddR\x12\xb7A\x04A\x10\x04\xa1\xb6\x09\xd7\
1\x19\x08W3O\x0e\x0b\x1dK\x10\xaa\x05\xb6\xcfJ\
\x0b`\x92Rj\xbb/:\xe3@\xfc\xb2\xcb.\xd3}\
\xfa\xf4\x09:\xf6\xc3\x0f?\xac\xb5\xd6\xbac\xc7\x8eA\
\x8e\xb7\x9bn\xbaI\xf7\xea\xd5+\xa1\xa4+\xf0=^\
D\xa2\xb2\x04\xa2\x93\xe5s\x07h\x03,\xc9P\xc0~\
\x01\xb4\x17\x01+\x08\x82 \xd4B\xe1:\x92\xf2\x078\
\x9b\x9d\xcc\xabE\xb8\x0a\xd5\x1d[\xb8u\x07^\x08\xbb\
\x12\x98\xce\xdd\xbe}\xfb\x842\xb2\x94\xf8\xc6\xb8J)\
\xad\x94\xda\x0eL\x02Z\xf9\xc7S9\x14\x86\xe6\xb8\xbb\
\x03?\x90Y\x11\x83\x8f\x81\xb6!A,\x08\x82 \x08\
5Y\xb8^VN\xe1j\x07r\xfd\xcd:\x96\x04e\
\x09\xd5\x9a\xb0\xc8<\x19\xf8\xd4r%(\xf6o\x82T\
\x0f\xe3\xd7:\x93\x92`\xa8\xcaZ\xb1\x99s\xde\x8f2\
\x94\xb9K#`?\xb2\xc4\xb6X`\x05A\x10\x84\x9a\
,\x5c/\xb4\xe6\xc2\xb2\x0aW3\x1f>(\xc2U\xa8\
\x89\x84\xabt\x8d\x03~2\x1d\xdc\x0a\xc0\xb2\x1f\x8b\x81\
\xfe\xa1\x1bHU\xc1\x0d\xdb\x1b\xd8\x96\xa1\x80}\x0fh\
n\xb5\x81 \x08\x82 \xd44\xe1:\x8c\x92\x80\xab\xf2\
\x0a\xd7\x19\xfe1\xa4\xd0\x80Pc\x09W\xe9z\x18\x98\
\x0f\xcc\xf3\x7f\x9a\xc7(\xeb\xb5UY\x0a\xce\xdc\xb8\xc7\
\xe3m}\xb8\x19\xdc\xb8\x0b\x81f)\xbe\xbf \x08\x82\
 Tw\xe1:\x94\x92\xaa\x92\xe5\x9d\xff^\xf6\x8f#\
\xf9[\x85\x1aOy\xfcU#\xd5\xe8\x06\x1eT\x81\x95\
\xe7;\x88\x0b\x81 \x08\x82P\xb3\x84\xeby\x94\x18m\
\xca\xbb\xf3\xf8&\xd0\x88\xccr\xaf\x0bB\xb5\xc5\xa1\xa4\
\xaaF\xaaGuZ\xa5\xe5\xf9?\x87\x93\xb9\xcf\xcf\x87\
@k\x11\xb0\x82 \x08B\x0d\x10\xae\x17\x91\xb9\xc1f\
\x11\xd0\xd2\x9a\xeb\x05A\xa8\xe2\x1b\xfaO\x94?\xda\xd2\
\xceB i\xb4\x04A\x10\x84\xea\x86]9\xebr\xca\
o\xa81Yy>\xa3$\xdb\x8e\xccs\x82P\x8d\x04\
\xec\x9f+ `?\x07:\xcb\x8d-\x08\x82 TC\
\xe1:\x92\xccw\x18\x97\x00\x1de~\x13\x84\xea+`\
\xaf\xae\x80\x80]\x02\xec\x12:\x9e \x08\x82 T\x85\
p5B\xf3/\x19\xcck\xc6\xe2\xfa\xb55\xaf\x89p\
\x15\x84j,`\xc7S\xbe\x12y\xb6\x80\xfd\x0e\xafx\
\x83\x08XA\x10\x04\xa1\xaa\x84\xab\xf1I\xfdk\x05\x84\
\xeb\xb7x\x85}D\xb8\x0aB5\xbf\xe1\x8d\xe0\xbc\xa1\
\x027\xfc\x1a\xe0`\x11\xb0\x82 \x08B\x15\xccc&\
0\xfa\xee\x0a\xccc+\x80\xae2\x8f\x09B\xcd\x13\xb0\
\x15Y\xb1n\x06\xfa\xc9\x8d/\x08\x82 T\x12\x8e\xf5\
s:\xe5+\x83n\xbf\xf6\x07`o\xffXbq\x15\
\x84\x1a$`\xcd\x0d{]\x05\x04\xec\xaf\xc0i\x22`\
\x05A\x10\x84\x1cc\xe6\xac\xfa\xc0\x0b$\xba\xb3\x95\xc7\
\xf5\xed\x7f\x94X\x5cE\xb8\x0aB\x0d$\x1c\xc4U\x9e\
(\xcd\xb8\xf5\xf3|\xebxR\x8dD\x10\x04A\xc8\x85\
pm\x0e\xcc\xad\x80p\xfd\x06\xf1q\x15\x84\x1a\x8f\xed\
B0:C\x01k^{\x8d\x7f\x1c)\xa7'\x08\x82\
 d\x0b3Gu\xc6+\x9aS^\xe1jv\x0a\xbf\
\x04\xba\x88p\x15\x84\xda78\x8c\xb0DiYK\xea\
\xd9\xe5\xf7\xee\xb6D\xb1T'\x11\x04A\x10\xb217\
\x1d\x80\xe7\xa7\x9a\xa9\xc5\xf5\x13\xa0\x83\x08WA\xa8\xbd\
\x83\xc4%)DiY\x04\xac\x19$\x9e\x06\xea\xc9 \
!\x08\x82 daN:\x0e\xd8T\x01\xe1\xfa\x01\xd0\
N\xe6$A\xa8\xfd\x83\xc5\x10\xa0\x90D\xdf\xd6\xf2\x0c\
\x16\xf3\x80\xd62X\x08\x82 \x08\xe5\xc4\x0e(>\xa7\
\x82s\xd1\x1bx~\xb22\x17\x09B\x1d\x11\xb0\x03\xf0\
\xb2\x09\x947\x15\x89\x194\xbe\x00\xf6\x0a\x1dS\x10\x04\
A\x10\xd2a\xc7L\x8c\xa5\xfc\xbb\x80\xf6\x1c\xf4/\xa0\
\xa1u\x5cA\x10\xea\x88\x80=\x92\x92\xed\x9aL\x04\xec\
j\xff\x18\xb2\xea\x15\x04A\x10J\xc3\xcc\x11\x0a\xb8\x8f\
\xf2\x07\x10\xdbs\xcf\x93$\xe6\x84\x15\x04\xa1\x8e\x09\xd8\
\x83\x80Ud\x1e\xe1\xb9\x038/\xc5\xaaZ\x10\x04A\
\x10l\xe1\xda\x12\xf8O\x06\xf3\x8dk\xcd9\xf7[\xf3\
\x8d\x08WA\xa8\xc3\x02v/\xe0\xeb\x0c\x06\x14{\xab\
\xe7\x16\xeb\xb82\xa0\x08\x82 \x08\xf6<\xd3\x03\xcf\xdd\
,\x13\xe1j\xe6\x9a\x9b\xad9F\x0c%\x82 +b\
:\x01\xefVpE\xfc$%>H\xe2F \x08\x82\
Pw\xb1\x03\xb3\x8e\x076P1\x03\xc9\x9f\xad\xb9E\
\x84\xab \x08\xc1\x00\xd3\x08\x98\x9d\xc1\x00c\xbf\xfe\x1d\
\xbcd\xd3\xf6\x8a[\x10\x04A\xa8;\xd8\x96\xd1\xcb\x80\
\x22\xca\x1f[a\x97)\x1f\x1c\x9a\xab\x04A\x10\x82\xc1\
\xc6\xfc|\xd0\x1a<2q\xa6\xff\x118FV\xc9\x82\
 \x08u\x0e#0\xa3\x94\x04f\x957\x15\x96\x11\xae\
\x1b\x80\xa3\xad\xe3\x09\x82 $aW\xce\xba\x81\xcc\xd2\
\x98\xc4,!;\x22\x858\x16\x04A\x10j'F`\
v\xc1\xcb\xc1Z\x11#\xc82\xa0\xbb\x08WA\x10\xca\
*`\xcd\xca\xf9bk )\xcfv\x8f\x9d\xfe\xe4A\
\xa4\x22\x97 \x08B]\x997\x8e\x04\x96Sq\xf7\xb3\
\x8e2o\x08\x82\x90\xe9\x0az\x00\xb0\x99\x8a\x05r-\
\x00v\x95\x15\xb4 \x08B\xad\xc3\xf6o\xbd\x14(\xa0\
\xfc\x06\x0f{\xbe\x98\x094\x16\xe1*\x08BE\x05l\
O`i\x05W\xd2+\x80~\xd6`'n\x04\x82 \
\x08\xb5c\x8e\xc8\x03\xa6\x90\x99\x7f\xab\xfd\xda[C\xa2\
X\x10\x04\xa1B\x83S\x1b`\xae%H\xcb\xe3\xc3d\
\xfb\xc1\x8e\xb5\x8e-\xabjA\x10\x84\x9a\x87\x221O\
\xf8[d\xe6\xdfj\x17\xbb\xb9\xc4\x12\xad\x12\xe4+\x08\
B\x85\x89X\xab\xebi\xd6j\xb9\xbc\xabk3\xa8\xfd\
\x13h\x15\x12\xc7\x82 \x08B\xf5\xc7\x16\x97\xa7\x03\x1b\
\xa9\xd8\xae\xdc\x06\xe08k>\x10\xe1*\x08BN\x06\
\xac\xb1)V\xce\xe5\xf5kZ\x06\x1cf\x89c\xd9\x22\
\x12\x04A\xa8\xdeD\xad\xf9\xe0\xb6\x0c\xe7\x01[\xb8~\
\x0e\xec#\x86\x0cA\x10r\x89\x1dQz:\xf0s\x86\
+n3\xd0\x15\x00\xa3\xac\xe3\x8b\x1b\x81 \x08B\xf5\
\x1e\xfbw\xa5$\x0d\x96\xbd\xa3V\xdeR\xaf\xb3\x80\xe6\
\x22\x5c\x05A\xa8\xec\xd5\xf7\xbe\xc0\xa7d\xe6\x07k\xbb\
\x1c<\x83\xe7Sk\x8e-\xdbF\x82 \x08\xd5\x03\xdb\
\xa8p\x1a\xb0\xb6\x82F\x0b\x0d\xdc$F\x0bA\x10\xaa\
R\xc06\xc7Km\x92\xe9*\xdc\x0ch\xdf\x02\xc7Z\
\xab|q#\x10\x04A\xa8\x1e\xe3|}\xe0\xefT\xdc\
M \x1f8\xdb?\xa6\x04f\x09\x82P\xe5+\xf2\x1b\
\xb20\xb0\xc5\x80[,\xe1*[I\x82 \x08\x95\x8f\
\x9d\xce\xf0@\xe0C2\x0b\xd4u\xad\xf1\xfd+\xffX\
2\xb6\x0b\x82P\xe5\xd8V\xd2?\x02[\xc8lK\xc9\
\xb6\xda\xce\x07\xba\xc9\xea\x5c\x10\x04\xa1J\x8d\x12#\x80\
_\xb20\xa6\xcfB2\xcc\x08\x82P\x0d1\x03R\x0f\
k\x95^\xde\x9c\x7f\xb6\x1b\xc1&\xe0\x824\x03\xaa \
\x08\x82\x90}C\x84\x19g;\xe1\xa54\xcct7\xcd\
~\xfd\x04\x19\xc7\x05A\xa8\x09\x02\xb6!\xf0 \x99U\
[\x09\x0f|\xcf\x92X\xe3Z\xac\xb0\x82 \x08\xd9\xc5\
\x16\x95\x83\x80\xd5\x19\x1a l\x0b\xed\x8f\xc0\x89\xfe1\
e\x07M\x10\x84j\x8d\x1dhu!\x99o9\xd9V\
\xd8Ux.\x09\xb2z\x17\x04A\xc8\x1e\xb6\xb5\xb5%\
\xf0\x08\x99[[m\x7f\xd8\xb9@\x97\x90QC\x10\x04\
\xa1\xc6\x0c\x88\x07R\x92N+\x93U\xbc=\x80\xfe\xc3\
\x1f`\x8d\x80\x95\x95\xbc \x08Bf\xd8F\x80\x13\xf1\
\x0a\xc7d\x12\x94\x15\x1e\xa7'\x89\xa1A\x10\x84\x9a\x8c\
Yq7\x01\xa6giE\xff\x0d\xd0_\x06GA\x10\
\x84\x0a\x1b\x17\x9a\x92\x98\x02+\x93\x1d2\xf3\x9eu\xc0\
)\xd6gH\xbaCA\x10j,a7\x82\xfc\x0c\x07\
\xc9\xf0{\x1e\xa4$zU\xac\xb0\x82 \x08;\xc7^\
\xec\x9f\x04,%\xb9\xf2U&\x85f\xe6\x00\xbb\xc9x\
,\x08Bm]\xe9\xf7\x00\xde\xa9\xe0\x80i\x5c\x0f\xbe\
#\xd1\x17V|\xab\x04A\x10R\x1b\x11\xcc\x18\xdc\x1a\
x\x88\xcc\xad\xad\xf6{\x8a\x81\xeb\xd3\x88cA\x10\x84\
Z\x81\x11\x97y\xc0\xedY\x1a<50\x03\xe8l\x0d\
\xd2\xb2]%\x08\x82\x90,(\x07\x01?T\xc0x`\
\x07\xd2~\x03\x1ci\x19(d\xdc\x15\x04\xa1V[\x00\
\xcc\x96R\x7f`\x05\x99\x07s\xd9\xbe\xb0k\x80sC\
BY\xb6\xae\x04A\x90\xb1\x16v\x01\x9e\x22\xf3\xb8\x83\
\xf0{\xa6S\x12<+;^\x82 \xd4\x09\x945\xe0\
u\xc4\xcb\xe5Z\x91A\xd5\xb6\xc2\xfe\x1b\xe8\x99\xc6\xea\
 \x08\x82P\x17\xc6\xd7\x88\xf5\xfb\x08`#\x99g\x12\
\xb0\xad\xad\x1b\x81\xf3d|\x15\x04\xa1.c\x0f|\xe7\
[\x03l&VX{\x80\xdd\x0e\xdc\x084\xb2>G\
\xb6\xb4\x04A\xa8Kcj/`\x01\xd9\xb3\xb6\xbe\x0c\
\xeca}\x8e\xecl\x09\x82P\xa7\xad\x04FX\xee\x01\
\xbc\x92\xc5\xc1v\x090\xd0\xfa,q%\x10\x04\xa16\
b\xbb\x08\xb4\xc4K\x7fU\x5cAc\x80y\xff6<\
\xeb\xad=\x8e\x0a\x82 \x08\xa1\x01\xf1JJ*sU\
\xd4\x0a\xab\xf1|\xbd\xf6Lc\x9d\x10\x04A\xa8\xc9\x8b\
\x7f{<\x1b\x86\x97\x85%[\x06\x80\xf9\xc0\xbe\x96@\
\x96\x1d,A\x10\x84R\xac\x07\xfb\xf9\x03gE\x06a\
;\xad\xd6f`<\xd0P\x06\xe2j9\xf9F\xfd\x9f\
\xf2\xa8\xde\x8f\xa8\xdc7\xd5R\xb4\x1e\x02\xfc\x87\xc48\
\x80\x8aX[\x7f\x05\xc6Y\xd7Z\xac\xad\x82 \x08;\
!j\x0d\xd0W\x01[\xc8\xdc\x0a\x1b\x16\xbe_\x02\x83\
C\x9f%\xae\x04\x82P~\xf1$T\x0d\xb6hm\x0f\
L!\xd1E\xa0\xbc\x01Y\xa9\xac\xad\xfb[\xd7Y\x16\
+\x82\x0cP\x82PF\x1ck0\xfd\x1dp\x17%\xfe\
\xabq\xca\xbf\xf5o,\x0b\xe6}s\x80\x1b\x80O,\
\x11k\x06}\xa1r\xc6\x16\x0d4\xc0\xcb=Y\x0f\xd8\
!\x13e\xb5\xc6\x05\x9a\x03\x8b\x81E\xd65\x14*o\
L4\xd7!\x0f\xb8\x0c\x98\x80\x97\xb1%\x1b\xe3\xe2V\
\xbc@\xd7)\xfe\xf3\x11\xcbX \x08\x22^\x05\xa1\x1c\
D}\xab\x00\xc0%\xc0\xdf|k\x83\x1b\x1a\xd0\xcb3\
\x01\x9b\xf7\x15\xe2\x95\x99\x9d\x0c\xac\xb5\xac\x1aqi\xf6\
\x9cc\xda\xf9a\xe0\xd2\xb4\x17?\x1aEk\x99;+\
\x1b\xad5\xae\xeb\xa6\xfbw\x11p0^@\xa4c\xdd\
SB\xeeD\xab\xb2\xc6\xa5\x01\xc0M\xc0\xa1\x96hu\
2\x98\xafm\xb1\xfb2p\x0d\xf0\xad\x7f\x1c%\xd7U\
\x10\x04\xa1\xe2\x83\xb7\x11\xa9\xbb\x013\xa9\x98oWx\
\x9bl=\x9e\x7fW\x93\x90\xb8\x12r+^\x01\x9e\xf7\
\xaf\xdf\x0e\xc7q\xe2J\xa9\x98\x7fm\xe4Q=\x1fE\
\xfe=sp\x86\x8bG\xa1\xec\xd8\xf9\xb0\xf1\xc5\xea\xcb\
\xa11,\x93\xb1\xcf\xce\xf5\xba\x1e\xb88d,\x10\x84\
Zq\xf3\x08Bu\xc1\xb6\xc2\x9e\x09L\x02\xf6Ia\
E(+f 7\x03\xf62\xe06\xbc\xec\x04.\x89\
\xdbtB\xf6\x17$.\xd0\x03\xf8\x08/\x90N\x01*\
\x12\x89\xd0\xa4I\x13\xc6\x8d\x1b\xc7\x09'\x9c\xc0\xa6M\
\x9b\xc8\xcf\xcf'\x1a\x95y5\x97\x18\x0bw\xa7N\x9d\
(,,\xe4\xf6\xdbog\xde\xbcyh\xad\xcd\xff\xcc\
=\xf68p\x11\xb2K\x91\xcby7b\x8du]\xf1\
\x82MM\x9bg\xba\xeb\x14v\x9d\x9a\x8e\xe7&\xb0Z\
\xc6:A\x10\x84\xdc\x8b\x1e3\xd06\x07n\xc7\xdb\xfe\
\xaf\x88%\xc2\x8e\xb2\xd5\xc0\xbb\xc0Ii>S\xc8\x1e\
f\x12\x9d\x14\x89D\xf4\xc0\x81\x03\x132J4i\xd2\
D\xff\xedo\x7f\xd3B\xe5\xb2|\xf9r\xdd\xaf_\xbf\
T\xf7H\x1c/kG\xa7\x0c\xc5\x93P6\xd1jh\
\x0b\xdc\x02\xe4S\xb1\xac+\xe1\xf7}\x86W\x9a\xdb6\
\x0a\x08\x82 \x08\x95(|\xc0\xdb\xc2|\x9d\xecl\xa7\
\xd9\x83\xfc+\xc0\x91\xa1\xcf\x94\x09;\xbb\x93\xb5\xd3\xaf\
_\xbf\xe6\xc0\xaa\x1bn\xb8\xc1\xcd\xcf\xcf\x8fw\xef\xde\
=\xe9\xda\xdc{\xef\xbd\x81\xb8***\xd2\x05\x05\x05\
\xba\xa8\xa8(x\x14\x17\x17\xcb\xa3\x8c\x0f\xd3^EE\
E\xfa\xb7\xdf~\x0b\xdau\xd5\xaaU\xfa\x84\x13NH\
h\xf7h4\xaa\x1b6lh\x8b\x9fkS\xdc\x7fB\
vEk3\xe0/\xc0\xaa,\x88V\xdbE\xe0\x17\xe0\
z\xa0\xbeu\x0dewU\x10\x04\xa1\x8a\x07\xfdK\x81\
5Y\x1e\xf050\x0b\xaf\xd4\xa2\x88\xd8\xdc-B\xce\
\x07\xf4\xb6m\xdbbZk\xfd\xf0\xc3\x0f\xebF\x8d\x1a\
%\x5c\x97\xbd\xf6\xdaK/\x5c\xb80\x10[\xf1x\x5c\
\xbb\xae+\xa6\xd2\x0c(..N\xf8{\xfc\xf8\xf1I\
\xf7\xc1\xb9\xe7\x9e\xab_~\xf9e\x9d\x97\x97\x17WJ\
\xb9J\xa9\xaf\xf1\xdc;2\x09\x0e\x12v>~5\x02\
\xfe\x84\x174UQ\x9f\xfep\xa1\x96\xd9\x94\x14\x1b\x90\
\xc5\x87 \x08B5\xc0\x9eL;\xe0\xa5z)\xa2b\
y\x0f\xc3\xe2\xb7\x18x\x128@Dl\xd6'pG\
k\xad\x80w\xbbw\xef\xae\xb5\xd61#\xaa\xc6\x8c\x19\
\x93t]\x06\x0c\x18\xa0\xd7\xad[\x17\x08\xafX,&\
j\xb4\x8c\xc4b1\x1d\x8f\xc7\x83\xbfg\xcc\x98\xa1\x9b\
4i\x92\xd0\xbe\xbb\xec\xb2\x8b~\xfd\xf5\xd7\xb5\xd6Z\
\xf7\xea\xd5K\x03\xb1H$\xa2\x81\xd3D\xf8\xe4D\xb4\
F\x81\xe1\xc0\xd7\xa1\xf1&\x1b\xe3\xd6\x12\xbcTt\xf6\
g\xc9\xc2C\x10\x04\xa1\x1aZ\xf1\xc0\xab8\xf3j\x16\
,\x18\xe1\xc9\xa0\x10/\xbdS\x0f\x11\xb1\xd9\xbdny\
yy\x7f\x00\xe2\xb3f\xcd\x8a\xdb\x82\xeb\xc7\x1f\x7f\xd4\
\xc7\x1f\x7f|\xd2u\x197n\x5c\xa9\xd6D\xa1\x04\xd7\
u\x13\xdag\xf1\xe2\xc5z\xff\xfd\xf7OhO\xa5\x94\
\xfe\xfb\xdf\xff\x1e\xbc\xe6\xb1\xc7\x1e\xd3@L)\xa5\xfd\
{I\x84kvEk=\xbc\x1d\x87OBcME\
D\xab\x19\xe3~\xc6\x0b\xf2jd-\xf0e\x8c\x12\x04\
A\xa8!\x13\xc4\x90\x90E\xa3\x22A]\xb6\x88\xdd\x81\
g\x89\xfd\xbd\xf5Y2AT@\xc0*\xa5\x00\x9el\
\xd4\xa8Q`}\xb5\xad\xaa\xf3\xe7\xcf\xd7\xbb\xef\xbe{\
\xc2ui\xda\xb4\xa9~\xea\xa9\xa7\x12\x5c\x09\xc4\x12\x9b\
\xdeE`\xcb\x96-z\xe8\xd0\xa1I\xfd{\xf8\xf0\xe1\
\x09\xfe\xafZk\x1d\x89D\x5c \xee8N!%\x15\
\x97\xa4\x7fg6&\xd9AQ\xf5\x81\x0b\xb2(Z\xc3\
\xbe\xfa\x8f\xe3e(@\x16\x1c\x82 \x085\x0b\xdb\x95\
\xa0\x19\xf0W\xb2\x13\xb5\x1b\x16\xb1\x85\xc0\x0c<K\xaf\
\xfd\xd9\x12\x0c\x91\xc1\xf5\xdam\xb7\xddv\x05\xb6N\x9c\
81\xae\xb5v\xe3\xf1x\xc26\xb7\xd6Z\xdfs\xcf\
=\xda\xdf\xc6\x0e\x1e\x07\x1ex\xa0^\xbcxq\xc2\xf6\
x]\xf7\x87\x0d\x8b\xf8I\x93&%\xf5\xe7>}\xfa\
\xe8\xaf\xbe\xfa*xMaa\xa1\xd6Z\xeb\xd1\xa3G\
k \x16\x8dF5p\xbf\x88\xa0\xac,\xa4\x1b\x03\x97\
\x03_eI\xb4\x86\xc7\xa2\xb7\x80\xa3\xad\xcf\x13\x17\x01\
A\x10\x84\x9aj\xd1\xb3~\xef\x8a\xb7\xe5_\x9cf\xf0\
\xaf\xc8\xc4\xe1\xe2%\xdc?<\xc5\xe7\xcb\x04R\xbek\
5\x01\xd0\xdb\xb7o\x8f\x19kj\xd8\x82XPP\xa0\
/\xba\xe8\xa2\xa4\xeb2d\xc8\x10\x9d\x9f\x9f_\xa7]\
\x09\x5c\xd7M\x10\xfc\xb3g\xcf\xd6\xed\xdb\xb7Oh\xa7\
\xd6\xad[\xebY\xb3f%X\xac\x8b\x8a\x8a\xb4\xd6Z\
\xaf_\xbf\xde\xf4gW)\xb5\x01h\x87\xd4\xb8/\xef\
B\xcc\x1ewZ\x01W\x02\xdfdQ\xb4\xda\xa9\xfd\xbe\
\xc1s?\xb0\xef#\xb9V\x82 \x08\xb5\xcc\x02\xd2\x0b\
x)G\xd6\x0f\x17\x98\x03\x9c\x12\x9a@\xc4\x0aR\xb6\
\xeb\xe4\x0c\x1d:\xb41\xf0\xed)\xa7\x9c\xe2z\xba*\
\x9e\xd6ws\xe9\xd2\xa5\xfa\xb0\xc3\x0eK\xba.\x93&\
M*\xd5\x0aY\x17\xfcZ\x97-[\x96\xb2mn\xbe\
\xf9\xe6\x94mc,\xd5\xc7\x1cs\x8c\x1d\xa452\xc5\
\x22PH/Z\xed{\xbe\x130\x11X\x99\xa3\xb1f\
=0\x96\x12\xbfV%\xd7I\x10\x04\xa1\xf6[DN\
\x02\xde\xcf\xd2\xc4\x92\xca\x15\xe1#\xe0B\xbc\xf4Bb\
\x15)\x1b&xk\x10\xa0?\xfb\xec\xb3X*\x0bj\
\xd8\xba\xf8\xe2\x8b/\xeav\xed\xda%\x5c\x8f\xb6m\xdb\
\xea\xd9\xb3g\xd7\x89\xd4Zv\xfb\xec\xd8\xb1C_r\
\xc9%I\xfds\xd0\xa0Az\xcb\x96-)\xdfc~\
_\xb8p\xa1\xb6\xee\x81\xcf\xf0\x82\x8a$5\xd6\xce\x17\
\xc6v\xfb\xec\x0b\xdc\x07l\xcc\xd1\xd8\xf2+p7\xd0\
1|\xdf\x08\x82 \x08u\xc3B\xa2\xf0\xca.\xda[\
z\x15IS\x93j\xa2\xfa\x1a\x18\x83\xb7\xfd\x1a\x16\xd2\
\x22\x0aR\x08\xd8H$\x020\xafk\xd7\xaeA\xf0V\
*\xe1\x19\xb6\xa8\xder\xcb-I\xd7\xe3\xb0\xc3\x0e\xd3\
\xdf|\xf3M\xad\xf4\x87\x0d\x7f\xff)S\xa6$\xf9\x03\
\xef\xb7\xdf~\xfa\xa3\x8f>J\xfb\xfd\xed\xdf;v\xec\
h[]O\x10aT\xe6\x850x\x05M\x9e\xc6\x0b\
\xe6\xach\x80h\xaa\xf7\x17\x03O\x90\x9c\xafU\xc6\x10\
A\x10\x84\xbaf\xe5\xf3i\x04\x5c\x01|Gv\xd2k\
\xa5\x8a\x02\xde\x80\x97\x83\xf6\xc0\xd0y\x88KA\x8a\xeb\
\xd2\xb2e\xcb\xdf\x03EO>\xf9d\x5ck\xed\x96\xb6\
\xf5\x1f\x8e\xa8?\xfb\xec\xb3\x93\xae\xc7\xa5\x97^\xaaw\
\xec\xd8Q+\xfca\xc3\x96\xe7\xf9\xf3\xe7\xeb=\xf6\xd8\
#\xe1\xfb6n\xdcX?\xf6\xd8c;u\x9f0\xed\
0u\xeaT\x0d\xc4\x1c\xc7\xd1\xc0\xbfD\xb8\x96I\xb4\
6\x04\xce\x22\xb1\xc2_6\xc6\x8e\xb0\xe8}\x91\xe4B\
)2f\x08\x82 \x88\x88\x05\xa09p5\xc9~j\
\xd9\x14\xb1\xc5x>\xb7\x03Ht!\x10\x97\x02\xab-\
\xfc\xd4Y\xd3\x22\x91H\xa9\xd6\xd7t>\x9f\x8b\x16-\
\xd2\xfb\xed\xb7_\xc2\xb5p\x1cGO\x992\xa5F\xfb\
\xc3\xda\xe7\xfb\xe3\x8f?\xea\xfe\xfd\xfb'\xf5\xb9\xbf\xfc\
\xe5/e\xca\x81k\xda3\x1e\x8f\x1b\x9f\xca\xb8R\xea\
7`\x1f$H\xcb\xa0R,0w\xc3\x0b,\xfc\xdf\
NDgEwm\xe6\x00G\xc9\x18!\x08\x82 \xa4\
\x9b\xa0l\x11\xdb\x1a\xb8\x01/(\x22[\xee\x04\xa9\xb2\
\x1b|\x82\x17\x89\xdc>\x85\xa0\xae\xcb\x96\x15\x07P{\
\xef\xbdwG\xe0\xe71c\xc6\xb8&uVY\xc4\x9d\
-r\x1f\x7f\xfcq\xdd\xb8q\xe3\x84k\xb1\xdbn\xbb\
\xe9y\xf3\xe6%\x88\xbb\xea\xeeJ\x10\x16\xa0\xd7\x5cs\
MR\x1f;\xe9\xa4\x93\xf4\x8f?\xfeXfan\xda\
s\xf8\xf0\xe1\xb6\xbb\xc0\x1d)\x16uu\xb5\x0f\x86\xdb\
\xa0\x0f\xf0\x08\xb0\xa5\x94\xc5i6,\xad\xaf\x03\xc7\x85\
\xceED\xab \x08\x82P\xaa\x95\xc5\xd0\x11\xb8\x19X\
G\xf6\x82/\xdc\x14\xc7\xf8\x09/\x8d\xd7\x11)Dl\
]\x15\xb2F8\x8c\x01\xf4\xa6M\x9bb\xe5\xb1\x94\x96\
E\xec\x1d\x7f\xfc\xf1z\xd5\xaaU\xc1k\x8a\x8a\x8a\xaa\
\x9d\x88\x0d\x7f\xdf\xc7\x1e{,I\x8cw\xed\xdaU/\
X\xb0\xa0\x5c\xc1i\xa6}\x96/_n\x04\x98\xab\x94\
Z\x0d\xb4\xa8\xc3b)U\x00VK\xbc\xc0\xcb\xb7H\
v\x0d\xa8\xc88\x90N\xb4\x9e\x1c:\x1f\x11\xad\x82 \
\x08BF\x22\xb6\x1d^\xb9\xc5\x15Y\x14\xb1\xe9\xac6\
\xef\x01\x7f\x221\xc0\x0b\xff|\x9c:v\x0d\x9c\xbb\xef\
\xbe\xbb>\xf0U\xbf~\xfd\xb4\xd6:^^qi\x8b\
\xbf5k\xd6\xa4\xdcf\xbf\xe6\x9ak\xaa]\xa9Y\xd7\
u\x13\xce\xfd\xc3\x0f?Lr\x83\x88F\xa3\xfa\xfe\xfb\
\xef\xcf\xc8\x0d\xc2\xb4\xe3\xa1\x87\x1ej[]\x87\x87\x16\
\x0euI\xb0\x86\xbf\xf3\xa1x>\xea\xab\xc9\xaek\x80\
\x9b\xe2\x18s\x81\x13S\x9c\x93 \x08\x82 d<\xb1\
\x19Z\x03\xe3\x80\xe5\xa1\xc9\xac\xa2\xdb\x86&\xf1\xb8=\
\xa1m\x00\x1e\xc2\xb3\xc6\xda\x96\xa0\xba\x94\xa9 \x02P\
\xaf^\xbd\x93\x01\xfd\xde{\xef\xc52\x11\x97\x99\x048\
\x85\xc5cU\xb9\x08l\xde\xbcY\x0f\x1a4(\xab\x01\
h\xe6\xb5s\xe6\xcc\xd1@L)\xa5\x81\x0f\xa9[>\
\x95\xa9\xdc\x02:\xf8\x0b\xc7\xb7(\xdd\x175[nC\
\xb3I\xac\x8a%\xa2U\x10\x04A\xc8\xaa\x88\xb5-\xb1\
M\x81\xd1xi\xb0\xb2\xe9\x0dA]y\x00\x00\x16\x1d\
IDAT\xfb\x96\xee8\x9f\xe0Y~\xbb\xa5\x10w\
\xb5]\xc8\x9a\xd4Y\xff\xee\xd4\xa9S\x99\x82\xb7\xca\xba\
\x05\x7f\xff\xfd\xf7'\xa5\x96\xdaw\xdf}\xf5\x87\x1f~\
X%\xfe\xb0\xe1\xf3\xbb\xf9\xe6\x9b\x93\xfa\xc7\xe1\x87\x1f\
\x9e\x90\xfa\xab\xbc\xe7g\xbf\xb6e\xcb\x96.^\x86\x81\
8%\x81A\xb5Y<9\xa1\xfb\x18\xa0\x010\x10x\
\x0a\xcf}'\x9bVVs?\xdb\x15\xb1\x8a\xf1\xaa\xf1\
\xf5\x15\xd1*\x08\x82 T\x96\x88\x0d\xa7\xd8\xba\x00o\
\xab?\xdb\x93^\xaa\xed\xc5\x02\xbc\x08\xe4\xf3\xf1\xac\xc0\
uA\xc8:\x80j\xd3\xa6\xcd\xbe\xc0\x8e\x07\x1f|p\
\xa7\xa9\xb3\xcac\xd9,..\xd6\x97]vY\xca\xa4\
\xfe?\xff\xfcs\xa5\xb8\x12\xa4*\xba\xd0\xa6M\x9b\x84\
\xf3\xe9\xd0\xa1CV\x8a.\x98v\xbb\xf5\xd6[\xed\xd4\
X\xcf\xd4b\xe1j\x04k\xf8\xbe8\x08\xb8\x8d\xc4\x1c\
\xcf\xf6NJ6D\xab\xbd\x08\xcd\x07\xa6\x91\x98*\xcf\
\x11\xd1*\x08\x82 T\x95\x88\x05\xafb\xd7\xbfC\x93\
^6\xb6\x1b\xd3Yc\xd7\x01\x8f\x01\xa7\xe2Y\x82k\
\xb3\x905m\xfdw@k\xad\x8b+\x9a\xe6*\xec\x16\
\xf0\xed\xb7\xdf\xea#\x8e8\x22\xa9\xedo\xba\xe9\xa6\x9c\
\xa5\xd6\x0a\x9f\xc3\xd2\xa5Ku\x9f>}rV\xee\xd6\
\xbc\xaf\xa0\xa0\xc0N\x8d\xb5\x0d\xd8\x9d\xda\x15\x1cd\x04\
k\xf8\xfb\xec\x85\x17\x00\xf8N\xe8\xbe\x8cgy\xc1i\
\x1f\xfbG_$\xef!\xa2U\x10\x04A\xa8N\x22\xd6\
\x16\x89}\xf0*\xedl\xcf\x81\x88uI\xedc\xbb\x0a\
/[\xc1q\x94\xd4:7Dk\x81\x90u\x00\xe7\xd0\
C\x0fm\x05\xac\xbd\xe4\x92K\x5c\xcf\xf8\x18\xcf\xba\xd5\
s\xf6\xec\xd9\xbaC\x87\x0e\x09\xed\xde\xbauk\xfd\xc2\
\x0b/d\xb5\xd4\xacm\xc9-((\xd0\x17_|q\
\xd2\xf5\x1e:t\xa8\xce\xcf\xcf\xcf\x9a\xf5\xd7|O\xbf\
\x88\x83\x09\xd2\xba1\xb4@\xa8\xc9}$\x95\xcf\xee.\
\xc0\xe5xAQ\xdb\xc9~\xc6\x00\xdbg\xdd~\xeeK\
<\xd7\xa2\x96\xa1E\x98d\x0f\x10\x04A\x10\xaa\x0d\xe1\
\x89iO\xe0&\x12\x83\xbb\xdc,Yx\xec\x093<\
\xf9~\x8bg\xa1<\x0a\xcf\x9f/|\x8e5U\xc8\x1a\
qu\x19\xa0W\xaf^\x1d\xcb\xe6v~\xd8\x9a9i\
\xd2\xa4\xa46\xef\xdd\xbb\xb7\xfe\xea\xab\xaf*Tj6\
\xfc9\x7f\xff\xfb\xdf\xb5\x1f0\x15<\x0e<\xf0@\xbd\
x\xf1\xe2\xac\xfa\xdd\x9avZ\xbat\xa9\x9d\x1ak9\
\x9e\xd5\xde\xa9\x81}\xc2X\x8aS\xb9\x04\xec\x8a\x97\xde\
\xeae`+\xb9q\x0bH\xb7#\xf2\x1a^\xd5\xad\x06\
\xa1\x05\xa4\x88VA\x10\x04\xa1\xda[\x80\x0c\xcd\x80\x8b\
\xf0\xb6*\xb3\x1d\xc1\x1c\x0e\x0aqS\x08\xd9\x87\xf0\xaa\
y\xb5Hq\x9e\xd1\x1a&\x5c\x9c\xc2\xc2\xc2(\xb0\xb8\
w\xef\xdeZk\x1d\xcbv0U\xb8\xd4\xec\xd0\xa1C\
\x93\xda{\xf8\xf0\xe1\xba\xa0\xa0\xa0\x5c\x16\xd1p\x05\xb0\
\xd7^{Mw\xe9\xd2%\xe1\xb8M\x9a4\xd13f\
\xccH\xb0\x94f\xc3M\xc1n\xa3}\xf7\xdd\xd7\xb6\xba\
\x0e\x09-\x0cj\x82`\x8d\xa49\xdfn\xc0H\xe0\xbf\
\xc0/9\x14\xac\xa9\x5c\x03~\x06\x1e$\xb1\x84+H\
\xb1\x11A\x10\x04\xa1\x06\x8a\xd8pd\xf3\xb1\xc0s$\
n_f\xcb\xdfngBv\x0d\xf0\x04p&\xc99\
d\x8du\xa8\xbaO\xb6\x11\x80h4\xda\x0f\xd0\xaf\xbf\
\xfezLk\xedf;\x98*\xec\x8b\xfa\xc9'\x9f\xe8\
\x03\x0f<0\xa9\xad\xef\xbe\xfb\xee\x9d\xfa\xa2\xba\xae\xab\
\x8b\x8a\x8a\x82\xbfW\xae\x5c\xa9\x8f=\xf6\xd8\xa4c]\
w\xddu9\xcb5k\xce\xeb\xf9\xe7\x9f\xb7Sc-\
$\xb5\xdbKu]\x0cFR<\x7f\x00p-\xb0\x00\
\xf8-\x87\x825U\xd6\x00\x0d,\xf1?\xbfs\x0a\x81\
-\xa2U\x10\x04A\xa8\xb1\xa4\x0a\xee\xea\x8a\x97/\xf6\
srg\x8d\xb5'\xdc\xf017\xe2\x05\x97]\x05\xf4\
L#\x0c\xaa\xabU6\xa2\x94\x02x\xbee\xcb\x96\x15\
J\x9dU\x16\xd1g\xfb\xc3\xce\x981C7o\xde<\
\xa1\x8d\xbbt\xe9\xa2\xe7\xce\x9d\x9b\xd2\x1f\xd6\x16\xa0\xae\
\xeb\xea\xab\xae\xba*\xe9\x1a\x0d\x1c8P\xaf[\xb7.\
'\x01a\xe1vi\xd8\xb0\xa1\x06\xe2\x8e\xe3\x14Sb\
%\x8cT\xd3\xfb%\x9a\xe2\x7f\xcd\xf1\x92\xf9ONq\
\xef\xe4B\xb0\xa6\xb2\xb2\xee\xc0\xcb\xcfz:P?\xb4\
\xb0\x12\xd7\x00A\x10\x04\xa1\xd6\x11\x9e\xe0\x22\xfed\xfc\
,\xb0\x8d\xdc\xf8\xc6\x966\x11\x9b\xa0\x95\xcf\xf0\xfcd\
O 1\xc0\xc4>\xcf\xea\x22f\x1d@u\xec\xd8q\
/`\xfb\x9dw\xdeY\xe1\xd4Y\xe5-5{\xddu\
\xd7%\xb5\xef\xb1\xc7\x1e\xabW\xacX\x91R4N\x9f\
>]7j\xd4(\xe1\xf5\xdd\xbau\xd3\x0b\x17.\xcc\
j\x10XiV\xd7\xeb\xaf\xbf\xdeN\x8d\xf5\x7f\xd5H\
\xb8\xaaP\xff\x0a\xd3\x1d\xb8\x14x\x81\xc42\xcdv\xff\
\xcd\x85`\x0d\xfb\xb2~\x03\xdc\x02\xfc.t~Q\xc4\
\xca*\x08\x82 \xd4\x01R\xb9\x14\xec\x01\x5c\x07|\x91\
ck\x92=A\x17\xa7\xf8\xdfZ\xe0?\xc0_\x80C\
H\xce^`\x8b\xd9\xaa\xda\x1e5\xa2\xeb\xff\x01\xba\xb8\
\xb88\x96\x0b\xabe\x18{\xfb\x7f\xdd\xbauz\xe0\xc0\
\x81Im\xfb\xe7?\xff9x\xcd\xfb\xef\xbfo|L\
\x83G^^\x9e~\xe8\xa1\x87r\x96~+\xd5q\xf3\
\xf3\xf3\x8d\x15>\xae\x94\xda\x8c\xb7\xcd]U\xa9\xb1v\
&V;\x02\x7f\x04\xee\x01>\x06\x0a)\xdbnB.\
\xdc\x02\xb6\xe1\x15\x148\x83D+k]\xaar'\x08\
\x82 \x08)'\xf2HH\x98\x1d\x0d\xfc#\x85\xa5\xc9\
L\xda\xd9\x16\xb2\xa5\x09\x82\xef\xf0\x92\xd8_\xec[\xc1\
\xea\x95\x22\xc6+kBW\x80s\xcc1\xc74\x07V\
\x0e\x192$k\xa9\xb3\xca\x1bx\xf5\xe6\x9bo&\x95\
\x9am\xd1\xa2\x85\xee\xdf\xbf\x7fR[\x8f\x1c92\xc1\
\x0d!\x97\x85\x0fl\xeb\xef\xc9'\x9fl\x07i\x8d\x0d\
-\x00r~\x9d,\xb1\x9a\xaao\xb4\x02\x8e\x07n\xc0\
\xf3]\xddB\xee\xdd\x01v\xb6\x1b\xf1\xae\xbfx\xdb#\
\xc5\xa2I\x5c\x03\x04A\x10\x04!$\x00mZ\x03\xc3\
\x80WH\x1d\x90\x92m!\x1b\xb6\xca\x86\x8f]\x04,\
\x03f\x00W\xe0Yf\x1b\x96\xc1\xba\x96\x0bAk\xc4\
\xd7\xb9\x80^\xb6lY\xac2\x04a\xba4YS\xa7\
NM*5k\x1e\xfd\xfa\xf5Kp)\xc8$\xc5V\
\xa6\xae\x0e\x8b\x17/\xd6V?\xf9\x1a/\x85S.\xae\
\x89\x0a]\xf7t\xe2\xb8#\x9e\xab\xcc\xff\x03^\x056\
Q\xba\xafv\xae\xfaw\xd8-\xe0{<\xd7\x99>)\
\xeeK\xb1\xb2\x0a\x82 \x08\xc2ND@\xaa\xe8\xean\
xA^\x1f\xa4\x98xs\xb1\x8d\x1a\xce\x86\x10K\xf3\
\xff\x15x\xfe\x88W\x03G\xf8\xe2\xa44q\x9e\xad\x5c\
\xb3\x0a\x88h\xad\x1d\xe0\xdd\x9e={\xe64x\xab,\
\xfe\xb0\xf1x\x5c_q\xc5\x15\x1a\xd0J)\xdd\xae]\
;\xfd\xc6\x1bo\xe4\xdc\xaf\xb5\xb4 \xad\xddw\xdf\xdd\
\xb6\xba\x9e\x16\x12\xfe\x15i{\xa7\x0cB\xb5\x1e\xb07\
p\xb6/\x0c?\xc0K+\x95.gq.\xac\xab\xa5\
\x09\xd6\x9f\x80\xa7\xfcvi\x12:w\xc9\xcd*\x08\x82\
 \x08\x15\x10\xb2\xe1It\x7f`\x22\x9eO`\xba\xc2\
\x05\xb9\x12\x01qKh\xa4z\xcd\x16\xe0C\xbc:\xee\
\xc3\x81\x83S\x08\x83\xf0\xf7\x8bZ\xdf\xb3<\xa2\xd6\xa4\
\xce\xfa\x03\x10\x9f5kV\xa5Z_m\xb1XXX\
\x18\xfcm\xdab\xc4\x88\x11)\xb3\x16T\x86UXk\
\xad\x1f{\xec1;H\xeb\xd5\x0c\x84\xabJ!T\x9d\
R^\xdb\x11\xcf\x05\xe0Z\x7fA\xf35\xa9\xfd\xaa\xe3\
9\x16\xab\xa5\x09\xd6|\xbcl\x01\xe7\x02\x1dR\xf4\xa7\
\x9aX\xb0A\x10\x04A\x10\xaa%\xa9\xdc\x0a\x1c\xe00\
\xe0v`)\x95\xe7+\x98\xca2[\x5c\xca\xe7\xac\xc6\
K\x1e?\x05\xb8\x008\x14\xcf\xd7qg\xa2=,j\
S\x89\x0a\x93:\xeb\x89\x86\x0d\x1bV\x89\xf5\xd5\x16\x8c\
?\xff\xfcs\xf0\xbd\xcf;\xef\xbc\xa4@\xaf\xca\xb4\xba\
:\x8e\xe3\xe2\xa5\xc6*\xf4\x17<\xa9\xc4k*\x81\x1a\
\xdd\x89\xc8\x8d\x02{\xe1\x95#\xfe\x0b\x9e\xf5\xf2\x13\x92\
\x8b\x03T\x86\x1b@:Q\x1c\x16\xac\xff\xf1\x17S\x1d\
S\x08Vq\x0b\x10\x04A\x10\x84*\x10\xb2\xf5}!\
\xfb7<\x8bl\xaa\x94X\xb9\x16\xb2a\x9f\xd9\xe2R\
^\xb7\x1eX\x04<\x8aW\x03\xfe\x04_\x105+\xe3\
w7\x02+\x0f\x88\xec\xba\xeb\xae\xbb\x01['N\x9c\
\xe8\xe6:uVi\xe2u\xdb\xb6m\xc1w\xbc\xe0\x82\
\x0b*]\xbc\x1a\x0b\xef\xa8Q\xa3lw\x81)~\xdb\
\xd5\xb3\xc4\xda\xce\x04\xaa\xa1\x1d\x9e\xf5\xfc\x1c<?\xd5\
\x17\x81\xff\x91\xec\x83\x9dJ@\xe6Z\xac\xba\xd6\xe2)\
\xdc\xdf\x7f\xc2\xcb\x14p\x11\xd0%E\x1f\x12\xc1*\x08\
\xb5\x14\xb9\xb1\x05\xa1\xfa\xdf\xa3f\x1b7\x1e\xfa\xdf\xfe\
@\x7f\xe0\x14\xbc\x84\xf4v\x96\x00\xd7\x7f\x94f\xd1\xcc\
\x16a\xc1\xa1H\xbf5\xeb\xe2U\x02\xfb\x11/\xcb\xc1\
Wx\xf95\x97\xfb\xcfo\xf3\x85J:\xae\x03n\xdd\
\xbe}{\xbcq\xe3\xc6\x91x<N$R9\xa9L\
\xcdgm\xdb\xb6\x8d\xe6\xcd\x9b\x03p\xc1\x05\x17\xf0\xf8\
\xe3\x8fS\x5c\x5cL^^^\xa5\x9d\xc3\xbau\xeb\xe8\
\xd4\xa9\x93\x06\x94Rj\x93\xd6\xba\x87/\xe6\xd2\xd1\x08\
h\x03\xec\x86\x17a\xbf7\xd0\x03\xd8\x1d\xd8\x15/p\
\x904\xd7\xcb\x5c\xd7\xca\xe8KX\xa2U\xa7X\xc0\xad\
\xc6\xcbX\xf0o\xe0-\x7f\x81d\x0bV\xc7\x12\xb9\x82\
 \x08\x82 T\x13!\x9b\xaa2\xd1\xef\x80?\x01\xff\
\x026P5\xee\x05\xa5\xf9\xcf\xee,\xe0,\x86\xe7K\
\xbb\x04\x98\x03<\x02L\xc0\x0b\x04\xea\x05\xec\x094\xbf\
\xfb\xee\xbb\xeb\x03\x9f\x0f\x1c8Pk\xad\xe3\x95\xe9:\
`,\xaf[\xb7n\xad2\xcb\xab\xf9\xbe}\xfb\xf65\
VW\x17/\xc5\x19x\xb9]\xf7\x05\xfa\xf9\xcf\xdd\x8a\
W\x1c\xe3]\x7f\xb1\xf0\x1be\xb3\xa6W\x86E\xb5<\
~\xd6\x9f\x03\xf7\xf9\x0b\xb5\xa6\xa1~oW\x8a\x13\x04\
A\x10\x04\xa1\x9a\x93N\xc8\xb6\x05\x06\x00\xf7\xe3Y6\
\xe3Tn\xe4wY\xb7\x81c\x94=\x8b\xc2/x\x96\
\xd9\xcf\x80\x1f\x00\xbdx\xf1b\xb7\xb2SgU\xa5x\
5\xdf\xf3\xcd7\xdf\x0c\xb2\x1d\xe0\xa56{\x07\xf8\x16\
/\xca?V\x86\xf6/\xae\x22\x91Z\xd6\x0c\x17?\xe3\
\xf9\xaf\x8e\xc1\xdb]\x08\x0bS\xf1a\x15\x04A\x10\x84\
Z$d#)\x9e?\x00/\xcd\xd5+\xa4\xb6\xcaV\
FdxYD\xad-l\x8b\xd3\x9d\x93\xc9\xb5\xda\xb5\
k\xd7*\xf1y\xad\x0a\xf1j[\x98;t\xe8\xa0\x01\
\xedg\x18\xd8Y\x80]U\x8b\xd4\xb2\x04\xfd\x15\x02\x9f\
\x02\x0f\xe0U\xbaJ\x95\x8aM\x04\xab \x08\x01Qi\
\x02A\xa8\x15\x18\xf1\x07\xc9~\xb2\x9f\xfb\x8f\xbb\x81\x16\
x\x85\x07\x0e\x07\x8e\x01\x0e\xc2\x0b\xa0rR\x1c\xab4\
\xdf\xd5l\xa3B?\xc3\x18\xa1C<\x1eWJ)\xf5\
\xfd\xf7\xdf\xf3\xc4\x13Op\xc1\x05\x17P\x99\xbe\xafU\
A<\x1e'\x1a\x8dr\xff\xfd\xf7\xb3~\xfdz\x1c\xc7\
\xc1u]\xfbz\xd9mW\xd5[\xe8\xf6\x82$]*\
\xb8\xe5\xc0G\xc0\x1b\xc0\xdbx\x96c7\xb4\xe8r,\
\xa1\x1b\x97[\x5c\x10\x04v2Q\x08\x82P{\xeeq\
e\x09\x017\xf4\xffNx>\xa5\x87\xe3U\x1e\xeaN\
r\xf0\x8e\x11\x0f*\xf4\xa82\x8cx\x8bD\x22\xc4b\
\xb1@\xe0\xe5R\xc0VU\xc0\x96\xf9\x5c\xf3}\xed\xef\
_M\xb0\x03\xac\x8cX\x0d\xb3\x02/C\xc6;\xbeX\
]\x06lOaL\xb1\x8f%\x08\x82\x90\x12\xb1\xbc\x0a\
B\xed\xc6\xb6\x82A\xa25\xd5\x05\xd6\xe2%t\x9f\xed\
\xff\xbf\x03\xb0\x1f^%\xad^x)\x94\xda\xa5\x18+\
l\xebl\xa5\x0bZ\xd7uq\x1c\x87x<\xce\x981\
c\xb8\xe7\x9e{\xf0s\xc1\xd6\xbe\xd5\x87\xff\xbd.\xb9\
\xe4\x12\x00\x22\x91\x08\xf1x\xbc:\xf4'\xbb/\xd9\x82\
\xb5\x08\xcf/y\x91/V?\xc6\xcbQ\x5c\x10:V\
\xc4\xea\x87&hO\x10\x04A\x10\x04\xa1tmDI\
N\xd0T\xea\xaf\x05\xd0\x17\xf83^\xa2\xfa\xcf\x80_\
I\x9f1\xc0\xce,\x90S\x1fK?`I\x03z\xc3\
\x86\x0d\x09~\xa9\xb5\xc5\xe7\xd5\x04i}\xff\xfd\xf7U\
\xe5\x83lg Hw=\xd7\x03o\xe2\xb9\xa5\x0c\xc1\
+s\x9c\xca\x0cmg\x06\x90]?A\x102F,\
\xaf\x82P\xb7\x09\xfb\x13\x86-\xb3\xf9\xc0B\xffa\xfe\
\xbf\x0b\x9eu\xf6\x10<\xebl\x0f\xbc \x9b\x06;9\
~V\xad\xb4Z\xeb\xc0\x0a9d\xc8\x10\xe6\xcf\x9f\x8f\
\xe3\xd4\x9e\x8cI\xe6\xfb\x01\x0c\x192\x04\xc8\x99\xd5\xd5\
\xb6\xcc\x87\xb7\xfe\xc3.\x00\x9b\xf1\x5c\x00\x16\x03_\xe0\
YUM\xa6\x830a\xcbj*\xb7\x15A\x10\x04\x11\
\xaf\x82 \xe4L\xcc\x9a\xff\xad\xf2\x1fs\xfc\xd7\xd4\xc3\
Kv\xdf\x0d/\x00l_`\x1f\xbcjZM\xd3\x8c\
3a?I\x15\x12\xb8e\x22\x1e\x8f\xa3\x94b\xc1\x82\
\x05\xbc\xfd\xf6\xdb\x1cy\xe4\x91\xc4b1\xa2\xd1\x9a?\
\xb4\x19\x1f\xd79s\xe6\xb0h\xd1\x22\x94R\x15\x11\xae\
ak)\x94\x04E\xa5\xf2S\x8d\x01\x9b\xf0|S\xbf\
\xc2+\x0d\xfb\xb5/\x5c\xd7\xa58\xbe]\xc0@\x82\xac\
\x04A\x10\xf1*\x08B\xb5\x12\xb3*$T\x8a\xf0\xca\
\x89\xfe\x0f/?\xa7y]{\xbc\xe2\x09{\xf9\xc2v\
_\xbc\x0aO\xbb\x00\xcdI_\xba4\x1c\xb4\x13\x16\xb7\
\xf6O\x94Rh\xad9\xfb\xec\xb3Y\xbbv-\xd1h\
\x14\xadu\x8d\xf6\x81\xb5\xad\xaeC\x87\x0eM\xf8\x9ei\
\xda\x8b\x14\xe2\xd44@d'\x8b\x82\xf5$W<\xfb\
\x06XIrP\x15\xa1c\xdaVUA\x10\x04\x11\xaf\
\x82 TK1\x1bVPaAk\x04\xefzJ\xfc\
!m\xd1\xd3\xde\x17\xb0\xfb\xe0\x95)\xed\x8aW\xb2\xb4\
\x03^\xa6\x83&\xa5\x08[C\xb0\x05\xed\x07o\xa9u\
\xeb\xd6\xf1\xc0\x03\x0f8#G\x8eTvd~M\xc4\
\x9c\xffm\xb7\xdd\xc6\xb6m\xdbp\x1c\xc7u]W\x87\
\xc4\xaa-\x22\xa1t\x8b\xf5\x16`#\x9e\xe5\xf4\x07\xbc\
TU\xdf\xe2YV7\xe0\xb9\x03\xa4\xc2Xe\xb5\xd5\
\xeebU\x15\x04\xa1J\x11\xa7yA\x10r9\xb6\xd8\
.\x07\xecD\xf44\xc0\xf3\x9d\xed\x80g\xa1\xed\xe6\xff\
lg=\xdf\x12h\x14\x1e\xbbl\xabd,\x16\x0b|\
C\xb3)`++U\x96\xf9\x9c\x82\x82\x02\x1a5j\
\x04^p\x9aJcu\x05o\x8b\xffW<\xbf\xd3u\
$ZR\x7f\xf0\xc5\xe9z\xff\x7f\xba\x94\xebe\x07R\
\xb9i\x16*\x82 \x08U\x8eX^\x05A\xc8\x05\xe9\
\xc4\xaa\x229\x99\xbe\x11J;\xf0,\x82\xcb\x81\xf7S\
\x1c\xb3\x11\x9e\xbb\x81\x11\xb2\x9d\xfcG;\xadu\xbbh\
4\xda:\x16\x8b\xf5\xb9\xfc\xf2\xcb\x1b\xfe\xdf\xff\xfd\x1f\
\xaa\x86\xfa\x0d\x98\xd3\xbe\xf0\xc2\x0b\x01t4\x1aU\xb1\
X\xec\x1b_\x88n\xf4\x1f\xeb}Qj\x84\xe9z\xbc\
-\xfe\xc2\x9d\x1c\xde\xf6MMU\x05K\x10\x04A\x10\
\x04A(\xabn\xf3\xc5\x95)\x05\x1a\xa5$\xb5RY\
\xb9\x02\xd0?\xfe\xf8c\xccN5USRe\x99\xf3\
]\xb2d\x89\x11\x93\xaeR\xea{\xbc\xc0\xb7\xb2b\xb7\
]$$X\x05A\x10j<\x8e4\x81 \x08\xd5\x04\
\x13\xf8\x13\xf7\x1f1J\xf2\x8b\xda>\xb5N\x0a\x81\x16\
\x05\xa2Z\xeb\x87\x81\x8f\xcf<\xf3\xcc\x08\xe0\xd64\xbf\
W\x93%\xe1\xac\xb3\xce\x02\xd0\x91HDi\xad'\x00\
\xbf\xe0eu\x88\xecD\x9c\xaaP\xdb\x85\xf3\xed\x0a\x82\
 \x88x\x15\x04A\xa8$a\xabC\x02\xd7\x16h1\
<\xdf\xd0\xb8\xe38c?\xfa\xe8#\xe6\xce\x9d\x8bR\
*(\x1f[\xdd1i\xb0f\xce\x9c\xc9\xd2\xa5K\xe3\
J\xa9H<\x1e_\x08\xcc\xf4EjQ\x0aa\x9f\xaa\
\x18\x84 \x08\x82 \x08\x82PC\x88\xf8>\xa33[\
\xb6l\xa9\xb5\xd61\xad\xb5v]\xb7Z\xbb\x0d\xd8\xe7\
\xd7\xb0aC\x17\x88;\x8eS\x0c\x1cj\xbe\x97\x5cZ\
A\x10\x04\x0f\xb1\xbc\x0a\x82P\x9b\xd0Zk\xd5\xb1c\
\xc7\xeb\xb7l\xd9\xf2\xeb\x1dw\xdc\xa1\x00\xed\xba\xd5;\
\x0d\xa99\xbf\xeb\xae\xbb\x8e\x82\x82\x02\xd7\xf1rc=\
\x0e,\xf2\x85\xab\x04S\x09\x82 \x08\x82 \xd4R\x8c\
\x95\xf2\x16@\x17\x16\x16\xc6l\xcbiu\xb3\xbc\x9a\xe3\
n\xd9\xb2%(\xa1\xaa\x94\xda\x8c\x97IA\x89\x91A\
\x10\x04!\x11\x19\x14\x05A\xa8m\xb8\x80s\xf2\xc9'\
\xdf\x05\xac<\xff\xfc\xf3\x1d_\x10V\xcfA\xd8\xf1\x86\
\xe1s\xce9\x07\xbc 3\xa5\xb5\xbe\x15X\xeb\x8f\xd1\
R\xbdJ\x10\x04A\x10\x04\xa1\x96c\xac\xaf\xe7\x02\xfa\
\x9bo\xbe\xa9p\xea\xac\x5cX^\xcd\xf9,Z\xb4\xc8\
\xa4\xc6\xd2\xc0R\xbc\x82\x0dv\xd1\x00A\x10\x04\xc1,\
\xfa\xa5\x09\x04A\xa8\x85\xc4\x81\x88\xd6\xfa\x19\xe0\x9dA\
\x83\x06E\x80\xb8IEU\x1d\xd0Z\x07\xa9\xb1\x06\x0f\
\x1e\x0c\xa0}+\xecx\xbc\x82\x0dve2A\x10\x04\
A\xc4\xab \x08\xb5\x1d\xa5\x94\x9b\x97\x977v\xc9\x92\
%\xf1Y\xb3f\x01h\x93\x92\xaa\xaa1AZ\xd3\xa7\
Og\xc5\x8a\x15q\xc7q\x22\xae\xeb\xbe\x0a\xbc\xec\x8f\
\xcd\x12\xa4%\x08\x82 \x08\x82P\xc70\xa9\xb3\x1eo\
\xd8\xb0a\x85Rge\xd3m\xc0\xfe|\xa5\x94\xc6K\
\x8dU\x08\xf4D\x82\xb4\x04A\x10JE\x06HA\x10\
j3Zk\xadv\xdf}\xf7\x1b\x0a\x0a\x0a\xf2'N\
\x9c\xa8\xa8\x06\xd6W\xad=o\x80\xd1\xa3G\xa3\xb5\x8e\
G\x22\x11\xc7u\xddi\xc0\x97H\x90\x96 \x08\x82 \
\x08B\x9d\xc6\x04o\x8d\x07\xf4/\xbf\xfc\x92Q\xea\xac\
lY^\xcdq\xd6\xae]k\x82\xb4\x5c\xa5\xd4z\xa0\
\x8d/\x5c\xc5\xa8 \x08\x82P\x0a2H\x0a\x82P\xdb\
q\x01g\xf8\xf0\xe1S\x80o\x87\x0c\x19R\xa5\xa9\xb3\
Lj\xac\xa1C\x87BIj\xac[\x80\x9f\xf0\x5c\x06\
\xc4\xea*\x08\x82 \x08\x82P\xc7\x89\x00\xe4\xe5\xe5\xfd\
\x11\xd0\x9f~\xfai\xb9Sge\xc3\xf2j>o\xc1\
\x82\x05\x1a\x88\xf9\xfe\xae\x9f\x00ybL\x10\x04A\x10\
\x04A\x10\x0c\x0a\x88D\x22\x11\x80\xd7\xf7\xd8c\x8fr\
\x07oUT\xbc\xda\x9f\xd3\xbe}{\x17\x889\x8e\xa3\
\x81\xe3l\x81-\x08\x82 \x94\x8e\xac\xf4\x05A\xa8\x0b\
h\x80x<N\xcb\x96-\xaf]\xbe|y\xf1\x93O\
>\xa9\xa0$eU\xae1\x9fs\xdf}\xf7\xb1a\xc3\
\x06\xd7O\x8d\xf5\x22\xf0\x86/\x5c%5\x96 \x08\x82\
 \x08\x82\x90\x80\xb1n>\xa8\x94*\x97\xf5\xb5\x22\x96\
W\xf3\xde\xe2\xe2b\x8d\xe7\xd3\x1aWJ\xfd\x0atC\
Rc\x09\x82 \x94\x0b\x190\x05A\xa8Kh@\xf5\
\xe8\xd1\xe3f\xad\xf5OW^y\xa5\x02\x5c\x93\xba*\
W\x98\xe0\xb0K/\xbd\x14\xbc -Gk}\x1f\xf0\
-\x92\x1aK\x10\x04A\x10\x04A(\x05S#v4\
\xa07n\xdcX\xa6\xd4Y\x99Z^\xcd\xfb\xbe\xff\xfe\
{;5\xd6*\xa0\x85/\x5c\x95\x5c\x12A\x10\x84\xb2\
#\x96WA\x10\xea\x1aq\xc0y\xfa\xe9\xa7\x1f\x02\xbe\
\x1c4h\x90\x03\xb8&\x85U\xd6\x07Y\xff\xb8\x83\x07\
\x0f\x06\xd0~j\xac\xbf\x02\xf9\xbep\xd5rI\x04A\
\x10\x04A\x10\x84\xd20\xa9\xb3N\x02\xf4\xc2\x85\x0b\xe3\
;K\x9d\x95\x89\xe5\xd5\x1c\xef\x95W^\xb1Sc\xbd\
\xef\x7f~\x04\xb1\xba\x0a\x82 \x08\x82 \x08e\x15\xb0\
~\xea\xac\x97\xdb\xb7o\xbf\xd3\xe0\xad\xf2\x8aW\xfb8\
\xcd\x9b7\xd7x\xa9\xb1\xe2\xc0\xe1\xb6\x80\x16\x04A\x10\
\xca\x87\xb8\x0d\x08\x82PW\xd1\xf1x\x9c\xb6m\xdb\x8e\
\xdb\xb0a\xc3\x8e\xa9S\xa7*@g+u\x969\xce\
\xad\xb7\xde\xca\xd6\xad[\xe3~j\xacg\x80w\x91\xd4\
X\x82 \x08\x82 \x08B\x06\x18\xeb\xe7d \xb0\xbe\
\xa6\x0a\xde*\x8f\xe5\xd5\xbcv\xfb\xf6\xedvj\xacm\
\xc0\xeeHj,A\x10\x84\x0a!\x03\xa8 \x08u\x19\
\x17p\x0e=\xf4\xd0[\x81u\x17_|\xb1\x83\x97\x0d\
\xa0B\x075\xef\xbf\xf0\xc2\x0b\xa1$5\xd6\x9d\xc0\x0a\
$5\x96 \x08\x82 \x08\x82P\x01\x8c\xf5\xf5R@\
\xaf\x5c\xb92\x96*x\xab\xac\x96W\xf3\xbe/\xbf\xfc\
2H\x8d\x05|\x074FRc\x09\x82 T\x18\xb1\
\xbc\x0a\x82P\xd7q\x01\xa7\xb0\xb0\xf01\xe0\xe3A\x83\
\x06E\x80x$\x12\xa1\xbc\xc5\x0b\xb4\xd6D\xa3^\x1a\
\xd9\xb3\xce:\x0b\xfc\xd4X\xc0\xf5\xc0\xafHj,A\
\x10\x04A\x10\x04!\x0bD\x00\xa2\xd1\xe8\xd1\x80\x9e;\
wn\x92\xf5\xb5,\x96W\xf3\x9a\x993g\xda\xa9\xb1\
\xe6\xdb\x9f!\x08\x82 \x08\x82 \x08Y\x11\xb0\xbe\xaf\
\xea\xcc\xe6\xcd\x9b'\xa5\xce\xda\x99x\xb5Sc5h\
\xd0@\x03q\xc7qb\xc0!\xfe\xf1e\xa7K\x10\x04\
!\x0b\xc8`*\x08\x82\xe0\xa1\xb5\xd6\xaaS\xa7N\xd7\
o\xdd\xba\xf5\xd7\xdbo\xbf\xbd\x5c\xa9\xb3\x8c\x8b\xc1\xf8\
\xf1\xe3\xd9\xb1cG\xdcq\x1c\xc7u\xdd\xe9\xc0b<\
\xab\xab\x04i\x09\x82 \x08\x82 \x08Y\xc5l\xed\xdf\
\x02\xe8\x1d;v\xc4\xb4\xd6:\x1e\x8f\x97jy-(\
(\xd0Zk\xbdy\xf3f;5\xd6\xcf@G$5\
\x96 \x08BV\x91\x01U\x10\x04\xa1\x04\x17pN>\
\xf9\xe4\xbb\x80\x15\xe7\x9f\x7f~\x90\xd6\xaa\xb4\xf4Y~\
\xa5.\xce9\xe7\x1c(I\x8du+\xb0\x0eI\x8d%\
\x08\x82 \x08\x82 \xe4\x10c}\x1d\x06\xe8\xaf\xbf\xfe\
:\xa6\xb5\xd6\x85\x85\x85i-\xafZk\xfd\xc1\x07\x1f\
\x98\xd4XZ)\xf5\x15\xd0\x00I\x8d%\x08\x82 \x08\
\x82 \xe4\x18\x058Zk\x05\xbc\xd5\xbd{w\xad\xb5\
\x8e\xc5\xe3\xf1$\xf1z\xfe\xf9\xe7\x07\xe2u\xb7\xddv\
\xd3@,\x12\x89h``H\x08\x0b\x82 \x08\x82 \
\x08B\xce\x88\x00\xe4\xe5\xe5\xf5\x06\xe2\xcf?\xff|\x5c\
k\xed\x86\xc5\xeb\xb0a\xc3\xb4\xd6Z?\xf4\xd0C\x1a\
\x889\x8e\xa3\x819\x22\x5c\x05A\x10\x04A\x10\x84J\
\x17\xb0\xbe\x9f\xebc\x0d\x1b6\x0cRg\xe5\xe7\xe7\x07\
\xe2u\xc4\x88\x11Z{i\x06\x5c\xbc\xd4X;\x80\xfd\
\xfc\xf7KL\x81 \x08B\x0e\x90\xc1U\x10\x04!5\
Zk\xad\xbav\xed:\xb1\xa0\xa0 \x7f\xfc\xf8\xf1\x0a\
\xd0\xf1x<xA\xe7\xce\x9dy\xe0\x81\x07\xc0\xab\xc8\
\xe5\xb8\xae\xfb\x0f`\x09\x92\x1aK\x10\x04A\x10\x04A\
\xa8\x02\xcc\xd6\xff8_\xb8\xc6|K\xab\x06\xf4\x91G\
\x1e\xa9\x9b6m\x1a\xf7\x85\xeaz\xa0\x0d\x12\xa4%\x08\
\x82 \x08\x82 T\x11\x0ap\xae\xbc\xf2\xca\x86\xc0\xb2\
!C\x86\xb8Z\xeb\xb8\x11\xaf\xfe#\xe6\xff\xbc\x22$\
x\x05A\x10\x04A\x10\x04\xa1\xd2\x89\x00(\xa5\xce\x00\
\xf4k\xaf\xbd\x16\xab_\xbf\xbe\x06\xb4\xe38q\xa5\x94\
\x06>\x01\xf2\x10\xab\xab \x08\x82 \x08\x82P\x1d\x04\
\xac\x1f\xbc\xf5z\xe7\xce\x9du^^\x9e\xb1\xb6\x1a+\
\xecq\xb6\xd0\x15\x04A\x10\x04A\x10\x84*\x15\xaf\xfe\
\xcf\xfd\x81\x02<\x1f\xd7b_\xb8\xfeS\x84\xab \x08\
\x82 \x08\x82P-\x05\xacRj\x1a%\xbe\xae\xbf\x00\
\xfb\xe0\xfb\xc6J\x13\x09\x82 \xe4\x9e\xff\x0f\x13\x5c\xa5\
t\x18\x9cY#\x00\x00\x00\x00IEND\xaeB`\
\x82\
\x00\x006\x0b\
\x89\
PNG\x0d\x0a\x1a\x0a\x00\x00\x00\x0dIHDR\x00\
\x00\x00r\x00\x00\x00j\x08\x06\x00\x00\x00`X\x05\x8b\
\x00\x00\x00\x09pHYs\x00\x00\x0fa\x00\x00\x0fa\
\x01\xa8?\xa7i\x00\x00 \x00IDATx^\xe5\
\xddw\xb0dU\xf5/\xf0\xee\x11\xb3\xa2\xa2`\xd6\xc1\
\xacw\x8c\x98\x13w0\x07P\x9f:\x18~jI\xf9\
\xb4T,\xab\xf4\x95\x96\x81\xd2\xb2,\x1f\x8aO\x0bc\
Y\x86\x1aK,\xc5,`\xc04c\xce\xf9\x0efE\
E\xcc\x01DP@\xfa\xad\xcf\xa6\xbf\xed\xbeg\xba\xef\
\xbd3\xf2\x8f\xbf\xdf\xae:u\xce\xd9a\xed\xb5\xd6w\
\xad\xb5\xc39}z<\x99LFk%\xe5\x8eM\x9b\
6\xcd\xaa\x9d{\xee\xb9\xa3\x7f\xfe\xf3\x9f\xa3\x8b]\xec\
b-O\xd9>\xfb\xec\xd3\xea]p\xc1\x05\xa3\xf1x\
<;\xd6\xa3\x9drm\xfe'\xa4\xe8;\xf2\xfe\xe3\x1f\
\xff\x18\xfd\xe5/\x7f\x19]\xe1\x0aWh:\x93\xe8\x95\
>\xfb4l7,\x1b\xa7\xc2\xa2\x8a\xc9?\xff\xfc\xf3\
\x1bH\xce:r\xed|\xf1\x8b_|\x06\xb22\xf51\
\x81)u\x00.\xef\x12\x97\xb8\xc4n\x8c\xfdO\x01\x8f\
\xe0\x8c?:8\xe7\x9cs\x9an.u\xa9K\xcd\x9c\
A\x1d\xf9\xf4\x15\xa7\xa1\x1f\xd7\xea^\xf2\x92\x97\x9c\x01\
=Oo\xbb\x01\x89`*\x06\xc4\xe4\x9d~\xfa\xe9\xa3\
\xef~\xf7\xbb\x0d\x10\xc4/}\xe9K\x8f.w\xb9\xcb\
\x8d.\x7f\xf9\xcb\x8f\xaez\xd5\xab\x8e.s\x99\xcb\xcc\
\x98U.\x85\xa9\xdc\xf7\x06\xa3\x9fyL\xb5\x86\xff\xa1\
i\xa8\xb3^\xde\xf3\xce;\xaf\xc9\x1bo\x03\xdaYg\
\x9d5:\xf3\xcc3G\x7f\xfb\xdb\xdfF\x7f\xf8\xc3\x1f\
F\x7f\xfd\xeb_\x1b\xa0\x9c\xe4\xc67\xbe\xf1\xe8F7\
\xbaQ\xd3\xa1\xba\xd1\xd7<\x9d\xad\xf6\xdfNya \
gL|\xees\x9f\x1b\xbd\xe65\xaf\x99\xfc\xf1\x8f\x7f\
\x1c\xfd\xfd\xef\x7fo \xee\xbb\xef\xbe\xed\xb8\xc9Mn\
2\xda\xb2e\xcb\xf8\x96\xb7\xbc\xe5\xe8\x1a\xd7\xb8F\xcb\
\x03\xac\xc4\x1a\x87\x02b\xce1\x8f\xa9\xffP\x0c\x9b\x8c\
=p\xb9g\xc4\x0e\xf7@\x04\xdcO\x7f\xfa\xd3\xd1\x8f\
~\xf4#\x8eq\xfc)\xa7\x9c\xb2\x0d\x80\xf4\x0aP\xd7\
\xfb\xef\xbf\xff\xe8\x88#\x8e\x18s\x90+^\xf1\x8aM\
%C\x1d\xf6zZ\x05\xe4\xd0\x13\xc3\x88\xb3\xb0p\xc6\
\x19g\x8cVVV\x1a#,D\xca\xf8x\xf2\xc9'\
\x8f\xae~\xf5\xabOX\xd1A\x07\x1d\xb4\xeb\xaew\xbd\
\xeb\x96:\x8f\xae|\xe5+\xcf\xac)\x1d\xa7\x9f\xffN\
 \x92\x8d<t\x15\xcfqMO\x0e\xfa\xfb\xdd\xef~\
7\xfa\xc1\x0f~0\xda\xb1c\xc7\x1b?\xf5\xa9O=\
\xe1\xd7\xbf\xfeu\xd3\xa5\xfc\xb4\xe5\x89\xea\x03\x94\xb7j\
\x97\xb2\xf4\xd1\x03\x98\xeb\x19\x90C\xa5\xf6 \xba6(\
syg\xa14\xe3!\xcft}\xd9\xcb^vt\xda\
i\xa7\xb5\xe3\xf3\x9f\xff\xfc\xd2\x17\xbe\xf0\x85\xc9}\xee\
s\x9f\xf1\xfd\xeew\xbf\xd1\xadnu\xab\xd9X\x19\xab\
\xea\xe9\x0f\xfb\x9e\xc7\xe8\x7fJ^@\x0c\xbf<\x91~\
Lh\xde\xf5\xaew\x8d>\xf8\xc1\x0fN\xbe\xf3\x9d\xef\
\xb40\xaa\xae\xb1O\x8a^D\xb2\x84\xe0\xb3\xcf>{\
R`\x8e\xb5\x17\xddz@\xb5\xe9\xf567\xb4\xa6\xc1\
P\xd9\xf2\x11e%\x09\x17\xf2Lx\xdc\x03\x98E\x01\
W\x18\xae\xb01\xf9\xc5/~1z\xd4\xa3\x1e5\xbe\
\xdb\xdd\xee6\x0b/\xb1\xda\x08\xf0\xdf\x09\xc8\xa1\xc1\xd1\
\x0b\x0f;\xe6\x98c&\xc7\x1f\x7f\xfc\xe8W\xbf\xfaU\
\x9b\xa1\x02\x8c7r\x0c`\xaa\x07@\xc3\x90\x83\xd3T\
\x88\xdd\x85\x9e!,s\x8c!\xfd\xdc\xaf\x02\xb2Wp\
\xc6\xb0\x84\x06\xca\xae\xd09\xba\xceu\xae\xd3\x98\xd1\x91\
<3/\xd7b?\x90\xa5\xfd\xf6\xdbo\x06\xee\xfb\xdf\
\xff\xfe\xd1\x9f\xfe\xf4\xa7I13\xbe\xedmo;c\
\x9c\x00\xfa\xd3\x8fv\xc3\xe9\xf6\x22\x867\x92\x1f\xeb\xee\
\xeb\x0e\x8de^\x9d\xd4\x1f\xd6]\xd4gO\x83\x9e\xc8\
\x00\x84\x00C6\xf7/~\xf1\x8bwl\xdf\xbe\xbd\xe9\
)\xa1\x12h\x12\xc3\xa7\x0bz\xa4\x87\xcchop\x83\
\x1b\x8cnz\xd3\x9bn\x018~\xe6\xf1\xd4\xf7?w\
\x8c\x1c2\x8e\x88\x98-L\x96\x15\x8d?\xf2\x91\x8fL\
\xbe\xf8\xc5/\x8e\xc4x\x1d\xf3H\x82\x98\xc5:\x8b\xed\
\x04\x10\x0e\x84\x90/}\xe9K\xa3\x8f~\xf4\xa3m\x12\
t\xb5\xab]m\x06|\x04\x1d.M\x86\xfd\xbbg\x91\
\x11f\x9eP}\x9b\xf5\xca\xd5\xddH\x9d^Q\xeb\xd5\
\x8f!\xa6M\x0c\xf5=\xefy\xcf\xe8\xa4\x93NZv\
\x9f\x09\x8f\xeb\x00\x89\x97\xe8A[\xdez\xf7\xbb\xdf}\
t\xaf{\xddk|\xc8!\x874\x9dF\xc7\x01\xb4\xd7\
\xc3\x8cG\x17k\x1d\x80\xd1)p\xd43\xb3\x02\xe2\xb1\
\xc7\x1e;\xba\xc7=\xee1)\xa2\x93\x12bR\x965\
)\xe0&e\x8dv\x18\xdaQ^8\xbb\xbe\xf5\xado\
=9\xf1\xc4\x13\x1b\x0d!\x85\xf5\x11\x8c\x81\xac\xd5\x7f\
\xca\x12\xca\x17\x9d\x139\x9c\xd1\xce}\xea\xcb\xcb1,\
\x8b\x827\xc2G_\xa7\xe7E>\xfa\x99\xa1\xd3\xd7\xa9\
\xa7\x9e:\xba\xff\xfd\xef\xdft@Ge\xf0\xed(\xe0\
Z\x9e3\xbd\xd1\xa1\xe3\x867\xbc\xe1\xe4\xe9O\x7fz\
\xcd\x85v\xb4\x89e\xfa\x0a\x06\x91+\xfd*\xcf\xf5n\
J\x1c\x0a\xe5>\x040g\xfcC\x00\x00\xefx\xc7;\
F\xb7\xbf\xfd\xed\x1b\x13\x15\x1aV1\x86\xc1\xb2\xa6\xc6\
py\x5c+?\xea\xa8\xa3v`\x8aE\xa2\x89\x0ek\
\xeb\x19\xda\xa82\xf1\x15\xd0Bk\xa3m\xe7\xd5C\xab\
W\xd0\xbc:\xc3\xbc\x1eH\xc6\x8eF\xea\xd0\xd5\xfb\xde\
\xf7\xbe\xd1\xb5\xaeu\xad\xa6\x83\x18|o\xe8@M\xd9\
\x81\x07\x1e8\xa9\x10<\xfa\xc9O~\xb2\x8aNh\xce\
\x03\xb1\xd7\xdb\xdc\xc9N\x11\x9f\xa5\xb8\xb3F\x92\xf8\xcf\
\xea\x08Q\x1e9\xfa\xfd\xef\x7f?\xae\x09M[[\xca\
\x13&c\xf1@\x92\x22\xf07\xbe\xf1\x8d\xe5\xdf\xfc\xe6\
7-\xc4\xa2a|06\xa8/\xbcH\xe9'\xe1\xa3\
e.H}\x9d\xb4\xcb9MR'\xe7y\xf5\xe4\xa5\
\xff\x05]\xad\x9b\xad}h\xc4\x19>\xf3\x99\xcfL\xc8\
+\xec\xc6\xf0R\x87\xecI&\x89\x87\x1dv\xd8\xce\xfb\
\xde\xf7\xbe\xa3\xeb]\xefz\xcd\xd0\xf1D7\xea\x03\xd1\
y(K\xcf\xd4\xbf6P\xd7`\x15\x01\x1d\x1b\x0b%\
\x1d9,Z\x1f\xf0\x80\x07\x8c\x0e>\xf8\xe0\xc6\xa8\x94\
\xe9\xb4k\x9dk\x83\x11\xc2\xb06\x8b`)\xf5\x87\xd7\
\xad\xb0\xd2\x10\x90\x18G\x8c\xa2\x07<\xc6\x96\xb6i\xaf\
\xce\xf0\x18\xd2\x9eGG^\x14\x8fw\xc7z)\x00%\
\xb4j#\xb4\xa6=\x1eC7\xb4\xc8D/5\xa9\x19\
\x1d~\xf8\xe1[+\xb4\xb6\xa2,?z^\xd7\x02Q\
\xbd\xb9@\x0e\x95\x18\x22\x98\xc2\xa85\xa3\x99\xa9t\xdd\
\xeb^\x975\x8d\xafy\xcdk\xce\xacG>\xe0\x09\x97\
3\xe6j]4\xb2\x1c\x91B3\xd7Qx+\x9c\xa6\
\x9e\x8f\x805T2\xba\x998\xa8\x13\xcf\xe8-\x18\xb9\
\x9e~_\x0f\x7f\x8e\x18JB\xec\x10\xe0\x9e\xafy\xd7\
\x80\xa7\x9f\xc8e\x92\x17OR\xbf\xf7@\xbc\x85\x1f\xce\
P\x93\x9bso~\xf3\x9b7\xbd\xca7\xc1\xc9\xcc7\
`\xa3\xd1\xebl\xc8\xc3\xba\xa15\x0d0\xc5\xd53\x16\
\xc8\xff\xf3\x9f\xff<:\xe0\x80\x03\xec\xe4\xb4-\xba\xcc\
b\x95\xf1\xc4l\x16\xb8\xd6\xce\xd9\xf6\x13\xa1#X/\
\xacv\x04\xe9\x19\xce},>\x1e\xd9{\xa8:&P\
Q\x8e:=p\xe8\xca\x8b1\xf4@&\x8f\xf2\x86\x86\
\xd0+\x1f\x8d\xb5\x12\xfa1\x22\xbc\xd9\x18\x89Qh\x17\
Z\xce\xfaQ_\xba\xcaU\xae2\xba\xcdmnsk\
CR\xe6\x1f\xf4,\x85\x9e\xeb\xb5@T\xbe\x1b\x90\x8b\
\x1a\x84\x81(^\xc7@\x940\xc3C\x81\x85\x09\x0c\x85\
\xd10\xed\xcc\x9b\x13\xf7y\xa7:\xd6I\x19/#,\
:B7:vDj\x1d\xda\x84\xca\xe62Z\xb6\xb5\
j|n\x0a\xaa\xfc\x09z\xeakk\xa2\x01\x18\xf5-\
\x81\x8c\xd5\xe8i\x87\x7f\xe1\xecJW\xbaR;\xab\xc7\
\xc0xC\x1dcg\xebe\x86\xe0\x9a\x9c\xb6\x19y\x88\
\xa5\x81\xc5\xb96x\xd7\x0e\xcd\x187\xd9\x187\xda\xea\
\x98\x10\xc6\x00\xf1\xe0\x1a\x1fx\xd6\x16\xd0d\xaf\xa8v\
\x9a~\xe4\xf7\xba\xc3+\xdah-J\xc1k7 \xd7\
j\x10\xb7\xc7\x10\x060M0\xcar\xdf'u%u\
\x09M\x11\x84\x00\x8a\xa4\x1d\x85;\xd0\xf9\xe1\x0f\x7f8\
\x03\x0d@5Ih\x13\xa8<\x0d\xc8\xb5\xfa\x84\x8bA\
\x05`J\xcc\xf8\xe4\x8c\xbe\xfe\xf4K9\xea\xe1I\xdb\
(-\x86\xa7\xce\x14\xe4\x89\xba&\x1fhP\xb62\xc0\
\xda\xbc\x16\x06\xa7F;f\xb8\xf2\xae}\xedk7c\
d\xd4x\xa0\x0b\xbc\x91\x13x\xbd!\x87\x07\xf2\x03\x11\
?\xd1%CT\x17o\x01\x9f\xa196\x92f\xb5\xa2\
\xf8\xbeQ\xd0N\x1e%J\x04\x95(KG\xc2\x08\xcf\
\x09\x03\xca\x12jX\x19\xa6%\x16Zk\xd0\xc9[\xde\
\xf2\x96\xb1\xbc\xda@\x9e\xfc\xf2\x97\xbf\x04Z\x03Sh\
\xd6\x07:\xca)$\xb4\xc2\x9f\xbe)HY\xa2\x04\x1e\
\xdc\xa7\x1fm\xc2k\xda\xc5\xeb\x1b\xc1J\xee\xd5\x8f1\
\xc9\xd3/\x99\x95eX`H\x94\xfc\xb5\xaf}m\xd6\
_\xd5\xb1\x1el \xf3V\xf3\x033q`\xf2b\xc0\
z\xb8\xf0\xe3\x1f\xffx\xc6\x13\xda\x8e\x84\xf8D,<\
\xfc\xf6\xb7\xbf\xbdV\x19\xc0)\x0c\x8fq)\xc37\xa3\
 #y\xd7\xf2J\xbc\xcf\x85{\x08\xe0\x85\xa2\xff\x0b\
@\x1dQ\x80PCh\xcf(m\xdb\x85I\xf5s\x1d\
Z\x98$\x88\xc5\xeeW\xbf\xfa\xd5\x89{\x0a\x0a\xf3\xf1\
(u\x00\x13\x81\xd0B#\x1e\xad>!\xdd\xb3\xdex\
\x1d\x81=\xee\xc1\x13P\xf5\x8f\x86\x85\xb5~(\x9e\x07\
\xe1[_hdR!\x0f`\x010\xe3x\x8c)}\
87\xa5\x15\x7fx\xd2\x8e\x01\xf2\xbeO\x7f\xfa\xd3Q\
\xd3l\xb8`\x0c\x8c]_Y/\xab\x84W<\xa2\xc1\
\xb8\xbf\xfd\xedo\xef\xaa\xd9\xff8@\x93\xcb!\x91c\
=\x10\x1bO\xe9}\x11x)\x0f\xd1~<\xc0\x10\xab\
\xab\x1d\xfds\x00\xd9\xd3\xc2|\x0e\xf9\x09g\x11^\x9e\
>\xd5\xc9\xd8\xc0\x02\x09C\xa1\x80r\x0f\x18\x00\x19w\
\xe4\xa3c\xec\xd3/E\xdd\xe1\x0ew\x18y\xcaR\x13\
\x86\x06\x90\xfa\x14N\xc1\x9e\xf9\xd5F\xf5\xc4\x06\xfe\xcd\
nv\xb3\xd1\x13\x9f\xf8\xc4'\xd4\x14\xff\xb4Z\xa4\xff\
\xb2h\x9dV\xed\xcf\x14\x05<Z\xaa\xc7Jm\xdbQ\
2y\xe3U\xe8Qt\x8c\xc1L\x14m\xfd\xc6\x98\xe8\
\x03\x90\x09\xa9\xee\x81\x16\x8f\xcb\x5c\x80\x5c\xda\xc8\x8fw\
\xba\x17\xc9\xf4+2\x990J\xfa#\xa7\xbah\xf1\xf2\
\xf5\xd2\x5c\x8f\xd4H'}\xa2tLb\x82\x92)\xb5\
\x16\xf8\xa3\x0f|\xe0\x03\x93\x13N8a\x16\xcaXq\
,N\xfb0\xae}\x06r\xe5\x14\x15\xefs\x0d(\x9e\
`\xacd\x81\x0f~\xf0\x83G\xb5\xd7\xd8\x1e\xac\x02\xc7\
\xf8\x04PB\x95\x05\x8f\x9e\xf7\xbc\xe7M>\xfb\xd9\xcf\
\x8enw\xbb\xdb\x8dj[k\x16\x01(T_hS\
<\x90*\x02\x8cj\x8bp\xb4m\xdb\xb67\x1b\xef$\
}\x01J\xc2W\x85\xc7q\x0d\x11\xb6\x19GG\x1f}\
\xf4\xd8\xa37^\xc3 \xd45|0\x9e\x0a\x99m\xab\
\x11x\xd6}<N=e\x09\xf51N\xf79z\x8f\
\x8c\x01;\x03Z\x18\xb6\x0b\xf4\xe8G?\xba-\xe7\xe2\
\x8d\xd1\x0f\x1e\x87x4\xc6\xbb\xb4\x0a\xc8Tv\xce\x11\
\x22\xc2\x89\x0e\x80i\xc6\xf8\xb1\x8f}lT\x1b\xc2\xed\
\xd9\x1aa\x93\x00\x8c\xf9$t\x02\x22\xc0L\x16\x8c'\
\x9b7onOR\xea\xdc\xd6\xa0\x05\xde\xcd>\xfe\xf1\
\x8f\xefz\xfd\xeb_\xdf\xac\xbb\xf6(G\x8fx\xc4#\
\x1a\x19\xedY)\xc5\xa3\xad~\x9e\x9c_\xff\xfa\xd7\x1f\
S\xa6\x14/\xa04\xc6\xc6\x00\x9c)\x1a\xff\xc63)\
a-\x80\x1bw=\x10g\x84h\xa0\xcd\xb0\xd4\xd3\x86\
\xcc\x9e\xdc\x88\x04e\x14c\x8f\xe7x\xea\xc3\x1e\xf60\
\xd1`\xa9\xda\x9c\x22\x22\x15\xb8\xd7-@O\xfd\xfe\xf7\
\xbf\xdf<\xec\xd4\xda\x10\xc0\x8b\xd4OZ\xe8$<)\
3\x91{\xd5\xab^5Q_\x88e d\xec\xf9\xef\
u\xda\x08\x0e\xd2\x0c\xc8(\xa1\x07\xb1\xbf\xa6Hca\
m;\x1d_\xbb3\xdb\xea\xf5\x84\xd1\xf7\xbe\xf7\xbd\xc6\
Po\x89\xee\xd1\x8a\xd5\xa5? \xd4\x8e\xfe\xa4<m\
\x93\xc5\xaf\xa7 y\xdc5\x15\xea\x14\x93\x1e`\xa3\xc7\
\xfb\xd0\xc8@O\xd9,\x94R)\x05o\x14\x8f\xae\xfe\
(6\x93\x03\xed\xe51< G!\xda\xa9\xe7\x1c\xf0\
\xd1G\x83W\xca\xa7@^\x1b\xfe\xd1R\x07\x88x\x13\
\xfe\x9c\x95\x17\xf8\xff\xa7v\xb5\xda$\xc5}\xf5\xf9\xf3\
\x0a\x95c\xe1\xfag?\xfb\xd9\xe8C\x1f\xfaP\x8bV\
t'\xa9#\xc5a\x5c\xeb\x93L\x86\x9c7\xbe\xf1\x8d\
-\xc4\x0b\xed\xb5Uwb\xedc\x1ff\xe8\xc0?\xd9\
\xd6J3 \x09\xa2r&\x13\x11\x8e\x92-\x07^\xf9\
\xcaW\x1e\xbfs\xe7\xcem\xbc\xb1fY\xcd\xd2\xa3P\
J\x8b5\x9bT`,\xed)\x8c \xe5yB\xe0\xa6\
;\xde\xf1\x8eM\xc9\xdaGy\x11\x90\x02\xd1D\x83\xd7\
\xea\x1bx9\xeb#\x96\x0d\xd8\x80\xa9N\xbcU\x9e\xf6\
\xf2D\x87\xba\xbeg\xf1\xf3\x89\x18\x9b\xb0\x1d\x9ah\xb9\
\xd7\x06O\xae\xf1\x1e\xa3FGYv\x5c(\x92~\xb4\
C\xafx8O]\xf4\xc8\xc0p\x80l\xf6j\xdb\xad\
d\x1e{\x16[\xc3O\xab\xaf.\x9a\x91\x97\x5c\xe9\x93\
\x81\x91\xe1\xe7?\xffy\xdb\xca\xacq\xfc\xd0\x8az\x93\
\xda\xf5y\xd7#\x1f\xf9\xc8\xc3\xed\xc1\x8afq\x14}\
\xe1-\xb4f[t@\x8c\x82\x9d\x85\x0a\x0c\x02\xf1\xd5\
\xaf~\xf5\x8e\x9a4l\xe3\x91\x99\xf5\x11H\xe7\x04\x8f\
\xf0\x98\xd5F\x92\xe7>\x1e\xb0\xbc\xbc\xdcB)%`\
F9`\x1c\xf1|\xfd\x869tB/4\xd7\xb2\xc8\
\xbe,\xc2M\xf3\xfe\xba\xd1vk\xd5\x9b)l5_\
\xe7\xca\x1f\xf4\xd7d\xa3h\xde]\x93\xb0\xb10-\x91\
M\x19\xf9\x93r\xad~\x22\x8c2c\xf27\xbf\xf9M\
c\xe7\xb6\xf2\xd4\xb6\xa6\x8e\xaebh\xee\xd3~\xd5^\
k\xe29\xcb\xd09\xe2\xc2gY\xd42O\x94\x00\xee\
\xe9\xb5\xd0\xe7\x9a\x05&Q8f%\x9di\xaf#\x13\
\x95\x02r\xcc\xa2\xe4c\x80\xf0@\xcd\x11&\xb5U\x16\
+\x0f\x98Ce\xcd:\x9d^\xcc+\x9f*\xf9\xc2\xc5\
\xef\xb0\xc1^\xde\xc7\xc0\xf0]\xd7\xe7\xa5\xdf\x9c\x95\x03\
\xcb\xd9X\xeb!qy\xd7\xac7\xf5\x22\xbf\xcc\xd4%\
\xa7k\xe5\xe5\xc9ml\xe6\xbd\xf6\xa6\xebA\xfe\xe8\x93\
\x9f\xfcd\x9b\x8b\xc8SW\x8a\x8e\xe8t\xd5\x18\x99i\
\xae\x90\x04$3\xb1\xed\xdb\xb7\xaf\x88\xf7fSw\xbe\
\xf3\x9d=\xe9\xb8F\x8do\xbf\xaeI\xc9\xa4Bm\x0b\
_:\x07`\xcf`\xef\x9d\xc6\x15\xa1&V\x87\x19\x8a\
H\xbbx\xa1{\xcc\xe5\x18\xeaz\x0a\xcc*\xa5\x0c\xeb\
\xcc\xb9?+J\x9eS\xb6\xe1\xac!\x8fS^\xda\xfb\
\x1a\xca\xa2\x5cr\xd1\x83C\x9ee\x0f\xf9\xcdL\xdd\x93\
\x9d\xce\xa4D'\xed\x93W\x93\xb7\xd1\x91G\x1e\xb9\x5c\
\xf4?\xfd\xe5/\x7f\xb9-\x9dL\x9e\xbc\xb4U\xe3e\
s\x06}\x87>:\x9ce\x06\xa4\x02\x0a\x94\x89(\xaf\
\xf4Br5Zz\xe0\x03\x1f\xb8\xeb!\x0fy\xc8\x16\
37\x13\x15\xe1\xd5t9!2\x82\xa0\x11\x061)\
\xfcb\xfe\x16\xb7\xb8E\xb32y\xea:\x87\x81x\xb0\
13\x16\xd6+^y\xea\xb4F\x95z@\x87 \xe5\
\xbe\xcb\xbfH<\xb2\xe7\xa1\xbb>\xaf\xe7/\xb2E\x8f\
x0\xa1\x03@\xbd\xbb4\xa1/zM\x1b\xa0\xcas\
\xcf\xab\x949\xeey\xcf{~\x9a\xe3\xd4\xa4g\xcc\xa3\
\x0b\xcc\x95\x9a\x97,\x89\x98\xa9\x1f\xc3\xa1\x8f\x16\xd5z\
\xe5$\x93grs\x03\xec\xb3\x9e\xf5\xac\xb1\xf0\x99g\
e\x88\xd5\xeb\x8em\xb1\xdd\x5c\xba\x888#\x1c \xa3\
D\x9d\x1a\x17\x0b\xfc6N\xa8\x972\xc6B\x80xn\
\x0fN\x04\xc3O\x84\xa6\x9cN\x81a{v\x1e\x02\xaa\
`J\xf3\x22\x052\xfcL\xcfm\xb0\x0b\xbfx\x94b\
\x90\xe4\x17\x85D2{\xb2\x22[\xc2\xa76\xf8S\x97\
^\xdc\xabO\xaf\xc6F@\xf2d/|\xdf\xfb\xde\xf7\
\xde\xc2\xa3\x0f<\xf0\xc0\xe6d\x99\xc1\xba\xd6~\x15\x90\
\xf1\x12\x8cP.o2\x0e&\xbe\x9by\x02\xd8\x02\xb6\
\x5c\xde\x12d&\x00\x860\x11A\x020ZKKK\
\xedPf\xe2\x93\x18\x9f:}\xbfQR\x04kZ\xa9\
\x14\x90\x86`\x0d\xefS\x7fp\xbe\xda\x06\xeb-h\xbe\
\x9a\x87A\xa5\x16Z\xd1\x0f0)\x97\x97\xa8dX\xb9\
\xcb]\xee\xd2&\x90\x94/\xfa\xd0/\x9d\xf5N\xc0\x11\
\xe8\xa8\xc6\xc3ImH\x8c\xcd\xdc\xd15\xb3\xdd\xbau\
k#\xcd\x10\x92\x94\xc1\xcay6\xd9I\x05@IY\
\x93!.\x94f\xbao\x16\xfb\xf5\xaf\x7f}\xd9,J\
\x18\xe0\xad\xb1\xc8\x8c\x01\x8dp\x01\x87a1\x9f5J\
\xf1\xd8\x00NXy\x96!R\x80\xccY\x9e:\xff&\
\x10wm\xc4\xff\xcd\x14\x9e\x07d\xce\xc7[_F\x1e\
\xfcK\xca\xc8\xc6!j\x07j\xb6q\xc1K\x95E\xe7\
\xae\xb3\x0c\x02d\xbd\xdc\xdd&9\xeae;\x90\x01d\
\x1cE\x9b\x11d)\xb3\x0aH\x99R\x08bH^\xce\
\x09\x8bvtj\x12t\x802\x8cdy\xc1\xfaba\
\x8c@\xbe\x85lYR\x13@\x99|B\xa3\xa9~\x00\
\x8bW*c\x0c\x0e\xc2\xf5\x80\xe2\x0d\x0fR\x94\xd0{\
~\x8c\xa4\xaf\x87^\xd1\xb8\xab\xfa\xfa\xb0\xd5&O\xbb\
\xd0R_\xdbD\x01u\x87}\xbb\x0f}\xd7\xe9\xa3\xf2\
\xce\x0fh\x91!\xbc;\xa3\x19\xd9\xeb'\x14m\x98I\
\xdb\x8c\x95\xcet\x93\xc4a\x84\xd7\xda\xe5:\xde\x16#\
g\x08\xf0x\x0f\xff\x19\x92\xb4k\xf93\x0a\xd3\x8b0\
\x1a\x81\x9c\xd3\x98\xb7\xd6\x8e\xce\x8a\x1d\x18\xd6\x11\xeb\x8b\
\x12B\x5c}\x82Y\xa6\xf0F\x80^\x14)J\x1b\x02\
\x1c\xda\x01(@\xe0\xb1\xf2\x9aGRF\x1e\xbf\xf5`\
)\xc3o\xf2\xf6\x84\xcfj\xd3\x10\x88\xce\x16\xb5U.\
L\xfae\x15\xbdp\x80xcd\x8a\xb7q\x00\x11\xb0\
\xd6\xec\xdb\xec\x10\xa5|\x11\xed\xe4\xef\x06d\x18\x8b`\
\x11\x12A{\x81\xf5\x5cn\xc9x)\x1fp\xb1D\xa0\
\xcas\xc6\xa4|3\xdc\x84\xd5f5k\x1c\xeb1\xda\
\x0b\x14o\xea\x01\x89\x87\xa7\x0f\xf4\x5c\x17\x807w\xa6\
(\xf53\xd9\xc0\xbb\x84\xae|ur\x9f\xbcy\x00\xa5\
\xcf)\xbf\x17N\xd3\xa77\xfd)\xf5B\xc3\x9a\xd2\xe6\
\x00\x0fM\x04H\x7f\xced\xe2}1F{\xd86\xfc\
\x87\x91`H7}\xce\x05Ra\xdf\x80\x90\x14\xe0Y\
\xa2I\x8e{\xe5\x09\xc3Q\xb2|\x8c\x18\xc8\x95\xd5\x1a\
jl|\xe8\x15\xd3\xd3]\xc4\xd4\x1c\xbd\xb4\xac(%\
\xd7\x89\x00\xf3\xe8\xe8S\xf8\xcf\x14_X\x95\xe2\x09\x91\
\x01\xbf\xf3\xda\xf7<\x84\xff>oz\xdd\xc6\xc8\xf5R\
\xe8\x9b\xf4Y\x8e\xe4\x1e\xff\xbd\x81\xe2\x89A\xca\xb7\x0d\
ZN\xb3\xc2iz\x1e\x17\xf5\xb5\x10\xc8a\x03\xee^\
\xaf\xfdOl\x1e\xeb\x88\x85c\x22\x83q,\x1a\x93:\
\xb6o*\x94\x18\x03\xe2\x05\xbd\xc2\x86\xd7\xc3\xfe\x86\xf7\
\xa9/\xdfu\x84ND0\xce\xe0G_Yo\xc93\
\x1c\xe4\x99\xa0\xb6\x19\xf7]\xe33\x8a$S@I^\
\xdf\xe7<~*\xafyd\xda\xcd\xab\xd3\xd3\xb0\x9c\xb3\
\xac\x90\x17O\xeb\xa3\x0b\xbe\xf5\x8doz\xad'-K\
&=\x91\xb1\xd7\xd9\xb0\xaf\x85@\x22\x98Cg6s\
w\xed\xda5\x0bA\x08%\xae\xeb@\x1d\x9d\x87AL\
\x0b\xabh\x84\xd9a\xe7{z\xdf+\xccu<2t\
\xdcg\xdcV\xce\xe8\xcc\xb2)F\xbe\xfbx(\xbeR\
W\xfb() .\xe2\xad\x07\xa6\xae\xff5KY\xd0\
\xa0\xafo\xef\x95Wfb\x99\x10\x1b\xa3D\xa2\xe7\xdf\
\xce\x9a\xf0\xaa~Og^Ws\x81\x1c\x82\xe8\xdeC\
\x5cO\xb3\xb3\x7f\x9ap\xeb\x1co\xd4A\x98\xb2\x81\x90\
\xdd\xfa\x84\x90\x9e\xee\xf0z\x1es}^\xaf\xe0xR\
/\x9c>$exd\xc5v\xa6\x8c\xeb\x92'\x0a\x1e\
\xbdI\x80\xd5\x16\xaf\xa1\xdb\xcb0\x0fL\xf5\xe7\xa4\xd9\
\x189\xafM__\xb9I\x9f\xf5a6\xd1\xd1\x94\xef\
\x8c\xef\x00\x8cwy\xf6V\xeb\xe1\xfdDxM\xff\xf3\
\xf8@c7 \xc3\x90s\x0e\x9d\xd46Q{\xcfF\
b5\xfd\xeb\x07\xee\x0d\xd4\x92\xb1QYy\xe3\x18\xe3\
\x14\x14\x06\xe7(b\xc3Y\xe1E\x83\xfe:\x04\xf0\x08\
 QB\x9f\xee\x01\xe9)\x82$\x9a8\xa4D\x8d\x18\
XB\x7fh\xed\xc1y\xe1dgH#k\xe5\xcd\xb5\
U\x99\x07\x0e\xd1KxO\x08M\xf8\x17j\xf1L\x8e\
\xf5\xd2* u\x16+\xd1\x90\xa0\xac\xdb;%\x5c\xdc\
x\xa7N\xc6Hu0\xe1>\xca0}\xb6^\xf2j\
E\xafpt\xe7\x1dh\xc4x\xd6b\x168\xb1\xc6a\
H\xd5.\x91 \xe1u\xba\xb0^\xe1\x85\xca(\xa5\xd6\
f\x13Q\xc5&F\xd6n\xeaS p\xd1'G\xbc\
\xb3_\xdf\x85G\xf2:\xa4\xaa\xdf\x80T\xb6\xc8S\xa2\
\x03\x06\xce\xc8\xec\x94\xd9$\x89\xd1\xa5=>\xf2\xf4)\
<hkri\xd3\x1c}\xfd\xa6N\xe6&S>V\
{d,Ba\xe27/\xb4G\xe81Vv}t\
\x10\xab\x0e!\x9d\x00]2\xd5\x16V1wQ\xa5\x8c\
s\xe8E\xa9\xce\xfau\x06\x10\x05\xb8f\xd1\x16\xd55\
\xcb^r\x9f\xa8\xe0]\x1f\x8f\x84$u\xc9\xd3\x83\xb8\
\x17\xbcn\xd8#\xd1\x06\x06o\xa4\x9f\xe8\xaa\x0f\xe9\xa9\
\xe3L.:\x16^\x81\x99\x07\x10\xc1(\xe17<\xaf\
\xf2H\x85\xb1\xb6\x9cM\xdb\xbf\xf5\xadoM\xbcl\x94\
\xb1\x05C=\x90Q,\x05\xa2!|X\x00\x03r\x9e\
\xa5\xee\x85\xc2\x1a\x18\x11\x1a\xdd\xde+\xf5o\xb1/O\
\x887\xa6|\xf8\xc3\x1f\x9e}J\x06\x0f\x0e\xe3\xe5\xbb\
\xdf\xfd\xee\xf6.\xad\xe8\x12y{\x03\x8e,=\x8f\xf3\
\xf2\xa6\xe5\x17\x0e\xba\x1b\x10(\xebX\xcf\x19\x0f<\xf0\
\xc0\xb1\xfe\xa5\xc8D\xdf\xd1W\xf8UN\x962\xc0\x89\
]\x9e\xbe~\xef$\xda\xce\x80\x0c\xb3\x00B\x1c1g\
\x96n\xe7]\x92\x17\xa1{\xe1\x02*\x82\xea\x08\x1f\xd6\
K\xa1\x13\xa3hD\xf62\xf5@\xa6\xef\x08\x1c^\x9d\
\x01Y\xef\xca\xb4\x17\xc3(\x0fo\x84n\xc2\x96<^\
4~\xef{\xdf\xdbf\xb0\xbc\xc2Y\x1d4\x1d\xea\xf5\
\xf4\xd7a\xf7\xc2\x9fO\xadS\xa9/\xa6?\xfa\xc9\x13\
\x8c\x00\xa9O\xfc\x87\x0f<g\xac\x14]\x18_\xcf[\
O\xb3\xc9\x9f\x8c\xa1\xb2c\x1d\xb6\xe3,=$\x9d\xaa\
\x17\xe0z\xaf\xc0 \xf7\xa7\x9cz\xf0<\x9b\xe2\x85\xd1\
=\x90ua\xd5(\x5cd\x88\xd1\x84O\x96k\x5c\xf4\
FC\x01y\x81\x9d\x91>j \xea^dy\xdb\xdb\
\xde6\xa9\xf1\xb2Y;\xbe\x8d7\x91K\x9da\xbb\xde\
h\x07\xcc]\xf8\x1b\xc1\x85\x1c\xff\xab\x00(\xd1\xb1w\
z\xf2fEO\xbb\x07R\xcbx]0P\x97>\x87\
\xfc\xac\x022]F\xf1\x0a\x09\xc4\x1a<\xe9\xc8}/\
\xa4<\x87\xa4\x9d2\xa1#\x8f\xbeb]\xa9\xb3\x01y\
7TE_\x00\xa0\x9c\xcc\xfc\x8c=Bg\xbd\xb9\xb0\
Ro}\x8f\x03L\x1e\x19Q\x0aC\x93/\xc2T\x88\
\xbd\xc0\x98i\xcb\xcc,\x1b\xef\x19\x87\x87F\xbd\x06S\
\xffz\x87c\x8dJ\x8az\x90\xbc\xfab\x9c\x8c\xce\xd2\
\xb4\xf7\xce~N`\x9c4O\xc1c\x8fO\x00u\x9e\
=X\x0e\xd2\xb1\x02\x8d\x08^/\x0cO\x8c\x93a\xa4\
\xef4\xa0\x86\xb82;\x17\x9bk\x8c\x94\xd2Q_\x9e\
\xf6{s\x8e\xe1\xa0\x17\xc3\xc2#>Xm\x85\xcc\x95\
\x0a\xa9K6\x9b\x01\xa8Nf\x9e\xce\xda\xf1>FP\
\x8f\x8a\xbc6\xb1\xa3\x86\x80\xadf\x91h\xf4`\xf6V\
\xefz\x811^\xb8\xb6\xd9Ca\x80hs\xc08i\
\xc2\x85\xafD\x18\xa4\xdc\x87\x1f\xf7d\xac\x99k\xfb\xe6\
\x8e5h\xf8\xe9\xf9\x9a\x85\xd6\x1e\xa8\x10!4\xa5\xb8\
O\x18u\x16>\x03\xfcPH\xef\xabb4\xa9W\xc8\
\x1e\xca\xbb\xaa:A\x1d\xe8\xc5\xc8\x84Rc\xb8\x88\xe1\
\xeb\x19o}\xeb[\x97Xo?\x89!\x03\xaf\xa3\x0c\
\x9e\xa0=\x19\xac/\xeb\x1b\x08\xcb\xc7\x1dw\xdc\xa4\x8c\
\xf5\xe0\xc8\x9c>6\xc8\xebU6XoV\x8d\x9eE\
\x0fs\x88\xe1\xcc5\xc6\x82\xff\xa1\xf1\xdb\xaa3\x9e\x1b\
\xf7\xe7E\x8cU\xef\xec\x10\x90\xa0*[\xf7hl\xfd\
(\x11T\x8aB]\xc7C\xb41\x9d\x970(\xbc\xf6\
\x0bst{\x8b\x0b\xc3C\x90Yg\xdeB\xa0xG\
6\x1a\xb4\xd1\x07!)@\xbe\xeb\xfa\x9a\xd4\xa4^\x9a\
no\x99\xa9/\xa1\xab?k.\x0a\xb1O\xecl\x09\
\x85\x97\xf0\xca\x10|\x8d\xaa>\x1f\xb3\x93\xc7\x9a\x19\xe2\
=!8\xd1I\xdf\xb9\xd6\xa7\xebih\xffCd\x88\
r\x87\x9e\xdb\xdf\xc7H\x0c\x075N\xde\xb7X\xfd(\
:\xd1#\xa3\xc3g\xb6>\xc9\xa2\x0c?\xb0\xf0\x86\x81\
h\x07\x0b\xfd\xc6\xa8\x1b?M\xf2i\x83\x5c\x87i\x84\
{\xa2)_t\xd6\x8e\x01\xe8\x5c'apQ\xfda\
~B\x8dP\x0e,\xf7\x84\x88\xf2\x12\x05x\xa0=T\
\xd1\x22aT\xdf\xc0\xc8ZR\xdd\xf0\x81\x97Xxx\
\xa2\x0c\xb2\x99\xc8\xf1b\xfd\x00^\xc8CK}@k\
\xcb\xa3\xd1\x8dqD_\xa5\x9f\xcbU\xfeYx\x9d\xe7\
%C\xf9\xc8\x11\xe0KOg\xa4\x9d\xfc\xf5\x12^\x19\
\xa4\x14\xa7\x08\xad&_\x08\xf4\xae\x1c\xc2\x14\x9aM\x80\
\xf5:RN\xf1\xc2\x86\xd4\x03\xb9\x11!1\x1a\xeb\xec\
\xc7\x07m)\x96\x923\xee\xf9\xf1\x90I\x18Eh\x03\
@|\xa2\x11\xe1\xe2\x09\xbd\xb0h9\xc8\x9aI\x92{\
\xe19c\xa9\x99\xac\x97\x9f\xf4':\xe4\x09\x7f\xbc[\
}u\xa7t\xcfr\xde\x88\xb1\xab\x87\xd7\xe8\xa2\xb6/\
\xcfd\xf4\x01e=\xfdr\xaa\xf0\xd9;Hp[e\
\x0a!\xaa\x902Y\xc0F\x81D\x9c\xa2k0\xfe\x7f\
\xbdq\x10 \xca[\x8bY\x8aU\x17\x0d\xca\x8br\xf2\
\x18L\x99\x09\x8d\x19g\x85\xc3\x0f\xd8\x83\x8c\x85\xe3\x17\
\x9f\xf3@L^\xfa\xc6\x0b\xd9\xb4\xe9\xdb\xa7\x9e\xf5\xda\
k_\xfbZ\x0b\xf0\xf6\xfd<\x13!\x89|x\xe4\xb9\
\x14\x8a\xbf2\xa4}\x8a\xdf\xf3\x13\xd2\xd7\x92O\xbf\x0c\
R?h\xd5\xf2\xa3\x01\x19\xdak\xb5U&\x22X:\
\xe1\x1d\x1fh\x90a.\x90\xe9DC\x0d(g#L\
\x86\x09D\xcb\x8a?\xd03\x95\xf0\xb6\x1e\xa3\xea\x09e\
\x12O\x132E\x04|xra|\xd8\xb9s\xe7\x8e\
Z\xd0/g\x83B\x19\xfe(D\xdf\xf8\x0f \xb1\xfc\
\xf4\x1b\x0fu\x1f\xefs\x1d\x85\xc8c4\xday)\xb8\
\xfaoco\xbd\x8a8\xf6\x92\xb1\xfd\xe3\x18\x13\xa5Z\
\xd0W\xdbu\x1fc\xa5\xff\x9c\xd1\xc0k\xf5uf\xa2\
\xc2\xd0\xd8\x86m\xc23 {\x0f\xeee]\x18\x9c)\
\x89p\xbd\xd0\xf3:H^\x00+\x10.\xfc\xc4\xf2\xb4\
 \x8aZ\xabm\xca(H\x7f\x06\xf6\x9a\x81\x8e\xbe\xf2\
\x95\xaf\xb4'.\xb5E\xd8\xf2\xac\x13\xd5\xa1\x00^\x1b\
\xc3\x03\xbc\xd03O!\x94\x86\x07\xf2HC\xc0\xb5\x89\
\x8c\xaey\xa9\xbaB7\x03\xf2\xd4\xa7\xb6\xd4\xdak+\
\xa6\xfe\x9e\xdc3\xb2<\xfd\xc1O\xe6\x14k\xc9\xd8\x1b\
\xd2t\x0c>3y\xf3\xf8\x1e\xd2\x02`E\x82I\xf1\
6\xdbl\xc1w\xe6\x06\x0b\x81\xd4p#\x1d\xa4CL\
\x11\xaa\xd2\xa1\xd5\xd9qq\xf9(o\xe8!CF\xdd\
\xb3r}\x8a\x04\xd9M2\xd3\xf4\xe3!y\x98\x8e\x15\
\x9b\xa0\xb8\xe7\x8d\xc6\xb5\x9e\x8f\xf5\xf8\xeeyK]!\
\x9d1H\x09y\x00\xf5\x08I>o\x10fE\x09<\
Yf\xe1\xa5\x1fk\xe7\xc9\x94\xbc\xbe\xcf\xa9a\xed\x1b\
\x9dlD7\xda\xe4\xc9G\x0c\xa0o?\x03\xb2\x17\xde\
\xb5C\x83\xde\x92\xd6bt\xca\x9cv\x0f\xae\x0e\x8e[\
\xab\xee\xbc\xb20Eyv\x86\x9e\xf2\x94\xa7\x8c\xea\x93\
^c\xe3\xa2\xed6_\xa4\xe4\x91\xf9M&\xa3Q7\
\x00h\xdf\xf3\x8b\x7fy\xa1\x9b\x89F\xee\xd5\x8dr\xe5\
eL\xce\x84\x0b}!\xd5O\xda\xbd\x93\xea\xc9\xfe\xe6\
\x9a\xfa\x0b\xbb5\x8eN(5\x9ehH\x08\xf8\xf3d\
K^\xfav_\xbc\xcf\x80\x5c\xcf\xf0\xd4O\xa4\x18\x1a\
\x842\xb2\xec\xc3=U\x9a\x0e\xde\xcd\xfa0EA\x84\
\x09\xa0aF\xa3!\xe8S\xc6Z\x88\xaa\xd7\x13\x1e\x9a\
I\x81\xb0\x18E\x0b\x7fk\xa5\xc6\xcctMEA\xf5\
}\xf4\xb6\x14\xb0/\xe9\xb5y\xef\xc7\xfa\x09y\xad\x17\
w\xd4\xae\xcc2/\x15\xdeL<\xf4\xa1o2h\xab\
/\x8aF\xd3\xb8G\xa6\x84 <P\x86\x83!D\x96\
(\x19-\xed\x1e\xf3\x98\xc7L\xea\xd8dl\xf4\xda\x8a\
\xa4\xae\xdfwz`.\x0ah/\xe1#\x86\xe4^\xfb\
\xd4\xd7\xc6\xa1?<F\x0f\xd5~_\xf2\x06\xa0\xd6`\
\x9a\xd2\xbe\xcf\xd3\x17Y\x9c\x1d\x91\x07\x1f\xf8\xd9G#\
\x80\x99\xa1\xcaP\xc1\xbd|B\xf5\x0c\xf6\x84\x87\xd7\xea\
\xeb\x00\xe10\x9f:\xbd\x15\x0d\xdbm\xf4~sy\x83\
\x1d\xa3\xf2\x8c\xad\xde\x97\xf5\x91|\xe3f\x0c\x8d\x82(\
\x0a\x0f\x19\xb7\x5cg\x1d\xda/\x11\xf0\x9a#\xc0\xe3C\
\xf8\xc6\xeb\xe3\x1f\xffx@n\xf2st\x8a\x0e\x0du\
\xb4\x93\xa7]\xef\xd1\x1b\x95C=<\x17\xcd}\x85\xe9\
\xe87\x06\xb5\x88N\xf8$\xa7k)\xcf*\x85\xf9\x06\
\xa4\x05\xb6\x87\x97~4bg\x86\xd0\xbc\xd23>\x1d\
EY\x8b:\x91\x8f\x0eE\x9a\x0cP\x08\xaf\xec\x95\xba\
V\xdbaY\x94,?}\xa3\x85'\xe1\x0eP^\xcd\
4V\x05,u\x09\xe9\x1e\xcf\x94\xad\xad\xebx\x03\x9e\
\x5c\x03F\xbd\x00\x92\xb1\x07\x0d2\xd7/\x84\xdb\xd7\x9e\
3\x99\xc8\xab\x94\x14\x887gm{ 7b\xac\xea\
D\x9f\xe58W0\xee\xc6[\xd7\x03R;\xfc\xeb;\
:\x81\x93\xc8D\x1fE{S[\x9fy\xb9\x0a\x08\xee\
1\x1b\xa1\xa2\x90\x96\xb1\x81\x84\x16\xafL\xa7\x94\xb1\x11\
!\xf5\x19a\xd4\xef\xdb(\xc3t\x14j\x1b-\x8f\x81\
\x84>\x06(\xbc\xa9\xa7]\x84\xcddD\xdb\x9e~?\
A\xb1\x81!\x8c\xdb\xec7\x13\xce\xd3\x1b`\xf7kS\
\xbc\xf5\xca\x8e\x8e6\xa0\x92V%\x80\xb9\xc6O\x0d\x09\
\x1f\xb5w*m\x94V\xf1:&[&e&\x87\xb5\
\xdem\x9fok;;\xd6h\x9er`\x1e\xd1\x10&\
p\xa6\xd9\xad\xc7\x0d$\xfb\x95\xc0D#\x16\xbc\x81f\
\xab\xaa\xf4<Dy\xbc\x91QI1.\xfc\xd5\xef6\
G/{\xd9\xcb\xc6\x87\x1ezh\x8b&d`\xbd\x0c\
H\xdb\x80f|\x91\xa7\x9c\xe7:\x00\xe7WR\xcfy\
\xces\xc6\x8f{\xdc\xe3\x1a\x98y\xd3\x80\x953\x16\x86\
\xa1no\xe0\xe8\xea#)\xa1n=9#\x97q]\
4A'F\xb7^[<x\xeb\x02\x0drHt\xc2\
\x18\xe8\xbc\x01I\xf1\x99\xe4\x84`B\x92'\x06\x1bI\
Q\xb8\xb8\xed}\xcc\x84\x10\x0c\xf4\x96\xbc\x16\xad\xd4\x9b\
\xe7\x91\xda)'\x04\xda\xc6oFV?\x22}\xbao\
\xad\xd7,w\x5c\xa0\xec\xca\x84 \x02'\x22\x08\x9f\xca\
\xb4\xcb\xc6CM\x5c&\xfe\x01\xe1\xe1\x0f\x7f\xf8hy\
y\xf9\xd91\x16\xe0\xab'\xa9\xeb\xbe\xe7\x09\x1f\x1b\x95\
)\xf2\xe2G8w\xf6\xe4e\xf8\xb0~-\xbd(\x03\
x\xff\x1a\xa5<\x06\xcd\x1b\x0b\xbf\x83\x1b\x905F\x1e\
\xcc\x02c\xf1a\x9a\xeb\xf6\xbf\x7f_\xab3\x82aR\
X\xf5\xd1#\x1d\x08!h\xf5\xd6\xbb\x16\x8d\x94\xcd\xf3\
HeYgRH\xc6\xc3\xea\xe3\x1f\x8c\xd0gLj\
\x82\xb2\xc5\xef\x08\x01\x9c\xb0\xda\xcb\x05\xc8x\x8fpZ\
 n:\xe4\x90C\x9a\xdcu\xfc\x1d\xbf\xf1d<\x00\
\x7f:\xfe\xcc\xa2\x94\xfc\xde;\xf1\xb5QP\xd1B\xdf\
CbG\xd2F\xda\x1b\x02\x1ch\x90]\xc2\xaf\x08S\
:\xff_\x0d\xc8R\xfa\xc3\xcdZ\xd3Q\x84\xa5\x10o\
\xc3m4a\x88RmoE\x09\xda\xee\x09\x90\x11\x8a\
\xc2\xfa\x94\x9d\x7f\x00\xa9C\x99\x00(/:;^\xc8\
3\xebh\xbf7Q\xd6\x03/\x8c\x0ai\x0c\xcc\xb8Z\
\xa1x'\x10Y\xf9t\xf6\xf8\xb7\x8c?d\xd0\x1e\xdd\
\xfe!\x00~bd\xfaO\xda\xa8|\xf4\xcb\x08\xcdE\
\xf2q\x8dUB\xaeqc)f\xe8 {\x86\x0b\xb2\
L\xc7\xf2\xfd6\xb1\x90b|\xff\xea\xe4T\x0c\xc5\xe2\
tj9\xe2\x878\x84J\xa8t\x0e!D\x13:\xe5\
\xeb\x08\xa3^p\xb2\x8d\xa5,\x164\x04f\xa8\x14\xb4\
\x1c\xea9\xa3#%:0\xaa\xd4A\xb7\xf3\x9c\x7f\x04\
X\xc6S_s\xf6=\x9f1\x1e\xfb\x85:>\xd0 \
K}\xadjg}\xb5j\xab\x9f4\xa8\x03\xe4\xea\xe7\
\x5c}\xea/\xf2e,\x8a^\x02\xe2<Y\xb4\x0b\x7f\
\xf8v\xad}h\xea_?\x86\xb1z\xfe\xd9>'*\
%\xdc\xaa\x9f5l\xfaS>\x8d\x16-2\x1a\xe6\xf4\
\x03<\x09\x90\xc5\xcb\xe9%\xc3~\x9bd\xd6\xc5\x01E\
\xf8T\x16\x19K\xc3,\x85\x99\xc5a@Y\x5cZG\
\xf1\xdaX\xa3\xfbL\xe3=A\xa8\x9f\xa7\xcf&\x1ea\
\xba\xf5~\xd1\xa7\xf6\x13k\x80\x00\xca\x06B}1\xaa\
}\x16%B\xe7\xac\x8eeEM\x90\xb6\x9a\xe9\x86\xf7\
)0\xed\xe7Z\x01ko\xd8\x04F\x12:\x0c\x22z\
\x8an-\xf3<\xac\xa7\xab\xdeA\xb4\xd3>\x0e\xe3\xde\
5\xa0\xd1\xc9\x9bw\xda$\xa1Y`\x9e^Fr\xe5\
\xe6\x91Et\xff\x0a;\xcb\xb1r\x151\x22\xb4\xb0\xda\
|)9Dt@9\xea\xc4s\xe4\x05Hac\xe7\
\xce\x9dmZ\xcc\xca\xc4\xf2>\xf5\x02\xaf*\xd8\xbb\x9b\
F<Vl\xc2\xe2\x83\x80\x0f}\xe8C\xc7~\x11\x96\
|\xca\x10F\xeb\x13j\xedK\x19d\xc9Df\xcaO\
\xfb\x89\xdc\x14\xd4\xbd\xe2$:\x196\xa6\xa3\xc8lw\
\xcad\xd0= \x92\xaf\xdf\x1e\xc48\x14Z\x84w\xf2\
\x94\x00\x00\x15\xb1IDATf\xcfex\xb3wa\
SO\x9d\x9a\xdf\xfc\xba\xf4\xbc_\x0b\xf4\xd5\xd1\xfef\
\x9b\x14\x1f+\x88\x02\xc4f\xd3r\xcc8(`\xd89\
\x82\xc9\x0b\xd8\x9eX\x98\xf4H}y\x84\xbc\x08\xc1l\
\xcf\xbe\x00\xc8`\x1c\xae\x81u\xa7;\xdd\xa9\x19\xa3\xbe\
\xf0`{\xcd8\xcasct\xa2\x8c6U\xe7\x0cu\
z\x05\xee)\xaf\xbd!\xe8\x93\xbe8G\x0c\x9f7\xe6\
[\xb5h't\xc7ks\x8fN\xef\xc9\x0c2_U\
\xd1\x0e\xbd\xd0- \x0fm\xa1u\x9ay\x80\x18\x9e\xa7\
\x08\x08a\xc4a\xb0\xb7U%\xc5\xb3\x08\xdb[Y\x84\
\xa74\x89rl\x9f\xd5\xbe\xe8\x09\xbc3\xe0\x86f\xab\
Tix\x9f\xfc=<7\x8f\xd4'p\xf0\xee\xcc\x00\
\x97\x97\x97\xc7\x86\x06\xbc\x92\xb3\x1e\x14\xb7\xcdoJ\xa0\
(C\x86\xa4\xac\xd29\xda\xce\x03r#\xfcLi\xb4\
\xaa\xe4\xca\xf8\x88&\xf9\x9dm\xb8{\xfb@tp\x8f\
\xafxet\xee\xdc\xeb_\xdb\x03\xeb1\x9a\xd0\xaa>\
\x9c$\xedD\x14\x13\xb5\xea\xeb\xca\x9b\x14\xc4\x12\xb2H\
\x8d0\x1a\xb2\xde\xda\xb4n\x0a\xc1l\xac[Y\x92\x8e\
\xa5\x00\xec\x9a2\x8b\xf1C=\x04\xce\xd8\x9a\xfah\xf4\
ix\xbf\xaap\xfd\x9b\xe6\x91\xf8\xd1\x7f\x94D\x01~\
Hd\x86\x8ao?\xba\xf5A\x06\x0a\xc8\x04,\xa4y\
p\xf1pv\xef\x91{\xca\xd3\x10\xc8\x00\x18\x10\xbdc\
T\xdb\x8a\xed\x09\x8e\xba1n\xfc\xb8\xefu\xe8>\x98\
\xd0\x7f\x19\xdf\xceL$\xf1LF\xbc\x9aP\x9a\x7fL\
\xef/\x9c\xc6\x9b\xf4T'\xfbfb\x12\xab\xe0e\x14\
\xe2Y\x9c<\x9d\x04h\xf7aD\x07hDQ\x88{\
\xe4\xf4\x89O|\xe2\x043\xb5a\xdaSE\x0d\xdbw\
\xf7m\xfaGp\x80H\xfa\xc6\xa7!!\xd1\xc4\xba\xd1\
\xf7n\xa4\x18$~;\x83\xfc\xb7<\x92N\xc8\x14\xda\
\x80\x92\x87/K'_\x88\xf4goR\x8c.\xbc\xb4\
\xcci\x0a\xa01\x0c\x1b\xe2\xb5F\xde\x0a\x87\x18@\x8c\
\xc0X\x0b/ro\x22\xb4\x09\x89\xcej\xab\xee\x0c\xe3\
d\xafd\x84=\xc6\x11\xaa\x10\xe8\xcb0\x0a\xb80\xe6\
\x8c\x16\xe6\xb5\xb3^\xaa\xf0z\xa8\x8d\xdd\x8b\x10\xb8^\
n\xd7\xed\xcb\xb6x\xc1_\xc2?\xa1\x0d\x0b\xc0\x94D\
\x05\xebJ\xe0\xf5^\xdb\x19\xe2\xd9Q\xa2\xfa{\xca\xaf\
\xfec\xe8}[\x8a\xb6~\xf5\x093\x9b\x00\xd3WD\
\x1aO\x12]\xe1'm\xc2\x03zt\xe9\x89\x8f\x07\x05\
1\x14\xe5\x0er\xfa\xe2s\xe4\xd9D@n\xab\xa2e\
\x83\xb8\xab\x22\xc2\x0e\x1d\xd9\x7f\xac\xc9\xc3\xec\x97\xb6\xb1\
\xe2\xd4\xc3\x10%b(3\xc10d+\xea\xedo\x7f\
\xfb\x0eB0\x1643)\x09S\x01>m\x22\xa4s\
\xaf\x14\xd7\xe9\x13\xbf\x8e\x12\xe4\xef};<8\x92\xf0\
\xce\x08\x9d\xa30\xed\xf0\xa0\x1dY\x9c\x8b\xffs\x84\x5c\
\xc0\x06\x14\xe7x\x81|)\x9e\x12>\x86\xfc\xa9\x13\xf9\
\x5c\xdb\x07\xf5\xdd\xbe\x9a\xc57\xda\x14o\xd8q\x96\xd2\
G\xbb\xa9\x84\x87\xf0\x85\xb6q\x9dA\x86\x0fu\xb4\xa5\
KaZ\x1d\x18nB\x9ck\xaa\xc8rx\x91\xc20\
\xac!\x90\xac\xcdz\xebN\xa7q\xf3\xe9\xcc\xaf1C\
9\x01\xdb\xa3\x9a\x9a\xc1.\xd7\x97\x81\x9b\x85\xe5\x81\xac\
P\x91\xa7\x19\xbd2\x1a\x81\x05i\xa84<\xd6\xd1<\
2`:;\x02FH\xf5\xf9\x01+u\xa6\xa0\x5c\xf8\
\xc9\xaf\x05}/\xca\x0eO\x8c\x91\xf7\xd1G\xbc\x0e(\
~_\xf2\xa67\xbdi\x92\xb9H\x8c1\xfc\xb8\x1f\xca\
\x9f\xc8g\xe9g)\x95\xf7\x93\xf0\xa0.\xbc\xac2\xa6\
\x8f\xc1\xda\xceV\x03\xb2vp\xda\xe3\x11\x93\x1d/\x1c\
QP:\xc8\xa0\xeb\x95\x87\x9a\xf4\xecJX\x1aN`\
t\x82\x01G\x8c\x80\xa2\x08`\xda\xbd}\xfb\xf6\x0b\xbc\
\x95f\xf0\x06\xba\x10\xee\x1a\xfdy\xb4\x16).\xf9\xf8\
\xeb\x0dF_IQR\x04\xc7\x8f\xf2\x1c\xca\xc9;\xa8\
\xd7\xbeb\x15\xa5\x0ei,\xa2\x9d|}P0y\x12\
\xee\xccP+\x1a]`h\x91\x8f\xdf\x1e\xc8^\x96\xe4\
\xcb\x8bsp\x1e\xf3\x13\xf7\xf8\x91\x82\x07\x9d\x8av\xd5\
\xee\x0f\xed'\xfe\x0a-\x94)\x15\xc2\xb5\xf6;>\x96\
Ep\x0d\x1dP\xf7O\xe6f\x81\x80\xa0|\xca\xe8\x19\
\x9bZv\xeb\x90`Q\x160\xeb\x8d\xb8qY\xe6\x0e\
\x86\x120\xfb\x19sk\xb4F\x8a \xa9\xd2\x01\xb9\xb9\
\x07`H\x02\x1f\x11\xbe\x07g\x1e\xbda[\xf7\x01v\
\x1e\xc0}\xfd\x18#\x99\xf4I\xcew\xbe\xf3\x9d;j\
\xb2\xd7\x16\xf2\xbd\x11\xcd\xe3W\x9e:\x1c\x05\xe0\x1eY\
y\xbd\x056\x09\xff\xca\x13\xe9\xac\x06<E)\x1d_\
\xa7\x86\xc6q[GZZ@U\xdc\xad_\xfdl3\
\xcb\x04B\xc6\x9aX\x92\xe9\xbb\xbfg\xd0)\xe5(\xd7\
\x9e\xc5\xe8\xa4\x9f\x05*O\xbco1\xbc\xca\xeb\xf3\xa0\
\xcb\xbe\xa6o\xdc\x10\xf7\x85V\xf9Q\xd2<E\xf6y\
}=\xd7S\x8f\xbc\xdeP\xe1Q\x14\xde\xd4\xc1\xc7P\
y\xa1\xe5\xac^\x8eE<\xa4\xfe\xd0S\xe5\xcb\xd3\xde\
\xb0\x91\x8d\x89\xf2D\x1f\xcb]6\x1ef\x89\xd0{V\
\xf8\xd1\x96\x0eb\xf4q\x1e\xaf_\xda\xc0\xa0Su\xe9\
S\x19]\xd2[yd\xfb\xa7\x03\xfd\x01\xbby\xa4'\
\x1c\x0e\x9ef\xc9\x00\xedXqB\xa9Ph\xf6Z\xcf\
\xfc\xc6\xb6\xec0GA\xda\x10B\xcaY\x1b\x9d\x0e\xf3\
\x84\xee\x93O>\xb9\xbd\xc9\xcdX\xf2i\xec,y\x16\
)q\x98\x1fo\xd2_\x09\xb9y-\xef\x02$YR\
\xa7\x070\xcaD\xbf\xcf\x1f\xf6\xd7\xd7\xeb\x81\xec\xebQ\
8g\xa0'\xbf\x88\xae\x09\xce\x84\xc7\xa4_\xfa\x18\xf2\
\xd0\xb7W\x1ecB\xa7\xbe\xf1:\xa6oy\x0c\x80\x9e\
%\xf5L\x1c\xbdw+\x1f\x88\xf4\xd8\xc6H\x17\xd6+\
\xae\x85\x04\x9f\xce\xf2\xe4\x99\x00\xb1\x22\x041\xc2J<\
\xfbc\x19q\xf3\xb8\xbe\x8ebY\x01\xd5=\xc0s\xf0\
z\x7f\x8b\xe0\x83\xf7,J~@\x1f*p\xd1\xfd@\
\x997P\xaf\x07\xd3uh\x92\x01/\xbd\x22\xd5\x0fp\
\xa1\xd5\x835\xaf\xdf\xbe~\xca\x93\xe7\x9e\x9c\x0c\xd2\xdf\
\x15\x8b:\x14\xadO\x1ei(\x99F\x8f\xd6oxu\
N\xbf9k\xc3\x1bm1\x9a49\x80\x18\xa0\x19e\
\x0dS\xcd\xe1`\x03;\xb3\xf2*\xdf\xd4\xa6\xe62\x80\
\xa3\xe3\x02s\x89\xfbf&\xaa\x13^F\xe9\x9e\x1a\xd4\
\x1ef\xfb\xb6\xb6\xfa\x19\x1b\x22\x14\xa5\xf53X\xcc\xf6\
a\x01\x90^\xf6\xf2\xdb\xc47\xbf\xf9\xcdM\x90\xbd\x01\
\xb2Sv\x0324z\x10{\xc0s\x1d%\xf6`\xcd\
\xcb\x1b\x82\xd9\x836\xaf>=\xd4x\xe8g\xed\xed\x97\
\xd0<3\x89>\xe8.CT\xcf\xa3:h\xd3Q\xf4\
\x5c\x9b\x17\xbbl`H\x80\xa4\xb3\x0cc\x8c\xbf&O\
\x13\xaf\xe7\xa8oC]\x84\xdc\xc4\x8a\x8cW\xb5\x97w\
\x22\xcb\x91|\xea\xba>\xae;\xdb(\x885c\xc4T\
\xb8\xbeq\xde<3\xe3\xa4eE\xef\x95\x11\x94\x95f\
\x06\x96\x10G(\xf9\xde\xe0.\xaf\x9c\xd4\xd1\xd6\x9e\x04\
E/\xf50\x8e\xb7\xbcr\x11%`\x9e\xb1\x98@L\
'\x11m\x8c\xccP\x10\xcb\x97\xa7^<\x9e\x0c\xda*\
\x97\x02|\x00\xd2\x1e_\x19\xcf\x93\x1f\xd9\xdd\x93\x0b\xaf\
\xf1\xb0\xb4a\xfc~h{\xcc1\xc7\xac\x94\xee\xda\xb3\
P\xfd\x08\xb7\x9c\x04\x0f\xe8\x86\xa6~\xc2\x03\xfd\xc8\x8f\
C\xd8\x89z\xecc\x1f\xbb%3zt\xc8\x19]{\
\x10Q\xef\xf5\xb6\xf6\x92\xf0k\x8e\xd3B\xab\xa3\xdc\xf9\
\xb0x\x99A\xbb*O\x8ci\x80\xc3H\xac\x88r\xec\
\xc6\x1fR\xff[e\xff\xb2W\xc0P\x09\x98\x18\x0a\xa1\
s4\x08i\xfa\x5co\x90\xafT(j^*\x0a\xa4\
\x8dz\x14BI\x8e\x18\x05>\xd0L\xc4\xa8j\x9b\x03\
\x8e6\xca{\x8f\xa1\xa4\x800,S?\x89\xe2\xf4\x81\
V<(^\xa4N\x94\xef\x9a\x87\xe0\x09\xc8\x86 c\
\xe2\xb1\xc7\x1e{A\xad\x97\x97\x94\xf3\xa2L\x00\xd1\x90\
\xb2\x01\xd0\xf3\x16\x9d\xd2\x9bk<\xd4\xd3\x99\x13\xbd\xb7\
k\x12\x13c\xa0c\xf4x\xb9\xc7`\x9c \xfa(\x0c\
\xda\xa7C\xf7\x91AP\xfb\x90\xc6I\xca\xe5\x09\xd6|\
\xfehL\xac\xce\x84\x06\xe3\xf1`\xff]U\xaf\xf2\xef\
,\xb0\x97\xa7;\xf0\x8d\x99\x8c\xa5\xe8\xc6\xc3\xa2\xa0\x08\
\x11\x85\x12\xb2<\x7f\xa96\x94\xdb\xe4\x87\xe1\xd8\x90 \
\x10\xa6\xb5\xd3'\xaf\xa48\xedX\xa7DH\xe5\xa5\xb4\
\xcb\x86\xbe\xfc^Q\x01\xd1\xb9\x0f\xbd\x8d\xc0 \xe9O\
\x1f\x94\x92!\x83,\xfa\x89B\xf1\x95\x89\x1c\xcf\xac\x1f\
\x1aM|\x80\xc9_\x0ezl'iK_d\xc7K\
od\xe9R\x19\x9e\xd0w\x8e\x9c\x1ez\x97\xce\x0f\xcb\
\xeb%\xea\x93W=\xfc\xdb\xc9\xa9\xc9\xe2\x84\x8e\xb41\
)\xf2\x0f\x0e\xcdh\x10\x92\x80\xc8\xadu\xae\x92\x99\x91\
w]\x81\xe4\x1e1\x09\x13\x92G+\xf5\xf7\xf5[\x11\
\x92\x97\xd0\xa5,\xcc%,\xc6*S\x07-\x02S\x8a\
\xb6\xe2}\x8d-\xed\x8f\xd3\xd4\xc5X=\x06;=J\
\xcc\xb4\x1e\x1f\x12\x8bG\x1b\xaf\xda\x87\xa7V\xb8\x97\x09\
o\x0e}d8\xe8\x8d\x22c\x1e%ZoK\xb5\x7f\
:z\xdd\xeb^\xd7f\x90x\x024\xd9\x18\x84\xa4\xbd\
{4s\x04\xbc\xd0\x0e\xd0\xb6I\xeb\xcd\x85\xf6/y\
\xca\x12\x85\x22\xb3z6\x18\x1c1\x10x\xf1\xde\xa6\xff\
X\x1dB\xb5\x93\xd0\xfecX\x02\xa0\xfff\xf2\xeb`\
\xc4\x08I\xf1Q\xbe:\xfe\x06\xa1<\xb3=\x89\x07\x8c\
z\x01/\xeb\x1f\xf5\xd2\xde\x19\x13\x80\xc6X\x80U\x97\
\x15\xeb\x13}\xd7\xf5\xaa\xc85\xec\xfd\x86\xae\xbc,y\
B\x1b\xe8\xf2b\x8c\xfa\x8a\x17\xba\xd6W\x0e\xf7\xc3\x94\
v\xce\xf8\x06`\xc26E\xa2\x1d\xc5{_\x86A\x99\
?\x98\xd9K\xda\xa9\xef\xac^oT\xd9\x04\x881\xa6\
\x8ev\xe4\x16:\x03\xa6\xbe\xeb\x8fq\xda;\xba\xd1\x95\
r)4\x85\xd3\xea\xbbE.F#y'7\x9fy\
\x99\xedkQ\x98\x99\x12\x84u\x8eA\xbf\x82\x12b\x8d\
\x03\x84\xd4\xb1N)\x95\xa0\x1ev\xd6\x0fA\xfd\x0b\xdd\
\xacCL\xc6\xa2\xe3\xc5:\x1dZb\x04\x8f\xa0\xb1L\
}\x18/\xfd\xcb\x9b\xb1G\xa8\xcf\x98\x93\x8dou(\
* \x03?\xa9\x07R\x9e\xba\xc3h!\xbf\x07\xd1}\
\xc60\xb4\xd0\xa6HG\xe4\xf5\x9eM\xad\x7f\xdb\x1f\x8b\
f\x0c\xc5\xb3:\xc2l\x8c\x11-4\xd0O\xa4\xa0\x8f\
\xc8\xaf\x1c?\xb9wM\x8f\xf5\xdf\x91c\xbbfy\xfb\
\x5c\xbd\x18;\x1e\x84o\x0f\xa6\xe1\x82\xae\x99jM8\
\xc7\xd1\xc1>\x08I\x08\xdb\xa4-`v\xd5\xee\xce\x12\
\x22<DL\xf6`\xb9\xde<k\x0c\xc8g5\x01\x09\
\xf0~+Q\x9b\x08\x133]B\xea\x98 :\xe9\xad\
\xb4\x076\x9e\x19\xc1\xe2\x15\x8d\x99J\xf6\x12+lM\
lNX\x1c\xdbw\xf4L\x94\x92m\x18\xc7\x13\x87\x93\
\x88\x00\x99\x90\x84\xe7\xf0\xab\xff(0@\xa6\xbf\xe2\xfb\
\xbad\xc3/\xda\xae\x9d\x01\x88\x872\xaa\xf6\x0bf\x0f\
\x16\x18T\xfaG\x1bP\xf1\xb8\xc8\x15\xbe\x22_\x0c*\
\x06\x9b\xe1\xc6r\xae^\x90\xde)\xbaI1\xf0x\xab\
\xb3\xb1\xb1v\x89~\xeb\xf9\xa3\x84\x86]6\xfb\xb0i\
\xd3&;If\xad\xb5\xbf\xb7\xa5\xd6x\xcd\xea0#\
\x94\xd4\x07\xfa&\xcb\xf5\xda\x04\x02\x0e\x1e\x82q\x96\x08\
,\xbf\xb5\xaf?\xed\x1c\xd7X\xd7\x5c_[\x0c\xa1\x1d\
%\xaa\x1fC\xd0_\x04\xcf\xb52L\xa3\x19\xaf0\xf6\
8j}\xd6~5\x5ca\xfc\xe1u~\x8f'\xe3\x94\
k\xab/\xde\x10\x83\x0c\x90\x91)\x0a\x5c\x04`\xea\x15\
\x9d\xcd\xc6?\xe3\xb5\xffp,O\xfb\xdfd)Ox\
\xa3'7\x8c'\xe1. 2X\x80\xa0\x1d\x00\xa3O\
\xf7\x89L\xf4!\xc9\xeb\x0f\xc3\x98\xf0\xf8\x84'<\xa1\
=8f$\x99\xe8d\xae`\x86\xac\xff\x1a\xe2\xbc\xe9\
\xd8\xca\xf5\xe7\xb1\xa2\xfd\xd8\x84\xf6\x96\xe9\x08H\x94\xf4\
\xccg>\xf3\x84\x22l\x164q.7\x9e\xd4\xffG\
\xb6:,V\x87\xcey\xbe\x88\x18A\x9f\xfc\xe4'O\
j\xd67)\x01'\x05pk_\x8c\xfb\x87\xf0v\xb8\
O\x9e\xfc\xdc++\x05L\x0a\x8cv\xb8\x96\x87F\xda\
\xaa_\x8a\x99\xd4x<\xa9(\xd0\xf8R\xcf\xef\x18M\
\x00LF\x02b@\x03t\xfd\xae\xa3\xf5\xf3\xa4'=\
\xa9\x19\xa7:\x14\x82\xe7\x00\xc2\xd2\x9f\xf1\x8cgLj\
\x1clu+\xc4Mj\xf2\xe7oz\x9b<\xfa-\x10\
\x9b\x5c\xae\xf18O\x16u\x86r\xe3\xd1\x11}F&\
y\xf5W\xc1\xbe\x89\xd0x\xcaNZ\x86-C\x97|\
s\x94Z\xea\xb5>\xf5M\x0f\x155'\x22E\x9c\x81\
1\xcf^\x92\xcct\xdf\xa0^\x96\x7fXu\xd0\xfe<\
\x9a\xa5\x18\xb3\xfc[\x1a\xaf4\xabJbQ}\x88)\
\x03\x18\x97\x17\xafl\xdf\xbe}I\xf8a\xc1&\x08\xbc\
\x85r\xe35\xf1>\x86!\x9fRc\xc9\x98\x8bu;\
K\xf2D\x01\x0c\xf7/>\xcb7v\xf8ERM\x16\
\x8e+\xe5\xff\xdf\x02\xfa4_\xcc\xd0\x07o\xf6\xd1Z\
\xc9X\xbb\xb3\x1e\xee\x1a\x8f\x18!Z\x00\xac\xfc{\x94\
\xb2>\xe1+!\x0c\x94\x17\xe1\x99b\xd1 \x03>\x13\
>g\xc2\x0f.\xf0\x9f\xd9\xaa\x22m\xe5\x89.\x922\
:1\x5cI\xa5\xcbI\xbd\xb2\xb9U\xa4\x91\x94\xe1I\
\x7f\xc0$\xbb\x90j\x89c\xed\x08\x07\x11\xd2\xf0W\x06\
0{\xa9\x0cn\xda\xce\x80\xc4\xa8N\x11\xb0\x9e\xa97\
\xb6\xc7\xb5\x04iO*\xe4\xd9M\xf0UE\x8fL\xf2\
\x9fM\x18\xa0L!F[cX\xfd\xb3\xf8\x96Z\x17\
\xfa\xb0_\xfbw5\x02Q\x1ce\x04\x18\xf7\xf2\x03(\
0\xfb\xd4\x83\xd9\xe7\x132\xde\x16\x05\x01\xd6\x8c\xae^\
l\xfa\xaf\x12\xf6\xbf\x18\x17\xd0\x95\xeb'K\x17\xbf\xa7\
\xf4S\x06rR\x08\xe3\xa1\x04\xd7\xeaP\x9e6\xda&\
\x5c%J\x01\x04O9\xf0\x14c\x0b\x7fdQ_2\
\xdc\xb8F[>\x9e\xd1\x96\x07\x90\xe9\xb8\xb8\xc9$\xd1\
\xa67>\xd0S7\xc6\xa0>#5\xe1K\xc4\x14V\
k\xc9\xd7\xde\xa6\xb7\x9b\x13ck\x9d\xaa\xe4 4F\
Y%b\x5c\xb7&1\xb3\xb0R\x0a\x9a\x14\x80\x13\xbb\
0QD\x14\xa0\x1d\xe1\x85Zt0Pc\xed\x8aP\
\xa0]157\xc4\x16\xe3\xadL=\xa1\xc6}\x094\
\x0b#}Y\xb1\xda\xc2\x96p\xa7n\xee\x85;m\xd4\
\x95\x97C\x1d\xf5\x95\x0by\xe1\xa3\xaf\xa7\xdf\x94\xa3+\
\xfc\xb9\xcf\x19-\xb4\x95\xcd\xe3SY\x8e\xf4\x1b\x9a\xb9\
\xd7\x0e\x1f\x09\xad5i[\xf1\xd0@4\x88\xc1\xd0y\
\x86\x86\xe4\xd1a\x8d\x83\xad-\xde\xd1\xf5\x1f\xd5>(\
\xcc \xe8\x9c\x93E\xf73 3SC0D}\xc0\
\xb6\xde\x0chD\xca}\x9b\x92*\x84Ml\x0e\x0b\x11\
B\x01\xa2\x00t\xc8c\x14\xdaW(\xf6\x0f\xde+\xc6\
\x18\x009\x08C)\x98\xa3\x80(J\xd9\x10H\xf7=\
\xc0\x01\xb9\x07+\xca\x95\x97\xeb\xf4\x15\x05\xbaW\x0e \
gJ\xc1G\xf8\xe9\x15\xde\xd3\x8e\xe2\xd3\x16?\xe11\
\xbc\xcc\x03\xb2\xa7\xa1>y\x19\x12~\xea%\xaa\xc9\xcb\
_\xfe\xf26<\xd0[\x22\x02\xe3\xcf\xb8\x0d\x18\xeb\xd4\
\xc3\x0f?|E?\x15\x01[\xbf\xe5\xc5\x13\xcb\x1f\xa0\
g2\x999J\xf3\xe2x$\x02\x80qN\x07\x1a\xd8\
\xb9\xa8\xf5\xe5\xcc\x03(\xa2f\xa8+\xc6O\xd6\xa3}\
&?\x98C\x03Sh\x9cx\xe2\x89\xf6\x0eWz\xa5\
\x10\x14@\x8e\x80\xb9\x08\xc8\x1e\xdc(#@\xf5J\x0d\
XQv\x0f\x0eE\xe2YY\xfaNy\xbc/\x13\x94\
\xf0\xa5<\xf4S7\xa0\xa5\xff\x9c{0\xd1\x91\x8fN\
\xdf'\x1a\x1c\x82'\xe6\x057z\xa6\xdfLr2\xd7\
\xf0\x0c\xd3\xc4K\xf4CG\xdb\x1a\x17'5i\xdba\
\xcc\xd7.\x18\x85\x06\x0cV\x01\x99\x99\x92\x0eLpT\
4\xfe\xbc\xe2\x15\xaf\xb0Q0\xa9\xbd\xbd\xa6\xfcZ\xa6\
L\x9e\xfa\xd4\xa7\xb6u\xa3\xf0*\xd4\xaa\x8b\x19\x87{\
\x07&O:\xe9$!z\x05c\xf1\x0a\xcc\xb1\xd0X\
\xb6\xeb\x1e4}\x04\x94\xd4\x89B\x87`\xf5\xe0\x10\x1c\
\xe0\x8e\x80\xdb\x03\x11\xe3\x19\xd2L\x9d\x84\xe0\xd4\xeb=\
\xbe\xa73\x0fLy\xa2\x0f\xa3u\xa6#y\xee\xeb\xf9\
\xed\x05\xf5\x9a\xcbL\xa7\xd9\x9b\xa6\xb3l\xc0\xbb\xa6\xf3\
\xfa\xf5\xb5\xe7\x8bM\xd7\xe8\xd4\xc4mR\xf3\x8e\x1dt\
\x9d\xb1R\xdd\x84\xe0\xe8~\x06d\xc6\xc9xe\x96\x17\
\xcefO\xcf~\xf6\xb3w\xd4\xc0\xdc\x88\xb3<K\x92\
\x97\xbc\xe4%m,\xd5\x16\xf8\xb1*\xf71\x0a\x1d\xd9\
P\xae\xcd\xe0I\xed\x0d\xae\x1a/\xe3\x91\xf3\x80\xa4\x84\
\xde+R7\x0aUN\xe1\xea(\x03B\xca\x9c\x03\xa4\
r\xde\xa1\x8e~R\x16\xa3\xea\xe9\xf4\xed]k\x9b6\
\xeb\x01\xa9\x5c?\xe8iS\x13\x93v_\x93\x93\x15\xbb\
T\x22\x14\x9d\xd0S&\x7f\xf1.\xc0\x02\xb4\x9e\xa0\x98\
U\xcf\xc6T\xfa~\xda\xd3\x9e\xd6\xa2\x9f6\x012C\
_\xf4\xed<s\xd5\x10Me\x88\x03A\xe7\x1az\x0e\
\xf6\xc2\x17\xbe\xb0\xad\xb1(\x10\xa3\xae\xeb\xb7\x88\x131\
_G\xb1\x8ex\xa7{\xf4t\xc4\x18\x9e\xff\xfc\xe7\xb7\
6C\x05Qj\x14\x1a/\x88\xe7\xf5\x1e\xd8\x87\xb7\x5c\
\x0f\x95\xbf\xe8>\xf5\x17\x9d\xd3O\x0c\xa0\xa7\x93<r\
\xf7\xc0\xbaN8\x8d\xa1\xc5`\xacC\x8f8\xe2\x88\x15\
\xbbA\xc0K\x94\x8b\xf2\x03\x1e\xbd\x89\x5c\x1e\xb2\xd7\x13\
\xa8F\x8f7\xd2Im\xdb\xb5\xff-\x81\x01<b\x00\
t\x1a\xbcr\xde-#@j\x14/\x8bwY\x8b\x1d\
}\xf4\xd1\x9e]\xce\xac\xdf\xf8\x09L\xb1?\xb3)\xc0\
\xc7\xf5\xfb\x0e=5\xf0\xa1\xdb\x1a7\xdb$\x80\x820\
\x1c%PT@]\x04H\x9f\xaf\x1d\x1a\x8eE\x00m\
4\x1f]u\x01\x8a\x8fx{h\xa7\x5c\xfe<\xb03\
\x89\x13\x19\xe8\xe4\x05/x\xc1lL3\x87\x00 =\
\xf2<\xbf\x031$\xd1\x8d\xdd\xa4\xfa\xbe\xba\xa7Om\
\xb3\x03\x0f\x804t\xf9\x8di\xbc\x0f\x1e{\x0cd\xc2\
l\xbc\x12\x13@\xd510\xdf\xf0\x867\x00\xe3\x82L\
b\x8c\x7fG\x1du\xd4\x8a\xd9\x96::\x0f\xa8\xbcR\
\xb8\x96\x87\x86\xb3xo@\xaf\x9d\xfb\xd9$\x8a%\xb2\
\xf0\x80\xea\xdeL9}$\x7f\x08d\x14\xbf\x1e`\x01\
|\xd19tc\x1c\xe8\xf6\x80\x01\xaa\xe7\x01\xafxs\
\xf43\xe2\x07=\xe8A\x13\x8f\xe3\xe8\x81\x0e\xecxE\
w\xce\x00\xe4\x8d\xca\x01\xfa\xd2\x97\xbe\xd4\x8b\xdf-\x0c\
\xe3\x81._\xf4\xa2\x17\xcd\xfe\x1e\x02\xf8\xf4\xbf\x16\x88\
h\xed\xe6\x912\x87^\x89\x01\x04\x13\xa7\x85\x02\xfb\x7f\
\x15:\xdaV\x16\xa1)\xfe\xb9\xcf}\xee\x09BpB\
\x81z\x99\x95\x01T\xfbx\xa8p\x5c\xef}\xfa-\xff\
l9\x10\x8f\xcc,2\xca\x8d\x17\xfc;\xde\xb7\x08\xc0\
>\x7f\x18\x05b\x1c\xc3| \x929^\x0a\xe4\xda3\
mK\x0b;I\x91\x93\x01g\x89@\x0f\xae\x13\x22\xed\
$\xd5P\xb3\xa3~\xf7\xd8\xe8\x98s\xd4F\xf8\xc4\xcb\
[Y\xcae\xa8\xa2OF\xe1\x98\x17V\x17\x029\x04\
3\xcb\x0cDx\x94\x8eX\x89'\x14f\xb4\xf5d\xa4\
Y\x14\x0f\xaa\xf7yV<5\xefgU\x016tc\
\x91\xee\xed%\x9a4\xd5\x0b]3\x0f\xa5@`F\x91\
\xfdD&\x1e\xd3\x87\xbc(t-\xaf\x5c\x0f\xc8!X\
\xea'\xc4&\xcc\x02\xb0\x1f#M\xfc\xea\x81\xc1\xe4\xc8\
#\x8f<\xc1\xceQ\xa2\x90P\x9aY?\x19\xc9\x9b\xe1\
\x06\xa0\x1eD\xd4p\xb4bb\xc3\xa3\xebu\x0d{\xc1\
;\xe4\xc7\xd0\x03^\xee\xe9~\x11\x88\xea\x8c\x1b\x9a\xa4\
p3\xdd\xdbl\x19\xd3\xbc\x94\x03\xae\x94\xdb\x98e)\
\x05\x5c\xdbK4\xeey5\xcf\xdb\x04\xde\xe5t\xed#\
\x80\xb5\x8f\xb8T{\xb6\xa7\xe4\x0f\xbd\xd4M\x1f\xa5\xa4\
\x99\x85\xe9\xa7\x14\xd5~rV\x1b\x0d+\xf5\xc7*K\
\xc27k\xce\x06\x03\xbe\xc2Gx\x1b\xf2:\xbcO\xbd\
E\xf5\x87\xe5\x94\x84/\x87\xbe\x02J\xea\xe1_\x1dg\
[e\x1e\xdf\x95\x07\xed\xaa/Xn\xb1\xa5I\x1fQ\
v\x81\xdd\xea\xf1L\x80\x847z\xb3o\xea\x8d\xfb\x9a\
\xc9\xde\xa8\x0c\xf4\xeb5\x9b?\xb4\x1ca\x5ct\xda\x8f\
\xa9\xe8\x99\x13\xd8?\x95\x00\x9f\xaf|\x0dy\xee\xefW\
\x01\xa9`\xa8\x90E\x0a\x14n1\x06\x04\xc2\x03\xd4\x18\
Y\xcf/\xbd&\xbfL\x00\x1f0*@\xb7x\xd6\x16\
\xe1\xf4\x81Q\x82j\x87\x06\xeb\xb5\x7f\x8b\x86\xdfI\x98\
n\xd7\x16\xd5\xc4k\x85\xf2\xd4\x8b5\xf6\x96\x89\xd7\x1c\
\xf2\xd7JC\xb9\xe6\xd5M\x9d\x1e\xc4\x1a\xff\x9a\x01\xe3\
\xc1\xeb0\xdem:\xe8\xa0\x83\xda\xb7\xea\xfc\xfa9\x7f\
X\xa6\x8d\xa4^\xc6\xb3\xb4\xa3\x0br\xd4\xdb\xe77\xab\
cW\x0d+\xbbj\x83`\xa9\xbe\xb65\xae'\x1b\xcd\
\x08\xd4\xa5\x13\x07\xdd\xa2Q!{\x1e\x9b\xbb\xe5\xed\xe6\
\x91j\xac%0\xa5K\xc0\x8b\xe2\x10\xd1\xb1T\xa1\xa6\
\x0d\xe0\x9e\x15\xd6qp\x85\xcd\xd7\x16CK\xf5^O\
c\xd8+!\xf9\x92\x16\xe1\xa4\x0a-M\x08\xde\x17\xc1\
Y\xa5g\x81\xdeP\xf0l\xd0\xe4\xc8\xf2\x85\x01\xe8\xcb\
\x11e\xc7\x8b\x08\xbeVZK.\xed\x02DO\xc3\xcb\
M\x9e\xc4\xdb\xd8\xae\xa7\xf1\xc7U\xa4y\x8c\x97\xb3=\
\xb1\x88\x92\xf5K/\xe4\xa0\x93\xe8\x06\xaf\xaey\x94!\
\xa8\xbc\xd0Rb\x891x \xc1\x10\xe8C\x1fR\x1c\
\x03\xa8\x8c\xbeO\xf4\x81\xfe\xa2\xb4\x0a\xc8E\x95\x92\xdf\
[\xbc\x869RN\xa1R\x14&4\xfa\x8e\x80P+\
T\x0a\x15^\xd4b\xd1\x98\xa2\x00\x82Fp\xe7\x8c\xc5\
\xf1^\x0ab\x18\xac\xd9z\xcc\xf7\xf2l@\x00Y\xbe\
#\x96\x9b\x89\x01\x1e\x86\xbc\xc9\x0b\xe0\xf1\xee\x00\x8f_\
^\xe0\x8c/|\x02\xce\xdb\xdb\xb5\x8c\xd8Y\x0ao\x9f\
\x15\x0dxQ(}\xf4\x1e\xcc\x08\x81A\x06^\xac\x1f\
\xdbm\x96\x10^(.\x16v\x95\xec\xdb\x8a\xde)~\
\x9e\xa8\xbe\xbah\x90}\x18\xf9\x9a2\xbb\xb4\x9e!\xce\
B\xeb\xb0\xe1\xf0\xbeW\xce\xf0Z\xdd\x84<\xd7\x09\x11\
\xae)\x0c\xc3\xd6\x99\xac\x91\x92\xd4\xa5x\xc2F\x08\x8c\
\xf6^\x16\xab\x8c\x07\xc6\xdb\xcdv\xbd6i\xdf\x91\x82\
\x84sSz\xe1\x19M\x93\x0aF\xa4]\x94\x8d6\x1e\
$\x0at\xf0(\xde\x80\x1f\xb4\xbd\x1d\xe1\x9d\x99\x02\xaf\
\xbd\xaf\x8bW\xe5\x09{h\x02\x08_\xf8\x0cm2D\
\x1f\xfaq\xb8\xc7\x8b\xa5\x07\xbex\xa5GW\xfa\x89!\
\xa0\x81G\xed\xd1\x5c\x17\xa8\xa2\xbbV\xda+ \x11\x9c\
g\xf5\xe9\xa8\x1fc\x00\x05X\xf5\xe3\xb5\xc0\xa5\x08\xf7\
\xf1\x06\xf7\xa1\xd9+\xa6\x1fKC\x83\xe0\xeaS.%\
\x09\xd3\xc05\x9b\xa68\x8fw\xca\x8b\xdb\xaf\x95(K\
;\x13\x06\xbc\x14\x18\xedMA \x01\xcf\xa1,o\x02\
&\xbc\x0f\x0d\x93lx\x91z \x93\xc7P\xb4\x95\xb4\
\xc5\x139\xf1\x1a\xf0\xf0!\xe5\x0c<:\x08\xf8\xadp\
AZ\x0f\xe8\xff\x0f\xf24\x89\xcc9\x96\xe4\x19\x00\x00\
\x00\x00IEND\xaeB`\x82\
\x00\x006\xf0\
\x89\
PNG\x0d\x0a\x1a\x0a\x00\x00\x00\x0dIHDR\x00\
\x00\x00~\x00\x00\x00\x80\x08\x06\x00\x00\x00\xcd\xbb\xdd\xe1\
\x00\x00\x00\x09pHYs\x00\x00\x0fa\x00\x00\x0fa\
\x01\xa8?\xa7i\x00\x00 \x00IDATx^\xed\
\xdd\x05\xb0eG\xd56\xe0s\x82\xbb\x07\x87@\xd0\xdc\
\xc1\xdd'\xc1\xdd\x83C\xa1\x05\x01\xaap\xf7BS@\
\xd0\x00!@ \x04\x08\xc1\xdd'\xb8\xfbL\xd0@\x90\
$\x10\xdc\x9d\xfd\xad\xa7\xbf\xbc\xf7\xef\xec9\xf7\xce\x9d\
{\xcf\xf0\xcd\xdc\x9f\xae\xdau\xb6t\xaf^\xbd\xde\xb5\
V\xaf\x96\xbd\xcft\x18\x86\xc9zL\xda\xf5\xef\x7f\xff\
\xbb\x1d\xd3\xe9t\xb2\xdbn\xbb\xb5\xe3\x9f\xff\xfcgk\
\xee\xc9O~\xf2\xc9o~\xf3\x9b\xc9\x11G\x1c1\x9c\
\xf2\x94\xa7\x9c\xdc\xe9Nw\x9a\x9e\xeaT\xa7\x9a\xfc\xeb\
_\xffj\xf9\x22\x17\xe7\xa1\xa3\xcczI\xbb\xad\x97\x86\
\x8c\xdb\x01l\xc9/\x10s\x00\xef\xf7\xbf\xff}{\xf6\
\xbd\xef}o\xf2\xd1\x8f~t\xf2\xd9\xcf~v\xf2\xb3\
\x9f\xfdl\xf2\x8f\x7f\xfc\xa3\x01\xdf+\x8ar\xc0?\xd9\
\xc9N\xd6\x14`\xbd\xa4u\x0b|@\xef\x81\xea\xad\xd8\
\xfd\xcd\x9b7\x0f\x9f\xf9\xccg&\x9f\xfb\xdc\xe7&\xdf\
\xff\xfe\xf7\x1b\xc0\xb1\xee\x94\x0b\xd8\x94!\xdeb=\x80\
\xbf\xae\x81\x1f\x83\x1e\xe0\xcfx\xc63N~\xfd\xeb_\
O\xbe\xf8\xc5/N~\xf9\xcb_N~\xf8\xc3\x1fN\
>\xf5\xa9O\x0d\x7f\xfa\xd3\x9f&\xa78\xc5)\x1a\xc0\
\xc9\x9b_\xb4(\xc6zI\xeb\xa7%\xcb \xd2\xbb\xfa\
?\xfe\xf1\x8f\x0d\xc0/}\xe9K\xc0nn\xfd\x0f\x7f\
\xf8\xc3\xe4}\xef{\xdf\xe4\xdb\xdf\xfevs\xe9\x89\x05\
X\xbb\xeb\x80\xff\xdf>~\x19!\xff_?\xea-t\
l\xf1\x80\x14\xc8\xe9\xc7\x8f<\xf2\xc8A\x1f\xefZ\xda\
\xb2e\x0b\x97?\xe8\xe7\x01\x0c\xf0\xf4\xf7\x9e\xbb\xbf\x9e\
\xd2\xba\xb6\xf8\x04x\x00\x8b\xd5\x03\xfa[\xdf\xfa\xd6\xe4\
\xd3\x9f\xfets\xe9\xc0=\xcdiN3\xf9\xfb\xdf\xff\
>\xf9\xf8\xc7?\xde\xfaz\x89\xd5\xbb'\xa1#\xdfz\
J\xeb\x1a\xf8Y@\xfd\xedo\x7f\x9b|\xe5+_\x19\
*\xb0kV\xcd\xf5\x03\xd6\xf9\x97\xbf\xfce\x91\xfe\xe6\
\xbf\xfe\xf5\xaf\xad(\xe0{\xc0\x97\xf2&\xb3\xea\xd9\xd9\
\xef\xad[\xe0\x81\x14@\x81g\x8c.p\x13\xd4\x1d~\
\xf8\xe1\x93?\xff\xf9\xcf\x0d\x1b\xf7\xe5\x03\xb6go|\
\xe3\x1b\x17\xdc\xa7\x10\xa7?\xfd\xe9\x9b\xe5+Oa\xe4\
\xeb\xe3\x85\x9d\x1d\xdc\xe5\xf8[w\xc0\xf7V\x09\xb0\x0c\
\xc7D\xec@\xd4\x8f\xff\xe4'?i@\xb3h}w\
\x86i~\xbf\xf1\x8do\xb4q\xbd.\xc13\xe5\xd1\xd4\
\x1d\xac'w\xbf\xee\x80\xcf\x90\xab\x1fw\xb3t\x00\x02\
\xda\x84\xcd\xb1\xc7\x1e\xdb\x8c\xa1\x8f\x01\x5c\xcb\xf3\xdd\xef\
~w\xf2\x81\x0f|\xa0Mg\xa6oG3A\xe1r\
V\xb4+=[w\xc0\xc7\xc2Y\xa7\xe8\xdc\xaf\xfe\xfb\
\xb4\xa7=\xed\xe4\xa8\xa3\x8ej\xc38\xc37\x89BH\
,\x1a\xb8\xca\xb2zA\x1e\xaf\x90\xc8>^\xc4\xf5z\
I\xeb\x0e\xf8\xb8mn\x1aP~\x01\xe7\xfc\xc3\x1f\xfe\
\xf0p\xf4\xd1G\xb7{\xae\xdd\x07v\x86jQ\x16\x81\
\xdf'?\xf9\xc9\x01\xad\xf4\xeb\x7f\xf9\xcb_\xb6\xf2\x10\
\xbb\xb2\x12\xac;\xe03\xc9\x92_V\x0d\xbc\xe3\x8e;\
\xaeY\xf2\xef~\xf7\xbbv\x1d@c\xf1\x14\xc1\xa1\x9c\
x@\x97\xf0\xf3\x9f\xff\xbcy\x05\xf7(\xc8\xb8k\xf8\
/\xf0;\x91\x04\xd2\xc7\x07x}3\xd0j\xdc>\x98\
\xa4a\xe5q\xf1Q\x00\xec\x07\xd4\xb8\xf5\xcf\x7f\xfe\xf3\
\x86w\x83h^\xd2U\xa4\x1b\xd9\x89\x9a\xbbjV\xd6\
\x9d\xc5\x93D\xdc}V\xe1D\xf0\x80\xb4\x02\x07\xe0\xf4\
\xe7\x5c{\x80V&\x11>\xcb7\x7f_\xe3\xfd\xb6t\
k\xe8\xa7\xdcz\x9a\xbd\xdbn\xe0#\xa8\xe5T\x8d@\
\xfb\xa1Of\xc0\x96+3\xcfg\xb1z\x8b1,\xd6\
\xc4LM\xd1\xb6\xa8>\xd1\xbd\xfa\xb4%\x8a\xe0\x1a\xe0\
\x9e\xf3\x16\xee\x9b\xbf\xff\xd5\xaf~\xd5\x14\x05\x1dc~\
e\xc6\xc7<y\x8f\xd2F~\xbd\xbc\xe7\xe9q\xb6\x1b\
\xf8\x954r\x1c\xfdr\xad\x1a\x12\xb7\xb9\x12\x1ak\xc9\
\x13\xb7\xadNV\xfa\xf5\xaf\x7f}\xf8\xe9O\x7f\xbab\
W\x8dO\xe5N8\xe1\x04qA\x9b\xbf_\x89\xc2\xaf\
\x85\xe7q\xd9\xc8P\xbd<\x16\xd0\xa3\xd0\xe3\xbc\xab\xb9\
\xden\xe0\xb7\x15\xe0D@\x98\x8c\xf6\xa6/\xed-f\
5\xcc\xae\xb4L,\x03`\xdc;k\x17\xa8\xadDp\
\x89\x0d\xd4\xa5\xab\xa81}\x9b\xd1\xeb\x81\x08\x1f;B\
\x19\xd4\x8f\xae6P\x5c<\x9f\xfa\xd4\xa7\x9e\xfb^\x80\
\xed\x06~)\xe1\xc7\xfd\xe59\xb0\xc3|\x1a\xe2\x99{\
\xe3\xbcK\xd1\x5c\xcd\xfd\xbe\x9bQW\xad\xb9\x0f_\xfd\
\xeaW\x1b\xa9\xac\xc4-G7\x8a\x9dI\x1f3y<\
F\xdf\x861\xe0\xe3\xeb\xe5\xe8\xaf\xe4Y\xea\xca\x9a\x81\
2\xdb2\xb8\x95\xd0\xed\xf3\xcc\x05\xf8\x00\xe97\x80\xab\
\x84\x95\xd0X\xf7\xb2\xe0\x01\x8c\x80\xbf\xbd\xcc\xae$\x7f\
x\x90\xd7\xd0\xed#\x1f\xf9H\xb3\xf6\xf0\xb2-\x1a\xe9\
[y+|\xda\xa8Q\xe3\xffF\xab\xf7\x18\x01\xbb\xff\
\x9d\x87\x02\xf0R\xeaa\xf9,=\xfc\x90a<\xe8\xb6\
\xda\xb0\x92\xe7s\x01>\x15E\x01LvH\x16:~\
\xfb\xdb\xdf\xb6ss\xdd\xe9\xab\x96\xb2\xfay\x08\x8e\xd0\
\x1c\x14\xcdD\x8cy\xf7\x04f}\xc0\xb9\x94p\x94e\
\xedx\x89\xc7\xb2=\xcb\xda=\xe1\xf7<\xce\x83\xdf1\
\x1f\x19jR\x00\xca\xeaP\x0fE\x98g\x8c\xb4f\xe0\
\x03v\x84\x10\xad\xf4\xfb\xb5\xaf}m\xf2\xfe\xf7\xbf\xbf\
\x05V\x84\x96\x89\x90\x94\x197z\x1e\xd7\x01\x8b\xa5n\
\xda\xb4\xa9\xd5\x0dLu\xae\x04\xf8\xf0\x19\x0f\xa1\xec\x8f\
~\xf4\xa3\xb65+J<\x06||\xbd\xd6v\x00\x9d\
\xd1H?\xfe\xf1\x8fu5M\x09\xc7A\xf3Z\xeaY\
3\xf0}\xe5\x04@P\x828\xcc\xd7\xd8y\xa8e\xce\
6\xfdi<,\xedH\xd0\xd1\xa7p\xac]@f\x1c\
\xceJ\xf0\xe4\xfeJ\xfa\xc9\x0c\xf9\x22d\x02\x17\xe4\x99\
\x070\x7f\xbf\xa3\x13~\xd5\x1d7o5\xf1-oy\
\xcb\xf0\x83\x1f\xfc\xa0\xdd\x9bWZ3\xf0\x84I\xb0\x98\
e\xd1\xac*\xe3`c`\xc2?\xe4\x90C&o{\
\xdb\xdb\xda\xdc7\xe05@\xfet\x09\x1a\x93I\x92\xe5\
\x14c)\xcbJ\x19\xbf\x80\xd3\xadP6ug\x0e\x01\
_\x01\x1e\x98xL\x04\xed~\xba\x1fmq\x9e\xbc\x89\
\xac\x01_\x1el\xb1\x0d\xf8O \x19\x8f\xd2\xf3\xb1\x14\
\xaf\x01\x8e,\xfa>;|&\xa8d8\xef}\xef{\
71\x9cO|\xe2\x13\x8by\xc3g\xaf\x00\xdb\xaak\
\x96\xb2\xcc\xfd\x0d\x01B\xa0\xb5\x84z\xde\xf3\x9e\xb71\
\xfc\xa1\x0f}\xc8\x8a\xd8P\xf7\x86{\xdc\xe3\x1eS\xd6\
h\x0a\xb4\x9f\x06u\x1e!\xcfbt[\xf7\x08D\x22\
\xb8c\x8e9\xa6m\x99\x16S\x9c\xfb\xdc\xe7\x9e\x5c\xe0\
\x02\x17h\xca\xa0\x9f\xceL\x9c\xbcc\x81\x01[\xe4O\
!/x\xc1\x0bN\xcew\xbe\xf3M~\xf1\x8b_L\
X\x9b_\xbbro}\xeb[\xb7:\x02\x14\x05\xc88\
_\xd91\xcd1\xdf\xf8$\xa3\x18I\xba\x1f\xf7\x92\x04\
\x92_\xf8\xc2\x17&\xaf{\xdd\xeb6\x92\xdd^{\xed\
59\xcbY\xce2&\xb5\xa6\xeb\xb9\x03\x8f\x9b4\x22\
\x16\xee^\xcd\x9eM_\xfc\xe2\x17ONw\xba\xd3\x0d\
\xd7\xb9\xceu\xa6\xac\x9e\xf0\x08J\xd7\x90\xe4\x1a\x00\xf9\
\xed[\xb7\x94\xab&\xcc\x1c\x00\xae}s{\xd9S\x87\
\xfe\xb5\xaeu\xadI)\xdbd\x8f=\xf6Xx\xcdk\
^\xb3\xe5\xd5\xaf~uS\x08) \xe57\x9e\xcb\xef\
\x9d\xef|\xe7\xc9\xf5\xaf\x7f\xfdi\xc5\x08\xc3\xbb\xdf\xfd\
\xee\x06\xba1\xfd-nq\x8b\xc9U\xafz\xd5\xc5\xf9\
~t\x00\xbfR7\x8c6\xb9\xf8u\xc4\xbbD\x81(\
\xd5\xc7>\xf6\xb1\xa1@o\xf3\x0f<!\xe5\x88\xacz\
y\xac\xe5|\xcd\xae~\x5c\xb9\x06$2\xb5\xca\xe5\xfa\
\xecg?{\xfb5\x9e~\xcaS\x9e\x22P\xdaLX\
\x1a\xa3Q\x1a\x9f(\x16\x08\xcbY\xcd\xf8Y\xf2\xa3\x81\
\x16oR\x01\xe5\x16\xd7\x0f\x7f\xf8\xc3'Ox\xc2\x13\
\xa6\xfb\xec\xb3\xcf\xb4\xac\xe6\xa8\x1b\xdf\xf8\xc6\xb7bi\
\x01}\x16-A\x15\xcb-\xe5\x5c\xd8{\xef\xbd\xdb\xab\
U\xf7\xbf\xff\xfd\xa7\xb7\xbb\xdd\xed\x9a'\xb3\xb4k=\
_\x1b\xe3\xea\xd1\x04b\xbc\xc0X&\xe3k\xf9\x1cx\
\xcc\xaf<\xe8\x15\xef\x93C\x0f=t\xf2\xc1\x0f~\xb0\
y\x9e3\x9c\xe1\x0c\x8d6Y\xce3\xcd\xdd\xe2Y\xa5\
\x06\x10\xc6\x99\xcf|\xe6f\xbd\xfazB\xd6\x08+d\
\xcf|\xe63\x17\x0a\xa0\xe1\x96\xb7\xbc\xe5\xd4=\x0d\xec\
w\xb8\xf4\x80,e\xe5\xbd\x10ze\xe1\x92\xcfs\x9e\
\xf3L\x1e\xf1\x88GLn\x7f\xfb\xdbO\xcfq\x8es\
4\xa5\x22\xb83\x9d\xe9L\x9fT\x8e\xc0\xfb\x94:R\
/^\xca\x0b\x1d%\x8fgW\xba\xd2\x95t\x17h\xb5\
\xe9\xdb\xde\xa5\xc7\xbb\xc9;V\xa4\x93T\xd2]\xc4;\
\x04tF\xa1\x0b2\xfc|\xda\xd3\x9e\xb6\xf9;\xdf\xf9\
N\xe3\x91\x0c3\x84\xcb\xde\xc0\x95\xd6\xb1T\xdd\xb9?\
w\xe0\x11\xe6\xca4\x06\xb3\x1a\x10f\xe3J\xed\x829\
\xf0\xc0\x03)\xc8p\xdb\xdb\xdevz\xb6\xb3\x9d\xad\x81\
C\xc8\x01e)\xc0\xc7\xf7C\xdb}\xc7Y\xcfzV\
nzz\xces\x9e\xb3\xd1\xb2\xcdJ\xac\xc1B\xab\xfe\
_\xe3K\xf2\x0c?)\x17\x81\xc8Ga\xf1\x1e\x17\x0b\
\xa8\x8b\x5c\xe4\x22\x93{\xdd\xeb^S\xc3Dudc\
\x06z\x00D'\xded9\xa1\x93\x8d|\xe9\x06\xab\xeb\
k\xd9\xad\x09\xbc\xece/\x9b|\xf3\x9b\xdfl\xb4\xfb\
 \x0f\x1f\xbd\x82-G\x7f\xa5\xcf\xe6\x0e<&#\xdc\
\xf4O\x027\x00\x19\x16yf\xd5\xccT\xe8K^\xf2\
\x12\x0d\x1cnt\xa3\x1bM\xedh%\x04\xf9\x08\xb1\xd7\
\xec1\xd8i\xdc\x18t\xc2A\x87E\xea\xc7y\x13 \
\xb1\x9at?@\xec\x05\x8fFO\x87\x02\xe2/#\x0f\
\xb4\x94\x97\x07=\xddVR\xda\x89?\xe5\xb2\x16\xb1-\
\xe1\x93\x91\xfc\x92@\xce\x88\xe1\xb5\xaf}m\x0b\x82y\
(r\xa3LxN7BQ\x94[J\x16\xdb\xaas\
\xfc|\x87\xf4\xf1\xa9\x04\x93\x18&8\xbfR\xae\x09\x92\
\xdb?\xe8\xa0\x83\x86\x9aVm.4y\xc6L\xae\xe4\
Z]\x80'\x9cr\xe9\xedW\x02 \xba\x9e9\x80C\
\x98\xbdr\xf5\xc0+CY\x02\xa62\xd9a\xeb\x9e.\
\x83\x02\x9f\xe8A\x9a\xe7\xc8\xf9J\xf8\x0c\x90\x14\x0a_\
&\x86\x0e8\xe0\x80A\xdfN\xb1x\x14\xfcx.i\
\x872\xb9^I\x1d+\xc93w\xe0U\x1a\x97\x17A\
\x07\x04\xd7\xac\x9f\x22\xb0*\xf9D\xfb/\x7f\xf9\xcb\xb7\
\x1c|\xf0\xc1\x03Mg\xa9\xbd\x96S\x88\xb8\x7f\xe7h\
\xf5\xdd\x070r\xa8\xdb3t\xb8k\xc9\xb3\xf0C\x09\
(E\x86\x9b\x9e\xe3\xa9\xf7.\xac8\xc2\xf6\xdc3\xc1\
\x5cF\x1e=\x08\x9e)\x9f|\xa9O\x9dh\xa4\xdd\xee\
\xa7\x0d\xeeq\xe5~\x0d9\xf7\xdf\x7f\xff-\x15\xc57\
\xe5\x11X\xa6\xed\xf2;\xd0\xa2 \xda\x1e\x0f\xd3*\xec\
\x92<\xdb\x9b\xe6\xee\xea\x09\x03#\x01'\x0dNC2\
i\x13w&o\xbd\xac\xb8P\x0d\x1eJ\xb8\xc3}\xee\
s\x9f)\x01\x10\x0c\x90\xa4(\x03\xa1\x84\xde\xb8\xe1\x01\
\x0f\xb8\xca\xa2\x9f8#\x82Q>J0KPh(\
\x9br}\xf7\xd0\x0b7t\x02\xae\xfc=o\x94\xc1u\
OO^S\xbe\xbc\x09\xe5\x17\xb5?\xff\xf9\xcf\x1f\xb8\
\xf9D\xf9\xa9/m\xe9\x7fs>\x8b\xef\xd5\xdc\x9b;\
\xf0=\x13\xb3\x98u\x8f\xdbJ@\xe4\xdc\x10\xac\x16S\
\xa6\x94\xa2\xfa\xd0\xc1\xf8\x99\xdb#(n\xd6}\x80G\
\x11RG\x0fF\x7f\x9e~9\xd6\x18eq?\x96;\
\xe6\xad//N\xa0@\xf2\xb8\x8fN\xf8u\xaf/\xcb\
\x1a\x01/\x0f\xab\x0c\xe0Q~\xdeB\x1b\xd4-\x1fW\
n\x1aV W\xb3\x8b\xed\xbe\xb2\xda\xe8\x97\x82\xf4u\
\xa4\xae1\xbf\xab\x01\xbb/\xb3C\x5c\xbd\x0a4<G\
_a\xeeE\x01\x00\xa1\xc1\xc0\xf12c\xf5w\xaca\
 \xe8\xb8k \x88\xfc\x97\xb3\xd6\xd4\x11\x97\x88\xe6\xd8\
\x82\x94gm\x01\xc5o\x84\x9cs\xe5\x12\xdc\xe1A\xb7\
\x10\xf7\x1f\x90\xf0\x9aa\x96r\xc0\xea\xdb\x1cW\x1eO\
\xe0W>\xed\x10\xb5\x1b\xd1\x98\x0c\xa24<S\xbc`\
\x82H\xb4\xc2\xd7,%\xe8\xe5\xb9\xda\xf3\xb9\x03\x1f\x97\
\xde\xff\x8e\x81\xef\x85\xe6\x9c@\x01\xc2\xc5\x03\xff\xb9\xcf\
}\xee\xe4\xb0\xc3\x0e\x1b\xb8x@\x08\xa8\x9c[W'\
\xc0\xe5\x12\xb0\x01a\xb3$O\x22\xa1\x9f\xa4\x1e\x89@\
{Z\xea\x91\xf0-O,\xde=\xf9D\xdf\x82:\xf9\
\x1c\x14\xcc/\xda\xf1(\xa1\xd1\xd3\xe5=(\x9cm\x5c\
\x14\xfa\xd9\xcf~\xf6\xc0\xd2\xa3\xccxUN4\xbf\x12\
\xc5nL\xce!\xcd\x1dxZ\x9c\xbe\x8f@zW\xe5\
<\xc2\x01\x90kV\x95\x00\xceP\xc9=\xe0W\xd03\
y\xc5+^1\xa0\xa5_\xf4klN\xa89\xb4\x7f\
l\x19\xe8\x9a\x93\xaf\x8d\x92\x03:\x9e\xb3\xb8\xa4\x1e\xf8\
\xf0\xe2\x19\x9a\xe1\x95k\xe6\x89b\xa9x\xac\xb9\xf3\xa1\
\x16M\x06\x0a\x90(>\x00\xa7\x1c:\xf8T^\xd9\xb4\
\x8d\xe2\x8a\xde\xab=\x93#k\x1a\x96\x8c\x1c&\x9bR\
\xafs\xf7B\xb3og\x7fo\xb1!k<\xd9\xa1}\
|\x0fP\x84HH\xac\x84v\xb3b\x02f\xf5@\xb8\
\xc1\x0dn0\xa9\xe9\xd5\x06\x00\x97(%\xb0\x8b\xb5\xb1\
\x14\xa9\x07*\xe0\xc7\x05\x03\xc9\xfcz-\xd0\x0c\xd7\xb8\
\xc65\x9a\x8b\xe8-\xb9\x11\x18\xd1\x88p\xf1\xa1\x0e\xfc\
\xa2\xeb\xbe\xba}=\xc3\x8c\x9a\xc5\x9b\xab]\xedj\xed\
9\x85\xa5\x04)\x1b\xba\xf9M\x7f\xad\x9f\x97\xc7$P\
M\x01\xb7\x97;\xde\xf9\xcew\xb6\xf1;E\x94O;\
u1\xdc~\xe4\x96\xfa\xc3\xeb\x98\xfeZ\xae\xe7\x0e<\
\xc1\xc5\x92\xfa>.A\x8f\x06\x12V\xba\x02B\xa6\xe9\
~k\x22gr\xb7\xbb\xddm\xca\xaajFo\xd1\xfd\
\xb3\x1c\xabl\x14\xa4\x17\xf2,\xf0\xb9w\x00yO.\
}\xa7:\x09Q\xc0\x88\x8f\xd0\x98E\x0bo\xf8\xc6\x9f\
\xe7\xc9\x0f,\xf3\x0e\xf5R\xe5p\xf9\xcb_\xbe\x1e\xfd\
\xef\xab\xd5\xb1\xfe\x80\x10\xef\xa2>\x96/\x01\xf6\xda\xd7\
\xbe\xf6\xb4\xd6\x0aZ;}|\xa1\xe8\xb5\x17<\xb45\
]Q\xde\xe8\xed\xf9\x0b\xf8=\xafk\x01<e\xe7\xee\
\xea1\x18\xc1\x01JC5,\x91\xb9k\x82\xf0\xccR\
\xa3\xe0\x06\xf0\x04h\xf9S\xd4+z\xf7\x0c\x1dA]\
\x94#\x11\xb92\x8b\x0d(E#\x1cV%\x9f\xcd\x12\
\xb5q\xa1\xd5I\x90\xe9z\x80 \x1fz\xea\xa7\x9c\x11\
&p\xf1\xe3\x97\x92e\x02\xc7\xb9\x84\x06E\xb0\xe6\xc0\
\x13\xa9\xa7O\xe1'\x0a\xaf\x1c\xda<\x02\xba\x99A\x8c\
w\xd3V\xed\xcc\x0b\x1f\xf2\xb3|\xe5\xf1\xed\xd0\xf6\xc8\
%\x8a\x91\xd8\xe8$\x95\xaf\xf2b\x87\x00OH\x84k\
\x0a\x96\xf0\x81\xae\x7f\xd6p\xc2\xd5p\x8d\xc9\xd7(4\
\x98\xa5\xb2\x80\x08\x9b\x95\x12\x9e\xc6G\x90\xce\xa5X\x92\
s\xf5Hh\x12dmZ\x18\x08\x95\xd03\x1f\x10\xc1\
\xc9\x9b\x00*\xdd\x83\xb2\xce\xfb$?\x9er_\xfd\x0e\
\x82\xb7\xff\xce\xc6\x88\xb4\x03\x9f\x89\x1b\x02L\xea\xc0S\
\x94U\xbet[\xbc\x918\x04}\x00gd\xe3\x1a\x0d\
\xf9(\x8b\xc00\xd7=\xad\x930\xbb\xca\x8b\xb9\x03\x0f\
\x9c\x08-\xd1\xee\xa5/}\xe9\xc9\x03\x1f\xf8\xc0\xd6\xbf\
i$!\x12n\x22c\x82\xd2X\xef\xa6\xb3z4\x1c\
q\x9b\x9e;\xa7\x08\x01\xb3o/\xa1P\x06\x0b2^\
v\xe4>\xd1\x160\x11\x9c\xe7\x92\xf2\xf2\xc5\xd2\x03\xec\
\xf8W\x9e\x1ex\x8a\x8b?\xb4t#\x02Gmc\xf9\
\x9e\x85OmSo\xbcL\x94X\xdd\xe8\xa1\xab\x9cw\
\xf2\x8c:\xf0\xa1m\x142e\xe4\xdds\xcf='w\
\xbf\xfb\xdd'w\xb9\xcb]\x9a\xf7A\xb3\xa7\xd5\xb7}\
\xb5\xe7s\x07\xbe\xb7\x1e\x827\x16\xb7\x96\xbd\xdf~\xfb\
M\x1f\xf0\x80\x07L/~\xf1\x8b\xb7F\xa6\xd1\x04\xa1\
a\x92\xfceQm\x0c\x1fK!\xd4\x08\x16\xed\x0c\x8f\
\x00\x11\x0f\xa0,W\xaf,K\x22H4\x0c\xff\xe4\x93\
\x94\xa5\x00\xac\xd3\xaf\xeb(f\xcb\xd0\xa5\xd4\x9drh\
\xe0Q\x19\x1e\xcc\xbcz\xe6\x1a\xf0#Q\x0a\xfc\xc4\x9b\
\xe19\x0a\xd7\xd3\x16+X\xa0\xa2\x9c\x14'\xde\xd1\xaf\
2\x14\xc1.\x9f2\x94\x8d\x0f~\xf0\x83\xa76\x92\x90\
\x95z{\xd9\x9e\x84\xe1U\x5c\xcc\x1d\xf8\xb89\x8d\xd0\
\xb0+_\xf9\xca\x93\x8d\x1b7Ni\xee\x85/|\xe1\
\xc9\xcdo~\xf3\xc5\xe8\x95\x805X\x83X\x84>\xd4\
v\xe8\x0c\x99\x02. Y\x96|q\xed\xea\x89'\x00\
z\x95\x1b\xde\xf0\x867\x9c`\xb6\x8f\xa0\x00\xe1<J\
\x95\xdf\x0c\xb5\x02\xaa\xdf\xde\x03\xa4\x9fu\xdf\xb9\xa4\x0f\
W^\x9bx*\xdf\xc3\xab\xf5\x85\xb6)#`\xa4\x1b\
\x8be\xf6 9\xa7\x04x/\xd07)/\x9f\xfb\x8e\
tE\xe8\xeb\x12+\x10<\xb2\x96\x92?\xceH\xae{\
\xdd\xebN\xfc\xf6\x9e\xaa1\xb5\xc64\xf7\xa8\x9e\x10i\
\xbe\xc6\x94\xb6N\xafx\xc5+N.{\xd9\xcb6\xe0\
\xdc\xbb\xde\xf5\xae7}\xcf{\xde3\xd8\x1a\xa5\xa1\x84\
\x0b@\xcf\x08\xd8f\x04\x16\xb1\xfb\xee\xbb\xb72,4\
}.\xda\x01\x89\xc2\xd8:-\xd8\xb2\x09\x92\xc2\x94\xc5\
\xef\x1eE\xc2\x83>?@\xe4>\x80\xe2A\x22\xbb\xd0\
t\xedy\x80\x08\xf0\x14\x0b/\xf2\x85\x8e\xe1\x9d|\xb5\
\x81b\xa8\xf6M\xcf\x7f\xfe\xf3\xb7\xa04\x8a//P\
\x95s\x0f\xf0\x14\xb9\xfa\xf7\x8d<\x9b\x847ux\xa6\
\x0bSw\x19\xc9\xe4\x92\x97\xbc\xe4\xde\xca\xa1w\x93\x9b\
\xdcdjXjOA\xafLk\xc4}\xb2C\x80\xd7\
@\x8d\xb5s\x85\xa0\x12Q;\xd7\x7f\xdd\xf4\xa67m\
\xc1\x8d\x80.\xee\x8d\xa0\x08\x92{fIUv\xea:\
`\xfb%0BR\xd6kM\x82,\x9b:(\x00p\
\xd0bU\x84\xa9.\xc0\xf3\x1e\x12~\xdc\xf3\x1b\xa0{\
\xda\xf2\x10,^\xe3\xea\xd1q\xaf\xe8\x0c\x80Q>\x8b\
?\xe8z\x9bV\x9f\xbf\xb0\xb00\xb0J\xe3\xf4+\x5c\
\xe1\x0a\xcd\xbb\x99\x89\xc3k\xea@\xdf\xfe|\x8a\x8aW\
\xcf('\xfa\xf1b\xe7:\xd7\xb9\xda\x9e> \x87G\
\xf2\xaa\x89\xad)\x03 \xd7(\xe5N\x07<a\x01\x00\
\x93\x5c=\x819\xf4\x85\x84\xa5\xcfg\xf5f\xc1l`\
\xd4\xf8X\x11\xa1\xb3\x02\xdb\xa2\x09\xc7\x16\xaa>\xb01\
\x13\xf7\xf6\xb7\xbf\xbd}x\xd8\xb9<\x04\xa1\x9c\x14w\
\x0a8\x16\xe39w\x1f\xc0\x099V\x1c\xc1\xf5\xc0\xb8\
\x17\x97\xed\xdc3e\xf5\xaf\x00\x0f\x1d<g\xc4\x22B\
\x17\x90\xd6\xf6\xf1\xd6\x85U ;\x14\xf8\x93\x9b\xdd\xec\
f\xd3\xab_\xfd\xea\x8b\x1eM\xd9cj\xf7/\x8f\x86\
^b\x03<y\xa6\xae\xb2\xf4\xc9\xa5.u\xa9\xa9v\
PPm\xf0L^\xca1\xf6Ti\xc3j~\xe7n\
\xf1\x1aBxiP@!,\x82\x01$\xf7\x7f\xc3\x1b\
\xde\xb0\x01\xac1\xf2R\x14\x8d\xd77\x1f\x7f\xfc\xf1m\
Xf2\x87\x22p\xe3\xde\xc8y\xd7\xbb\xde\xd5\xacF\
>\x00f<\xad\x0c\x05 \x1cBS\x07\xc1\xa1[C\
\xbb\xfa\x19\xda\xec\x9dk\xf9\xf0A\xf8\xb1\xb4\xfcF\x80\
5\xd6\x9f\xe27\xc1\x9a\xe1\xa1\xfc\xa9\x03\xcfq\xe1x\
A\xd7=\x0an\x1e^\xbb\xf0_\xe0\xb7\x9d\xba\x14@\
\xfe\xdal:\x00?\xfb\x0c\x95M\x1d\xee\x19\xf5\x5c\xe8\
B\x17jl\xe0\xa9\xb7nu\xa4\xdd\xab\x01z\x5cf\
\xee\xc0\x8f+\x18_\x03L\x03J\x18S.\x92\xab\xce\
\xbe3B\xa0\xdd\x82\x9fW\xbd\xeaU[lm\xb6\xb8\
a\xa3\x02\xf7Nx\xd1z\x82\xe8\x93\xeb\xdc\x8b\x07\xa1\
\x10\x99\xc4Q\xa7T\x0a1\xad\xe3$\x85S.\x8a\x11\
\xaf\xe0\x17O\xac=Q{\xe8\xa0\x150z^\x9c\xab\
\x1f\xbf\xb6r{\xb1\xa3\x82\xb5f\x0c\xefx\xc7;\x9a\
RRry\xacMh\x13\x1e\xafy\xcdk:\x1a\x93\
\xa9\xa3\xaf\xabo\xeb<\xcew\x18\xf0\xb1\x840\x99\xeb\
\x80B\x18\xe5\xf2\x17\xe7\xe4\x09&\xc2U\xa6\xe6\xdb\x17\
|\xa1\x8a\x15\xe5\x9d5\x16\x00\x08)\xee1\xf4\x03|\
\xef\xcay\x0b\xdd\x8b\xbc\x12\x1e\xd0\x18\xf7\x93=p\x14\
\x8f\xd7\x90b\xd9h\xe0\x0d\x9dx\xa8\xd4;\xae\x9f\x87\
\x03.0\x95\x13\x7f\xd8V\xae\x8f\xf6\xae\xbe\xf2<\x15\
e\xd2\x15I^\xdc0f\xdfc\x8f=\x16\x95\x17\xaf\
\xbb$\xf0\x11H\xaf\x00\xce\x01C\x88\x1a_/&l\
\xa9!\xde\x82\xfe:\xc2N\x9f\xa6<\xa1I\x80R.\
\xddA,\xad\x17L\x0f^\x84FI\x22\xdc\xf0\x03\x98\
~\xca5\xfc\xa1\x9f\xba\x13\x94\x85W\x00\xa2\xd5+\x15\
zQ\xb6\xfe\x1c\x0d\x87\xbc\x09j\x05\xb1\x8e(n\xdf\
E)[\x0bI\xf6\xf1O\xd3\x86\x1e\xf4\xb4q\xdeJ\
0\xf7q\xfc\xb6\x98\x0e\xc0\xac\xb1\x86A\x1b6\xd6\xf0\
\x85\x15\x10V\xe2\x81\xb8h\xb4x\x02B\x07z\x04\x9c\
_ez\xe1\xbb\x1f\xc1\xa3\xa9\x1c\xd0\xe2~SG\x04\
\xdf\xf3\x9a.\xc4\xb3\xc4\x07\xca\xc5\xe3(\xdb\x0b? \
\xa5\xfe\xfc\xe2\x13\xe8h\xb0\xfa\xc4\x1f\xee9\xf4\xddQ\
F]\x1cwO\x06\x22\xfa1\xb8\xe3\xeb&\x809\xa5\
\xb9\x03\x1f\xbe\xc6L\xe7\x9a\x1b\x04>A[\xe2\x14\xf8\
h4\xa1xF\xf0\x84\x13A*\xe7\x99\xdf(F\x0f\
\xf6\x18\xf8\x94\xc5\x07\xe5JT\x1f\x85\x88\xc5\x07\xb8\xf0\
\x1bk\xc6\x9b\xc3s\xfc\x18\x12f1e,\xf31\xe8\
\xae\xb5K\xbd\xcaJ\xee\xe1I\xfd~\xb5#JD9\
\xc8\xc0\xca]\xdc\xff\x98\xe6\xb8\xcey]\xef0\xe0\xc3\
`\xaf\x00i\xb4g\xce\x8d\xcb\xbd\xff\xed\xdc\x11w\x0a\
\x1cB\x91X\x90\xfb\x04\x22\x10J^\xcf\xc6\xe0\xb9G\
\xf0==\xd6%\x9f{\x9e\xf1 \xe9\xe3{Z\x01\x1e\
\x00\x8ex!u\xe2!tSo_w\x0fV\xbc\x09\
z\xce\xd5\x95\xbc\xeas?<\xf0\x08\x94\xa4d\xb0\x97\
>?\xf9B\xaf\x09`\x07\xa5\x1d\x0e\xfc\x98o\x8d\xa6\
\xf9\xfa<c\xf97\xbf\xf9\xcd\xad/\xd7XB!\x00\
\x02q\x9dn\xc1\xfd\xf4\xbbcz\xfd5\xc1R\x18 \
\x05H\x82\x95r\xcfo\x94j\x5c\xd65\xfe(\x9e\xf2\
\x8eX\xabr\x8e\x1e\xf0Y\xbc\xe0]\x02:\x85q\xa0\
\x89\x7f\x0a\x8c\x1eo\x806~)~m\xbc\xdcb\xab\
\xb5!\xdd,\x85\x9aU\xcfZ\xef\xcd=\xaa\xc7\xb8\x06\
\xf9\xd5HB\xd6`}]f\x9f\xf4\x9bo}\xeb[\
\x87\x97\xbe\xf4\xa5mB\x83U(#\x9f\x94\x08_\xf9\
\x00\x90\xfe<BE\x1fM\xf4\x1d\x84)?\xa0\x01\xc4\
R\xf5\x9fW\xb9\xcaU\x16\x05\xed\x9edfMy\xf5\
\xa2\xa1\x8e<\xc3G\xba\x1b|\x00\xc3D\x92\xb1\xbf\xa1\
\xa5$\x7f\x94'\x8a\xd1\x1eTJ{\xd1\x0b\xf8\xce\xa3\
\xb8xCWR\x97\xfak\x0a[\x97\xb4\xb9\xcan0\
\xdaI[\x22\x17u\xe0\x17\xedt\x13\xca\xae%\xcd\x1d\
\xf8\x00\x08\xc4\xde\xb2bq\x18\xaf\x89\x98\xe1\x95\xaf|\
e\xdb%\xa3q\x01@Y\xf9\xe4IJ\xdf\xdc74\
]\x02\x01\x12H@S\x86\xb0-l\x98$\xba\xc4%\
.a\x91h\x9a\x97(\x080\x96+o\xea\x89\xa2\xba\
gf\x91\xc5\xa3\x89\xb6\xa9\xd8\x87>\xf4\xa1\xd3\x9a\x88\
\x19L\xb7\x1eY{\xe6x\xa8\xcc\xb7\xa3\x97\xe8=J\
\x10^c\xed\xbdb\xa9\x83W\x93\xe4\xd3\x06|\xd4l\
\xe4\xc2\x93\x9f\xfc\xe4\xcdu\xb4\x80W\xf2\x22\xa5\x000\
\xf2Q\xd7\xbc\xd2\xdc\x81\xc7\x98\x86\x04h\xc2\x08\xa0\xfa\
[\x9f\xf5\xa8w\xbf\xb7\xd4\x9at\xfb'\x08@\x11D\
\xac\x9b\xb2d\xd8\x86F\xbc\x80\xbc\xae=GO\xfe<\
\x03Vm\x87j\x93 \x97\xb9\xcce\xda\xb4\xa7\xadZ\
\xf2\xa3\x8f\x1f\xf9\x09\xd98=A\xe2\x18\xf8\xf0\xa9.\
\xc2\x06\xbe_k\x0e\x97\xbb\xdc\xe5\xa6\xd6\xfb\xefy\xcf\
{\xb6\xbf6\xa1\x00\xc6\xe7\x5c\xb5\x002.\x9aWs\
\xee\xd0\x0e\xf5\xc6\x00\x22\x13\xcf\xd4\xc5\xb2\xfdf\xfa\xb7\
h.T[\xac\xf5{\xb5{qZ7m\x97\xbf7\
&\xf7W\x9b\xe6\x0e|\x5c\x12-\x07\x8c\x83\x9b3\xed\
\xe9#>/x\xc1\x0b\xccm{sf\xd1\xb2\x08G\
\x02D\xa2a\xe5#\xccX\x90\xe7\xc0\xcb\x82\x89\xe9M\
`[\xfa\xb5B\xc6\xc2\xf3R#:\xa1\xa5\xbc\x03/\
\x80'\xe8\xd0O_\xab~y\xe2\x86\xa34x\xd0o\
\x03T\x04N\x19(\x96\xe9Uk\x0d\xe2\x14\xd3\xb4\xa6\
\x92\x01\xcdJ\xd5#\x7fd\x10\xfe\xe3Ize@\xcf\
}\xf5*\xe7\xc5\xc9j\xa7\xaf\x87L\xb9}]A\xd6\
:z#X-\xe0)7w\xe0\x03\xb4\x0ab\xc5\x00\
`%5\x0d\xdbv\xd9\xe8\x87)\x83F\xa51\x1a\xee\
:J@\xf0\x09\xcc\xe4uN\x90\x86VV\xc1N\x5c\
\xe7o\x13\x1f\x14\xc03ey\x95XV\xfa\xc8x\xa0\
\xf4\xb3\x09\x1a\xdd\xef\x81\x97\xdfr0~=K~J\
\xea\x9e\xeb\xf0\x85o\xcb\xcd6^\xf2\x04\x96\x9a\xeb8\
\xa1\xba\xaf\xdd\xad5D\xc9\xd2e\x90\x87\xf3\xb4\x0fM\
\xe7\x14K\xdb\xa2\x9c\xae\xad:Z\x8a-\xeb\x9f\xda\xc3\
\xe0Y\x0c*^j\xa7\x03>B\xc5\x98s\x8d\xb3\xcd\
\xc8\x87\x06my\x0e\x18\xb1F\xf9\x08_\x83\xd2@\xf7\
\x08&\xc0\xc7\xf2\x81R\xf3\xfbV\xbe,\xf2\xb45\xf0\
Xh\x94L0\xd6'\x00\x04\xb4X}_O\xac\xd1\
\xafn!CIu*\x8b_\xf7s\xedW\x9d\x14@\
\x17\xa5\x9co\xec\xd4.\xa3\xa9U9K\xca\x05\xdc\xd1\
\xb5G`O@kW@CO\xbb\xfc\xa6\xbe\xdc\x0b\
\xffxg\x00\xde\xad\xab\xc5\xa2\xe1A\x0fzP\xeb\xb6\
\xb4a^n\xbe\xc9\xf7$R\x9a\xd3\x85\x86j\x18@\
\xf5\x81\xb5\x87|\xf0uH\x8d\x8b\xe5\xc6\xda\x086n\
9e<\x8bf\xc7\x925\x9a\x85=\xfe\xf1\x8f\xbfy\
\xadQ\xbf'{\xd1\x08)@`\x1f}\xf5P:e\
\x00\x14\xa0\xb9b\xf59z/\x12\xf0c\xd1\xae\xc3K\
\xa2\xfe\xfe^\xda\xa7^\xf7\x95\xb3\x86N1\xcb\xfbL\
kyux\xfa\xd3\x9f\xde\x82W\xf5\xcb\xaf\x1dR\xea\
\xea\x03R\xf7\xc8\x00\xbd\xb8~]\x87\xd7\xac*\xb6\xb0\
\xcagai\xd1\x83\xce\x03\xa6\xb9\x8f\xe352\x96\x8a\
A+m\xb5*\xc5\x05.\xbe\x0b\x97Fh,\x81\xb0\
(I\xd9\xa4x\x04\x82\xa3\x04\xf2\xf8\xfaSY\xd7\x97\
\xf5\xe3\x84\x14\x00\xe5\xc9\xe1\x9eg\xe8\xc6J\x09V\x9d\
\x00J}\xc9\x13@\xd4+\x1f\x8f\xa1nu*\x13\xa5\
\x8a\x8bF#\xde)\xf5\x03\xcb\x81\x16\x05\xb0\xf2h6\
RJ<\x11+\xcfo<\xa3:\xf1\x19^\xd1\x94\xc7\
5\xd9Y\x8a\x16\x1bE\x89\x17\x05\xb4\xc6\x93\xed\x06\xbe\
\x07g\x5cw\x1f\x8d{fu\xcdx\xbd\x16av\xd7\
@\xfd\xb3\xf2\x84\x18\xcd'\xe4^Q\x022 \x09G\
~\xe7\x02\x1c]F\xb9\xd7\xe3\x09\x06\x8dx\x0b\xb4\xd4\
-\xc9\x1f\xda\xae\x03v\xcfw6A\xc4\xea\xe5W\x87\
\x04h\xf7\xfbx\x03O\xb1\xee\x96\xa9\x922x\x008\
\xa5\xecy\xf1\xc2\x84~\x1e\x1d\x81!\x85\x10\xecI\xf8\
H\xe4\x1f:\xf1nx\xe8e\xe3\xbe\xbfS\x11@f\
\xe4\x93\xbcd\x10zi[\x8c\xa5=\xd8F\xdan\xe0\
\xa3\xf9\xe8:' \xc0\x050\x95\x13\x86_\xaf2\xd5\
gE\x1b\xe0\x89r\xe5\xf3L#cu\x84\xe8\x5c\x1e\
\x16\xa2Qh\xcaG\xa8\x01\xd9^\xbcZ\xe7\xde\x9cF\
\x87\x8e\xf2\xe9\xffz\xd0\x97j\xbb\xbab\xc9\x84\x16a\
\xc6[(\x87\xbf\xb1{\xee\x95'\x0a\xd6+\x04\xa0\x0d\
\xed\xca\xbb\xb5\xff\xb6CO\xcc\x80~f#\xe3\x89B\
\xdb3<;\xa2l\xeei\x8fv\xda\x95kV\xcfw\
\xef\xfa\xae+\xed\xec\xdb\x1b/\xb2T\xbb\xfb\xfb\xdb\x0d\
|\x04\x1c\xe1\xe4:\xc2s\x1f\x806\x22pS\xac\x1e\
s@\xd2\x10\x02%4\x0dw\xb8\xe7H\x03\xd2g_\
\xf4\xa2\x17mt<\xd3 \xf5\xe8\xf7J\x08\x0b\x09\xaa\
\xd0L\xfd~{\x1e\xc6\x0a\xd0\x83\x86.@\x92\x87b\
yN\xc9J\xf1\xda\x94\x18\xdef\x097\xcf\xc2\xb3|\
\xca;\xf0`\xd8j\x98\x97I\x9aX\xb1\x00M\x84\xee\
\xda\xb3D\xf2\xe8\xe1;\x1eG\x9d\xa1\x15\xd9\xa0g\xd4\
\x90a\xac2\xf2(\x17\xe3\x0b\x1d\xbf+I\xdb\x0d|\
*\x88[\xc10\xcd\xc6D\xfa:\xf7\xecq\xcfNT\
\x02IC#L\x82\x8e\xc0\xe4w\xa0I\x905D\x9b\
<\xf1\x89Ol\x9b2\xe5\x89\xf0\x94\xa5\xf9\x84\xeb\xdc\
\x11\x81\xe1\xab\x07wV\xe3\xf3<\xb3ah\x87\x0e\xfe\
)X\x5cr\xe8\xc5\xb2\xf3\xeb\xbe2}]\xf8V\xde\
\xbd\xdaQ4p\xcf\xf8JT\xaf\xdf\x7f\xd8\xc3\x1e6\
y\xdc\xe3\x1e'X[\x9c@R\x9fCY\x87\xb6+\
\x87N\x94X]\x96\x96yN[\xd0r_\xbe\xe4'\
\x7f)^dV\xdb\xc7\xf7V\x0d|\xcf\x1cf0\xa8\
b\xe7\xdc\x93\xedRv\xcc\x02=J\x92\xc0%B\x95\
\xd7s\xf7\x03~MZ\x0c\xf5\xe2\xc5\x96\xbb\xde\xf5\xae\
S\x9fE1f\xd7\x7f\xc7\xc2\xf4\x9f^\x5c\xa4H\xca\
\xa6\xce\xbeaQ\xae\xdc\x1b+D\x81;\xed\x15\x0d\x0d\
y\xd0\x0b\xf0\x012mC\x0b]\xca\x92\xf3\xd4\xe3\x17\
\x80,\xd9\xdaC\xfe\x0d\xc3}.\xdeN\xa3z3f\
z\xc7;\xdeqz\xbf\xfb\xdd\xaf\x8dN$\xb4\x02Z\
\x00\x0d\xaf\xa1MI\xf1e\xfe\xc3P1K\xc4\xf2'\
6\x1a\x97M\xbb\x97\xfb\xddn\xe0\xe3\x860\x8c\xc9\xf4\
K\x98\xd3\xdf\x09\x9c\xbcbd\xdf|\x9ec\xc0\xb4\xaa\
\xbcR\xac4\x8dL\xe0\xc22\x08\xa7\xe6\xda7h\x8c\
Y\xb9\xdaW\xbe\x08\xb0\x86Z\xd5\xf3z\xb1\xb9\xf2\x00\
\x96\x86\x8f\x01\xef\x1b\xae\xae\xd4\x07\x5c\xfc\x06\xd4\x94K\
\x9c\x11z\xca\x8f\x85:\xab.\xe5\xd03t\x15\x89\x93\
\x8d\xb6\xfa\x05\x9c\xb7\x80\xad\x17h\xf7\xadnu\xab\xa9\
/f\xda~M\x96\xe9\xca\xf0\x80v\x14+2\xd2f\
|s\xf3\xbc\x9du\x82\xbeL\xbc\xa6{)\xdb\xb7{\
\xa9\xf3\xed\x06\xbew'\x11\x9cFc0o\xc2\xbc\xe9\
Mo:AT\xeb>f\x12\xa0\x85\x09\x8dr?@\
\xf8\xf5\x06\x89W\xadj\x8e\xbam/\xe6\xde\x00T\xee\
~\xcaB\x08\x06=\xde\xc3\x14\xe91\xb5[\x15\x0d<\
\xccrq\xf2/\xa5\x08\xf8\xc9\x10\xb2\x07W\xbf\x0f(\
\xe5\xd0\xf4\xdb\xf38V$\xd7\x116\xa0\xbd\x13G\xe1\
3F\xf7\x8c\xb5\x9b]\x8c\xc2x[\xd7w\xfd(\xb4\
s\xe5\xd4\xa3\xcd\xa9\xb7\xe7)\xc0\xbbG\xa9\x18\x95\xb8\
\x09_\xca\x90e\x14\x8f|V\x9aV\x9e\xf3D\x8a\x11\
&\x86iY\x82$\xd1,\x86\xeaC\xc5m\x01#\xf7\
\xe3\xa6\xfd\x1a#\xd3\xdcX\x1f\xe1b\x9e\x806l\xd8\
0\xb9\xf7\xbd\xef\xdd\xa6_\xd1\xcaW0\xdc\xf7\xd1`\
[\x96y\x13\x82 \x80R,\xdf\xc6\x9b\xa2\x11\xebX\
I\xa3\x01\xc0\x12\x09+\x0a\x13p)C\xa2t4\xc7\
\x8a#_\xeaB\xc7A\x06\xeei\x97\xb7}y$t\
\xe4\xa5\xa4\xde\x89\x17\xd8q\xd1\xe9\xcf\xbd\x0fWs\xfa\
GV;62\x16\xf9<\x0b\x98\xda\xe8^\x14/\xde\
I\x17\xe2\xa3\x90E\x7f\xa8g\xed\xeb\x9d\x145\xfck\
?:+I3-\xbe'\xd4\xbb\x8f\xf4)\xe9o1\
\xe4\x9cu\xdb\xf7\xee\xfb.5\xe6l\x95\xcb\xeb\x88\x80\
\x099\xbba(E\x12\xeb\xf06m\xadzy_\xac\
Y\x80\xb5o\x890\xb9\xc4z\xdf\xaeM\xcf*O\xd8\
\x84\xc8\xed\x11\x8en\xc2/>gY~\xea\x895\xc9\
\xd3[<\xfe\xa3\x0c\xda\xc3%\xa3G\x06h\x025\x80\
\x07\x08\xd7\xda\x85\xd7t_F1x\x92G9\x07\x80\
M\xe68w?V\x8d~}Uc\xefR\xf4V\x1f\
z\x99[H;\x82\x81rQ\x02\xbc\xf3\x84\xcfy\xce\
s\xcc`Z\x1c\xda$\x86\xd0\x86\x04\x92\xda\x8bF\x0c\
nQ\xd0\xa3\x93\x99\xc0#\x14\x90{kb)\xd1r\
Lh\xb4H\xf3\x85/|\xe1@\x13\xad,E[\xd3\
\xf8\xbe\x01\x1a!a2\xee\x9ee\x8b\xe2\xbd/\xc6\xb5\
\xf7\x01`\x14\xc4\xaa\x18!\xf2\x18\xeaG\xdb\x10\xc7\x84\
\x0e\x8d\x8f\xcb\x8b;]\xaa\xb1\xb9\xaf\x0e \x87\xb7X\
/0\xb7\x95\x02\xa2|\x99\xd7W\xbe\xe6\x18\xda\xdf\xa0\
\xa0\xe9\x9a\xf2j\x17\xabL\xd2\xfex\x08\xed\xb6\xc0c\
\xe4\x82\x1fJ\x1e\xc5\x8d\x9cf\xf1\x02h^E\xf0\x5c\
\x1f\x83\xde\xf8\xa2\x17\xbdh\xe0\x01\x83\x13\xc5P\x9er\
\xc70B'\xedm\xd7.\xfa\x83\xa6\x8c\xaf#lK\
\x8e\xce\x01\xee\xb5!\x1f'\xaa\xc6\x0d\x5c\x0fR\x8eb\
\x9e\x1bj\x87\xf3b\xa8\x1d\xce\x93\xc7\xb3\x12|\xbb\xde\
\xb8q\xe3\xa0\x11\xa9C\xdd,\x9b\x80\xa2\xc9\x84\xf2\xfa\
\xd7\xbf~\xa8\xb1}\xfb\x08b\x01=\x94\x12\xf8\x98P\
\xfb8\x92\xb2\xca\xc9?nO\x80\x90/\xd6\xcdCU\
\x1f\xdb\xea\x0f\xaf~\xeb\xe3\xc7m\x86,\x1e$<\x84\
>\x1a\xda\x8e&\xe5\xf5+\xaf\x9d9\xe5\xb1\x86R\xc2\
&\x0bG)\xea\xe0\x1f.\xe5!\xd3x\xbbLn\xa5\
\x9dG\x1cq\xc4P\xfb\xea\x1b/\xa5\x00'\x91W\xcf\
\x1b\xf9E\x86\xe4\xa9\x0e\xb2\xf0]\xc0\xfav\x90\x8d-\
\xed\x9d{\xfc\x00\xbf\xefR\xb5#|G>[Y<\
\xad\xc7\xa8FJ,\x03\xd3\x08\x8a\xcc\x8d\xa1M&<\
\xe9IO\x1a\x9e\xfa\xd4\xa7\xb6)E\xcfX+\x8d\xa5\
m\xf9U>\xd6\xe47)Vm>\xdb\x07\x8fl\xa2\
P.\xb3[\xe9B\x22XV\xede\xc4\x8c\x81i\xb7\
\xbc\x02)\xda\xdf{'e\x96J\xea\x90\x12\xd5;\x8f\
\xb7\xf0,\x81\x9d\xfb\xc9;\xa6\x95\xfeV=\x04\xea\x9a\
\xc0Y]\xdc>:\xa5\xd0m\x07\x90\xa4\xed\xb1\xc8\xf4\
\xf3\xee\x91uus\xed\x15+\x09\xad\xbe\xde\xfe<\xed\
\xf2\x89\x18\xe7\xda,\xbf\xf6\xf3\xb4\xf69T\x17\xd0\xe6\
N<\xc3\x03%c\xac\xe8\xc4[\xa7=3\x89\xce^\
2\x00\x00\x16\x96IDAT\x83\xbb\xdeM`\x8e\xdb\
\xa2\x08\x16Z\x0e9\xe4\x90\xb6\xd2\xe6\x1f\xa6\xa4\xf4[\
\x1a\xdd7Pe=\x08\xae\x1d\xf2`B~K\xac5\
tk_\xae\x967\xcf\xd5\xef\xb9\xeb\xb8_o\x9b\x18\
\x16y\xe5JD\x8f\x06\x8b2\x84\xca\xb8\x18\xed\xbe\xde\
1\x0f\xf8\x0dMB\x93(\xa9C\xd9t-\xf2$o\
;\xe9\x92\xbc\x14\x1d_\x80\x97\xbc\xb9\xcb\x8b\xa0\xe1\x99\
X\xc5;s\xf2\x00!\x01\x976\xf6]\xa7\xb2\x94\xbf\
\xbe\xab\xdf\xa6e\xcd\x7fH\xa9\x7f\xac\xc4\xae\xfb\xdd>\
dD\x0e\xee\x8b1\x8c\xf5M\x93\xdf\xe1\x0ew\x98\xd4\
1\xd5E\xe2\x01_\x0e\xfcF\x9e[Y|\xb4\x16\xb3\
\x00\xc0\xa8`\xaa\x86h\xd6\x86\x87\xfa\xfej\x03\xdds\
\x80!\xa6q\x14\x830{\xd7\x9bF\x10\x96g\x98\x94\
\xe4\xc1\x80\xcd\x14\xac\xc2\xb5\x03=\x82\xebS,\x04(\
\xde\xb7\xaf\xdd/\x8b\x01\xd7\x89\x7f\xcd\xc5\x05\xb6\x22\xbd\
;s=\x16\x5c\xe8\xe2E\xfd\xca%\x8fk\x9e\x80\xd0\
s$\x7f\x80\xe8\xf9R\x16o\xa2r\xa0\xa5\x1bdi\
6x\x0aX{\xaf\x19\xd9\xa4\xbe\xc8D\x9b\x0d\xf7\x8c\
\x5c\xc8rV]}\xbd\xca+\x1b%\xe5\x9d\xc9\xcc}\
\xe0\x1a\xfdT\xdf?y\xe4#\x1f\xe9\xab\xe0\x8d\x07\x18\
\xc2\x08my\x1a\x8d\x9e\xa8s\x02\xa0U\xfa:\xcc\xda\
W\xf6\xd8\xc7>vx\xf4\xa3\x1f\xdd\xa6\x0d\x03\xb0\xca\
\xd3\x8f`B\x83c\x01\xbd\xc0s\x1ea\x02\x1f\xb3\xdc\
\xbb\x17\x09b\xed\xb1\x04\xbf\xeaH\xfe(\x85k\xc3\x22\
Vo\xce\xdb}@\x8b\x0f\xf4i\x1a\xa4l\xea\xeby\
\xe8\xdb\x18\xaf\x00\xe4Xd,\xa1w\xf5\xca,\x05B\
x\xf5\xdc\xeb_<\x8f\xae\x87\xbc\xbc\xea\x5c\xa3\x90-\
\x02Q\xcf\xe3Y\xd0#3|\xe3-J!\x8f@\xcf\
\xb0/\xdb\xc6\xc6\x98\xc8\x9f#[\xb0\x13\xc5\xc7\x98\xb4\
\x01_\xda\x00\x97\x8a\x1d&5K8\x88\xfe\xcd&\xc2\
\xa8\xeff\xb6\x02\x9ef\xe8\xcb\x11\xac\x1d3C\xcd\x99\
\xb7-S\xb6\x17\xf1\x00\x08\xa8$\xee\x0e\xe3\x98H\xa4\
\xeeZ\x03#\xb442\x00\xa6\xaf\xe1\x9eYE\x84\xe3\
\x17\xcd0'\x1f:\x01*\x16\xe2\x8dR^B~y\
3\x9b\x85\xef\x08a)\xd0\x094\x02\x07z\xdc\xa4\xf6\
\xa0\x157\x18\xde\xc7\x00\xe4\x1a/\x89G\xca\xc5\x0e\x16\
\x8f\xd0 \x1b\xddWy\xa6\x0d\xea\x91O\xc2\x1b\x9e\xd2\
\x06\xca \xbf<\xe9\x1e\xb4\xebb\x17\xbb\xd8RU.\
\xde\xef_\x10A\x0f\x9dX1z\xf8\xa2\xd4\xbag\xb1\
\x87?@\xa8}\xfb\x039\xc9\x1f\x05\xda\x0ax\xc2\x88\
\xe5*h\x96\x8ce!\xa6\x10\x801\x8eH\x5c\xab2\
\xb1T\xf7\x1dK\x09\x8f\xb5\xd3l\x01M>|\xd0[\
\x90:\xd0\xf7\xabA\xa9+\xe7&xl\xbd\xca\xb8W\
\xdfj\xbd\x9aR\xa2\xad\xde\x00\x1f\x1e(\x14\xa1DY\
\xb4\xcf0+\x8aB\xaa\x9e\xdbA\x93v\xc8\x13\xb0\x22\
u\xe5s\x9f\xa2\x08t\x05\x98<\xa4\xfa\xf7\xa8\xb7]\
\xbd\xd3\x8fg\xcf\x13\xa7D\xa6Q:4\xd0\x22'\xf5\
\xf9\xd5\xd7\xfb\xa8c\xea<\x09H#\x99*\xd3[/\
Z\x8e\xb4\x91r$\xf83\xe2\xa8m\xe1[j\x99\xb8\
\xfdg\xde\x92\xae\x1e\xb3\x11rmU\x9e\x122\x17\x1b\
\xd7B\x08\x088\x02\x98J\x087\x16\xa4|*H\x03\
\x03\x02\x05\xa2\xd95#\xd7\x22(\x0d\xc0\xb0\x06'\xcf\
\xa2z\x8fN<W\xa7]\xae\xba\x0auj\xa4\x80\x0f\
\x08\x84\x1f\x8d\x8e5E\x90=mB\x8dGI\x15\x11\
\xe6Ru\xbb\x8f\x16\xba\x09\xaaX:W/\xb1\xb0\x8d\
\x15\xc9\x03?\xfd/\x9a\xa9W9\xd7i\xa7\xfb\xbd\x82\
\x92K\xed\xe1\xdf\xc2\x18\xd2\x1f\xa3+_h\xf8\xc57\
Z\xf2H1\x12\xb4<#Or\x08F\x82\xe2Z\x1b\
X0zP.F\xb9\x95\xc5\x07L\xc0\x19>\xd5_\
x\xb5\x15%`!\xc6\xd2b)\x08\xa9H\xbf\x92\x91\
\x00f0\xa1|\x18W\x99\xe4\x9e2@C/\x16\x11\
%I\xdd-s\xa5Y\x8a\xe0\x9ei\x5c_\xd4\xc8\x9f\
\xf0\x01>\x1f,V.\xf5\xcf\xe2!t3\xfc\xcc\xb5\
v\xf4Q\xfd\xb8\xee\x80\xd4{\x09K\xb0\x01^\x04]\
\xf3\xf2\x83\x19F\xed\xa0\x94iw\x14[]Q\x80<\
\x0b\xaf\xaeK\xa17\x08^\x93<\xc3\x97\x14\x85\x09\xe0\
\xf8\xf3,t\xe4\x09\xd8<\x9fX\xc0z\x80\xd8\xcc_\
\xa8\xf1\x94\x94D9e\xb6\x1a\xcey\x889\x87\xe9D\
/\x13Tc\xa6%d\xdb\x87\x87\x8a`\xab\xec\xff\x0b\
Z\xe4\xd3\xaf \x16\xf7\xe3^\x98\x8d\x86\xa5\x81\xf2\x98\
\x85#x\x0c\xf6\xf9\x9c\xa3\x1d!\xcf\xba\x06&\x80\xca\
\xba\xa6\xfe4X\xe4\xca\xdd\x03\x81'`y\xea\x0c\xe8\
h\xf4\xc2\x09\xcd\x04r\x01X\xbb\x8b\xa7\xd6\xb6\xbe\xfe\
\xc6`\x97<\x07\xac\xf1\xb3m\xd0\x02K1\x91\xa8\xbc\
\xfa\xf7\xdd<Sw\xef\x11\xd1\x1b\xf3\x90\xeb\xbe>\xee\
\xdeN]\xd3\xdeI\xf2\xa1\x15\x9e\xc4!\xce\xddc8\
R<K\x94\xcap\x12\xe8\x96\x82\xe1\x17\x5c\xfa:\xb7\
\xb2\xf8h\x96\xcc\x08\xd10\x0c\xf9\xeb\xad\xfa\xf3\xbe\xdd\
\xaa\x0fk\x16\x87\x88\xbc,\x9d\xd04\xd6\xe1\xbeC\x83\
\x22T\xf9r\xecQ\xae0\x9f\xfc\x88kN\xbe\x0c\xe5\
\xfa\xb2\x1a\xd6_\xe3\xcb\x88\xc3\xc6K\xcb\x9b<\x10\x05\
\xca\x90J~\xf5\xf7n6B\xc4C\x14\xa2\x8f\xe0\xdd\
\x97\x9f2.\x97\xe4\x8b\x972\xa7\xa1Nu\xd9^]\
\xf3\x11\xef\xe6\xa6\xd3%\xc6\xba\x22\x93Xn\xe8\xbb\x9f\
v\xa3\x81\xae<\xde\x04\x12\xe5\xcf\xe2Y\xfdd\x14\xab\
'\xbf> \xd5&2\xf1G\x8b\x8fz\xd4\xa3\xa6\x86\
\x95\xda\x95\xe02\xb2Q\xefV\x16\xeff\x84\xa3\x10k\
V\x19\xd7\x81Pmm\x9e\xfa\xb0\x8f?\xbb5\xbc\xf3\
\x9c\x05r\x81\x00\xe9\xc7\xc7\x01\x1b\xcd(\x84\xe1\x0eE\
2\xe4\x00Z\x043K\xe0\xca\xa1\x91\xd4\x18>1\xf0\
S\xb6\xf8\xf1\xc2A\x9b\x1a\xb5\x1f\xcf\xb8\x9e\xb6\xe3;\
\x8a\xa9|\x04\x8c\x8ek\xcf\x94\xf7\x9b\x84.\xc1I}\
\xbd)\x1f>\x02\x18\x0f\xa3\x8f\xe7\x15\x19BY\xfb-\
\x00A\x1ed\xd1\x1b\x83s)\x8a\xed<\xd6\xe9\x1c\xe0\
\x14F\x1d\xd5\x05N\xcb8\x06\x8a\x95|~\xc3k\xb0\
I\x9bb\xf5\xe4\xba\xb1b\x8c\xfa\x5cZ\x8b\x7f\xf2_\
~\xea\xc1\x97D\x01\xa2\x80[\x01/\x03\xc1!\x08D\
\xae\x13S\x89\x8cE\xe4\xfe!R\x9fA\xe8^\x92\xc8\
'K\xe2\x86\xd0\xe8\x85\xedZ\xe3\xd1\xa5\xd1\xdc\x94\x86\
`\xc4\xfd4*\x02\x92?i\x0c\xbe\xfb\xe9\x8b5V\
\xf0i9\xd8p\xb3,\xb0}lPC\xd3\x17GP\
\xea\x08O~\x8b\x86%]s\xf5\xad*\x02A7\xf5\
\xf5\xfc\x07\xf4(\x8dI\x1bn\x1em}\xbb\xb9\x05#\
\x02\xd7\xbd\x0c\xd4\x99\xfa\xd3\x1e2\xe8\xef\x91\x01^\xdd\
\x97x\x0d\xdf\xb63\x0b\x17\xe5\xc1\x8b\xe7@\xcc\x17\xbf\
\xe1\xe3\x9a\xb2\xd6\x0b\xa2C}Cgj\x153\xdb\xba\
3\xc2\x09\xe8\xea\xec\xe5\xbb\x95\xab\x07\xb2\x84(\x0b\x96\
\x14\xd6\x08\x95\xa4\xb0\xbe\xe3\x19\xcfx\xc6\xd4\xdf\x88p\
/\xb1t\x15\xf4V\x96s\x8ck\xa0\xe0EC2<\
\x0c\xe8\x04\xd0\x0b\xbbU<#i\x10\x1e\xfcZ\xb2\xb5\
Q\x83\xf0\xf1j\xc5\xce\xfd\xf4\x89\xea\xce\x81\x14\xfa\xa9\
\x03/\xea\xce\x81\xbf\xb1;\x9eQ}3\x00;h\xcd\
\x90\xe1\xc3dR\xad7,\xc6\x16}\x17\x19\x80\xa38\
\xf1D\x01\x12\xfd>Xs\x9fg5\xd4\x947J\x92\
\xfc~\xcd\xa2\xc2\x86\xbcmH\xad\xff\xbd\x9d<\xefy\
\xcf\xdb\xcdV5F\xaa\xfd\xea\xed\xdb*\x7f\x1fl\xaa\
w+\xe0cM\x80I\x9f\xd73\x1a\x05pO^\xd6\
_\x9b/\xa6\x0fy\xc8C\x16\xbf\xe3B\xf0*\xc3@\
4Y\xc5\x84T\xae\xb8\xed\xb0\x09s\x98\x90\x1f\x10\x84\
\x10\xc5\x89\xb0\xc6\xc2\xa7\x84h\xf95\x943\xf2\xa8\xed\
L\xad>\xee\xb1\xc0?\x1c \xae\x09\x01]\xbc\x8e\xdd\
,\xa5\xf1L\xdd\xf2\x13\xb8sy\xf1\xa0\x9dQ\xc6\xf0\
\xea\x9e\xbc\xfe QW\xc5\xfb\x95\xc0\xdf\xadOf0\
\xca\xe2\x1b]m\xec\xe5\xd6\x1b\x03zQ\x0a]N<\
`\xeafH\x12\xab\x86\x81\xfbi\x93r\x82I;{\
j\xa1L\xd4>\xcdD\x98\xbc\xf2\xa9\xcbo\xce\xf1\xdd\
\xc7\x02\xe8m\x05\xfcX\xd0\xe3k\x02L#\x08\x17Q\
\x1b\x22\xef{\xdf\xfbNk\x86oj\x98eH\xa3\xf1\
\xb1*e4\x0e\xc3\xbc\x06\xe6\x81\x16\xa5\x88\x10\xe4\x97\
\x96\x02\xdd3y\x095.R\xe3L\xfdR\x00}n\
M1\xef\xebY\xdc\xa0_u\x8f\xad9\xc2D\xd3y\
\xc0R\xb72\xb9\x9fky$\x13\x22f\xc1\xb8{\x91\
|\xf5\xa7\xb7@;\x0a)\xffrGf8\xd3\x06\xca\
I\x86d\x81o\xf7\xcb]\x9fm\x8f\x0a\x82\xdd\xf3\x1c\
?<\x1a\xe54kix]+\xa3\xd3\xdb\xdc\xe66\
\xedO\x93\xa3p\x09<\x1b\xa3\xdbH3\xfb\xf8\xe5\xca\
D\x93#\x08\x0d\xc1\xb8>\x8e\x05\xd4.\x9ci}\xde\
s\xa87h\xda\xd8:\x1e\x820\xac\xe1\x0b\xc04J\
P\xa4A\x11\xb2:52\xf4]G\xc1z~\xa2l\
\xc0L\xff\xe5sa\x86/\xd6\x15l\xc44\x99\x83\x17\
\xcf\x09#V\xdf+\x14\xa1\xf6V\xc0ZR7\x9e\xa5\
\x9e\x17\xd7\x94\xae\x16\xa8\x0eW\x07\xfaf\xda\xf2\xea4\
Z\x940J\xdc\xf3\xdc\x9f\xf3\x92Q\xc6\xf0\xa5\xdd\x8c\
\x03O\xee\x95\x8c~e\x98(\x1f\xbe<\x17\xacym\
\xba\xc0n\x8b:\x82XI0\x89\xcfx\xea^i\x97\
\xe2\xc1\xfd\xed\x06>\xee(V\x82\xd1X4\xc1\x9a\xab\
\xf6I\xd0\x9a\x85\x1a\xfc\xe1\x8e\xf5a\xcb\x8d\x04bg\
l}\xf3f\x10X\xf9bE\xb4>\x96Ox\xf2\x05\
\xa0hr\xdf\x80(\x1c!K\x14O\xa3-\xef\xfa\xe8\
\x82\xe5\xc9\x8a\xf07\x97\xbb\xdc\xe0\xb9\xfc\xc9K(\xce\
\xdd\xeb\x85\xa5N\x02\x0e\x1f\xf9M\xfd\xe1\x87\x97\xaa\x11\
\xc4\xbeV\xe2|l\x98\xa7QG\x86b\xa1\xdd\xf3;\
\xeb\xbcw\xbd,\x19]rd\xd1\xd6\xd6}\x1c\x99\xf2\
J\xf8\x14\xec\xd52\xaf\xcd\x1e\xed\xb5i\xbcj\x0b\xb9\
k;z\x0c\x01\x9f\xe1]\xd9\xc8j\x16\x0f\xab\x06^\
\xa5\xd1X\xcc\xa9\x5cE\xfa>\xd6\xaf\xef7;WG\
\xdb\x87\x07\x10\x81\x89F\x95Kk\xeb\xd7\xc6\xf3\xf2r\
q\x18\x97z\xc6g1O\xb8\xea\x8e\x90\xd5I\x08\x14\
\x8ep\x0c3\x8f\xac/K\xb0\x0e\x80\xc6\xaa\xd1\x8a%\
;\xc7s\x86o\xf2\x11\xa0\xba\xe3\xa6\xe5\x89w\x89\x00\
\x05u\x86\x8e\x22k]\x1a\xab\x97G\x17&\x85\xafv\
\xb1D\xcahI{\x81\xae^\xc1\x9c\xf7\x05\x0a\xf4\xe1\
\xb0\xc3\x0ek\xc6\x22\x9f\x08\xdd\x10\xba\xb6\x9c\xb7\x0f?\
\xab/F\xa6<\x19h\x13\x9e\xd3\x05.Q\xedV\xb7\
\xb7\x1bx\x14\x08(B\xc4\x88C\xc2\x88g\xd1>\xc3\
\xad\xea\x83X\xf7\xa6\x9a\xf5\xdbh\xa9\x90\xf0jm\x9f\
\xdb\xf7~\x99mCS\x1a\x0d\x08tf\xb9\xf71\xd7\
\xe8\xab\x07 \xe9[\x81\xb1\xb1\xc6\xb1\x14K\x1f\xcc\xcb\
\xe8N\xf0\x99\xbe\x8f\xa2\xc6z\x03<\x1a\x0eA\x16\xfe\
=W\x86 \xddw\xae\x1c\x1a\xd5u\xb5/n\x1b\x92\
\xda\x1b\xe09e\xce\xd4\xf1Xi\xc7|\xbb\xcep\x8f\
\xc2\xc4\xc3\x99\x83(\xc0\x87\xc3\x0f?\xbc\xc5)\x92\xee\
\x8br\xf1db\x09|d1H\x9b\xd5\x8d't\xf0\
\xe7\xd8\x9e\xb4\xdd\xc0\xb3\xceh\x9a\x8a\x08\xb0wq\x89\
\xa4\xe5#\x08\xc1GY\xf6\xde\xc6\xa75\xc3\xd5&~\
\x8c\xbbk\xd5o*P:\xe6\x98c\xda\xfb\xdf\x96i\
\xf5c\xca%\xc5\xd2\xfa\x06\x01&}{\xeeGil\
^,\xf0\xdb\xf6#c\xfa\x9akh\xdfy\x8fp\xfa\
n\x04\xcf\x89\x82\xf1\xc9\xfa\x01\x11E@;J\xe2\x5c\
0\xa7ow\xcf\xb8\xdd<\x06E\x05\x88~V\xf9(\
L\xcf\xef\xf8<r\xc13\xaf\xe7/N\x00N\xa1\xe2\
-)\xb0\x99R\x80S^]\x0b^)\xa7\xae\x0d\x9f\
\xea\xf2\x1be\xd3F\x8a \xdf\xac\x94\xb6D\xa6\xdb\x0d\
|4\x8b\x10\x1d\x12bq7\x04*0a\x95\x80L\
\x85\xa2\xee\xf2\x00\x80\xf1\xb7\x1e\xe6\xfd\xdbG\xfe\xed\x15\
\xaf\x80\xe9\xfb\x15(\xed\xe9\xab\x12\xfdt\xe5\xac\x06\x10\
2\x01$Q\xb4X\xfd\x89\x0b%m*\xd5\xc2Mu\
7M8xr\xc8\x1bO\xe17\x82\xf3\x8c\xcb\x05\x06\
\x01\xba\xf6\xeb\x90\x8f@}\x80\xd8{\xeae\xed[\xaa\
\x0d\x1b\x022`2\xf7!\x9f\xb2\xcb%uj\x83\xc0\
\x17\xe8\xbeh\x8d.\xb9\xeeQA\xaf\x88\xdd\xbfR\x18\
\xa3\xc7\x08\x94qH\xe2\x00\xc93r\xc7_<\xecR\
\xa0\xcf\xe2gy.g\x958\xf1\x9e\x86\x07\xf0d\xc3\
D\x02%\xf7\xd2\x05`\xc8\xb9\xe7\xfe\xa5\xb1\x02\x14\x1b\
\x0c\x07\x9f\xf5\xe6\x96\xabO\xde\x93`K\xeb\x87\xfa\x13\
\x9e\xa9yx\xe0\x12\xbc\xa4.\x8dS\x9f\xfb\x1a\x9d\xfe\
\x1b\xe8\xbd\x17\xb2\xdc\xeb\xcf\x02\xcc\xac\x1dS{\xf3\xe4\
\x97\x87K6\xc1\x81\x8f(\xac\xbe\x99@\x01\x97)\x5c\
ue\xea\x19\xbf\x99\x82-ko\xdf\x9a\xaf\xa0n\xc1\
\x94\xa8:\xa3\xd4\xc0vMq\xdcSG\x94\x0d\xff\x19\
\xe3\xe3\xc3\xb9w\x10twx\x14\xf0\xea*\xf6\xddw\
_\xc7\x94\x8b\x8fU\xca\x8fW\xbfc\x8b\xed]\xfb\xb6\
\x94\x0d\x0fc\xef\xb9j\xe0\x1b\x22'\x12\xc4T\x94\x80\
\xe0\x96K\xdc\x99`\xc6\xca\x911\xa9(\xdf\xeb\xd4\x82\
\x1bB(\xe1~\xbf\xa2\xd7=\x8dQ\x01\x15\xc0\xd3\xb8\
t%\xeat.\x01O\xfd,\x8e\xa5\xe86X\xbc\xff\
s\xb5\xa7@\x1e\xe5\xd3o\xbb\x96\x1fP~\xf1\xec<\
\x0a\x96\xa0\x15\xf0\xca\x89\x17\xfc+\x06\x80\xca\xcd\xb7\xcf\
\xb4\xa9K\xbd\xf8s\xae\x8c\xf2\x945\x1eH\x9f\xcc\x93\
8\xdc\x17\xa9\xdb\x07osK\xde-\xe4\x01m\xb6\xf4\
M\x1f\xb1N\xac|\x0c\x94:\xe7\x99\xd6\x04|\xc0\x0e\
C\xae\xb7\xc5p,\x99p\xbc\x14Y\x1b\x05\x9a\x85\xfa\
\xb4\xa9\xfds%\x94=)\x81E\x10\x93B\x02)\x89\
\x15\x12^\x00r\x0f0\x12\x81\xa7\xab!d\xa3\x85\xfa\
\xff\xb9\xf6\x1e\x9b\xf7\xf1D\xc7\x9eG)s\xce\x13\xe1\
\x17\xb8\xf8\xf1\xdc5\xba\xea\x8b\xd5VW\xf4.\x1f7\
\x04RY\xe4Q\xb1v`;\xf7\xdb[ \x80)\x09\
\x8f\x82\x8e\xf8\x80\x22\x1eR;\x94mG\xd7\xbd\xe9\x06\
\xcd8\xda\x0d\xab\x8d\x94<i\x96\x0c\xc7\x16\xbf\x98y\
\x95'k\x02~\x16\xa3\xb3\x98\x1e\xf3\xd6\xbb[\xbb{\
4\x9e\xa5\xd6ZtS\x00\x91\xff\xa1\x87\x1ej\xe1e\
 \x1c[\x95\x05\x87\x99\xe0\x89\xeb\x8c\x95\x85\x1e\xa5\xe0\
Qt\x15\xd6\xfc}9\xaa\xe6\xd4\xff]\xf3\xf9\xbb\xc5\
\xe2{\x01\x0a\xc8\x024\x85q\x9e~=\xde\xc1\x18\xbb\
b\x86\x9bS\xd8\x0aB\x17\xe4\xcb0L\xbb\xd0c\xf9\
\xf1@hd\xd8\xa5{\xa1\x04&\xb4tk\x16^\xd4\
iw1\x85,K\x9fZ\xd2\xe55\xd4\xa3]QF\
t\x22K\xbf\xe1{,\xcb\xd5^\xaf\x19\xf8\x95\x00\xdd\
3\x17A)\x97\x19+\x96\xc1\x9a*83\xf6o\xe3\
~{\xf7\x05>v\x88\x96\xfb\x1f\xf4\x7f\xa6\x86%e\
\x01\x93\x18\x02X\xbd\xb5\x02\xc9\x92m\xc5\x0e>\xc5\xd2\
\xdeL\x05\x0e\xc0(Gh\x08\x94\xd0b\xe1\xe9G\x13\
\x00f\x5c_\x91\xf7\xb9\xad\x01\xe8\xd7k\xae\xe0( \
I\x14\x89\xb5\xab\xd7\xaf\x03\x8d(\x18\x05\xb4\x0d\xdd\xb6\
t\x13Y6n\x98\xca\x16p\xd6\x8e\xda#\xab\xbd{\
G\x89\xf0\xc4C\x84v\xab\xe0\xc4\xb4\xbd\xf2\xed\xcb.\
w\xbef\xe0\xc7\xc4\xb7\xa5\x99\x1a\xa2\x81\xb1,Bw\
\xee\xbe\xfda\xde\x98% \x1f\xf8\x13\xfc\x88~\xed\xe5\
\xaf7U\x06\xc3(\x13\x19&}\xd2\x8f\x128P\xd1\
\xa1\x08\xa9\xdf\x84\x0e\xcb\xe7b)O\xf6\xe3\xc7\x92\xd5\
\x07\xf8(\x0c\x1a\x9e\xa5\x9f\xd7.|\x96\xb5\x1f\xa7\xaf\
\xf6\xef\x8f\x22x^F=q\xf7\xf8`\xa9\xe9\x16X\
.\xe5\xa9a\xabO\xb76\xef%@\xac\xd5\xcc\xa3\xab\
\xeb\xda\xb3\x00o\xd3\xad\xc0\x96O|\x80w|\x93\x03\
:\x12\xfev\x14\xe8\xe8\xcf\x1d\xf8m1\x9b!O\xfa\
D\x02d\x1d\xae\xb9A\xee\xd1\xc4\x85\x8f\x0f\xfb>\x9e\
q\xbf\xd92\xff\x19\xcb\xf2\xb8\x7f\xd6l\xca\x17p\xb1\
\xe0\x00\x0e<u\xe8\xd7KQ\xb6\xd4N\xe1\x05/4\
V \xd9V\x05\x81\x06\x5c\xc2\xe6\x19\xfc\xba.\xe0\x17\
\x83@m\x90\x0f/\xac\xd6\x98\xddfE\xe5\x03H\xdf\
N\xbc\xab\xdf\xbe\x04\x130\xe5\xa9Z\xc0jm\xc2\xf0\
\xd4\xff\xcd\xd4\xce\xa5\x8bXEc\xe5\x00wp\xeb\xf1\
4\x94,1\xcb\xb6d86\xb6\xd5\x5c\xcf\x1d\xf8m\
1A\xa3\xa3\xe1\x00\xd2p\xd6F\xd04\x1e\x98\x89\x92\
\xb9w.\xb6\xfa\xfb\xc1\xff\xba\x99\xf8\xd9\x7f\xff\xfd\xad\
\xc1\xb7\x0f\xfd\xda\xa2\xad<\x17\x0e<\x82\x04\x02\xc0\xd4\
QC\xc7\x0d\x05\x5c\xdbV\x0c\xb4Xf\xc0\xabz/\
X\xf9~\xa4l@\xc5\x07:\xca\xc7\x85\xeb\x93y!\
\xe5\xdc\xf3L=\xc0\x8b{f\xe9>ZP\xb3\x93G\
\x8b\xda)\x82)d\x7f\xa9Z\xae\xdd\xae\x9a\x96\x9fb\
f\xb2G\xd9X|,=\x0a\xbc\xc3\xc1W\xd1\xcet\
\x10\x0c~\x00@(\xae\x8d\xf1\x0f>\xf8\xe0\xa1\x848\
\xd4L`{\xc3\xd5\x17\x1f\xbd-k\xef?W*\x7f\
\x5c0\xe0\x9d\xbbo\x8d\x80\x15\x02\x8cb\xf9\xa5(\xea\
\xa8\x18`\xaf\x0a\x1a\x87R\xae\xd6\xad\xb8\xa7>\x0a\x22\
/Od\x92I\x1d\xe1E\x1e\xe5MR\xc9\x07pC\
\xbd\xda\x8f\xe0\xdf&\x87R\x1a3\x86\xedu3\xab\x85\
\xf2\x03\x5cw\x01\xe8ts\xe8\xe7P\xe7J\x8fya\
\xb5S\x81\xaeQ\x110\x01\x05\x00\xf7\x09Z\x7f\xff\x98\
\xc7<f(\x0bl\xaf\x15W@4\xd4\x07\x92\xda\x10\
)\xaf\x06+c\x8a\x93\xb0#t4\x099\x80;\x97\
\xaf>\x19ze\xaf^\xfb\xe0\x92\xe9Xu\x02;\xc2\
u\x0e\xd8\x94\x07\x0e\xba\xeeS \x01[\xfd\x91\xf1\xb0\
\xcf>\xfb\xfc\xbc\xba\x8d\x06\xba\xef\xda\x1fx\xe0\x81\x83\
\xe5g\x8a\x97\xd7\xd1B\xb3\x07\xfc\xbf\xc0w^\x87\xa5\
FH\xc0a\xbd\x04H\xd0\x80\x01\xaa\x05\x8dr\x9fC\
\xf5\x9f\xed=y\x8a\xe0\xe3\x0c\x86N\xca\x02\xc6\xd8Y\
y\xd7\xb1t\xe5\x13\x94\xb9W\x11\xffu\xcd!\xd4B\
H\xfb\xb8\x80\xbc\xea\xf2\x9b\xd8#\xbc\xe0\xc3\xa1\x1cE\
\x100zU\xbc\x02\xb5\xa6\x84\xac=Vn\x0d\x22\x1e\
+\xf5\x85\xf6\x18\xf8\x95Zz\xf2\x85\x9f\xb5\xfe\xeet\
\x16\x1f\x97\x1d\x97\xaf\x81\x11\x22\x81\xb3@\xf7\xb8\xef\xda\
\x852\xd4lW\x13\xbc\x8d\x9f^\x12\xb4\xd2\x05 y\
Xg\x14'\x9e\x84\xd5\x13\xbe\xe7\xe5\xa2o\x09x\x1f\
w\x10\x88\xb9\x1fO\xa1\xce(N,\xdds\x8aW\xc3\
\xcdM5\xb3\xd8\xba\x1cu\xd7\x10\xcd\x90mS\x14/\
\xdd\x8c:\xd3\xb58Wg\x0f\xfc\x18\xf4\xb5\x82\xb9=\
\xe5w:\xe01OX\x09\x84\xc6\x8dq\xdfA\xb8@\
4\xdb\x07\x84\x0a\x98\xdeU\x11\xf3\xb1\xbe\x0e!\x18\x04\
P,\x9d\x80Y{\x5c}\x94\xa0\xe6\xcc\xefBaL\
\x1c\xb1`\x9e\x02\xedXi\xba\x9b(\x11\xaf\xf0\xacg\
=\xab\xc5\x04\x00\xaf\x80\xcdW\xaa\xdbVhJ\xa2\x9e\
\xc4\x17\x01Y]x\xddY\x00\x8f<wJ\xe0{\xcb\
\x00\x02\xa1\xc6b\xc6V(\xaf)\xd0\xfa\x22\x84a^\
\xfbL\x0a0\xf7\xdbo\xbf6'\x1e\x0b\x8e\xf5)\xef\
\x1e\x97\xee\x0b]5y\xd4\xdc\xb5\xff\xc9A\x0bx\xe9\
\xd7\x9d+\xc7\x92}\xb2\xa4f\xeeZ\xd7Rk\x0d\xcd\
\xca\xad3xFA\xa20\xce\x01\x1d\x05\xed\x15\x97\xe2\
\xfd_Zy\xcf\xcbN\x07<\xc1\xf5n\xbeg6\xe7\
\x84\x0a\x1c\x02vO\x99\x9a\xddk\xd6/\xd8c\x895\
\xd92\xd4R\xef \xf8\x12\x95S V' \x03\xba\
\xa5\xd0\x9a6]\xfc\x96\x0cE1\xd9\x82\x1e\xab\x05\x12\
\xba\xa6Yk\x02\xc97m6\x95W9\xb6V\xff\x86\
\xfa\xc3\xa0\x16\x13\xa0\x89\x96\xfc\xf2\x86?\xe7\xe9N\xf0\
\xd8\xf3\xda\x03?\xabm\xff\xa9{;\x1d\xf0i8\xc1\
\x8d\x95 \xd7\x01<\xa0G\xc8\x5c5\x05\xa8/p\xb5\
\x80\xaf\xc6\xc6Cmf\xd8\xec\xfd:yE\xd8\xca\x1a\
\x01\x1ct\xd0AC-\x94\x0c\xa2\xf1\x1a\xc7\x0f6\x89\
\xd4\xdf\xa1\xb5m\xd3\xe9\x12\xd4\xe7\xa3K\x14\xa9\xba\x91\
\xcd\xb5\x05\xca>\x82\xc3\xcd'\xa0\xc3\x1b$/\xfa\xe9\
\x82\xc2\xcf\x18D\xf7w\x16\xe0\xff\xe3\x138\xdb\x9a\xe0\
\xc9s\x93*\xe3\x94\x89\x9fLvx\xee^\xfare\
L\x87z;\xd4,\x99\xc5\x91\x9a\xe9[0\xc9#\x8f\
)WV\xea\xfbp5/\xd0\x22\x7f\x0b*\x004\xfc\
\xb20d\xc3\x88YAJb\x92\xa6@\x9f\xd6j\x9f\
\xb7`\x17|n\xd5T\xb0d\x82E\xdd&~\x02\xb0\
\xf3Y|/\xd7\xa6q\x1b\xffS\xd7\x8b\xff`\xfc\x9f\
\xaap\xad\xf5\x10\xf2xV\x8b\x15\xc5\x9aX\xa9\x991\
\x96hX\x05\x0c\xb3\x81f\xe3\x80nR\xe5\x80\x03\x0e\
\x18\xfc\xed\x07Z\x92\xfb\xa6R\x1d\xfe\xb3\xae\x02\xb6\xb6\
\x9b\x15\x8d\xf4\xd5\x94 \x9b+\x95\xc9\xec_\xdf\x1e\xf4\
\x96\x03~\xadm\x9fg\xf9\xad\xcdj\x9e\xd4w\x10\xad\
\x00\x86|\xce\x09\x9c\x05R\x82\x8c\xc5-\xf9f\xff9\
/\xc1\xc5\x0b\xe2\x04}\xf2P\x86D\xf8\x80\xd5\xff\xdb\
\x12V\x9f\x0f\x19x\x03\xf4\x94\xb3$\x0ct\x81\xa14\
V\xbc4s\xa9\xfb;H\x0ck#;\xee\x87v\x85\
\xeb\xbe\x9fd\xe9}\xdf\x89\xffD\xfe\xce3\x8b\xc7z\
E\xf1\xb5\xe1\xa1\xf5\xfd5O\xdf\x22\xf4\xb2\xf2v\xed\
(\xa0[\x9foiXP\xa8|\x823u\xf2&\x09\
\xdc\xc2\x83<;K\xbf\xbd=\xd8\xed\x92\x16\x1f\xcb\xd2\
\xd0X`\xefz\x81%%\x00\xb3\x08T\xae}S\x05\
t\xcd\xc2\xad}\xcb/\xda\xe6\xe6\x03*\xab\x17\xdc\x99\
\xdf\xb7\xbf\xdd\x0e\x1eJ\xc5\x9b\xf8E\xaf\xb7\xea\x9c\xcf\
r\xfbk3\xc7\x1d_z\xa7\x0d\xeeV\xd2\xf4\xa5\x5c\
\xab>]\xdf\x0cP\xfb\xfb\xbcB]\x16\xbc\xd1\xec\x1c\
\xd7\xcd\xa5\xfb\xb5t+\xaf\x04p]\x81@\xd0a\x19\
\xd8x\xdd\xf7\x00\xe4\xa3 \xee\xa3\xb9T\xbdK\xdd_\
I[\xfe\xd3yvY\xe0{!\xc7\xc5\x11\x1e\x8b\xce\
\x1a7K\xe5\xea\xad\xe2U\xdf\xbe\xa5\xca,\xd8\x88\xa9\
\xef\xf7+B/\xeb\xf7-\xf9s\xd7N\x9b\xe3\x0c\xd3\
L\xf9\xda\x5ci\xf7\xaf25\x1c\x1cl\xfbVG\xbf\
\xf5{W\x02y\x96R\xed\xb2\xc0\xcfj\x0cp2\xd4\
\x13\xa1\xb3N\x13-^\xb0\xa8E\x94\x05\x9b;k%\
\xcd:}\xdb\xc3'\xc0\x13\xf5WWp|\xd1k\x7f\
&\xc0\xea\xbd\xca\xe4\x1d\xb6\xb2\xfa\x05\xcb\xb5\xca\xd8\x1d\
\x14\xb7?\xab\xee]\xed\xde.7\x9c[\x89\x80\xb9\xe5\
l\xac0>7\xfb\xe6\xdaN\x1a\xbb[Y+o\xd0\
\x1f\xb1\xe0\x04\x8bf\xf1\xf4\xf5\x92\x8d\xa0\xf9\x9aU\x14\
k%|\xec\xccy\xd6%\xf0c\x81\xeb\xbf\x01k|\
\xaf+p\x1e\xf0\xc7.\x1b\xf0\x86q\xa2\xf7\x0c\xdfx\
\x0f\x80{F\x81\xd6CZw\xc0\xf7C;\x00\x89\xd4\
\x03\xae\xa8\x1c\xa8c\xb0\xe5\xcb\x08\x81\x17\xe0\xf2\xc7\x13\
1\xb3\xee\xed\xca\x0a\xb0\xae\xfa\xf8\x00\x18\xab\xcc\xb8;\
\xee\x19\xb8\xb1\xf6\x1e\xb4\xdc\x0f\xf8@\xd6]P\x12\x89\
2\xa11V\x86]\x19\xf8ug\xf1\xb3\xc0\x08\xb0\x01\
\xb1\x07\xbf\xb7\xfe\x00?\xcb#D\xa9\x96z6\xab\xde\
\x9d\xf9\xde.9\x81\xb3-\x81\xb2\xf4L\xc5\x060n\
\xde}\xe0\xe6\x18\xd3\x01*\xeb^*-\xf7l\xa92\
;\xeb\xfd\xff/,\x9e\xf0\xb9\xefL\xbe\xc4\xe2gY\
o\xdf\x97S\x14)]\xc5z\xea\xe7\xd7\x1d\xf0,\xdd\
\x14m\xc0\x06\x9e\xbe:\xfdu\xef\xf6{k\xec\xdd\xfc\
\xd8\xe5\x8f\xaf\xfbr\xbb\xea\xf9\xff\x00\x8b\xe8\xd8\xa6{\
A\xfe\xba\x00\x00\x00\x00IEND\xaeB`\x82\
\x00\x00A\x0e\
\x89\
PNG\x0d\x0a\x1a\x0a\x00\x00\x00\x0dIHDR\x00\
\x00\x00\x80\x00\x00\x00\x88\x08\x06\x00\x00\x00/m\xe3\xa6\
\x00\x00\x00\x09pHYs\x00\x00\x0fa\x00\x00\x0fa\
\x01\xa8?\xa7i\x00\x00 \x00IDATx^\xed\
\xdd\x09\xb4eGU\x06\xe0{\x1b\x10QB\xb0#\x1d\
h\x12m\x8c\x0a\xe6>\x11\x05\x0d\xe2\xc0m\x06E1\
\x11\x22\x06\x07\xc0\x96A\x14\xc5a-\x05\x1c\x00qV\
\x5c\x0ck)\xa0\x82D\xc1\x08\x01D\x13\x878\xf6C\
EEAE\xdf\x8d\x03S\x10lHb\x82!\xa0\xa0\
\xd0\xd7\xfd\x15\xef\xbf\xab\xfa\xe6\xde\xf7^w^:\xef\
\x09\xb5\xd6Y\xe7\x9c:U\xbbv\xed\xfd\xef]\xc3\xa9\
Sg8\x9dN\x07;9\xe0/\x07>oq\x8b[\
\x0c\xfe\xf3?\xffs\xf0\x89\x9f\xf8\x89\x83[\xdd\xeaV\
\x83\xff\xfe\xef\xff\x1e\xdc\xe66\xb7ii\x86\xc3\xe1\xc2\
\xaal\xf4la\x86\x8f\xa2\xc8=\xbb\xa9\xaeG\x8f\x1e\
m\xec\x9er\xca)3\xb6?\xee\xe3>n\xf0\xe1\x0f\
\x7f\xb8\xdd\xeft0\xefDY\xef\x1a\x00\xb0|\x8a\xbe\
\xfe\xfa\xeb\x9b\x17\x10>\xf8\xc1\x0f\xce\xae\xe7=\xc5N\
\x14\xf6N\xe4i\xd7\x00\x80\xf0\xae\xbd\xf6\xda\xc1\x9f\xfd\
\xd9\x9f\x0d\xde\xfa\xd6\xb76k\x07\x08\x07@\xf4\x00\xe8\
\x9b\x8c\x8fy\x85\x8da\xb7k\x00\xf0\xa1\x0f}h\xf0\
\xa67\xbdix\xd1E\x17M\xff\xf8\x8f\xffx\xdf\xff\
\xfc\xcf\xff\x0c>\xe1\x13>a\xf0\xbf\xff\xfb\xbf\xed\x98\
\x07\x80j\x7fL\xf9\x1b+\xdf\xd3]\x03\x80={\xf6\
\x0c\xfe\xed\xdf\xfe\x8d\xf2\x07\x7f\xf4G\x7ft\xe5\x9b\xdf\
\xfc\xe6V\xbb[\xde\xf2\x967\x00\xc0\xc7\x94\xbf\xb9\xe2\
\x93bW\x01@\xfb\xff\x9e\xf7\xbcg\xf07\x7f\xf37\
\x83\x8b/\xbex\x5c\x80\x18\x00\x86\xde\xff\x22\xb7\xff1\
\x0f\xb09\x10v\x0d\x00\xd2\xde\x7f\xfc\xc7\x7f\xfc\xe0m\
o{\xdb\xe0\xe5/\x7f\xf9\xe1\xd7\xbd\xeeu\xa3\x0f|\
\xe0\x03\x0d\x04Q\xf6\xbc\xd2{`l.\x8e\x8f\xbe\x14\
\xbb\x06\x00:z\xdaz.\x1f\x08t\x04\x9f\xf3\x9c\xe7\
\xac\xbd\xe65\xaf\x19\xe9\x1fP4\x90\x18*\xa6S\xe8\
\x1a8\xf4\x17\x04\xf9\xa5\xcd\xb5{y\x9c\x97\x85\xff\xef\
\x00\xda5\x00\xa0\xa03\xce8\xa3)\x8c\xd5\x9fv\xda\
i\xad)\xf8\x91\x1f\xf9\x91\xb5\xf2\x06\xa3\xf7\xbd\xef}\
\xad)\xe8G\x06Q\xaa\x09\xa3\xff\xfa\xaf\xffj`\x00\
 \xf9\x0d!\xc5\x03\x8b\xeby\xcf\xb1\x0c\x10\xff\xdf\xe2\
w\x0d\x00(\xe8\x93?\xf9\x93\x07\x9f\xf6i\x9f\xd6t\
@\x99,\xf7\x8do|\xe3\xe0\xc2\x0b/\x5c{\xe9K\
_:\xfe\x97\x7f\xf9\x97\xa6\xd0\xcc\x19P:e\xb3z\
#\x86\xf7\xbe\xf7\xbd\xed\xe0An}\xeb[\xb7\xfe\x84\
{\xd7\xc2G%\x08\xe2\xe2v\xea\x99\x1bg\xd5\xdc\xf8\
?\xff\xf3?\x8f\x1f\xfd\xe8G\x9b\xbb\x9e\xd6\x0c\xe0\xb4\
@\xd0\xce\xee\xcf<\xf3\xcc\xe9C\x1e\xf2\x90\xe9\xaf\xfc\
\xca\xaf\x8c\xcd\x17\xa8\x8fNc\xdc\xfc\xfb\xdf\xff\xfe\x06\
\x04\xf1\xe2\xae\xbb\xee\xba\x06\x0e\xf7h+\xc7\xb1S\xe5\
pS\xf1u\xcb\x06\xfd]\x10\x80\xa0\x94\xbcz\xd7\xbb\
\xdeux\xdb\xdb\xdev\xca\xdds\xe1\x94\xe6\xbd\xc0U\
W]5\xf8\xcd\xdf\xfcMJ=\xfc\xb9\x9f\xfb\xb9\xc3\
O\xfa\xa4Oj^\xa2\xef;\x5cy\xe5\x95M\xc1\xb7\
\xbf\xfd\xedg\xef\x0f\xe2!\xa4\xcbhb\xd9;\x85]\
 \xa6\xe3fq\xd7\x00@\xdb\xed8\xe7\x9cs\x06_\
\xf0\x05_08|\xf8ps\xdd\xa7\x9ezj\x9b!\
t\xady\xf8\x92/\xf9\x92={\xf7\xee\x9d\xb5\xf9\x94\
\xc9\xcd\xbf\xe1\x0do\x18\xbc\xeaU\xaf:\xc2\xed\x7f\xcd\
\xd7|\xcd\xfe\x07=\xe8A\xadY\xe0\x15\xbcO\x10\x80\
\xe3\xa3I\xf9\xb3J\xdfT\xeee;\xe8\xa6\x09\x08-\
\xae\xfby\xcf{\xde\xb8:\x81\xcd\xf5\xdf\xeev\xb7\xe3\
\x0d\xa6_\xfc\xc5_<}\xd1\x8b^4z\xf7\xbb\xdf\
\xdd\x5c\xbc\xf6\xdfa\xc8X\xcd\xc2\xe8nw\xbb\xdb\xb4\
@\xd2\xf2|\xc6g|\xc6\xf4\xe9O\x7f\xfa\xe0_\xff\
\xf5_G\xe8z\xa3\x08\x08\x19El\x07\xdf\xbb\x85\xc6\
\x8eo\xf3\x02\x00\xca\xa4$\x87!\xe0w\x7f\xf7w\x0f\
\xeet\xa7;M\xca\xd5O\x1f\xf9\xc8GN\xbd#H\
\x1bnD@\x015u<x\xf2\x93\x9f<\xd8\xb7o\
\xdf\xb4\x5c\xfc\x14h\xca;\xcc\x80\xf3\xd8\xc7>v\xca\
\x93\xbc\xeb]\xef\xfa\xa8\x05\xc0\x90\xa0vj\xe8y\xa3\
\x5c\xed\xb4\xa0\xdd~\xcb[\xde2\xf8\xdb\xbf\xfd\xdb\xd6\
\x0f\xb8\xd7\xbd\xee5*\xf7?a\xc9\xdc\xb9\xb6\xff\xaf\
\xff\xfa\xaf\x07\xe5\x11\xa6\xbf\xf3;\xbf3\xe0\x154\x1f\
\xa1!\x0d/\xc1\xddkN\x1e\xfc\xe0\x07\xaf<\xe61\
\x8f\x99\xa4\xe9@\xc7\x88\xc3s\xe9\x94\x8bf\x00\xe6\x1e\
o\xc0\x98g;U\x86\x9b\xf1\xb5k\x00@\x19\x14\xc3\
\x13\x18\xc6\xe9\xf8QBf\x02U\x94b\xaf\xb9\xe6\x9a\
AM\x0e\x0d_\xf1\x8aW\x1c\xads\xeb\x1f\x88\x977\
\x80r\x9f\xce\xa1~@y\x92\xc1\xc3\x1f\xfe\xf0\x83\x05\
\x84\xd5{\xde\xf3\x9e\xb3\xf9\x04\x0a\x17\x80L\xf3 \xe0\
\x03\x18\xfa\x00$\xd2\xec\xc6\xb0k\x00`\xa8F\xf0\x11\
4\xc5\x0b\xe22\xce\xbf\xe2\x8a+\x06\xbf\xff\xfb\xbf?\
*\xe5\xaf\xfd\xe5_\xfe\xe5\xac#\xa8\x83H\x81\x94g\
\xd2G\x00\x22y\x01J\xd8\xbf\x7f\xff`<\x1e\x0f\xbe\
\xee\xeb\xben\xcf\xc1\x83\x07\xa75\xd2h\xc3C\xa0\xc9\
<AKX!@J\x87\xd1\xfdn\xed<\xee\x1a\x00\
\xb0F\x0a\xa1\x0c\xc26\xae\xe7\xd6c\xdd\x86\x81\xa5\xf8\
QM\x08\xad\x99\x10\x0aXX'\xa5\xcb#/\x1a\xc0\
\x00H\xf2\xa6\xe3'\x1e\xbd\xfb\xdc\xe7>\x83G=\xea\
Q+_\xfe\xe5_>\xb9\xf3\x9d\xef<\xf3\x06\x94\xec\
y\x02\xba\xc2n\xb5\xfc\xd4c\xd7\x00\x80\x02\x08=\xee\
\xd7\x99\x1bg\xfd\xd5\x9b\x1f<\xff\xf9\xcf\x1f\xbf\xf6\xb5\
\xaf=\xfcw\x7f\xf7w\xadni\x22\xd2\xd6S0\x85\
\x03\x02Z\xc9+?%\x86\xbe&\xa1F\x0c\x83\x1a&\
\x1e<\xff\xfc\xf3W?\xfb\xb3?{V&\xb0\xc8\x17\
 \xf4}\x82\x08t\xb7\x9dw\x0d\x00\xb8j\x8b?)\
>.\x97\x17\xf8\x93?\xf9\x93aM\x00\x1d\xad\xd7\xc3\
\xb3\x9e<%Pl\xd2Q|\xdas\xf1@@\xe9\xc0\
\x91\x8ea:s\x9e\x8b;\xfd\xf4\xd3[\x93\xf0\xf5_\
\xff\xf5{\xee\x7f\xff\xfbO\x01C\x08\x08\xa2he\xcc\
\xc7-\x02\xc1Nm\x22v\xcdD\x10%r\xe5\xe9\x95\
\xeb\x03T;?\xfa\xd5_\xfd\xd5\xb5\xcb.\xbbl`\
\xe8G\x89\xe9\xb0QL\x02\xeb\x8f\xab\x16\xef\x10G)\
\x00\xc5\xa2\xd37\x90G\x9c\xa1\xe1o\xfc\xc6o\xe8T\
\x1e\xfd\x8f\xff\xf8\x8f\x95\x07<\xe0\x01\x13/\xa0\x00!\
\xcd\x06\x9a\xa1\xb1H\xe9\xbb\x22.\x02\xd9\x89g\x96\x98\
\x83\xc2)\xdfaX\xf7\xcb\xbf\xfc\xcb\xa3\xbb\xdf\xfd\xee\
mL_\xee\xbe\x1d\xa5\x90\xf6~\xa0\x14:\xbb\xf6<\
G\x81h6\x19$\xae\x947{\xe6^>gtj\
\xbax\xf6\xec.w\xb9\xcb\xf4'\x7f\xf2'\xc7\x86\x96\
\x91S\xde#\xb8\x8f\xd7\xe8\xf9\x9d\xbf\xde\x89\xf2mF\
\xb2S\x18cU\x8eE\xfc\xb0\xce\x0c\xe3j\xfc?\xfa\
\xa1\x1f\xfa\xa1\xc1Yg\x9d\xd5&w\xcc\xee\xd52\xf1\
\x99\xe2)9@\x88\xe2):\xca\x95\xc7\xf3<\x03\x18\
\xcf\xfb#i\xa4\x93\xcf}5?\xd3\x1a&N\xff\xf4\
O\xff\xb45\x9b\x80\xe8e\x93k|\xbbw\xc6k^\
/\xbbOS\xb4\xa8^\x89K_b\xa347\xd5\xb3\
\x1d\xd5\x07\xa0d\xeeWo\x9dP\x08\x92{\x8e\xfb^\
]]\x1dX\x14Zk\x02\x9b\x8b\x8e\xf0\x09\x99\xfb\xe7\
\x8e\x1d\x89w\x8e\x8b\xa6\x8c\x84t$\xd1\xf6\x5cs\xd0\
\x87\xe4\x09-tj\xca\xb9\xcd9|\xfe\xe7\x7f~\x1b\
%T\xbf`r\xe0\xc0\x81\x96\xcd\x5c\x83N'\xbe\xf1\
\xa2,<+'\x9d\xd0t\x1c\x8f)h\xfd&|.\
zvS\xc7\xed(\x00\xf4\x82 \xc8t\xf8\xb4\xef\x7f\
\xf8\x87\x7f8\xfa\xad\xdf\xfa\xad\xb5:\x9a\xe5\x09\xfa\x05\
q\xbf\xbd\x80\xd1\x01 \x01\x8d\x00#\x8a\x8f{\xf6<\
\xd6\x97\xb2\xc4%\xbd\xb3\x80\x9ey\x03\x9dN\xa1\xde%\
x\xa1t\xf0\x82\x0b.X]YYi \xc5\xa3\xfe\
\x01 &\xa4\x9c\x8d\x94?K|s]\xa8\xdc\xcdy\
DH}\x9b\xda_[\xf8\xf9\xc2\x17\xbepTo\x01\
g\xf3\xf8\xdcr\x09{\xd6\x86k\x06\xb8r\xae\xda\xb3\
\x1c\xees\xd0c\x7f\x94rg\xf7i2\x12\xe7\x1cZ\
}~\xef\x1d4\x05\xe8\xd4T\xf1\xf4\x1b\xbf\xf1\x1b\xa7\
5\x02\x19\xfaT-\xf5\xe0MX=\x99\x02g\xae\xf3\
\xfc\xe6\x94\xf5\xa2\xb2o6\x0f\x80\x99>\xb8OO<\
.\xff\xedo\x7f\xbb\xd5\xbf\xa3r\xfbk\xde\xea\xc5\x02\
Y\x944\x9a\x8c>\xb0X\x16\x18\xabG3=v\xd6\
I\x09\xc9cH\x19\x05\xb1\xee^Qh\x86\x86kt\
\xe4Uf\xe8)\x8b\x07\xf2.\xe1\xab\xbf\xfa\xabW\xea\
\x85T{\x97 >\xef$\xe2\xa1\xdck\x22\x84x\x97\
\x9e\xef\x9b\xf3\xfaf\x19\x06\xce+\x9f\x00\x08\x9cp\xb5\
\xa3\x14\xac\xc7]C\xbc\xf1\xef\xfd\xde\xef\x1d\xa6\xfc\xde\
\xb5\xa6c\xd5\xbb\xed\xd0\xcc9\x82\x0e\xea)\x98\xd23\
\x13\xa8,4\xc5\xa3'}\xcf\xd7<\x8f\xca\x926\x01\
\x18\x00\x16\x9f5\x0b\xb9VC\xc5\x83\xe7\x9dw\xde\xea\
\xbd\xef}\xef\x81i\xe4\xe4\x97/\xcd\x8c2vZ8\
\xe9\x1e`^\xb0\xbd\xa0(\xc7\xfb\xfeZ\xbc1\xfc\xf5\
_\xff\xf5\xa3\xa5\xfcA\x09\xb6Y\x9eg\x84\x09\x1c\xf2\
\x04\x04\x94(.\x16\x1c0\xc5\x13H\x1b\x05|\xde\xe7\
}^St--k\x8bD\xa4\x89%Sf\xdct\
\x94\xd4[+:<E\x00$\x0d@\x09\xf2Q\xbaE\
&\x0f{\xd8\xc3\xf6\x14\x08\xa6&\x92\xc4\xe3\x13\xff\xa9\
gh\xee\x180`\xecd\x1d\x11p\xce\xac0\x07\x05\
p\xf15\xa93\xacy\xf8\xd6\xcej\xcb3\x1ew\xad\
\x9d/\xc1\x1d\xd3\x96K'>\xed\xb8\xfb\xe4\xd57(\
\xa5\xb5\xa3f\xf4\xa65\xb13\xba\xf4\xd2KG\xae\xad\
\x11\x90\x07\xdd~\x0e!\xf9\x9d\x95\x85\xb6#\xf7\xd2\x1b\
j:\x8b\xd3G\x90_\x19\xd2\xd5\xabi\xeb\x12G\x80\
\xacc\x08\xc0\xe4\x1bO\x93&\xe4d\xc9|\xb3rN\
\xba\xf2{\x86\x00!\x00\x10\xff\xe7\x7f\xfe\xe7\x83Z\xcf\
\xd7:ZQ\x0e\xc1RD\xaf\x8c\xdc\xe7\x1c\xa5Q\x86\
8g\x87\xf8ZJ>}\xdc\xe3\x1e7][[3\
\x8c\xdb_\xe5\xec\xf7\xbe\xe0{\xbf\xf7{/(+m\
i(0\x0aU.\xe0\x84\xa6\x15G\xae\x03\xbe\x94\x89\
\xbet:\xa3\xe6!\xc2\xb3\xb8\x1a\x1eN\x7f\xfc\xc7\x7f\
|D\xf9\x14\xaf\x93\xc8\x13\xa4\xae\xf1H\x9b)\xe7d\
<\xdf1\x00\xb0`\xf3\xe7\x7f\xfe\xe7-\xd8l\xc2N\
\xcf\xde\x99R\xa2\xd4Xc\x14\x94\xb34,3\x8ar\
\xbe\xe3\x1d\xef8}\xe2\x13\x9f8\x9eL&m\xe8\xe8\
}\x02%P\xc6?\xfe\xe3?\x0e~\xe0\x07~\xa0M\
(\xa1A\x81\xf2\x87^,\xda}\xef}z0\xc6\x1b\
\xe0\xb1\xd6&6\x1e\x95\x8b\x17@\xae\xd9\xca\xe6\x05(\
r\xa7\x02`\xc7|\x17@1^\xe3\xb2\x96\x12l;\
\xd2\x86z&\xc4\x22\xda\xcdz\xd0\x8e\xeb8J\xeb\xda\
!\xd4\xf4\xed\xa0\x86i\xc3o\xfe\xe6o^=\xfb\xec\
\xb3[{\xad-\x96\xae\x948\x18\x8dF\x83o\xfd\xd6\
ou\xd4P~\xa5\xf5\xdcKy\xad\x5c\x81\xc2\xa4\x15\
b\xb1\xedf=\xe0\x05_,\x5c\xbf }\x83\xe4\xe7\
e\xea\xed\xe4K\xc3{\x9fw']\xef\x18\x00\x10\x5c\
\xf5\xa6Y\xe0l\xe6\xcf5A\xa7\xcf\x10\x85D\xd1\xce\
\xf2\x19n\x01A:\x8a\x14^\x934\x94?\xf8\x9c\xcf\
\xf9\x9cf\x85\x14E\xf1\x0e\xde@\x5c-3\x97n\xf2\
\x9d\xdf\xf9\x9d+e\xb1\xad\x1c\x0a\xb3\x03I\x14\xa7\xe3\
7\x0f\x80\xd0\x09\x7fx\x0c\x80\xa4\xcd\x9b\xc3\xea\xd3\xec\
\x95&\xc3\xdb\x9d\xa4\xf8\xf0\xb2c\x00P\xbd\xf2\x91)\
U\x81\xf5e\xbc\x1e\x8b&d\x81\xf0Y\xaas\x80\xe1\
\x19\xeb\x16_\xdf\x0d\xb4\xa9\xdao\xfa\xa6oj\xd7\x82\
x \x89\x22,%wo\xc2\xa9:\x83\x83\xfa\xa0d\
R\xcd\xc1\x8a1=Z\xc0\x02P\xc0\x95r\xd1q\x1d\
\xe5\x87\x8f\xf0\xe29\xb0\xe0\x1d\xc0\xc4\x17\x88NC\x0b\
o;5\xdc,\xf3\x00\x8b\x84Q\x00\x98\xb0JB$\
4\xca%\xe4\x04\xd7\x14\x90\x83\x85\xba\xce0K\xfbN\
\x81\xb5\xa4k\x85B?\xf5S?\xb5e\xe5\x15\xd0\x14\
(\x05\xdd\xb8\xfa(\x14 \xbe\xe2+\xbebR\xa0X\
\xa9N\xdfZ\xad1\x98\xbd\x87\x90\x1f\x10\x94\xd3\x87y\
\xde\xf0\x13\xf7\x9f2*\xcf^@\xf6\x1ay\xb3\xa6\xa0\
\x07\xda1\x05\xad\xdf\xf4\xe5-z~\xa2q;\x09\x00\
\xcd-\xab(a\xc5\xc2\x22x\x9e\xc05A\xf5.\x99\
\xd0)\xd8\xca\x9dr\xf9M\xf9V\xf4&PvhH\
G\xa1\xf9\x1e0\xee\x1d=\xf4\x81\xa0F\x04{\xaa\x09\
8jD\xa2?\x12~\xd0\x0b\x08\xe7\x85\x1d\xe5Q6\
~\xc2k]\xefE{'\x87\x1d\x03\x00C&+z\
{\xd7\xbf\xeeFg\x136\x11d\x04N!:w&\
a\xaa\x1d\x1f\xde\xef~\xf7k.\xbd\xef\xd0Q\x00w\
\x9f<hj\xe3\x9d\xd37\xf0\x19\x99\xe6\x81\xe7\xf9\xd2\
/\xfdR\x0bB\x87z\xf2<\x814\x01f_\xfe\xbc\
\xc5R\xbc\xfc\xe8\x02\x00\x10\x17\x8d\xbd\xca\xde\xcc\xfao\
N\x80l{\x1f n\xb9\xaf\x14\x85\xf4V\xebY\xdc\
/\x81\x994\xc9\xc6Oi/c\xe9\x84)\x8e\x10\xb5\
\xcb\xc9+_\x94\xa0\xad\xf7\xc9XV\xeb\xf43t\x14\
@1B,\xdd\x99'\x90\x1e\x18\x94\x0fL\x0e@\xa8\
\xc9\x1c\x1f\x9e\x0c\xcd\xec\x01\x97\xb2\xf0\xa0<\xfc\xc4;\
%\x0e\xedx\x19\xb4S\xce\xfa\x12\xf6\xd3\xa4\xef\xf9\x8e\
'IS\xe7\x99~\x83>I\x9a6g4\xd1J\xfa\
\x1et\xe2\xa5q\xbe1a\xdb\x00\x10\x860\xcb\x1a\xe2\
jU\x8aB\xd2\x99\x93N\xc5\xe2\xce\x9d\x098\x1fe\
\xb8O\x9bMy\x14\x84F\x04\xab\xb2\xca\x08\x18<\xb3\
6\xe0\x9f\xfe\xe9\x9ff\xc31\x82\x97\x17-\xb3\x8b\xe8\
\x03\xa1/\x85^\xff\xfa\xd7\xb7\x15Eh\xb0l\xca\xf7\
\xae\x1f\x7f\xf8\xc4\xbb\xf4F\x05\xdf\xfe\xed\xdf>\xacI\
\xa4\x83\xa6\x90#|\xe9b\xd5\xea(H\xdf\x07i\x1d\
\xeb^e\xaf\xb2\xf0\x9ft\xa1\xe5\xac\xe3\xeb#\x97\xf0\
\x10O\xa4\x1c\xbcPro@\xc9\x8b\xd6<\xbd\x13\x01\
\xc2\xb6\x01\x003Qr\x90M\x91\xe2\x08\x8a2T\xc6\
\xb3\xa0<B\xf1\xa6\xacf\xecn\xad\x13\x07\x08*)\
\x8er\xb5\xc3Q6A\xc6\x9a\x9c\xd1F\x0f\x00~\xea\
\xa7~jZ_\x0a\x8d(Qz\xf9\x94\x83\x8e\xb3O\
\xc0\x9e\xf9\xccg\x1ey\xc2\x13\x9ep\xa4v\x16\x19\x5c\
Q\xdf\x10\x10\xba\xb4\x94\x00\x0c\xca\xc5\x13\x00\xa9\x0f\xc5\
\x7f\xc37|\xc3j}\x92\xfep}\x0c\xe5Q\x10z\
\x09\xd2\xf5<\x89\x0fX\xd1\xac:\xb4\xa1`x\xf7\x0c\
\xcf\xca\x8a\xa1\x5c}\xf5\xd5^|\x8d\xaa\x1eC\xfcJ\
\x83'y6jBz\x9a'\xa2|y\xb6\xdc\x07\x08\
\xf2R\xd9e\x05\xf6\x95\x936\xd6\x9e\xceQ\xf2\x13&\
\x9a\x11D}\xd5\xfb\xc1R\xdaJ\xd1]\xb3\xe2\xc7s\
\xbds_\xf3\x12\xb8|=\xe2)\x22\xf7\x80\xf2\x17\x7f\
\xf1\x17\x96\x86\xafU\xba=\xf7\xbd\xef}\xbdChy\
J\xa8\xbe\x15\xb0\xc0s\xed\xef\xff\xfe\xef\x1b\xa8\xde\xf1\
\x8ewL\x0b\x94\xb3y\x82X}\x04\x8e.\xd0R\x84\
/\x8e\xabSyq\xd5\xe3\xaa\xfa(\xf5\xf0\xe5\x97_\
>\x03@\x00\xaf\x8e\x09\xf2FV\xdczy\xa0\xd6\x04\
(C@\xb3\xb7bM\x8c~K-x\x99\xfc\xd2/\
\xfd\xd2\xe03?\xf335=\xdeU4 \xe2C]\
\xfa \x7f\xe4\xe8\x1cz\xc7$\xda\xeaM\x94\xb0\xd99\
\xa8N\x05\xe6\xd3\x8b'\xdc\x00\x80P\xb8W.XZ\
\xc2\x08\x8dx\x01\xe9\xd3\x11\x93\x86\xb2u\xbc,\xb4(\
\xcbls\xf4\x16^\x94\xf0\xda\x14\xad\xb8\x5c\xbb\xd7Q\
+/3\x9b\x8f/k\x99\xd6\xbb\xf9i\xcd\xc0\x0d\xde\
\xf9\xcew\x8e\xea+\xa1}\xd5\x96\x9f\x8bF)\xab\xbd\
'0e\x8bFY\xff\xc5?\xf6c?\xd6\x84\x9c\xba\
\x106w\xeb\x1e\x8f\xf8\x07>u1\xb3G1\xe8(\
\xd7Q\xca\x9eM\x1d\xa3\xed\xf0\x1co\xae?\xfd\xd3?\
}\xea\xb3\xf4\xd0\x0f-g\x87\xf2\xc8\xc0\x01X5\x7f\
\xb1\xea+\xe6\xa7=\xedi@:\xc2C\xe4\xd7\xcb;\
\xf9{\xba\xf3\xfa\xd8\xea\xfd\x96=@\x10\x07X\x88'\
\xe4\x9a\x90\xe2\xaa)\x95up\xb1,\xd5\xfb\xfcX\x81\
\x8eS\xd2\xb2\x0a\xf9\x9d)_o\xbc>\xcb\x1a|\xca\
\xa7|\xcaJY\xc0\xa4V\xdbL\xe5\x8d\xf5\xa8x\xac\
N\xbe\xb8\xdf\x08\xc4\xbdO\xc2~\xf6g\x7f\xd6{\x80\
a\x09\x7fJ\xb0\x04\x897\xe5r\xa9\xc0h\xe2I3\
\x11\x00\xa4\xa3\x89.z\xf8\x96\x07M@\xa8\xbe\xc3\x98\
\xab\x06bu\x09\x98\xc9!\xfd\x8d<\x13\x87\xe7(\x17\
M\xcf\x84\xf0\x1f\x00\x88SNY\xfe\xa0&\xaf\x0e\x16\
(\x8e\xbe\xf8\xc5/\x9e\xf2V\xf5\x1e\xa3\x8dl\x04\xbc\
G\x0eQn<`\xaf\x9b\x96\xf8x\xc2V\x91\xd2\xa7\
K\xe5\x83h\xcc\x11X\xd2h\xbf\xd2\xab\xb5`\xe2g\
~\xe6g\xda^>\xd0L\x19\xf1\x06\xd2\xcb\x9b3\xba\
\xc6\xe8\xee\xd1\xf8\xc5_\xfc\xc5Q\xb5\xc3\x86e\xb3\x17\
B\xac<\x9e\xc05\x0f\xc0\xea\x1c\xf9\xf4\xbb\xea\xdf^\
#{\xc6\x12\x9d\xc5\xb1X^\x85\xf5\x1e\xa87v\xcf\
z\xd6\xb3Z_\xa1\xe7#u\x00\x0c\xfc\xe0\xb9\xbc\xd2\
\x05_\xf4E_\xd4\xf6\x22@'\x07\xda\xae\xf1\x13\xcb\
\x8f\x87\xf2r\xc9\xdb\xc6\xd5Z\xc8\x1a@9\x87~d\
\xa6\x9c\xf5\xbeB\xf3\x08\x95~d\xab\x1bu\xae\x05\xa8\
\xd3j\x16FG\x8e\x1ci\x06\xe2yxM\x13\xe5\xbe\
\xa7\x1b\xfa[=o\xd9\x03\xcc\x83\xaa/ \xcf0\xc9\
\x1aX2\xf4\x9bL\xb1\xb3g\xf5\xbe\xa7_\xf5U_\
5\xcc\x1c\xb9\xf4\x84\xcb\x1a0\x0f\xc9\xb1\x8c\x8c\x00\xc4\
YfU_\xee\x0e\xab\xd3\xd6\x5c)eH/8\xb3\
\x08\xe8\xc7\x0bz\x84\x99\x97>\xaec\xf9xA\x0fo\
\x19\x15X\xdd\xeb;@\xfd\x0cA\xf9h\xa0\xcb\x1bH\
\x8b\x06\x00\xd7[\xbd\x97\x03p\xbc\x82\xb3\x80W\xb4\xdd\
\xf7\xd69O\xaf%\xae\x10\x8b\x95^y\xca\x10\xf0\xa4\
\x1e\xca\xad\x17S\x93j\xc6\x0e\xd6Z\xc8\xc3vA+\
\x1e\xd6\xaa\xc3:\xfc\xb6o\xfb\xb6\xf6\xdc\x11\x8bW\xef\
\xd4\x7f\xbd\x88\xe3?m\x15)A\x1e\x01EPA\x1f\
\xab%,\xc2\x88E\xff\xd5_\xfd\x15\x97\xd6\x16H\xd4\
G\x9bMH9\xa0\x97r\xa4\x0d\xbd\xf0\x81v\xfa\x11\
\xaeM\x10\xd5\x10oT\xb3|\xd3\x1a\xef7+fe\
\xac\xbfj\xdb\x8ex\x80X\xa2s\xbc\x84s\xf2\xb0X\
i}P\xf2\xcaW\xber\x05\x1f\xf1\x00\xca\xcf\xc8!\
\xbc\xd8A\xc4Z\x02\x8bA\x95\xe9\x90\x1f=G<\x00\
\x1ex\x15g\xde&^\xa0\xa6\xa3\x9b\x07PO\xb2A\
7\x1e.\xe59\x93\x1d\xd9\x90\x85\xba\x1b\xa6\xfe\xf0\x0f\
\xff\xf0\x98GC\xcfk\xed\xda\xbf`j\x08+\x8d\xf4\
9z\xcf\x1b\xbe\xfb3\x19:\x16=\x13\xb7\xf4\xc1|\
\x86(E<\x82\x84\xa7b\xe21\x93\x0e\x0dw\xa6#\
W\xed\x97vmZ\x0b/\xce\xe5\xc2\xd2\x1eb8y\
\xa3\xfc^\xe9\xe8\xf7\xa0\x90\xde\x0cau\xea\x06O}\
\xeaS\xbd\xe6m\xca\xa7Xg\xc2\xeeAAA\x94\x11\
%DI9\xeb\x04>\xe5)O\x19\x9bx\x0aX\xd5\
!\x0a\x028m\xbe&Hy\x16\x94p\xc7\x9b\x01\x80\
\xf2\xd3D\xe0\xcbn$\xf5\xcay\xca\x10\xd4I\xe72\
2d\xf1\x80\xe0^<\xf9)S:\xf5\xd5D\xea\xbb\
|\xcb\xb7|K\x03\x9c\xe6D\x93f%S\x8d\x90F\
i\x0a\xa2#t\x96)zY|\xf2n\x19\x00\x11P\
\x00\xd0\x17\x8e!\x95\xc2\xfc?\xfc\xc3?4\xc6\xa1\xb7\
6[h\x02H%\xd1X\xa4|L\xf6\xf4\x01 \xca\
I9\xce\x9a\x98Z+8\xd2\x1e\xc7\xda\xb2W\x10\x05\
S<a9X\x8e# !H\xabw\xaa)\x9ar\
\xad\x11\xb63\x05\xa4<u\x00\x82\x1aR\x8e\xb2X\xa4\
\xf72\xf3\x1e@\xb9\x01W@\x87\x0f}\x8d\x92\xc3\x84\
2)(G\xac\x9cL\x1c\xea\x1d\x03\xc0\x03\x03RO\
|\x19\xcd\xd4\xdcH\xab\x07\x9a\x80X#\x85\xa9fI\
\xde\x18S\xbc\xc7\xbc7\x8d\xec\xb6\xc5\x03\x84\x18&{\
\xe5`\x98\x00\x15b\xd9\xd5\x93\x9e\xf4\xa41\xcb\xa7\x84\
\x9f\xfe\xe9\x9f>\x0b0Xp\x9a\x08\x82\xc0h\xaf\xd8\
E\x1e\x00Pz\xc6\xd1Q\xae\xca\xd6\xe7Ym\xa8H\
\xc8\x94\xa3,\x8a\xe1\x15\x12'\x9e\xc2\x03\x02\xcfk2\
g\xfa\xb2\x97\xbdl\x1f\x9eC+.YY\xd9F\xae\
\xb6\x95\x19\xdd\xe3\x1e\xf7\x98\x81\x08\xad\xb8\xfdege\
\xa7Lg\x1bQ\x99\x9bP\xcft\x88\xe3\xb6k\x8f\xe3\
\x01\xc3\xc0G\xef\x19\xf0\xa2\x9e\xbc\x0f`\xa8\xeb\x0b^\
\xf0\x02s\x11\xad.\xca\x06\xf8z\xe3\xe9=\xc5X\x9a\
x\x15guZ\x06\x82^\xde\xfd\xf5\x96=@2Q\
L\x0aS\xa1TN\xfbi\x89\x15W\xc5\xea|G\xc7\
\xd2R\xc1 \x16\x93\x1b!R9\x9e\xf7\xcdC\x00g\
\x18F@\xd2\xd4\xca\xde\xd1\xf7|\xcf\xf7\x0c\xf4\xe6)\
\x97k\xb76\xcf\x99\x02\x1c\xae\x09\x0e(\xb4\xe3\xd5\x1c\
\x8d5Gq\xbd\xca\x09=\xd7x\xd4|=\xf0\x81\x0f\
l\xa0B\x0f\x9d43\xcb\x94/^\x9d\xe5\xe1\x0dl\
ZY#\x8c\xb6\xe2\x1a\xf8\xd1\xa6,\xf2\xb2\xea\xa9\xbe\
*\x9a\xd4\xea\xe1\x89\xa9i \xa0x\xcf\xc90J\x05\
\x02\xf9\xeb\xdb\x88\xd6\x0f\xc1\x03~\x00\x8d7`\x00\xe9\
\x98\xd2I\x8e\xe3\x05\xc1q\x01\xa0ok\x08K\xa1\x14\
\x05\x04\xcf~\xf6\xb3\x9b\xe5\x13\x18\x10\x94\x0b=\x8b\xc2\
\xe2\xda\x03\x9c\xe3E(!\xf4^G~4\x9d\x09\xc9\
0\x89\x9bL\xfb\xdbw\x04\x13G1%\xf4\xe6:\x03\
^t\xe3\x89\xd2\xfe\x126\xeb\x22\xec4#}_\x22\
\xee>@\x00\xbc\x1c\x01\x1d\x8f\xf3\x8cg<\xa3u\xe4\
(>\xee\x5cyd\xa6_\xc1\x8a\x1d>r\xcd\x90\xd8\
\xb3\x00R}\xdd\x03'\xd0\xd8\x01Mg\x1a\xc8\x00\x1a\
\x1f\xc0\xf0]\xdf\xf5]c\x1beI\x1f\x8f\x91\xfa\xa1\
\xb5\x99\xa1\xe1i\xcb\x00\xe0\x8e0\x84\xa8\x02c9\x10\
^=\xea\xa1\x1ez\x18\xb4\xac\xdb\x84L,We\x08\
;\xc72\xe66\x8aG\x03\xc3\x01D\x94\xe7=@\xb9\
\xeca\xbd\xcboB!\x9ct\x0a\xa3\x14\xb3k\xb5\x1c\
|_h\x04\xc8\xe9\x8f\x00*k\xfc\xc1\x1f\xfc\xc1\xb6\
\xa5\x5cF\x11h-\x1a\xfb\xf7\x00H\xe7P\x9c\x19G\
#\x1f_4\xa9{\x9a\x17J\xd4\xaf\xa8\x89\xad\x91\xd9\
A\x9eI{\xaeC\xfb\xbb\xbf\xfb\xbbM.\xbd\xac\xc8\
\x16o\xce\xb96\x97\x12\xef\x96fN\xd3P\x9be7\
CP7 H\x9d\xb6jh[\x06\x00\x82\xd0\x0a\x08\
\xdcV\xac\xc6X\x9f\xc2\xe3\x9a(\xa1\x98\x1a\x11h\x10\
\x18\xc5.:G\xa9\xf3\xca\x0f\xd0\xa2\xe8\xb8\xb6\xa4\xef\
]\x1e\x01kn\xf4\x92k\x16\xb1\x097\xfc\xb8/\xd7\
\xdfv\x13\xc7\xbf\xfc\xd2\xa7\x17\xceB\xd1\xfe\xb9\x9f\xfb\
\xb9\x91\x1e\x7f\x9a\x8e~$\x91!\x9eg\x01\x18\x85\xb3\
\xfe\x00\x80\xe5\xf3\x1e,R\x19\xe9\x98\x01\x1bY\xfd\xf6\
o\xff\xf6\xc8f\x96\xbcc\xdfD\x99\xf4\xa9\xd9\xce\x91\
\xf4\x01\x8c\xebxN|\xbb\xd6\xe4\x01\xb9\xf2\xf0\x80\xa7\
\xf4kj\x9eb\xacN@ \xaf2O\x18\x00\xf3J\
\x8a\xd5F\xe0\x9ecJ!z\xfc\xda\x22\xed+\xebW\
\xb1Z\x84\xe9\x1b\xfa\xf6\x1cS\xa9\x88{\x82\x89\x12\x5c\
\xc7\xa3\x04(\xe2\xe6\x81\x10\x85\x07\x00y\x8e/4\xd1\
Wq\xed\xa7\xa5\xde\xd5\xf6\x8e\xb9KB\xd2\x8b\xff\x89\
\x9f\xf8\x89\x91=\x84\xe4\xcfl\x9aku@\x9b\x07\xab\
\x97E#\xcdW\xac\x9d23\xf4K\x1f M\x81\xa6\
!\x1d\xbe\xc4\x01\xfd\xb9\xe7\x9e\xdb&\xab\xd0\x8e5F\
\xa1\xe5!G\xe3\xf1\xb8\xe5S\x86sF'\x9a\x02\xef\
$\xf0F^x\x92\xdf\xb5:\x86\x16~\xcd\xa7\xdc\xe1\
\x0ewh\x1e\x0e\x00\xe2\xa9,b)O\xb2O^\xe9\
\x80`\xde`z\xbdF\xa6\xce7\xf0\x00\xcb\x00\x10E\
R \xa6\xb8\xb4\x1f\xfd\xd1\x1f\x1d\x9b\xa4 \xa4\xf4\xc4\
\x1f\xf1\x88GLm\xe2\xd0\xbb\xb5\x80\xa7Wp\x5c\x9e\
8\xcf\xc3\xd42\x00\xcc\xc7\xbbGC^\x15\x8eg\xf2\
n]\x93P\xd3\xc8\xfe*2\xb4N\x00m\xca\x08\x8d\
t\xba\xe4\xad\xcf\xcdg\xcdG\x86x\x5c,\xa5\xf6\xed\
\xbf:\x12:`\x05\x149\x7f\xd9\x97}\x99\xf1\xf9\x90\
\xa5+\xa3\x9f\x5c\xf2\x1a\xba\xb6\x97\x99R\x9c\xbc\x80%\
\x1f%j\xcf\xd1\xac\x19I;\x9d\xeec\x1018t\
\xe2q#\xab\xfaO\xd2\x88|)\x9e\xbc\xc3\x9f)g\
\x1d\xdc\x9a1l[\xdfFW\xc97\xaf\xd3\x13\x02@\
\xdcJ\xde\x90Uoy\x9f\xb9j\x95\xc1\x10\xa1qo\
\xbf\xf0\x0b\xbf0c<\x05aH~J\x8a\xc2U\xd6\
}\x94\xbf\x11\x93=\xc3\xfd\xb5<\xf1\x04\xe8\xe4\x9a\xe0\
X\x94\xb3x\xe9\xd2g\xc1\x07\x00\x13\x8e\x995\xe3\xea\
\xde\xc5\x13j:\x80\x94\xa4~q\xb9\x9e\x01\x89\xf4\xf1\
\x04^=s\xef\x01d\x14\xa0\x5c@\xb3U\xad<\xe8\
8\xf3.\x01SF\x19\xca\xa9\xb7\x96\xe3j6\xdb/\
p\xd0@/\x1dH\xb4\xf0\x8d\xe7\x1a\xc66/\xa0\xfc\
x]\xf4\xf4\xc1^\xf2\x92\x974\x19D\xce\xce\xee7\
\x92\xed\x96\x17\x84T\xe5[\x85\xaa\x02\x83\x1aJ\x8d\xea\
\xb3\xeds\xccVyW]\xcao\xcc\xd5\x90\xac\xad\xa4\
\xa9\x0a\xb5{Ae\x0a m\xae\xbc\x18nq\x9ey\
/\xe0\x9e\x92\x04LJ+\x94\xc0g\x1e\xa1E,\x09\
\xd29\x94WJi\xa9\xd2\xd4\xa0\x8dW\x81\xc2\x95\x07\
\x04\x9e\x8b\xf7\x96\xb1&\x95\xc6\x86}\x09xD\x8b\xc0\
\xa3\x88RZ\x8b\x8b\x02\xd0U&\x9a5\xa5<\xa8\xc5\
\x22+\x05\x82\x09A\xc7\x85\xab\xaf:R`y\x83#\
h(\x13}t\xdd;\xd0pV\xefZ\xafP\xce\xe2\
\xf0\x1d2\xfc\xc3\x03:\x82ki\xf1a[\x5c\xe5&\
\x14\x88\xda\xa5\xe1e\xbd\xfe\x9e\x9a\xbe\x8e\x9c#S\xfc\
.\x0b[\x06\x80\x0ab\xc8\xb9\xda\x9b\xab/\xa9@\xa0\
*\x9a\x0e\x15\xe5\xfb\xd8B\x5c\x98\xc0\xb8\x10\x14\x12\xa4\
k\xa1\x5cV{}\xcbmo\x85\xd9\xf9J\xc4\x1b\x88\
\xc7\x97\x00\x08\xf8T~\x04\x1d!\x13\x84g6\x95\xac\
\xad\xe3\xc7\xd56\x1f6\xc5\x5c\xd6\xd4\x94C\xc0\xf8\x08\
-\xf7\x01#\xda\xd2)\x93B\xaa\x7f1x\xfc\xe3\x1f\
\xbfR[\xccN\xe4\x95\x87\x92\xc9DP\xbe\xd5\xc9\x9f\
\xf5Y\x9f\xb5?J\xea\xe9\x06Px\x93\xd6F\x18@\
PF\xb5\x0f\x0f\xbd\xc1\xb8FC\xfez\xbf0\xf9\xca\
\xaf\xfcJ\xffLh\xa0L\x9d\x94\xa9C^\xdb\xe3N\
\x1a\x03\x15\xc8\x22F\x95\xb8\xf9\xf3\x96\x01\xc0\x9d\x10\x80\
9\xf4\x1a\xce\xd4\xa4\xd9\x95\xcd\xaat:(\x5c\xe5k\
a\xe6\xd0\xdb5\x0c;\x84T:V#\x9e\xc7\xd0\x81\
\xb44\xcb\x16o\xac\x22\xa0\xe8\x19\xec\x15,>\xf7\xfd\
9\xe9\x09C@?\xde@\xd9\xa1\xab\x0c\xfc:W\x99\
<\xd8a\xc35!@\xa6\xd8x\xaeX\xbe\xb2\xd0P\
w\xcf\xe4\xe7\xe9\xbe\xe3;\xbec\xe5\xa1\x0f}\xe8\x04\
\xa0\xa4U\x96r\x81&\x9d[\xe5}\xe1\x17~a\x03\
K<\x0a\xfe\xc8\x22r\x91\x97l\x9d\x19C\xad\x0c:\
\xfb\xdf\xff\xfd\xdfG\x01-\xaf\x12O \x9d\xfc\xe3\xf1\
\xb8\xd1\xc4\x1b\x03C\x8f\xfc\x19T\xbd}\x9dZ\x05\xa5\
^h\x08\xa9S\xbb\x99\x0b[\x06\x80\x8a\xb1\xf4?\xf8\
\x83?\xd8Gy\xbd\xa0]\xdbV\xb5\xa6O\x9b\x00\xc2\
0\xa5\x10\x02\x060I\x88\xce\xb5\xda\x85\xfb\xb5\xcaF\
O\xdd\x02\x90-\xbb\xfc\x9e\x7f\xb4r\x10\x80\xb2\xe7\x9f\
\x8b\xc3\x9f3a\x95\x80\x86\xb6\x93\xd5|\xe5Y\x94\x91\
\xbcQ~\xbc\x92t\xea\xa0>,\xb1\xc6\xfa+f\xf2\
\x94\xd9\xb7\xd9\xf2\x8b\xc3S\x84^\xe3~\xbb\x91?\x5c\
S\x89N\x14+-9\x05\xa0\xbc\x00c*\xefz\xb8\
x\x9c\xa49\x89\x05\x07\x88\xd2[\xa6V\xfd\xaf\x15\xbc\
(\xc7\xb3\xd4\xdddW5%\x13\xe9\xc2?~\x96\x86\
y\xabJ\xc6\x9c\x09\xc7!\x9d\xf9\xeb\xda\x05\xa3u@\
\x8a`;\xaa\xc2\xed\x5c\xa8\x9cZ\xc6\x14\xf4\x13v\x86\
A\xb9F\x93\xd5y\x1bg\xf8\xe3\x15o\xb5\x93\xed[\
z\x15&\xe0\xf0#\xad\xca\xa5\x12=\x9f=\x8f\x89\x8f\
\xb5;\xa7\xd3\x14\x1a\xf10\x80\xab\xd3WJh\x1d\xbb\
\xf0^\xc2o\x1d\xaa\x12b\x8b/\xc0\xb4k\xf5J\xba\
RV\x9b\xbd\xab\xf7\xf2#\xcd\x86r3\xa4M\x07\xd3\
}d\xa5l\x16\xeb(\x85\xdc\xae\xde\xf3/\x1cU(\
'e\xa5S\x88\xc7\xb2\xe6\xf6;<2!\xbf\xf9\x0e\
\xb3\xf5\x83\xe68\xf0\x87w\xfc\xa9\x17\x9e\xabi\x9a\x16\
/M\x17\xe9\x10.\x92Y\x03\xce<2\xa0E%b\
Y! \x9d\xed\xd7\xf5\x9c1\x04\xe9\xd0\x9cv\xa8\x10\
\x09f\x13\x16O\x99\xdca\xda)\xe8\x86v\xd3\xa3V\
\xbf\x96\xf5\x1f\xf6\xbc\x96\x7fi\xcb&\xae\xd3\x0e\x87\x1f\
\xe5\xa3\x1f\xf4b\xb6\x7f\x16\xfez`\x88\xcb\xbd\xbc\x80\
@\x08\xe2)\xcd~\xc2f\xde\xf0\x12o\x84GA=\
\x08)n\xd35\xab\xea=\xd8\xa1C\x87\x0e\xd6\x07(\
m\x11\xa7\xf4\xeaEV\xd2\x08\xf1\x1c\xe9\xb4y\x8eF\
\xcd1\x9cY\xdb\xca\x1d\xa4P\xf7<\x92 \xaf{e\
\x09\x00\x847\x8bbWWW'\xe8%-\x19)\xd3\
\xa1N\xd5\xf1\x1c\xf3\x04\xea\xab~\xd2)\xcf\xd9\xd0\xb3\
\xfa\x03\xado\x92>X+`A8\x06\x00a\x04S\
\x09\x88b\xa4z\x99\xa3z\x8b55q\xa2\xc0\xb8\xbe\
(\xc2\xb2i\x82\xc1\x90\x8a\x05\x1c\x11\xacx\xff\xf7\xab\
c\x0d\x10j\xf2bP[\xa9\x8c=\x97\xfe\xc6\x06\xe5\
\x01+\xde\xf1\xdc\xd0]\xd7\x04J`\xb5\xd3\xd8\xb8\x84\
r8/g\xd45^C\xd9\xfa%@MI\x0e\x00\
A\x93\x00=\xab\xe5\xe1\x83\x1a\xefs\xbfM1Bd\
\x13:Q\x96r\x95\x1f\xe3\xa8\x89\xb2I5\x8f\xab\xfe\
K@^\xe2\xfb\x10\x19R\xb2:\x00B\xf5\x07\xa6\xd5\
\xdfjmy\x80\xad\x5ci\xf0Sc\x7f[\xd4\x0d5\
\x03\xea\x92~\x8ck\xd3\xe3\xf6DP\x8e\xfa\xd3\xd5\xd2\
\xd0[\x90\x8a\xc7\x85\xe5\xec9\xa6.\xbc\xf0\xc2A&\
}\xb8\x9b\x228\x9b\x8e4\xbb\xe5\x85\x85\xb4\x18\xc9D\
\x08\xe1a\x82G\xb0\xf5\x8b\x19:\xf9\xcab\xa6\xcf}\
\xees\x1b\xe3\xd2:\xf7|l\xf5Z\xbe(R\x1e\xe5\
9\xe3\xbd\x9f\xe9\xb3\x86\xc08\xb9\x048+\x9f\xdb,\
\xc1\xb6:\xc4\xe5;\xe3\xcf\x91ywg\xcd\x9eW\xbb\
i\xd2\xd4)\x06\xa0<\xd7\x91\x97g\xe1\xa1Oc\x91\
\xe7\xb8\x9aI\xe5\xa1\x8f\x97\x94\x8b\x0fqiZ\xf1\x86\
\xdf2\x96F\x97Gq\xa0\x97fQ\xbdk+\x1a\xa3\
\x82c&\xa7RG\x13F\xd5\x99\xdc/=\xfdEV\
\xf3\xb2\xbeA\x13\x80y\xa1\x07C\xf5\xf8G\xd5\xfe\xb7\
\x1f2\x09\xf1\x10q\x81:\x80\x19\xea@)\xd4aX\
:\xf7f\xe3jf\xee\xa8\xcd\x99 \xf8@\xf5\xa2m\
\xb6\x08\xd9\xd28\x9fh\x08X\x80,\x96\x9f\x1994\
\x8b\xefa\x81mM\xdf\x830c\x9d\xf8\x937\x02\x89\
\x80\xd2\x1c\xa5\x19\xb3\xeb\xd7\xa1C\x87\xf6\xf8\x93H\x9a\
\x03\xf9b\xad}\xb9\xca#7A9\xd2\x08@Q\x16\
\xbb_\xbd\xe3=<S\xef\x94\x9ft\x9e;\xccS\xd8\
\x0c[]x\x16i\xc5\xa3\x15\xa0\xd7\x10\x93Q\xb6\xe7\
x\xebi\xf9\xbbz\xd5\xf9\x88\xf4\xe4\xb2,\xdc\x00\x00\
I\xa8\x92*\xa1B5N\x9fT\xdb\xbf\x96J\xc5\xa5\
\xa42\x964W\x07\xe9\x5c\x0cP\xbeC>\x8cqG\
\xfe\xf4m\x8c\x0a\x89*Ro\xc1\x06\x84!`|\xde\
%.c\xb6\x8f\x8f\xe2\x03\xd8\xb8_\xb4\xb4\xeb\xdc\xb9\
\x1e\xb1\xdd\xc6t^)\x5c\x90\xbeo\x17\x03\xe6(\x9e\
\xebO\xa7\xd1\x10\xae\xdeu\xac\x98k\xf7\x5c^\xf5R\
\xef\x80;\x00\x0e\x98\xf0A\x0e\xf8pH\xaf\xec\xaa\xe7\
\x91\x1a\x11\xb4/\x7f\xc2\x07@\x0a\xe8\xc9'm\x80!\
o\xbd\xe0Z3GBf\x0ei\x02\x06\xf9\xaa\x138\
\x22K<K\x1fYxvE\x0d\x09\xbd\x03Q6~\
\x96\x85\x19\x00\xfa\xccI\xacPJ\xf3\x92\xc5\xdb\xbd\x08\
!i\xa38\x15\xabv\xee]\x0aS\x09\xcf\xa1\xce}\
)a_\xcd\xcd\x1f\xee\xa75\xab\x1d}BMg>\
\x82\xa0#\xcce\x0cn\x16\xaf\xac\x94\x17\x17\x89O\x0b\
?\xfcNV\xa7\x8f\xd0\x94\x13\xe1\xa2\x19\x81\x12\x0eE\
\x00\xad\xeb4\x1d\xb6\x90\xb1\xd1D\xbd\xe4\x99\x98\xdb\x00\
\x1at\x00+\x02u\x8f&\x19\xa9\xb7\xfe\x858\xa0\x90\
>\xcd\x02\xa5\x03\xba\x9dK\xaa\xde\xadJq\xcb\xb1l\
\xf9\x04\xb4\xe3=\xcd\xeeY=\x84\xb6C\x90\x8el\x95\
Q|M\x0a\x00\xbedn\x00p\x0e\x1d\xefjx\x01\
!y\xdb\xcd\x5c8\xc6\x03\xc4\x1a\xfaL\xd5F\xef\xf7\
\x81Ez\xd3\x88aZ\x88'\xe0\x86\xaa\xf0#\xb1\x10\
\x15\xc0\x08\xf4\xd6\x84\xe1\x95\xdco\xdc\x932\xaa\xddz\
~\x09\xe5Z\x02r\xc4\x93\xcc3\xb7\xec>J\x0f\x10\
{\xf0\xba\xce4o\x95}\xd8\xd4jz\xfa\x11\x10\xfe\
\xf1!m\xac\x10\xcf\x94&\xde\xd7\xc1\xb5\x0aw\xa5\xbe\
\x04\x9a\x18\xbfK\x97:\xe3)|\xbb\x0e\x80\x94\xe3U\
\xb0\x092AYq\xcb\xee\xc9\xc3\x9c\x80\xfd\x03S\xdf\
\xf0\x11\x05\xbb\xef\x15\xcdhj\xe455s\x19^\x03\
>g4m\x84\x11\x17\x8f\xaexup\xae\xb9\x8ei\
\xea\xd4\x98Z\x10f\x00Px\x0e\xe9\xe2\xc2\xcces\
%i_=#Pi1\xa5\xa2\xee\xab\xf0\x83\xe3\x10\
l\x00\x00 \x00IDAT#\xd2`\x82\x80TD\
O\xd4\x5c;\xe1J'8\xb3\xa8r[\xd7\xb0\x8c \
~\x01o\xc7\x15\xa5\xad\x8ceTs3\xaa\x17#m\
\xa6\x8fe\xe7\xf5\xb5:\xc5*{%\xa6n\xea\xa4\xa7\
^\x9d\xbe\x95\xeaDM\xfcH\x8aU\xab\x137+\xa8\
W\xbcV,\x9f\xa25u\x9a\x1c\xb2b\x18<\x85\xa0\
\xeeiR\xcaK>\xa2:\xcc3>{\xabG7^\
H\xbc\x83|\xc9\x10\x00<\xc3_\x0c\xc93|0>\
r\xa4\xf4\x00I\xd9\xf2\xf3\x00\xe1\x7f\x990\x8f\xf1\x00\
\x88\x22D8\x88\x22\xa2\xe3\xe6\xe8\xad\x85@1$(\
,\x8a\x17O\xc1\xf2Z^U\xb3\x86S\xae\x88\x10\x82\
vy\x0c\x17\x8b\xd9k\xc5G\x98*\xd6WNy\x8e\
E\x01-<\x06\xed\xee3Wn#\xc8\xdannM\
\xc73\x96\x16\x1a\x80\x1a/\xa7ny\xeeLx\xe6\xee\
\x0f\x1d:\xb4b5\xaf\x8f[\xf0\xc7\x03d\xa2'B\
O>uUwy\xd1.\x8f\xd7\x16\x84\xa0\x8d'\x80\
K\x99\xeb\xf5\xbf\xb6\xd6K\xb4\xb5\x82\xf8\x88\x17\xf2\x0c\
M@A\x13\xb0\x94\x89\x0e\x05\x02\x96\xfa&\xbd\xb4\x91\
U-bi\xb3\xb0\xee\xd3\x0c\xe0'^\xd8\x90\xd2\xb3\
e\xe1\x06\x00\x90PA\xa9\x80i\xdb\xb4\xad\xf3\x0a\x91\
\x06\x00T\x12\x83A\xad\xeb\x9au\x9bX \x91\xb63\
\x82O%\xea\xfc\x91\x1d\xa1\xaa<\xf96\x0bh\x0a\xb1\
\x5c\x82\x8a\xb0\x020\xcb\xa8\xeb=ES~\x00K(\
\xb1..\xd5}\xac\x13/,R\xf9>K\xf7m^\
u\xfa\xda\x163\xf8\x8e\xb5g\x84\xb3\x11\x8f\x80\x806\
\xafS\xc3E\x1bR6\xc1G\xf8dUr\xba\x86\xf7\
\x8b\xf1\xf4\x8a\xf1\x5cX\x07\xca\xcc\xda\x8d24+\xa9\
\xbf\xe7I\x83\xff\xa2\xf9x`M|o\xa8@\xa4i\
R\x8feaa'0\xc4\x14^\x1d\xc0i\x5cX\x00\
\xd0\x17\xa2\xe2\x00 \xb8\xc6\xa8|\xd5y\x19\xf1\x1cB\
\x5c\x9b\x0a\xa3\x8d\xa1:_\xe3Y*\xd6\x12n\x10z\
\x01%Y\xf8\xa0Ps\xfb\xf56m\xecO\xa1\xc6\xeb\
\x82<\xb1\xb6\x08!\xe0\x0e\x90\xa2\x84r\xfb\x83r\xfb\
\xfeN\xdexbei\xa26`k\xf6\xa8<E\xfb\
\xc6\xac\xeal\xb2\xec\x9e\xca\x06,\xe5\x91\x8b\xa0\xdf\xc3\
\xa3\xa4#\xd9\x83\xa3/#^\x11\x1f\xbcjM\x08M\
\xc9TP\x1fG\xe4Q\x00\xbe^\xbfB\x10\x87f\xf4\
$\xaf\xe6#i\xfb2r\xbdt\x18(\x81\xf9\xe4X\
\x13\x22*\x13K\xc6\x5c\x84K\xc1q\x8b\xe2L\xbb\xd6\
\x92\xe55\x16A\x08\x98\xa2\x00y\xd0\x01\xa8:\xb7\xef\
\xe6\xb7\x0a\x80\x94\x1b\x05\xb2z\xaeR\xd0\xfe[\x0cQ\
S\xa8\x87)\x1f/i\xb3=\x97G9\xe2\xe2\xa5\xa2\
\x5c\xcf\xc6\xe3\xf1\xa0\x96^\x0f\x0dg\xa5#\xecX\xa9\
\xfb\x94\x13\xa1-:\x97\x978C\xbc\x8eoM\xc0\x5c\
\xea:2qM\x16u\x7f\xad\xfeB\x5c8\xb9\xf42\
\x95\xae\x97\x07\xf9\x90g\xd1c\xc9mV0\xa0\x89\x92\
\xabN\xd7\x17\xa8*\xe9\xb1k(\xd4\x93\x9cy\xbd\xf4\
\xbf\xe4\x9f\x0f7\xe8\x04J\x10\x84U\x07pb8\x15\
\x049\xe7:\x84\x10\x8fK\x8d\xcb\xd4qa\x91\x98\xe8\
;A\xf2\xc8\x0f\x99U\x91\xbd}\x931\xcf\xd8\xfc=\
\xc1\xa0%\xc4\xad+\x97\xb2\xcc3\xd4\xbb\xfd\xf6)9\
\xfa\x94'm\x84\x14\xa1\x8as\x10\xba\xb2)\xa3\xe6\xd4\
\x07\xdf\xf7}\xdf\xb7\xc7n \xe1\x87G\x8b%\xa9_\
\xc00\xcfS\x7f_t\xcf\x04\x14\xf2\xd2\xf9\xc2\xa3\xf2\
\xc9\xc4y\x9d\x97k(\x7f^\x86y.\x1e\xafQr\
\x00\xc4\x8d\xd7\xd1\xde\xf3\xc7\x00B\xa3\xbc\xcb\xf5\x9a\xa8\
x\x99\x9e6~\xe2\x0d\x97\xf1~\x8c\x07H\xe6u\x17\
=[\xa8\xa8\xd0\x08D\x1a\xf7\x98#0\x07!\xa9D\
\x04H\xf9z\xc5Q@\x90\x8e\x09\xd7:6\xc5\x5c\xdb\
;\x07\x9d\xa4[\xc6\xa4\xf8\x94\x9bk\xca\x13\xca\xd3\x8c\
\xec\xdc\xc1\xeb\x08\x94\xa5\xe2QzO_\x1c:@\xa3\
}\xf4>\xa2:|+\xb6w\xc7\xbbz\xa7N\x80\xd2\
[c#\xbeA\xa8Y\xd23\x00[\xd9\xe6L\x94\x11\
yF6\x95\xfd\xb4\xaa\xffG\xda\xcbuZ\xe4\x11\x85\
\x87|\xe2\x92\x9f\x12\xb3r\x8a\xec\x85\x9cK\xf1\xef\x03\
X\xdeM9\x89W\x17\xbc\xe0\x03\x18\x97\x85\x85}\x00\
\x0c(\x9c\xfb\x083A\xa9\xfb\xfe\xda}\x00\x03\x08%\
\x88\xb1v\x90\xf0\xd2\xee\xf6\xa8'XS\xcaU\xa9\xd3\
0\xa5\x9cy\x01,bV:\xca\x91V9\xdc\x9b\xd9\
\xc5\x9a\x0f_\xf3\x9a\x17O\xe2=\x8f\xa2\x93>\x96\xe4\
\x9e\xa5\xf0\x1c\xf6#\xf2^?\xcb\xb9\xc2\x8b\xbch\x05\
\xe0\xe2\xe3y\x16\xf1\x95\xb8j\xa7_\x98\xe5\x5c\xe5\x89\
\xcc\x9b\xcc^\xe4\xc4jK\x1e{+\xfet\x0a\x11\x17\
eE\x9e\xb9G3q\xae)\x1f`\xfb\xe09^\xab\
N\xd7k\xce\xe2\xa5R\x96\xb4d\xe6\x90vY8\x06\
\x00\xf3\x09\xfb\x8eG\x08\x05\x00qU\x14\x91t\x0a\xa9\
6p\xd5\xf2\xa6^Y\xbd%\x01E\x09jZ\xd6\xb2\
7\x95\xdc\x8a\xa5\x05P\x84\x87\x17\xeb\x12\xfd\x1e\xde\xc2\
\x12\x0a\x15\xef\x88\xb2\xc4\xa1\x1fpQ\xbcC\x1a3r\
6\x896\xd1\xc3r\xd2\x87qN\x1e`\xc2\xab#\xee\
u\x99\x10\xc5\xab3\x00\xe0\x13\xc0\xab~\xb36[\x9c\
rKN{+\xfe\x8ei\x9eb\xe1\xa1\x1b\x00$>\
\xbc\x1b\x91\xa4^\x89Cs]n\xd7\xf7}\xb0\x1eX\
i\xbe\xe8bY\x98\x01@\xc6\xb4[\x12\xbb\x86\xba^\
9=B]\x13\xb2!JF\x09\xf2\x11\x82v\x10\xa3\
\xa1\x89\x01\x15\x88 \x8d\x0e\xaa\x19xi\x84\xcd\xda\x02\
\xac\x9c\x03\x0e\xf79\xd0\xe7\x0e\x0d\xb5\xeaM\xd9\xa4\xc6\
\xfc\x0d\x0c\xe1\xbbWT/\x5c\xd7\xeaA \x16TV\
o\xbf\xfd\x09\xd4\x10P9Q\x08\xfax\xc1\xb7x\xd7\
iB\xe2\xe5\x92>|r\xb3u\xec\xb7TN\xb3\xa7\
\x0c\x9e\xb3\xbc\xc0\xc5=\xc0\xd7\xe9\x9cV\xf29\x9d\xbc\
\xd2\x09E\x07\x7f\xe1\x11\x0f\x02\x1e\xf0,_\x9a\xb4\xc8\
\xb4OS\xd7\xd7\xcb\x1b\x10\xa8\x0by\x84wy\xc3\x87\
\xb3\xd0\xdf/\x1c\x05\xc8\xdc'\x8c@B \x0c\xbb\xc7\
\xa4^x\xc0\xc1\x1bd\x0c\x8d\xe1\xd0\x91'(f!\
\xbe$&T\xf9ze\xb5\x0c\x0bB\xe6\xd6\xb5w\xde\
L\xd6<\x7f[\x9b\xc0\x82#\xa8\xb8I\x80K\xc5\x09\
\xda!\x0d\x85\x9b\xe5\xcbX\x1fX\x95Mi\x9b\x85\xde\
\x8a\xc8'\x86!\xbe\x86Z\xf74\xedJ\xb1\xe2\x01\x00\
P\xd1\xee\xc1T\xf5\xdf[\x13c\xa7\x93\x83\xb4\xe4\xe7\
9z\x91U\xf8\x88L\x9c\xa3\xcc\xd0\x92V\xb9\xebz\
j\x00P\xae\xa3\x979Z\xeb\xc0[Z\xbd\x1bt\x02\
S \xe6\x5c\xe7\x8cB\x18\x16\xef\x88eR\xa8\xc2=\
\xf7~?\x8a\x08(\xa4\x8d\x90\xc5\x11\xbc\xc5%:M\
*\x12`-\xe5\xb2\x1e\xb0ne\xac\xae\xae\xda2\xa6\
\xad\xe9\x13\xd0\x08\x88\xd0\x89`\xa4\x8dp\x81\xc7\x94i\
}\xbaek\xb8\x89\x99\xc8\xf5\xa1hK\xcfb\xb6\x1a\
\x22\x03\xf4#\xdcZ\xdbx\xa9\xf7\xfd\x11>`\x02\x81\
\xd0\xcb\xa9\x80\xf2\xd2j\x22\x9f']\xfaG\xa9\x7fd\
\x90\xf4x\xf7\xcc\xbdsd\x19\x99w\xb4O\x99\x07P\
\x80\x22_\xe6h\x96\xd5\xef\x18\x00$c\x14\x8f\x80\xa0\
\xd0E`\x088\x00\x80\xc5\xa9\x14o\x10\x81Rz\x98\
'0J\xc4,\x0b\xd0q\xd3[F7\xc2X\xc6\xa4\
x\xf9l\xd5V\xd3\xbc\xed\xf5.\x97\x97\xcay\x86~\
\x84\x15z\xea\xa3,MU\xbd\xd5\xb3\x86\x7fp\xa0^\
C\x07\xa0f\xd0\x04\xf5\xd8\xec@\xbfO\xab,\xa1\xea\
;\xaa\xf7\x1d6yluUg\xe0\x02L\x01/\xf8\
#\x13\xc3Cu&\x07\xfcG\xa6\xa1-}t\x10\xd9\
\x92}\xd26\x82\x15z\x83\xa9\xe7\xa7\x04\xe8\xce9\xa4\
\xe1\x1d\xeb5}<E\xb2\x1fs>\xa6\x138\x8f$\
\x02V\xa1\xa0^\xce 4\x0c\xaat\xf5\x03\xbcu\xda\
\xef\xb9\xf6\x10\x13Q\x86t*\xa1\x92\xe9\xac\xb9^_\
\xf00d\x9d\xe9\xc1.\xe4p=\x92K\xb5&\xd1\xca\
#\xf4U\x8e\x22\xf1\x97>\x00\xfe\x09<eQ>\xfe\
\xec\xf9[o\xf7\x86\x94\x0f\xa8\xd2\x05<\xca\xcf<\xc6\
F\xe5\xc7\xba\xa3\xb4\xf47\xea\x95\xed\x07j4\xb2\xa6\
,\xbc\x04\x18i\xb7\xf1#\xdes}\x1f\xfd\xa3\x00\x85\
lz\xe5G\xa6\xf8\xe8\xe5f\x9c\x1f\x0f\xda\xa7A\xbb\
\xeeOY?\xb7z\x85?44y<\xdfF\xe1\x06\
\xc3@\x15U\x08b\xd0\xa3\xfd\x14z\xef\x10\x82\xd2\x89\
\x87\xfej\xfb\xf7+\xbc\x98\xd9/\xaf\xf8(>\x16\x19\
\xe1\xc8ohS\xcb\xac\x8e\x02\x82\xf4\x9b\x054\xcc\xd7\
\x13\x04\xba\xa9\xb4|\xf2\x13\xaa\xb8\x94\x15\xefE\xd1\xb5\
\xe1\xc3\x8a\xcd\xa4\xc5\xc9\x9b\x11\x82\xfeJz\xfe\x9b\x95\
\x9f\xfa\xa4n\xd2\x1b\x89\xd4\x02\xcc\xb3\xb3\xd1u\xea\xeb\
Y@\x19\x85\x95\x8c\xfc\xbbh\x9a\xbeI\xe4\xec9\xbe\
\xa28\xf7\x09\x01\x07=\x98B\x16\x22s\xcf\xd6\xd3\x9e\
\x92\xf9\x87\xe4\x0dX\xe5\xf3v\xb3\xa79#\xbe~1\
\x03@29;0e\xf1B_\xb0<\xb1n\xd7\xa9\
\xb0\x91@\xb5\xfd\xaf'\xfcB\xfa\x9d\xfag\xae{\xab\
\x08\x0dy}\xd2]k\xe0\xcf\xd2'\xd8,\xb0\x82\xf1\
x<\xaa5\xf6\xcdz\xe5\xa7\x0c\x82\xa6\xd0\x80(\x96\
\x89\x17\xbcz\xee\x15m\x0d\xd3\xc6\xf8\xe09Xc\xfa\
\x0eI\xb3Y\xf9\xe8S^\x02\xf0\xd4[\xba\xab\xeb\xdd\
\xc3%\xe9Ox\x16a+\x97\x0c\xd1\xe7e\x0a\xec\xab\
\x9a0<x\x86\x07\xc1\xbd\xba\xf4\xc6!^\xbe\x04}\
\x96:\xceq/\xadg\xcaY\xaf\xf3m\xc9/#6\
t\x1c\x0c\x85\xfe\xca\x03\xb4\x0fF\x97\x85\x85\x00H\x86\
zs5\x22\xec\x14\x88H\x0ap\x96\x0e\x12u\xfcX\
4\x01i\x02\x82\xce\xd0\x89k$\xa8\xb82\x15\xb9\xe2\
#_\xb2\xbc\xd9\xca\x97\xcd\x02\xc5\xd6\xfb\xf9Iu\xe2\
\x86e\xd1\xcd\xd2\x09\x98\x87\xca<\x04\xdaq\xedx\xf1\
\xe6\x0do>\x04\xa9/n\xaevM\xf0\x9e\x01\x94\xd9\
\xc44#x\xdd\xe8P\xdf(M\xba\xca7\xaa\x91\xcc\
9\x96\xc9\x93O\x0c#\x8a\x8b\xf5\xae\x03\xc0\x9a\xca\xa9\
\xf6?^(\x00\x9e\x07@d\x16:\x94\xac\x1e\xd5_\
i\xcb{\xe4\x8b\x1e\xd6\xcb<\x85\xec\xfbQ\x852\xc8\
\x8b\xf1\xd61\x99\x07W/\xeb\x19\x00\xa2\x18.\x11\x01\
\x95\xb5]\xab?j\x09*\xc4z\x14\xa4\xe0 Q;\
\xe3\x95\xb1\xb5\xec^\x1c\xd5\x8b\x8b\x17P\x08\xe1\xa63\
\x88\x96\x8a)#\x96\x91\xa6\xc5\xbb\xee\x9a\xc7?W\x1b\
\x1f\xa1\xc4\x95G\xb0\xf2\xba&\x0c\x8b3\xeb\xe3\x8c\x15\
\x1b=\xa2\x1b\x17\x1e\xda\xca\xc6\x93\x10\x10h\xa2j\xfb\
\xd5\xb5zW\xbf\x8f`\xf0\xc0*\xd1u& \xb4\xd5\
1\xd7\xbdB\xc5\xe3-\xde\x05\xdd\x9a\x83\xb8\xba&\xa1\
.\x11\x9fNZ\x94\xa9lV+\x90Y\xf5[&\xfe\
\x82*]_\x86\xeb\x00E\xda\xe4W\x8e2\xa2\x93Z\
Bg\xf9w{{\xea\x19\x9e\xe3\xf1\xca\x93\x9d\xa2\xce\
\xe8x\x16\xc3\xe4\x15\xeb\xb3\xf3\xf6\x0d\xe1\x96\x000\x9f\
\x88p\xc4\xd5\xc7\x9em!#P\x04\x9dQ\xbeB\x09\
\x93\xb0\xcc\xca\xd56&m[8!H\x95/!\x9d\
=\x8aS\x09\x0c\xb3\xca\x12\xe6%~\x12\xedZ@\xd3\
3@\xb0\xa0\x04-G\x04R\xd3\xb8\x93\xda\x1fg\xc5\
\xaaX\xee/\xbfi\x95\x07\x8f\xe8\xaf[^\x03\xac\xf7\
\xfb6T\xba\xf0\xc2\x0b\xaf4|\xccO\x9e\xf1\xcf\x13\
\xb0 \xf9\x94\x91:\xe2A\xdex\x1a\xf1i\x024)\
\xf5\x99\xf6\x95:ud\x03\xbcxK\x9d\x8c.(\x08\
\x1f\x16\xc6\x94\xf2\xa7\xf9\xfa)e\xa4\x1c\xf5\x8d\xd2\x16\
\xc5\xe1\xd5\xa2\x8f\xd4]\xbd\x02D\xfc\x17\xef<@e\
\xfd\xc8\x8b'\xb4\xf0\xee\xa3\x91\xda\x1ag&\xfb\xa5\x17\
2\xe6\x88\xa0\x9dUF\x85\xeb+\xda\xc1\x81\x03\x07\xda\
\x9a\xf5\xb2\xea\xd9\x9a\xf6R\xe6\x0d\xae\x13W\x85\xb5g\
\x8eb|\xf6\xe9\x13\x1aU\x81\x16_\x95hk\xef\x9d\
\xdd\xdb\xe8\xa9\x16p\xb6\xcf\xa1\xb8e\x95p\xad\xad\xc6\
\x8f8|f\xc97\xe1\xda\xcb\xcf'W%\xecVN\
)c\xb6F\x1e\xdd\x94\xad\x1ce\xe0\xbf6i\x1a\xf3\
\x08Q.\x9a\xea\x9a\xf2\x08\xd53u\x8f\x5c\x00\x048\
\xddS\xfa\xa1C\x87\xdaN\x1f\x05\xee&\x97\x12\xfaL\
6\xca\xf4\xfd\x83\xa6A\xfa\xfa\x12\xaam6\x89\xc7\xc8\
\xc4\xb5\xbc\xb9\x97\xdf\xe1\x9e|<\x8b,\xed\xb5\x98o\
.\xc8\x03\x7f\xe1\x8b\x0c\xac@\xb2uLh\x95\xe5\xb7\
k;\x8bU=\xdbF\x1d\xea\xe6\xec\xe8u\xec\xfa\x98\
y\x00\x11\xf1\x049CQ>\xf9\x86>H\xcc\xb3*\
h\xc6\x10\xb7\x8bA\xe8\x0cZ=\x8f\x87\x88E\x8a\xf3\
\x5cY\x5c\x97xn\xd2DJ};\xb0V\x9d\xc2\xf6\
e\xac\xf8\xd0S\xd1\xb8<y\x81\x01\x0f\xd6\xed\xf1\x04\
\xdaH\xe5\xa0\x19w\xac\xb2h8\x80&}\x85\x9aB\
>\xcc\xdbPj\xac\x94\xbb\x94W\x1eA<!'\xa0\
\x81\xae\x09\x1e;\x8f\xd8\xa4A\x1c\xef\x01<\xdc,\xc0\
\xc8\x17\xef\xe5\x99\x15Q\xd5L\xb4eq\x02\x9e\xc3S\
O_|\xee\xd1P\xef\xdc\xfb~\xa2\x8e\xb1\xfc\xf8\x93\
6\xbc\xf2\xae\x16|h\x82\x05<\xcaK\x1e>\xd5\xab\
s\xfbH\xb4\xd7WK\xd8\x87\xa0I\xc2\x14\xec\x9a\xd0\
Y\x82\x19-\x1f\x1b\x16\xe3\x0d\x95\x10\x06\xc1\xee\x9d\x8b\
\xd61\xe8fyU`\xb3>\x87\xe7\xd2\xe6Z\x9e\xa0\
\xd43i\xfb{\xfb\x0b\xae\xd6\x8e\xd9\x04\xea\xa0(\x0a\
T\xf9X%\xfe\xc4\xe1\xddb\x89\xa7?\xfd\xe9\xdcz\
\xe3\x83\x17\xa8\x8e\xcf\xcc\x22X\xa8xV\xe5P\x9e\xcd\
\x9a\xac\x1e\xe2\xba\xd1\xe4e(N]\xd37\x10o\xf7\
\xb04\x0f\xca)\xb0\x8d\xec\x04\x86f)}VF\xe4\
 \x0e}[\xb6\xd8\xc3\xb0>\x1foe\xf2@\xce\xd2\
\xe5\x90N\xfd\x1d\xf1\x06\xe2b\xf9d\x86\x9e\xfd\x83\xd4\
\x9dn\xf0\xa8\xcet\x13]U\xdfF\x13\xd8<P\x81\
\xae\xd1\xab\x9foL\x8d8\xe4K\xfae\x1e`\xe6N\
\x10$\xd8\xa0+\x02Wh\xb5\xef\xad\x10\xccS$\xe6\
\x14\xe4\x1a\xf3\xb9O%\x03\x8a\xbe\x99P9\x07\x1a}\
\xe5\x93W|@f\xa3F\xdb\xaeD\x19\xe1\xc5Y\xe5\
\x03\xd0\x80\xc4\x5c\xc2c\x1f\xfb\xd8\xb6\x0f\x8f\xb2\x01*\
t\xfbf\x078\x00\x94`k\x93\x85i\x8d\x0c\xeeK\
@\xdc\xbb\xfa\x03<\xaf\x94N\x95g\xe2\xca\xed\x8fj\
\x13\xccQu\xec\x1a\xfd~[\xfa\xbeY\x8c|\xa4Q\
\x86\xf2\xa2\xe0\xd4\xdf}\x7f\xf4\xc6A~1\x14g\xff\
\x1f\xb6\x7f\x02>\xf0\x17\x85\xc6\xdb\x91\x8f\xbd\x06)\x1e\
\xe8\xc9\xdb\xf1\xfd\xdf\xff\xfd\xe7\xc6@\xe4\x05\xe2M\x01\
\x10\xe2=\xd2\x02\x0a\x1f\x86\x10\x98\xca\xaaH\xcfd\x94\
N\xe8\x9eG\xf0\xa9\xa4\xb4Qx\x0f\x10\xe9(\xa7\xa7\
U\x9d\xa7\x99pl\xbc\xf4k\xbf\xf6k#\xca\xe5\xf2\
Y\xa9\xca8\xa7?\x80g\xc2PA\x9b+\xf8\xdc\x5c\
\xdb\x1c\xa1Sv\xacKyx\x8cGp]\xa3\x89\xb1\
\xcd\x18Rg\xc0\x02*\x80 \x5c\xca\xaf\x89\x9e}\xf5\
Ep\xdb\xb9[\xfd\xe4O\xbf\x05\xed\xd49\xf5Hy\
x\xf0,\xf1\xf3\x8awO.\xf8\x8a\xcc\x22+\xf7d\
\xa1\x1d//\xd46\x87\xc6c\xac\x9e\x1c\xf0Z\xef\x15\
F\xbc\x8cr\x80M\xd9\xf55\x13\x0fz\xbb\xc8F\xba\
\x00Z\x5c\x8c<\xe7\x99\x07\x10\x11w\xa1\xe2)\xc4\x19\
\x01\xa8b\x01\x98Ngk\x99K\xeb]z\x5c\xe5\xbc\
\xf7p\x1f\xa1`\x9c`\xdd;\x13\xb6rl\xf0X?\
z\x1a\xeb\xc1\xe3\x89R\xe2\x15\x08\x03_\xce\x14\x86\xff\
Z\x86>\xb4\xef^h\xf5\xc0\xeb\x15\x11W\xad\x03Y\
C\xd0[\xa9#\xc5k\x12\x22d\x1d\xc5Zl2\xf2\
ah\xf8\xa1\xf8\x08; \xc0s\xbc\x972\xd4%`\
K\x9ax!\xf1\xf1\x04\xae{o\xd8\x1b\x16\xf9\xe98\
\xda\x1c2\xa0\xc7W\x9a@q\x80oA\x0c/!=\
\xcbW\xafZ\xde6\x06\x18i\xc8,\xd7\x9bz\x80y\
d$C\xac\xc3&\x07z\xea*\xac0\x15\x0d\xdaS\
\x91T\xeeD\xcf\x01\x8b\xfc\xd9\x09K\xd3S?x\xd6\
f\x0fK\xd1m\xd3\x83\x1e\xd1\xdai\xf7*jHX\
\xe9\xfcta\x06\xae\xb8a4\xd3$\xe1\x9b\xb2\xb8\xcd\
ZNv\x9bx\x14\x9d5B\xd6\xde\x17\xe0\xdb\xde\x81\
\xdao\xca\x92\x9eB\xe3f\xdd\xf7\x0a\x8c%/;o\
&\x93\x18\x04\xb0\xe0\xef~\xf7\xbb\xdflW\xf3x?\
\xe0\x0f\x08(\xb7>yo\x1bIG'vm\xeb\xff\
Q\x14\x108/;f\xa3\x80b\xb0\xf5\x16\x1d\x82s\
2\xb9\xaf\x9e\xe8\x99\xb5|\xea<=LL\x94\x00\xda\
s\x01xnl@\x0b\x1d\xe5\x960f\xbde\xd3\xcc\
\xd5V\x0f\xeaGJGk\x13\xc8QM\xa9\xee\xab\xce\
\xda\x88\xb5\x0aF\x1f\xe1\xc5u}xa;\xf9\xd9\x8c\
  \xe7y\xf8-%\xcd\xeaVe\xdd\xa2\x14\xdb\x9a\
\x95\xb2\xee6\xef@\xb0\xd5\xfc\xace\x8e\x1fO\xf3\x06\
\x12Z7\xb6\xde\xc9\x8f~\x19@\x03\xb2y\x84\xea\xa8\
\x9e\xe7\x83\x0f\xfc\x93\x87\xf8\xb2\xf4\xd9\x1c\x80f\xaf\xde\
-\x8c\xb3\xec\xdb|\xc1\xf9\xe7\x9f?\xb4\xdd\x8e\xb4t\
\x84f\x01vc\xfd,C\x86\xcc\xb1~\x041R\xb3\
}g\xf9\x87O1}\xcch\xc0\xfdf\x08\xdf\xecy\
\xdc\xa6t\xe8\xb1\x84X\xaf{\x87-Z\x8c\x8bk\x83\
\xa6s\xedGhR\x87\xc2\x0c\xcfXI\xdc\xb7%\xe2\
\xf5\x12\xa4\xe5A/\xee?\x1e\x8b\x15+\x8fu\xd76\
\xab\xa7\x92A:Mf3-\x12M\x99\xbd\x07\x89\xdb\
f\xad\x0e\xf7I\xb7\xcc\xf2\x13\xbfY\xfd\xd1I\xff\x85\
\xa7\xad\xddVoG\x07\xac>g:\x88\xbe\xbcN\x1f\
\xd7~\x03\xc9\xc7KV\x7f\xa9\x8d\xfb\xe3)\x22\x8f\x9c\
\x17\xe9z\xf9b\xb1\xa2\x1c/P\x97\xad\xe0ZK\xf7\
\x96\xda\xea\xe4\xbc\x1aw^B\xe8\xb1T\x00\xb9\xb1A\
%\xb5k\xac3\x95@\x9fU\xaa\x808e:\xea\xdd\
\xc1%<\x91\xcf\xb7K\x08{\xfc\xce\xcdkO\x15g\
Ew\xa9O\xa6\x9d\xe5\x97\x0f\xdd\xbe.xU\x9e\xe7\
e\xfd\xd7\xb9\x97^\x1d\xd1\x07*^C\x1e\xcd\x8b\x10\
\xe1\x89s$\xae]\xac?\xcf\xf5\x89\x9cY*\xb7^\
\x80\xb3T\xfd\xbc\xea\xff\x9cYt\xdan$\xca+\xf0\
6^\xc8\x87'\xe0\xea\xbd[poF\xb4v0i\
\xaf\xbby2\xcf\xe5K\x90fYX\xfed=G*\
L\x09\xdcL\xfd\xd0\xe8R\xf3\xf0\x04(xNX\x9b\
\x85E\xe8\xeb\xe3\xe4\xa7,\xcc\x12F\xee\xb92\x0a\xf4\
\xac\xbc\xc2\xecm\x9ev\xba:pm\x81\x88\xf7\x10B\
\x14\x8eOn\x94\xd0\xd0\x8b0\x94'\x84w\x82\x020\
A:uD\xd7|\x80\xbc\xe9@E\xe1\xd2\xa1!\xbf\
#\xf4\x1a\x81\x1b\x19\xf0\xa2|_&W\xc7\xf3\xf2\xf2\
\x06\x13^\x8dl\x01CP&\xbe\xaa\xf9\x1b\xd5\xf4\xb9\
\x99>\xfd\x9dA\xedX\xb6\xe2w{d\x84F\xaf|\
q=\xff\xf3l.\x05@\x14\xefL8\xce\x08\xdb\x0a\
n<\x1e\x9fn~\x1aq\xccE\xa0\xf3\xc4\x8f\xe7^\
;,d\xb2CE\x05e\x10\xb4\xb2=c\xe5x\xe1\
\x01\xe4\xe1\xb2\x09\xc3H\x00@\x84\x1a\x17\x9b\xb0i\x0a\
\x946\xb4\x22\x084\x054\xf4\x1b\xd0W\x0f\xe9\xd0\x01\
:GB/\xd0Y\xe46_\xe8\xd3\xe0\xa5\x14\xe9_\
\xc5oA>ruV\xf7\xf4\x01jT41\xec\x05\
\xf2\x1a.\x1f,\x00\xb4\xbcdc\x06R}\x5c\x0b\x1b\
Y\x7f{\x9ez\xc4\x1as\xef\xdc+?\xc2c1\xc5\
\xe3U\xb5E\xfcl[\x98\xed\x00@_n\x9a\x14\x0a\
qP\xb42\x82ng\x02\x0bOF\x02V\xda\x08\x9e\
\x95\xa0\xdeY\x9d\xa1\xf6\x15\xae\x83\xf0\xfa\x10K\xe2)\
\xb2\xde!`\xd1\x04\xa4\xde\xf2\xc4\xab\x88Ky\xc7\x10\
\xab\x9be\xf1\xf3\xe96\xbb\xd7y\xadI\xb0\xd5x%\
\x80\xc6\x7f\x9a#\xb2\x00T\xab\xa1]\xd7\x90\xd7R\xb7\
\xcb\xcb\xf5O\xd4\x11\xaf\x14\xeez\x1e\xf4\xcb\xca>\x06\
\x00\xcb\x12\xa5\xf2\x11\x86-a\x0b\x00\xa7g\xb9Q\xac\
wY\xfe\xad\xc4\xf7\xd6\xaa\x12*N\x99\x0e\xcf\xd2\xcc\
\xa8\x18~<' V\xd1/\xc2\x5cO{\x1d\x0fE\
\x90\xd2/r\xd7\xe2\xb5\xfbu\x9c\x8f\x1eZ\xd2Y\xdf\
\x9f\xf9\x05|\x87\x97(y\x99\xb2\x03\xb6e\xe7\xcdd\
`\xe5NM\xb6\x9d\xee\x83\x954\x85\xe4\x0a\xe8\xe4\xae\
\xfe\x14[_@\x8dm\x1a\xe1\x1dAu\xfc\x0eV\x93\
q\x15k\x97'zp-=\xd9\xc5\x83.+\x7f\x06\
\x80\xb8\xf9e\x09#x\x041T\xae\xe7\xaaC\x87\x0e\
\x0dm\xa2\x00\x95Q\x8at\x9eG\x10\xee]o\x16\x22\
\xd80L\x19\x01\x9es\xca\x8d\xfbF\x8f\xbb\xf6\xcc\x90\
\x88\x17\x10\x94\xa7#\xe5}<\x81\xf5\x0a\x8bU\xa4\xc3\
e\xc9T]\xb7-=\xd6\xf9?\xb5:\x80\xc5\xeel\
\xb5\xcd\xcc{\x04D\x8b\xea\x22\xae\xe75\xd7d\x9a#\
i(\x060C\x07\x0f\xf8\xaa\x9f]\x1c,\x8b\xbeC\
d\x17\x85s\xed@M\xc6\xf8~\xf5\xab_\xbdj\xa8\
W\xdb\xc3[\xe6\xb6\x8a\xbe\xf8\xbe\xe3\x97\xa60\xba\xe8\
e0\xaf\x87\xa5}\x80\xf9\x84\xb9G\x0c\xb20V\xbf\
`\xd3a9\x18p\xb0\xa8\xb8jL\xc4\x1d\xc5\xa5-\
\xa3\xb9\xd5\xf8\x80*\xc2\x94Oy\x14m\x12\x08_\xca\
$\xc4\xbe}\x0f\xfd\x80'\xc2\xd7^\x16o\xef\x0e\xdd\
\xeaA\x9f\x91aW\xd2l$\xbc\xcd\xf8\xee\xf9\x8d\x82\
\xd0\xd3S\xd7\xfcP\x9c\x11G}\xa4\xc2\xfa/\xb7\xe2\
\xc9s\xfc\x0b\xa9\xa7:\x01\xb5a\xaf\xbc%\xf3a5\
\xc3m\xef\xa2\xb8\xfd\xcdxY\xf6|\xcb\x00 <\x07\
7\xa3P\xc2\xd6\x03\xad\xe1\xc7\xaauz\x9eQF\xda\
+J\xc1\xb8\x90\xa1\xd42&\x8e'>\x96HP\xe8\
\xbb\xd7a\xd3#v\xc6\x9bg:\x81\xac\x0b\x9f\x11R\
\x00 \x0f\xd0\x96\x12\x86\x05\xe4+\xc5\xa3U\xbd\xff3\
3\xc1t<<\xcd\xa7\xed\x15\x9f\xeb\x8c(\x926F\
\xe3U{\xcd\xf9\x1f\xac\x91\xd5U\x9ee\x02\xc7u\xc0\
\x877\xf9\x81\xb3\xd2\xf9uL\xb3xu\x8b\xab\x9f\xe7\
a\xab\xf7[\x06\x00\x82\xbd\xfb\xcd\xd0\xc4\xa8\xa0\xfe\x12\
\xdaV\xdd\x86y\xee7\xedw\xdc\xd1V\x19\xda(]\
/X\xc2q\x04\x00\xd5\x0f\x98\x96\x90N\x0d(X\x07\
+\xf3\x5c\x5c,\x1a}\xd7@\xa1\x03X\x82|\x9fz\
\xb9/k\xbc,\x00\x08\xfd\x8d\xf8Y\xf4\xac/\xa7\x7f\
\x8e\x0f\x01]\xde\x93\xc7\xc2\x9f]\xc7u\xfc\xa2P\x8a\
N\x88' K\x06ef\xb0\xe6>\xda\x87-\x9a?\
M\xdf\x8d\x0d[\x06\x00f\x1c\x14O\xd1\xe94qc\
5s6\xd1&\x01\x03f\xe3\x090G\xb8A{\x84\
\xba\xe8\xbcYE\x22\xd8XE\xee\x9d\x95A\x18\xc5W\
\xdb\xa4\x81\xb0\xf0G\xc0\x09\xd2\x01\x02^\x5c\xe3[\x93\
%\x84\x96\xce$\x17+\xcc\x97\xb3\x88\xe7>.\xe5$\
_\xee\xe7\xe3\xc9\x86%s\xe9\xd5\x83?\xe8\x1f\x82\xae\
\xe5\xc3_?\x81\x95\xbc@!\x8d:I\xa7\xbe\xf8\xef\
;\xc6\xf3\xe5m\xf5~\xcb\x00\xc80\x03R\x091\x82\
\x04\x06\xccT\x1b6\xf1\x03\x05\xfb\xeb\xe9\x90\xa5\x03\xd6\
#z\xabL-JGI\x11\xf8\xa2\xe7\x00P\x13'\
gJ\xe7\xa8\xb6\xbd\xcd\x05\x08\xb1\xbe4\x0f\x9ek\xff\
3\x07\x10\xa5-\x02\x80\xfc\xcb\x94\xda\xf3\x11\x10%=\
e\xf6G,<\xf5\xe0\xc6\xcbs\xb6\xfd\x83\xc9J\x90\
>e1\xa4\x04\xb2\x96\x06\x0d @\xc3\x19(\xd4\xad\
/\xbb\xe7i+\xd7\xc7\x05\x80\x9e!\xd7i;]\x03\
A\xbd\x8ch \xb0q\xb4\xfb\x0cK\xfa\xcal\x85\xa9\
Ei\x228B\x12z\x97\xea\x9e\xeb\xae\xf9\xfc\xcb\x5c\
\xb3\x8c\xb2\xa4w\x16\x00\xda&\x8ai\xba\xe4\xc5\x0bZ\
&Q4\x01i\x22\xe4\xe3\x963\xd1\xe4>\x82M\x99\
\xe2\xb6\x12\x02\xd4\x00\x00\xf0B\x0b()\xff\xd0\xa1C\
\xa7\xfbL\x1d\x7fq\xf5\xe1\x13\x8f\x94.?\xfe(\x1b\
\x00\xd2\xdb\xf7\x8ca\xc5k\x04@[\xe1m>\xcd\x96\
\x01\xa0'\xaf \x16\xaf2\x0e\x8c\x88\x8f[\xd2\xe9\xf2\
\xe5m\xfd\x00\xa9y\x02L\xaa\x5c\x5c\xd5|\xe1\xc7{\
?\xef\x01\x02\x0a\xf1\x5cw\xdc\xb72\x8b\xaf\xebXx\
@\x18\xeb\x8a\x22X\x8f\xc3\xbdg\x84/\x7f\x84\x99t\
x\xdc\x8a\x07\x98\xafK\x0f\x82\xe4\xc7\xd7\x81\x9a\xaf/\
\xe5\xdb~\xf6\xaat\xe2\xc4\x93\xa5\x10\xa3\x0a(\xa4\x91\
\x9f\x9c\xd3\xef\x92\xae\x07\xe5\x8d\x99\x87\xd92\x00\x14J\
\x91P\xd8\x0b$.\x08\xc3\xdc\xb0\xe7\xda\xb5Z}k\
\x03\x86\xa6\x00BM\x93A\xb0\x5c\x99\x0aD\xc8\xa9l\
\x80\xe5\x1c\xa1(+\xf7\xca\x22 q\x11@<\x81f\
'\xbbt\x02\xa92\xec\xa2\x19\xc5;\xa79\x92_[\
\x9bm[\xf1\xa7<\xb3\x89<@z\xd6\xe1\xab\xafo\
\x14\x9b\xb8\xf0L>\xb9N\x1a\xf7\xae\xd1\xa3\xbcz\xc7\
\xdf:\xcc\xe3\xf1\xb8mL!d\xca\xd6\xb5\xf2\x1c\xcb\
\x94\xabN\x09\x01\xcc,\xe2\x04/6|\x1bx<4\
1\xadR\x10K\xe9\x85p\xdb\xac\xee\xa9I\x8b\xa3\xb5\
eks\xaf\xc0!\xf4\xf3\xd4qg\xceQ6\x1ai\
6\xd0\x95o#7'\x1f\x9a\xf3C8\xed<\xa1\x19\
\x86R\x06Z\x01\x10^\x8b\xee\x83*\xee2\xcf\xaa\xbc\
\xdbV\xba\xeb\xfb\xa6%J\x96G\x9a\xf9\xd0\xc7\xe1Q\
\xba>-e\xa2G\xf9\xd5Gj?\x99\xaa!s\xdb\
\xec\x89\xb1\xa4c'O\xc06_\xc6M}\xbfm\x00\
 d\x15\x12X\x9a\x1ex!\xdd;\xf7aY\xe2\xb8\
\x16\x96\x1e6V\x97\x8e\xb2)\x98p\x02\x98\xde:)\
*\xd6\xb4\xae\x9cM\xe5\xc0}g6Pb\xf9X\xb8\
\xe1 \xf0\x05\x00\xb1N\xf1\xe5V\xdf\x11\x0fQ\x1d\xc8\
\xd3\x03 |%\x1dZ\x01E\xe8.b\x86\x12\x03Z\
}\x0bJ\x07JC6\xa3#\xcdb\x0d\x95g?\x9b\
\x00\x98X\xfa\x22p-*\xe3\xa6\x88\xdb6\x00\x10X\
\xda+\x15#\x00\x8a\xd6\x17\xa8eK\xab\xb5\xbcjO\
\xfd\xfa\xf4h\xad\xdbk\x96\x1a\x8b\x91'\x1d\x9a(\x1d\
-^$\x00I\xbb\xb8\x91\x00\xb8}\xabc*\xad\x0d\
\x1b\xafCK\x9fDg\xcfw\xf9,,\x1e\xc63\xc0\
,/\xd06w\xc4o\x01\xe0\x8e\x16\x85\x08\x8b\x14\x12\
o0\xcfC\xe2\x03\x12\xb4\xf0\x12#0[Z\xdf/\
\xec\xa9\x17=SuUw\xde'\xed6\xcf\xb6]}\
\xa4y\xde\xb6r\xbfm\x00H'\x91 \xd2V\xb1v\
\x02bm~\xdf\xee3\xb3\xda\x89s\x5c\x9fJ\x1d\xf6\
!\x08\x81HK9\x84Nh\xb1\x22\x82\x89%\x02\x12\
\x10$D\xe8\xbdR\xe4/K\xb7\xa3\xe6\x8a\x0e\xa0\xb4\
U\xee8\xed|\x9f\x96\x92x\xa8\x12|K\xa7\xfcr\
\xc9\xaf\x0d\x00\xc4\x05\x8c\xae\xe3%\x12\xef,\xa0\x99C\
zua\xf5\xeam\xd2\xa6\xfe)x\xd0L\xa9=\x08\
\x81\x82\x8c\xd4/\xcd\x19\xba\xf1\x02\xa1y\xb2\xcf\xdb\x06\
\x800\xde[1+Wa\x95\xa7L\x1b4Us\xb0\
Z\xeb\xf6\xf6\xd4\xd75G}\xf2d\xf1E\xd2\xa0!\
\x0f\x8b\x00\x06\x07z\x84\xd4\x03`\x91\x90(\xc2\xecX\
\x81\xe0\xccj\x8a&\xf2\xd4\xf9\x8a\xbc\xb1D'V\xaa\
\x0c\xc31\x8a\x8f\x05\xca\xeb\x88\xa7PF<A\x94\xe4\
^99\xbb\x0e8\xf0J\xf1x\xb7\xddl\xbd\xa9k\
?\x95\xb4E<o\x18\xfe\xd3\x19\xee\x01\xb9\xa8>'\
+n\xdb\x00@\x00\x84\x91\xf6]\x05\x08\x93\xb0\x13\xa4\
\xe1\x92}\xfdSM\xc2\xb0\x16{\xee\xab\x0f\x1f\xae\xf4\
}[\x9a\x04\x82I\x87\x90\xd0\xd2\xb6F\xe8\x8b\x04#\
\x8ft\xdck\xf5\x03.3\xbf\x8e\x97\xa2yE\xad*\
\xb6~\xab\xb2\x7f\x04\x00\xeb\xc0\xb8\x01\x00\xbc\x94\xc9\xdb\
Ei\xa4\xef\x15\x1d0\xf4\xe7^\x89\xeb\xaf\x96\xdb\xd7\
\xcb_\xfb\xb5_\xdbv!\xf3\xd1j\x80\xac\x7f\xc4\x10\
\xf0\xa9\xae\xe9 \x02\xff\xcd\xd5\x01$\xcbm\x03@?\
\x16\x9d\xafP\x84\x16\xc1\x12\x9c\x17Ie)W\x8d\xc7\
\xe3a\xad\xf4=\xab\x96u\xbd\xf9\x8a\xda/\xc0\x16p\
\x99\x8caM\xb18\xcc.\x02A\x94\xe0YF\x02)\
\x0f\x904?\x01\xa5\xb4x\xd3\x06\x1b!\xe0\x87R\x04\
\xee\xbf\x9fG\xe0-ze\xbb\xee\x8f\xf0\x15\x9e\xac?\
\xa8\xcf\xb1-\xcf\x1aZ\xd8A\xe1z\xfa\xd2\xe1\x81\xa7\
\x891\xb8N\xbe^&\x8d\x91\x93\x1cN\x18\x00*\xd6\
[\x00A\xf6\xd6\xae\x1e\x84\xe8\xa0\x00!m9+ \
\x04\x95\xd7I\xac\xc5\x0do\xf1\x0f\xc1Z\x8cqn-\
\xc7\xbe\xc4Z?\xca\xccD\x8d\xf4\xbdU\xa2\xe5^\xf0\
\x8c0\x01\x10\x80\xb8a\xd7\xf1H\xfa\x00\xbc\x8ei\xde\
x\x14\xee_\xef\x5cZ\x96+\xbf\xa6(k\xf0\x94\x9d\
\xba\xb0P\xf5t\xce\x9c\x86{\xcf\x95\xe1\x9a\xa5\xd7\xef\
e\x86\xd5\xcfi\xbft5\xeaPVV\x1b\xa5\xeeh\
\xa4_\xd375\xd2F\x96\xbdL\xe5\x9b\xbfo\x95\xde\
\xc6p\xc2\x00\x98\xe7a\x11\xba)<\xcaO\xe7.\x96\
E\x009\x08v\xfd\x7f:\x97\xd6\x86\x11\xc3j\xb7\xa7\
\xf6\xfe\x05*\xf9\xd0\x90\x96\xa2\xd2\x8e+\x1f\x08\xd2\x5c\
hg)\x94\x22c]\xf2\x18\x09\xe8\x9c\x89\x13\xc4\xb9\
\xd7!\xe3\x09\x08\x18\x18Y\x7f\x00+]\xac\xddu\xca\
\x0c]\xf7\x94\xef\x8c\x06\x80\xd5\x0b\xb1Q5=\xad\xef\
\x91\x97P\x9e\xab\x832{Y4F:\xba7\xb5\x92\
S\xde\xa2\xf3\xb6\x01\x80\x10\x1d\xbdP{\x81\x11B)\
i\x7f\xb9\xda\xfde\x8d\xaf\xe7r)\x8c\xe0\xeb|\xa0\
\x14~\xa0\xe2\x0f\xd4b\xc7\x17\x1b\xcf\xcb+\x8ff\x80\
\xc2\x16\xbd\xfad9B\x04(-\xba\x04O\x11\xe2\xbd\
l\x09\x00\x02\x22`-\x00\xf8\xcdz[K\x87\x07\xd6\
\x1f@\xc6\xe3\xf4`\xf3\x0c\xbd\x94\x15@\xf1\x16\xf8\xad\
_\xb9\xaeU3\xf6\xc8\xf2.o\xaa\xe6\xe5uVJ\
\xad\xcf5\x00\xc4\xbd\x0a\x00G*\xde1\xd3C,?\
|-R\xd0M\x1d\xb7m\x00 \xfc\xde\x1a\xfdh\xd1\
\xde?,\xd2\x14m)\xb0\xed\x90\xa5\xa3&\xce\x19\x00\
\x08>@\x88\x8b%\x18J\xa2\x80\x00\x8bB\xa3 B\
\xf1L\xba^I\x94a\xbf~\xee\xde{\x00\xe9\xcb=\
\x8f]\x0b\xf8\xe3Q\xd6g\x08\xdf)\x8e\x22\x95_s\
\x08m\x83\xeb\x94\xe3Y\x9a\x19tb\xf5\xe2\x03\xca\xf0\
\x07\x00\x17]t\x11\xa0\xbd$\xf9\x94\xc9\x18x\x1aM\
\x81f\xc7\xb5&\xa7\x9a\xb6!/\xe1\xbb\xffZ_\xb9\
j\xa4psy\x81m\x03\x00\x97H\xb8\x14\xa7Gm\
\xd3\x02\xbf\x9b\xad\xf9\xf5\x8b\xcb\xba\xcfvO\xd8\x14\x9a\
\xb4\x04\x9e!\x22\xc1y\x16\x01\x13H\xef\xb6]\x13x\
\xe2\xfag\x11\x1e\x05\x17\xb8\x00m\x98\xa6\xa7\xf8\xb9\x82\
\x07\x90\x86B\x81\xac\xfa\x05\xef\xad\xf86\x07 \x0e?\
\xf9)&\x9e(<\xdeE\x1ay\xe5\x13\xa7\x5cg`\
\x13\xf0\x14\x10\xe2?|z\x9ef\xc6\xe8\xc2\xce\x22\x94\
\x0f\x0c\xd5dLk\x9e\xe0\xf2\xe2\xeb\x02#\x16\xfd\x94\
\xbe\xbf\xd0\x08\x9f\xa4\xb0m\x00 \xa0\xf4\xda\xf5\x88-\
Y\xae\x95\xc3\x5cl\xfb\x8e\xaf\x14rN5\x01\xafc\
\xfd\x84\xcd+\x98\xb9cy\x04\x044\xbc\x81\xb4\xeb\xef\
\xf6\x9b\xa0\x09\xdf\x99\xd5\x12\xb0\xb6\xbe\x0fq\xcd\xc0\x07\
Lh\xb1\xe8\x00\xa0x\xba\xc2\xa4\x0cE\xa7\x89*\xaf\
\xd0V\x0e\x09\x14\x86\xa6\xb2\xc59\xe4\x8d2\xfb4\xd2\
\x028\x9e<\xd7I\xa5<g\xe5\xa7s\xc9\xfa\xcb\xc2\
\x87\x9a\x9f,\xfa\xd4\xe9\x14_\x8a\x1e\x150\xda\x8f\x9d\
\xd1\x02\x0a\xb2\xeb=\xd9I\xd2}+f\xdb\x00@8\
\x84\x10\xa5A\x7f\xda;\x82\xa8\x0a\xbeN\x81\xbd\xc5\xb8\
\xaf<\xb7/\x0b<\xa3\x14\x7f\xa6\xf7\xf9\xdcw\xde\xec\
\xe9MS(\xab\xe6A\xb4\xd5\x00\xe2\xccj{o\x12\
 P&\x00\xe1E\x1c7\x5c\x13P\xc3\xfa\x99\x94%\
c\xed\x1e@\x09]\x9a(\xb3\x00yy\xf1v6\xfe\
x\x8cx\x0b\xf5\xa2$\x13J\xea\xa4.\xac\xb5\xf2\x0d\
)\xdc\x1bG\xcf\xb9q\xb4\xeb\xd9\xbd*\xff\x91\xe4g\
\x14\xa1\xb9\xae\xd8\x09\x19);\xb2\xc0W\x00\xbb\x9e\xe6\
\xa4\x9d\xb6\x0d\x00*\xa3\xb2\x0eB#\xd8TR\x1c\x81\
\x88K\xa5)g\xdd\x0a\xaf+\x81\x5cW\xc2\x9cH\x9f\
 \x9d\xf4\xe5JO- \xac\x94\xd2\xdb\xa7R<\x08\
P\xa4/\xc1s\xd4u\xdb\x85\x8b\xf2kna\xc5\xb0\
\x8c@\x03\x92\x8c\x04\xd0\xec\x95\x89\x07A\xdaZ\xa4\xd1\
~0\xedy)yH\xd9\xda\xe9\xf4\xf2\xf5\xf4]\xd7\
\xdb\xcdq\xc5_A\x89@\x94~\x0bZ\x00YV\xfd\
z4\x95\xe5^\x1d\x1c\xd2\xa7\xee\x01\x87\xf84\x19'\
M\xe3s\x05\xb5\xafgNFP\xf9\x1b\x13\xe2\xb2C\
\x83@)\x98\xd2\x01\x07 \x00\x84\x9b\xa5p\xa0\xa30\
`\xf1%\xad}\x8e*\xddkj\xd5\xd2\xb8\xb6\x93\xa1\
\xc8\x96\x06]y\xad\x05\xa0D\x0a\xe5\x9ay\x01g\xf7\
\xe2\x8fGN\xf3ic\x10\x1b\xd5\x7f\xbe~\x1b\xa5\xdd\
\xceg\xbb\x06\x00q\xd7\xf1$\xb1\x1e\xc2u\xb0b`\
\xa0T\x0a\x03\xb8\x08\xd5\xd7>\xb5\xfb\xd8\xbe\xcas\x95\
\xaf\x9a,Y\x0b \xe5\x03\xa6^i\xb1Z\x82v}\
\xbca\x1e\x00[\xc9\xff\xff\x1e\x00'\x22\x94E\x82\x8b\
\xc2\xa3\xa4^A\x5cn\x94\xaf\x17\xce\x03P0\xcf \
\xc4e\xbb\xe6=\x08=mo\x00\x11\xfa\xe17g\xc0\
:\x9e0_\xdf\xcd\x80\xb4\xd9\xf3\xe3)\xfbx\xd2n\
[\x1f\xe0x\x0a=\x91\xb4\x11\x903\xe1RX\x84,\
\x8eB\x05\x0a\x05\x82\xb8wq\x80\x10\xcf!\x9f\xb4\xf1\
\x14\x9e\xa7\xadv\x8dV\xefe\xc4\x09\xf3\x0aM|\xce\
\xe1k\xd9\xfd|\xfa\x9dr\x7f\xd2\x9a\x80\xcd\x04\xb8\x99\
@b\xa1\x04\x9d\xa3\xcf\xe3\xf9\xd2\xe2\xddm\x00\x00\x00\
\xa8IDAT\xa2xi\xd2|xn\xa8H\xc1\xda\
\xf7<\xc3\xdbf\x16\xbe\x19\xffh'\xcc\xa7u\xdf?\
_T\xd7\xcd\x9e/\xca\xb3\x1dq'\x0d\x007\x96\xd9\
^\x89}{\x19a\xcf\x9f\x03\x86x\x0a^A\x5c\xaf\
\x0c\xcf\xb4\xff\x94/\xbe\xa7\x91\xfb\xc4m\x06\x90y\x05\
&_\xea=\xff\xfc\xc6\xcac\xbb\xf2\xef\x1a\x00\xccW\
\xb8W\x90\xeb\xf9\xb6|\xbeSE\xd1q\xedh\x01T\
\xf2mE9\xf3\x0a\x9d\xe7g\x11\x8d>\xcf\xa2\xe7\xf3\
4n\x8e\xfb]\xd3\x07\x88pz\xa1\xce{\x02B\x16\
\x974\xbd\x85g\xcc\x8fN\x9e\xc7\xaa\xe3]RF\xaf\
\xac\x9d\xaa\xb8\xed\x02\xcb\xff\x01\x1d\x08\x9c\x99%\xb0\xdc\
\x8d\x00\x00\x00\x00IEND\xaeB`\x82\
\x00\x006\x19\
\x89\
PNG\x0d\x0a\x1a\x0a\x00\x00\x00\x0dIHDR\x00\
\x00\x00m\x00\x00\x00\x7f\x08\x06\x00\x00\x00\xe5\xe6L\xc6\
\x00\x00\x00\x09pHYs\x00\x00\x0fa\x00\x00\x0fa\
\x01\xa8?\xa7i\x00\x00 \x00IDATx^\xd5\
\xdd\x09\x90mG]?\xf0{#\x12\x02\x09h0(\
\xb80h\xc22\xf3P\x11\x14\x5c\xdf\x03\x14Q!\x22\
BPA+a\x13x.%\x82XXZX\x94\x88\
\xfc\xc5\x12\xad\x04\x11S\x89\xb2&\x82\x0b\x9b\x8aK\xe6\
\x09nhd\x9b;\x02\x09\x1aP\xc0\x8d\xb8\x10\x08\xe0\
2\xff\xdf\xa7s\xbf\x97\xce\xe1\xde\xb9w\x96H\xd2U\
g\xce9}\xba\x7f\xfb\xef\xd7\xbf\xee\xd3\xf7\xccxg\
ggtX\x05\xac\xc0\xcb\xf9\x7f\xfe\xe7\x7fF\xe3\xf1\
\xb8\xa1p\xee\xaf\xd5\x9dt\xd2I\x87\x85\xfeS\x02\xe7\
\xbf\xff\xfb\xbf\x1b\xde\xa1\x1c\xc3\xe7\xcdnv\xb3C\xa7\
\xebP$F1\xff\xf5_\xff\xd5\x14\x12%\xa8s|\
\xecc\x1fk\xcf>\xfd\xd3?}\xf4\x91\x8f|d\x84\
\xc9O\xfb\xb4Ok\xed<\x8b\xa2\x87L\x1f:\xa7\xfb\
\x04\xb8\x88\xae\xd0M)\xae\xf1\xf3\xf1\x8f\x7f\xbca\xc1\
\xebG?\xfa\xd1V\x87\xdf\xfe\xf8\xdf\xff\xfd\xdf\x19\xcf\
\xae\xf7S\x0e\xcd\x0c(B\xc1\x00ea\x06\xd1\x14\xf9\
'\x7f\xf2'\xa3k\xaf\xbdvt\xcf{\xdest\xca\
)\xa74e)7u/\xc3\xc3\x87?\xfc\xe1\xd1\xfb\
\xdf\xff\xfe\xd1{\xdf\xfb\xde\xd1\xado}\xeb\xd1\x1d\xef\
x\xc7v\xbe\xe5-o\xd9\x94x\xf2\xc9'7^\x19\
.\xb9Ph\xbc\xaf\x7f\xde\x1a\xadX\x0eEiQ\x18\
\xc5 \x12a\xff\xf6o\xff6\xfa\xbb\xbf\xfb\xbb\xd1\xab\
_\xfd\xea\xd1\xef\xfc\xce\xef4r\x9e\xfd\xecg\x8f\xee\
s\x9f\xfb\xb4k\x84'\x84\xacH\xeb\xa7\xa4\xd9<\x1a\
\xe3}\xce\xf8\xfd\xa3?\xfa\xa3\xd1\x85\x17^\xb8\xf3\xd9\
\x9f\xfd\xd9\x1b\xdf\xf8\x8d\xdf\xb8}\xef{\xdf{\xf4e\
_\xf6e\xa3\x9b\xdf\xfc\xe6\xcdX\x13Y\x86<G\xa1\
{el\xdfJ\xeb\x09\xc7\x18WG\x84\xeb\xbf\xff\xfb\
\xbf\x1f\xfd\xde\xef\xfd\xde\xe8\xf7\x7f\xff\xf7\xd7\xdf\xf8\xc6\
7\x9e_\x96x\x8c\x87mmm\x8d\xbf\xf2+\xbf\xb2\
y\x18\x06x\x1c\xc6n\x8a%\xe1\xf1\x9f\xfe\xe9\x9fF\
\x7f\xf9\x97\x7f\xd9\x8e\xe2}\xf2\xf6\xb7\xbf}R\x0a;\
\xe7;\xbe\xe3;\xb6\xef{\xdf\xfb\x8eN=\xf5\xd4Y\
8\xc4g\x86\x8dD\xa2\xfd\xf0\xbeg\xa5\xf5\xca\x820\
q\x19\x11\xdc\xfd-oy\xcb\xe87~\xe37x\xd8\
\xd6;\xde\xf1\x8e\x0dJ9\xed\xb4\xd3Z\xbb\xbf\xfe\xeb\
\xbf^\xaf\xf8\xbe\x9d\xf0pSTX\x94\x159\x08\x8f\
\x15\x1a\x8f\xde\xeaV\xb7j\x0ay\xcf{\xde\xb3\xf1\xcf\
\xff\xfc\xcf\x93w\xbf\xfb\xdd\x93\xbf\xf8\x8b\xbf8\xf2\xdd\
\xdf\xfd\xdd-d~\xe6g~f\x1b\xdb\xc8\xe8\x16\xb7\
\xb8\xc5lL\xdf\x97\xb7\xf5D,\xbb&x\x84e`\
\x15\xa7]\xebw\xcd5\xd7\x8c^\xf6\xb2\x97\x8d\x1e\xfc\
\xe0\x07\x8fn{\xdb\xdbJI\xdbQ\xd6\xb7S\x0c\xb5\
\xeb{\xdd\xeb^/*\x86\x1a\xe1\x19\x90\x9ds,\xc3\
\x7fcx\x1e\x19\xe0\xddQ\x9e5Z__\xbf$|\
\x96Bv*\xaa4~KQ;\xdf\xfe\xed\xdf>\xfa\
\xad\xdf\xfa\xad\x19\xbf}\xf2%1\xdb\x0fO+yZ\
\xacj\x88\x80\xa7\xa93\x10\x1b\xb7*\xae\xaf\xbf\xe9M\
o\x9a\xa8gMy\x9e\x84\xe3?\xff\xf3?\xcf\xfa\xc0\
\x07>\xd0\xacNve\xec\xcbx\xd8\x1a\xdf\xc8K\xcf\
\x7fx\xbb\xfc\xf2\xcb\x8d\xdf\x1b\x9eQ(\xbeR(\xf5\
\x95\xaf|\xe5N\x19\xf4F)h\xfb\xeb\xbe\xee\xebF\
g\x9cqF3|E\xa4\x89l\x17\xb1>oL]\
\xaa\xb4\x10\x1a\x22\x87\x84#\xec\xe5/\x7f\xf9\xe8\x82\x0b\
.\xd8\xba\xea\xaa\xab6\xb8;E\x18\x80CPB\xe8\
\xd5W_}f\x8dk\xa3;\xdf\xf9\xce\xb3\xecr\x11\
\xb17\x95\xfa\x0a\x83\x22\xc7\x06zc\x80\x94\xc1h\xcb\
H\xdb8_\xe3\xfb\xe4\x1f\xfe\xe1\x1f&\xa5\xb8#\x0f\
{\xd8\xc3\xda8G\xb9\xda\xcdSJ\xcf\xfb\xdc\xe7C\
\xef\x19\xde'\xfc\xe5\x0cY\xdc\xba\x08\x19=\xf5\xa9O\
\x1d\xad\xad\xad\xb5p\x900\xd8\x87\xc4\x1a\xbfZ\x88\x14\
6\xb4y\xf2\x93\x9f|zp\x08\x93\xe0fpN\xc8\
\x1c\xd2\xf0\xa9\xbe\xc73\x1a2,\xb86\x1c\x90C\x8d\
Y\xeb%\xfc\xc6[\xce\x15AfC\x03\xbeS\xffE\
_\xf4E;\xcfy\xcesZ\xa2\x06\x06\xbe\xf1\x0c.\
\x1c\x1c@\xbd:\xd7\x8b\xe4\xb1trM\xd3\x01\x0e\xa0\
{Vd^\xf2k\xbf\xf6k\xa3\xdf\xfe\xed\xdf\xdey\
\xdf\xfb\xde\xd7\xac\xc6!\x14\x86 \x16\x13\x81\x83\xa1\xef\
\x07?\xf8\xc13\xff\xfd\xdf\xff\xbd\xd5'!\xe9-\xeb\
\xc6x\x1d\x0f\xc2[\xf8\x13\xda\xff\xe5_\xfe\xa5\x85\xc6\
\x84;<)\xf1\x0e\xe7L\xb2\xcd\xdbx\xe5\xf3\x9f\xff\
\xfc\x9d_\xff\xf5_\x1fU\xd4i\xb0\x12Ry$y\
P\x96~p&B\x0de\xb2Ti\x00\x03\x10\xc5Q\
LeH-$\xbe\xe0\x05/\xd8A\x88\x02\xa9A6\
\x880\xa0_\x18\xd1\x1f\xac\x0a\xa1g\x19\x03\xdd\xe7\xd9\
\x90\xa8\x1b\xdb}\xc6\xe4\xd0\x95\xa9\x8ayh\x8d\xd1g\
\xc7 \xc3;\xa1\xeb\x13\xe5\xc5\x83\xdc\xebcNw\xe9\
\xa5\x97\x8e\xfe\xe3?\xfe\xa3\xc9\xc8\xf3\x94^&C\xbc\
i\xb3Ti\x01\x82 \x07/y\xd5\xab^5\xfa\x95\
_\xf9\x95-\xca\xa3,s0..\x5c(,&J\
\x89\xf2\xd4\xbb.\xa5\x9d\xfd\x8f\xff\xf8\x8f\x8d\xa1\x9e\xd8\
\x19\xd57\xb2\x8b\xde\xdas\x8dW\x85\x02\x8a\x97\xb3\x5c\
\xe3'\xb2r\x8e\x179\xf3\xca,<\x9c~\xfa\xe9\xa3\
\xc9d\xd2r\x00\xc9\x1b\x03\xe0\x85\xc9\x018\x85a\x03\
\x8c(}(\x92OR\x9a\xc6\xfd\x01@\x10\x9a\x93\xd4\
\x84yTV\xb2~\xc5\x15W\xb49\x98g\x94\xe5\xac\
\x98\xafP\x1a\xc60\x09\x16\xa2\x11\xe0\xbeB\xca\x86\xb0\
\xc2\xc2\x16\x115$\xf2S}\x1f\x8b\x8f \x13.\x0d\
\x0be\xc4gFi\xa1\xb3\x0f\x97xN&-T&\
\xbb\xfc\x9b\xbf\xf9\x9b\x8d\x17\xbe\xf0\x85\xeb\x7f\xfc\xc7\x7f\
<\x1bZz\xa3\x803F0\xe4\x7fn\xf6\xd87\xe6\
I\xc9\x82\xccI\xca\xb5G\xd2\xfa\x08\x5c\xdbX^\xbc\
'\x1e\x94\xb0\xda3U\x96\xb5!<\xeaG\xe9ap\
H\xd8\x8d\xe5\xbe\x0fQ\xb9F\xb7D\xa4\xf88\xbd\x94\
p\xdb\xd0\x1a\x99d(H\xbd\xe8\xc4\x90)%\xd1\x88\
lN\x9c81\xb9\xfd\xedo?\xae\x04e\xf4\x85_\
\xf8\x85\xad\xb96\x19\xeb\xc9\x11\xaea\xb9\x9e\xa7\x0d5\
\x9b{\xe1\xaf<\xab\x8dc\xb5,\xb5\x13\xa58\xf3\xa2\
\xcc\xb7\xb4\x8fkc0\xc8\x93yfp\xad\x95\x92u\
\x93\xec\x9bR!\xcc\x84@\xbc\xc9\x9c+\x0b<\xb3\x1f\
\xcf<\xef\x8d\x19\x7f\xf1J\xf5\x16\x92{\xaf\xd5\xb7\x22\
\xd7\x8e\x84\xce\xfc5\xf2#O\xa57\x98^Vs\xc3\
\xa3\x06Q\x18/\x03\xc4$\xf27\x7f\xf37w\x84\xc1\
\xdb\xdc\xe66\xed9eR\x1c\xa5\xf4\x04k\xcfB\xc4\
k\x88\x11\x87\xe9\xb8|\x8dk\x1b\xd6\xec\xe2\xa1=A\
7\xb6\xeb\xc8\xa1\x0f]\xf81.\x97\xe1}\xd2x\x16\
A\x93\x87k\xfd\xc8I\x1f\x1e\xa7\x8e\x22\xf1N\x89\x8c\
\xf7\x92K.\xa9\xe9\xeb\xd6LN\xfa\x92\xf3\xc2\xec\x1a\
P\x84%\xc3q\x9dCv\xe3y\x85\xc3Q-Am\
\xd5\xa4\xb0\xcd\xc5\x0a\xd8l\xeeQ\x08\xda<,\x07}\
\xf7\x87\xfa\x22\xb2\xd5U\xa8m\xe7;\xdd\xe9N[/\
~\xf1\x8bg\x96E\xb9\xf1\xc6\xe0\x8e\xa2C_OW\
\x9e\xf5u\xae\xe3\xe5\xae\xb5\xc9s0\xfag\xf3\xee\xfb\
\xf6C\x5c\xfd\xbdq]\xff_\xfc\xc5_\x1c\xdd\xeev\
\xb7\xdb\xc2[)\xe2z\xfc\x0fe\xe2^\x9b\xfe\xd0/\
G\x19\xf9\xce\xb7~\xeb\xb7\xae\x9717:\x93\x94\xd0\
\x09\x5c9B\xc7\xcc\xd3\x92\xf1\xc5\xcb\x08\x92%H\x1a\
^\xfa\xd2\x97\xae\x97%l 8\xcc\x01\xbe\xcab'\
\xab\xd2GaA\xee\xff\xf5_\xffucss\xb3\x11\
\x09o<\xb05\xaaB\x81\xc1\xa3\x8f\xe2\x1eM\x18\xd1\
^=f\x14t)\xc9\xd2\xd4k\x83y\x87\xb6\x9e\xf5\
\xc9\x91\xe7JB}\xee\xb5\x91,\xc0\x05\xa7zm\x8c\
a\x8aL\xefo\xff\xf6oG\x7f\xfe\xe7\x7f.\xc4\xb7\
\x95\x90\x83\x14\xf0\xe1|\xeb[\xdf:1\xfc\xe0E\xe2\
\x02\xff\xc2\xd2[Q\xbc\x0d\x90h\xfbw\x7f\xf7w\x0d\
\x92[\x05\xa0y\x09/\x8b\xe7T\x08\xbc\x9e\x97\xb1\xa8\
\xb4\xeb\xdb\xbbN\x1f\xfd\xdd\xd7\x1a\xdc\xceO\xfc\xc4O\
\x98\x024\x81\x10\x10\x82\x837\x9e\x13O\xf3\xbc_5\
\xf0\x5c[\xe1\xdb3F\x14\x8f\x15\xbaj\xdclk\xa2\
\xe1\xcf\xf3\xde\xdbr\xdd[289b\xf1h\x03C\
;\xe1\xed\x0dox\xc3\xe8\x87~\xe8\x87F\x9f\xf1\x19\
\x9f\xd1\xf88\xa8\xa7\x89><\x0d\xac{\xdc\xe3\x1e\x97\
\x95\xf2\x1a>|\x05\xef\xd0\xd3\x1a1\x1e\xc6\xb2\x11\x9b\
P%\xde>\xf6\xb1\x8fm\xcb4\x09\x8b\x5c<\x0a\x80\
h\x18\x0a\x86Js\xaf\x8f\xc3u\xaf\xf4;\xdc\xe1\x0e\
;\x8f{\xdc\xe3\xd6\xbd\x1d\xe0\xd1Q\x14\xe5\xc5\x802\
f\x86NmbT\x1f\xfa\xd0\x87\xda5e\xd6JK\
S\xbeWC\x8fz\xd4\xa3\xda\xcb\xd6\x9f\xfd\xd9\x9fm\
s)\xcaL\xbf\xf0\x17o\xee\xf9\xd7\x8e!8G\xc9\
\xda\xb9\x97\x88\xd5j\x86\xb7\x18\xeb\x9f\xf5Y\x9f\xd5x\
\xb1\x9a\x7fP\xa5\x91\x9f\xa5.g\xc3\xcf\xcf\xff\xfc\xcf\
\xb7\xd5\x92,\x15\xf6F\x15\x03\x9c)\x0b\xe3*{\x81\
y/V\x04n\x11x\x85\x85\x99e!8\xd6\xb1\x8a\
\xd2\xa2dm]c6\x96\x8a\xe0#G\x8el=\xed\
iOkcg\xbc\x09\x1d\x09S\xce1$Jd\xf1\
\xde\x8ck\xe3\xf0\x8c\x02E\x05\xafB\xca0.Cc\
\x19\xc5eet#s\xa10L\xb1\x81G\x19\xe1\xdb\
\xf3\x84A0)-!\x99\x1c\x1e\xff\xf8\xc7\x8f*5\
\xdfbth&\x0f\xbc\x1cTi1r0\x1d_\xfb\
\xb5_{\x14\xbd\xf0\xf7\x0a\xeb\x8dv&\x8c^i\xae\
Y\xfec\x1e\xf3\x98u@\x01\x0b\xf0$\x13\xbd\x22z\
\xc5\xa5]\x7fN\xdb(\xde\xb3Z\x19h\x0cG\xf9\xac\
\xac\xde\xf4\xae\xb3f\xeb\x9a\x84\x88P\x82t\x84h\xb4\
Q\x1a%\x11*\x8b$|\x82-\xefZ\x07O\xe8\xad\
W\xff\x8dfp\xeb-\xf2\xe8\xb5\xaf}m\xf3\xc4x\
\xb3\xf0\x93\x10\x99\xf0\x9ah\xa3\x0d\x1c\xef|\xe7;G\
\xcf}\xeesG_\xf35_\xb3\xde\xbf#dt\xf5\
b\xf7P\xc2c\xf8'Wr\xae\xf3\xd6\xcf\xfc\xcc\xcf\
4\xf93\xc6\xb9\x9e\x960\xd1\x0b\x89@*\xf9h\x96\
\x85\xc0\xac\xde\xb3\xb2\x84\xb9(e\x99\xa7%\x9cj\x97\
\xf1\xac\xb7.\x8a\xab\x84g\xe6\xc95\xd9\xdcb\xd5\xb6\
+\x98\x16\x08\x15\x11nB\xa1\xb3C(3\xbf\xa9%\
\xb5\xd1\xdd\xef~\xf76\xee\xa25\x86E\xb0p\xaa\xf3\
\xea\xff%/y\xc9\xccC\xc1\xed\xc7\xf0\xac\xea8[\
O}\xd1\x8b^4\xfa\x81\x1f\xf8\x81Q)\x7f\x0b\xed\
\x19\x1ez\xc3\x0bo\xce\x91\x03\x1a\x862q\x9f!\x22\
\xe7x\xa9\xa1'\xc6\x1b\x05\xd6>\x93\xf5\xcb.\xbbl\
\xb1\xd2be\x94\x16Kde\xc7\x8f\x1fo^\x06h\
\xc6!V\xab\xae\x1f\x97\x86\x04F!\xfd\x19Q\xe0\xa8\
\x03#V\xca b\x04\xdaD\xc8\xda\x1e=zt\xfd\
\xa7\x7f\xfa\xa7\x9b\xb5\xf3\x0a\x16G\xa0\x89\x08\x04n\x82\
\xfb\xacg=kT\x03\xf8,\xec\x82\xc9b\x09\x99\x10\
\xdc\xc3K\x91_\xff\xf5_\xbfn\xaa!A\x01\x07<\
\xbc&t\xba\x16\x9a~\xf2'\x7fr\xf4\x15_\xf1\x15\
\xebxC\x17\x18\x0c\x0b\x1ca=\x91\x07|\xcf\x0f\xa2\
40\xc1\x8f|\xc0,\xaf~\x95\xb1M\x04\x99\xebi\
\x08F|\x1f\x1a\xac/~\xc9\x97|\xc9e\x08\xc2<\
\x22\xa3\x1c\xcc\xab\x87l\xe8u\xf3\x146T\xea\xf0\x1e\
\x0c\x84\xc2\x11\xab\x8b\xa0j\x12\xbfu\xf6\xd9g[\xeb\
l\xc2eT\xc624\xd7\xb4\xa1\xcd\x95\x081^\x10\
\x8bfT`\xf5\xf0<S_\x9bnv\x9e\xf7\xbc\xe7\
5\x18\xf8\x06\x8f`d\x9cV&\xbe\xed\xdb\xbem\x1d\
^\xbc\xa0C\x9f\x18\xa9\xfb\x1c\xf1\x98!?\x8b\xee\x17\
y\x1a\xde\xe3\x18\xf1\xb4R\xe2\xfb\xbe\xe7{\xbe\xa7m\
eHT\xa1\x9f(p\x16zT\x10\x8aF\x17]t\
\x91\x89c\xb3*\x04\x87\xe1^a\x98\x0a\x92y\xcaJ\
\xdd\x22&v\xab\xef\x15I\x99e\xf5M\xa0\x19\xd7\x08\
\xdc\xb6\xb5J`.\x8a\x95\xf6\xd6\x9e\xeb\x9e\x86\x18\x18\
o~\xc8C\x1e\xb2\xfe\xe67\xbf\xb9\xbd\x1a\x11ze\
\x9e<\xf6\xcc3\xcf\x9c\x85X\xfc3\x86^Q\xf1\xaa\
^\x01\xbb\xf1\xd1?[\xa444\xa2\xc9s\xf25v\
\x16\x9e\xf7\xd9\x9a`z\x91\xec\xb9WZ\xb5\xbdn\xa9\
\xc5C\xa5\x10\xb5=\x1cem\x9b\xac\xbb\x94\xd6\xea\xb4\
#,\x9d\xdd\x17\x82\x06\xd0\xb5\xe3 %\xe1)g\xb0\
\xfa\xe4\xa0\xb2\xca\xf6\xfe\xc9X#\xb33\xe6^y\xe5\
\x95\xde\xeb\xad%\xcb\x0b\xedh\xe9\xe1\xa8w_\x82h\
\xbc\xe8[\x16\xfcTS\x81\xb2\xf0f\xa4\x96\x90\x0a\xfe\
\x8b\x0af\x9b,\xc3M\xa1p\x0di\x1b\xde\x1f\x84\xef\
\xf4E\x13\x83D\xa3\x90X\xf8/\xb7\xb0\xe15\xce<\
|'i\x98\x97qf\xfb\x14QKV^\xa3\xdf\xf7\
s>\xe7sf\x9d\xca\xabfka\xae\x1d}\xd9\xaf\
\xe2\x86\xfdr\x9f3\xc1*\x95Q\xbe\xca\xbc\xb1<\xab\
1fU\xa2\x0ci-40*\xc7\xd0\x88\xf0\xa7D\
(\x9eW\xff5\x0aQ\xca\x93[\xa6V\xf3\xb0\xb3\xf0\
o\xbb\x9f\xf1\x0e\x8e\xe0\xd6n\x9e!\xa8;h\x09\x0e\
\xf2d\x80\xa2]e\xc1g\x9bk~\xee\xe7~\xee'\
\xe1E\x7f{5\xc3\x021\x871\x04\xd7\xfcft\xee\
\xb9\xe7\xea4\xfe\x85_\xf8\x85-\xef\xce\xd4c\x90`\
Xg\x84\xd1\x13\x1dA\xef\x85\x19m#\xec\xde\xaa\xc0\
\x82\x03^\xe7\xb2\xbe{\x12\xa4\xb6\x18e\x5c\xf5l\xcd\
}/\xd4\xe0N\xbdg`%\xbcL\x9f\xaf\xe1\x01\x8c\
\xf0^\xe73\x09,\xed\xf5\xd7\xe7\x86.M\x09%\x7f\
J\xc3\xe7\xdd\xeev\xb7\xf1\x0f\xfe\xe0\x0f\x1a[\x9b\x12\
\xe7\x95\x93(\xca\xee \x0d\x08\xc5\xb5R\xa9\xee\xe8\x91\
\x8f|\xe4\xe8\xc7\x7f\xfc\xc7\x8fT&\xd7\xc2\x06\xeb\xc4\
L\x94\x0b\xc9\xd0\xb2\xb5\x8b\xf2\xe6!\x1c\xd6\xf5\x16<\
\x0f\x16\x05\x11^\x1dw\xa84\xfd\xf6\x04+t\xac\xad\
\xad\xdd\xb1Wr\xae3X\xbb\x8f\xb2\x12\x19\xa2\xd0\xba\
_c\x80\xe1\xb5`\x9e^\xf7\xb7\xc5\x0f\xfe\xb4O\xdf\
\xd0;\xa4mx?\xe4k\xd5{41 \xe5\xfe\xf7\
\xbf\xff\xf8\x99\xcf|\xe6\xa8\x16\x8f\x9b\x02CG/O\
\xedo\x86H\x17\xac\x8e\x804\xa6@\x80X\x80\x15\x86\
\xea\xbc]\x83\xf2\xb8\xb6>\xef\x18\xb4Y\xbf\xe7\x04\x14\
\x80\xce\x11\x0a\x02zD\xbb1\x90~\x81\x85\x9e\xd0\x04\
\x1e\x5c\x0ae\xd5\xdb\xde{\xd6\xb6\xf2\xd7\x10x=k\
\xe3\x99\xb6\x11`\x8f\xbf\xc7\x19\x1cQ\xc8\xd4s\x1b\x0f\
\xc6\x93\x1a\xd3\xce4D\xb8\xd7\x96\x91\x10\x98q;\x02\
]\xc4\xc3\x22\x9c\x8b\xda\x0f\xeb\xc9\xbc\xe6\xa6\xa3/\xff\
\xf2/\x1f?\xfa\xd1\x8f\x1e=\xe0\x01\x0fhMd\xb5\
\xd9\x95\x1c\xfe\x22\xd3\x16\x1eyX)\xa55F<e\
\xb9wM\x99\xdf\xf2-\xdf\xd2\x00\xd7\xeb\xf1q\xad,\
\xb4wjIP\xfa\x102T\x5c\x03\xb8\xa4D\x80\x98\
\xd7?\xe1\x0a\x5c\xb8\xd5\x1b\x90\xcd\xc9jo\xca\xb3\xeb\
\xc7\x0d\xaf\x91 U\x22\xb1f|\xa3T\xfdz\xe51\
\x00%\x02%x\xf0\xd2N\x1f)\xbed\xe4\xaf\xfe\xea\
\xafF\x7f\xf6g\x7fv\x96\xba(U_m\xc9\x05=\
=\xac\x08\xee\xa0\xca\x8aX\x18\xe07|\xc37\x8c\xbf\
\xf7{\xbf\xb7\xfdh\x03\x1d`W\xe6\xde\x9c\x87|\x86\
e\xdc3\x86H\x82@<\xc5\x84xVgN\xf3\xb6\
\xb7\xbd\xadmq.\xe1\xed`\x18C\xfa\xa4\xac\xcaH\
\x18\x0f|8y\x12\x02Y\x9e{+\x16,]\x09]\
\xfa\xd5\xcf\xa5\xc6\x95\x9a\xaf\xd7\xab\x91\x09\x1a\x92\xf5j\
\x17\xfc=\x1d\xc1\x15EjWi\xb5\xd5\x9e\xb1\x81\xbe\
\x94w\xb46\xdalj\x97,N\xf8M4i\x04L\
\x0bz\x92\xad\xbaFW\xcfK\xdf\xb6\xbf\xd6F{2\
\xa5\xa4\x18\xe4\x17\x7f\xf1\x17\x8f\xce;\xef\xbc\xf1\x03\x1f\
\xf8\xc0Q\xbdc\x9cm\xbf@?\x99\xa3\xc1\x19\x8f\xfa\
\xeb\xd7<?\x84j\xa8\x02\xe0\x1c\xea\xb8\xa9{L\xbb\
\x7f\xd7\xbb\xde5*7^/\x01\xcf&\xd8\xa5\xe4\xeb\
\xad\x0a\x14\x91s\x97rR\x9f\xf6\xce\xe0X+t\xbe\
\xeb]\xef\xba#<llllY\x810\x073O\
+\xe3\x98\xad\xa2\x940,\x04\xb7\x95\x15\xd7\xfa\xe5\x98\
GG\xda\x941\xcc&\xdb\xe0\x99\x83\xd9k\xef\xac\x0d\
\xda\xe03grxV\x8b\xb7\xebOx\xc2\x13\xd6\xd1\
U\xc2kx\xb4\xed\x8fe\xbc\xa2\xbfo\x0f\xb7{<\
?\xfd\xe9O_\xcf\x8a\x0c\x85\x90\xaf\xb3\x15 \x06\x91\
\x83\xc3$Z\xb4\xe4\x89&S\xa2\x18\x96\x91\xfa\xb8\xa9\
\x9dG<!Z\x8f\x17d\xcc\x99\x01\xd9\xe3\x05\x98\x12\
\x1c\xc4V\x5c\xdf\xf8\xb1\x1f\xfb1s\xb0#\xb5\x07~\
\xbdVf.\xad\x10\xdd2W\x16.q\xc0\x80\xd06\
\x0c[\x8b\xd0\xa6]\xc2x\x04C\x08I\xacj\x22\xdd\
<F\xea\x8f\xbf\xcf\xff\xfc\xcf\x9fTRp\xe4\xdc\xca\
\xa0M\x03j\xba1.\xfew\x228\x91\x08=d\xb4\
(\xc3\x0b=\x89\x04\x09\xbd\xf0\x80C\xd6I\xfe(N\
;\xd3\x0d\x9eH&\xf1\xb6\x8c\xf5\x89\x1e\xfa\xdfL8\
\xd2Y'BA\x08\xa0\xb4m\xc1\x16\xd3\x98\xb1G\xc4\
\x86\x9cZ\xa0\xdd\xa8wV\x97\x12\x1e\x04\x07-p\xa1\
\xc1\xc1\xa3\xfd@\xc1^\xff\xf2&\xbf\xef:\xf2\x8aW\
\xbcb\xbd~\x22e/|Ce\x7fJV\xe8\x87\xb8\
\xc3\xd8\xb0>V\xac>\x06I0\xae\xf5\x11\x8a\xd1\x01\
\xf6\xfd\xeew\xbf\xf6\xc3\xc0c\xc7\x8e\x8d\xeer\x97\xbb\
\x8c\xea\xe7J\xf8\xbf\x0cm\x04\xaf\x1d\x99\x10\xe6*\xe1\
1\xc6\x92,X_p$t\xb5;{RI\xd09\
\x95\xe6O*\xbal\x9fu\xd6Y#sc\xc3\x83\x83\
\xc1\xa03a\x19\xbd\xfa\x8e!\xa70g\x0f\xbd\xec\xab\
\x1dW\xed\xcdo\x1dGk\xf5\xe0I\xa5\xa0\x8d\x22z\
\xc3\xb8\x13\xc1$q\xc9\xd8G \x8b\x846\x14\x22\xe4\
)\xf0\x22\x103%\xb4\xc9O\xfd\xd4O\x1d\xf9\xce\xef\
\xfc\xce\x99\xf1x\x93k9\xe7\xe2\x8b/\xde\xaa\xb1g\
#V\xae?A\xc4\x92\x878r\x1f\x9a\xf4s(p\
\xa6\x10\x0aC%\xb8\x0a\xfbG\x84g\xf3T\x02\xa3L\
\xaf\x8aj\xae\xda\xb2\xe6\x8c3h\xa5\xbcU\x0b\xb9F\
\xce\xfa:D\x8fx\x14\xfe\xb5)\xfa&dP;\x05\
.\xa8\xb1\xfbDE\x9e\xf6\x93gI \xe5\xeb\xd7\x22\
`\xac\x10PDz\x7fT\x83b\x1bG\x8a\xa8\xd9+\
\x13\xf7\xe2\xbc\xb3\xf1!+\xf5\x85h\xf6\xda\xa1\x94\xb1\
\xebX\x96\xe7}\x9f\xe01f\xc0\xe7\xed\x02\x01\xa1G\
\xf6J\xe8\x8c\xc5\xfe\x89\xe9/+gc\x18:\xf4\xc9\
1\x0f\xbfg\xf0\x81\x1f\x5c}{c\x9a\xc9\xacH\x02\
W\xf09[\xb0-%\x1e\xf5:F\xbb\xf0ll\x03\
s\x08\xaf\xa7\xa5\xc7\xa1=\xda\xd4\xe9\x93k\xe3\x9dq\
4m{\x1a=+\xa5\xed\xfc\xe1\x1f\xfea[,\xcf\
\xcb^t\x9dDi\x0eB\xe2\x01\x04%,z\xc8\xda\
\xe2\x15,+^%\x9cf\x19\xa8\x10\x1e\xa8\xb0\x1c\x16\
\x94Pk\x1c\xf3\x96!\x93h\x89\x92g\x0fz\xd0\x83\
L>\xdbu\x84;\x1cO\xe2U!\x08\xed`\xf30\
<\xf6\xde\xa1\x9eu\x1bGxW\xbd\xd5h2\x90x\
y\x86W\x1e^\x8a;\x9fW8\x92)G^\xabx\
\x1b\x9a\x22[\xf8\xd0\x14:\xf5O\xf8D#\xcf\x13=\
\x14\xf8\xe4\x11Yb$\xa7\xf4;\xc9\x0d\xa0:S\x92\
\xc4#\x821n9\xd4\x03\x06\x10\xa4\x10\xe8\x93d\xe4\
 Z\x13\xde\xe0&\x10\xf0*;\xdd\xa8\xaf!\xac\xe7\
\xcd-\xa1R\xa0p\xfcy\x9f\xf7y\xb3P\x1ee,\
\xc3M0\x8ef\xa1\xd3\x10\x19%\xe2\x07|\xab?\x0a\
:Lh\xf1\xca\xcbj\x9f\xe7z\x19\xcdF\xc2\x98\xb3\
CA+\x1aV)Q\x04\x1e\xf1\x0b\xbf\xfe\xe8\x8a\xa2\
\xf0\x87\x9e\xe4\x0a\xf4\xa2\x1d\x1c\x9e\xb9\x8f\x83\xb5 \xef\
\x06`\x96+~F\xa3\x00R\x12`\x10\x84Y}\x5c\
# V?\xb4\xf2\xdd\x98\xe9\xfb\x80\x1b\xa2\xe0GG\
\x0d\xd0\x97z\x19\x097\x1c\x9e\xebC\xc0)\xda\xa2A\
\x9b\xfe\xe8\xf1\xea\x93g\xea\x87\xb4z\xc6@c\xb4\x04\
\xa30\x98\x9ap\xfb\xa1\xc4\xa5\x0c\x86\xd1*\xe4\x90\xa2\
\x0f\xda{\xf8\xb3\x87u\xd1\xd3\x84\xd6\x9e\x16\xd7\xea\xb4\
qN\xe4\xc2;\x9e\x14|\x17\xde\x899\xa3v\x91?\
\x9d\xb4\x16\xb1\x18\xe7)\xe1W\xa9\xd7\xf8\x86.\x88 \
\x18\xe16k\x81\x95)n\xbc\xfe\xf5\xaf_W\x8f\x1e\
\x0c\xb0@Bc`\xb1\xc0\xc3\xa0\x0d~\x89\x00\x81\x09\
\x89\xf0x\xc1\xfa\x07\x7f\xf0\x07\xeb\xf5\x86{\x83L\x08\
\x8c\x92z\xc3t\x7f\x18\xa5\x87\x83\xb7(\x17\xec\xf2\xc6\
I\x0c)\x06\xa7\xfe$7\x08K\xb8cUu\x7f\x95\
\xfbh\xfd0\x88[\x04#1=a\x87\xd5\xc1]Y\
\xec\xc4\xfe\x0f\xd7\x8c\x87\xb7\xf144\xa9s\x10\xe6A\
\x0bE\xc5\x832D\xc0Qa\xfaR\x8a\x8c'6a\
M\xbd\xc0u/\xdc\x83\xd0\x00N\xe0\xf6JSW\xba\
xU\xc6\xfa\x1eGKD\x94\x08\x87`\xca%\xaf\x0a\
a\xd1\xf0\xa2\xf3A\x08\xd67^\xc3p\x22\x08\x1eW\
\xe3W{\xb3\x10\x05M\xdb\x9e\xe1\xbc($\xed\x87\x96\
\xe9t\xa3\xc1\x8d\x80\xba\x883\x0b\xa9,\x9ea\xa1'\
4\xa0\xf70\x0a\x19\xf4Q\x8dN\xdc\x97\x1c\xae`\xac\
\xc1\x19|\xed\xd5\x8c\x92\xb3D\xa4\xd6\xe4^\xa7\xee\xb0\
\x88\xda\x8d1\x9e\xcdc\xe2aS%Nj\x09i{\
mmm&(\xe1\xb32\xa93\xd0d\x10\xcf\xe0\xbe\
\x1b\xecU\x9eM\x93\x81\x06\x97\x0c\x08\x8c\x0c\x8e\x1d;\
v\x04\x1e\xe1R\x02Ai\x04\xa9]\x14\xb8\x0a\xfcU\
\xdaDi\xce\x8e\x8c_\xb5Fz%\x03\x8e1\x07\x7f\
\xb5\xb9\xee\xd5L4-{\xaa\x95\x80\xf6Y\x89\xff\x0b\
\xa5Q\x06!P\x02\x01)\x95~\x9f\x93\xf4^\x1dk\
s\x94'\x9c\xc1\xda)XX\xcbX\xbc\x8a`\x16\xb5\
\x99\x1a\xcb\x19\xe1\x9f\xd2j\x83\xee\xe8\xbb\xbe\xeb\xbbL\
l\xdb\x0f'\xa3\xd0\x1bR\x1e\xbdb\xd0P\xbc~\xb0\
\x8c\xf6\xea(-\x8a\xd5\xee$\x8ck\x94q\x8d\x95\xd5\
2\xd2\xec\xab:\x8b\x98=\xaczD${\x04\xd3\xca\
Dm\x92\xdd\xaee\x9dfq\x09\x15\x84[\x93\xcc\xdb\
\xb9OT8\x0c\x1a\x18L\xade\xde\x8e7%\xfd\x06\
\xbf\x16\x89G\xdf\xfc\xcd\xdf\xbc]\x0b\x0d\xed\x07\x94\xf0\
\x12\x9c\xe2:\xd9\xdfAi\x00;\x1e\xee:8j\x88\
\xba\xd2r^2W\xcfbX\x8d\x0a\x9d\xd2Y#\xeb\
_\xc5\xc0\xcc\xdb\x08v\xd1qP\xa2\x09\x8a\xc0d\x8a\
\xbc\xbc\xd6\xfe\x8e<\xf4\xa1\x0fmFDiR^\x13\
\xecz\x15c\x1d\xf0\x0c\xd7}\xea\x7fP\xfc\xd64\xeb\
\x17\x99g\xd4\x0b\xd6YBbm\x13\xde\xda\xb5e\x87\
\xd69\x11\x5c<;F\x13\x01\x1f\x84\x86\xc8\x1d\x8cx\
\x1b\xb8\xc63\xaf\x8e\x92=Fa\xcd\xdb\xfd\xc9x\x82\
\x18\xe9\xb5\x8fs\xd5\x06\xd0K\xc0qT\x88\xb8\xdev\
\xb9\x02:[\x8aI\x9bE\xe7B\xb6\xeb\xd2V\x09\xa2\
-K\x81\xe9U\x88I-\x9a(\xd1\xca\x8c\x97\x94V\
\xfe\xcb\xea\x8f\xd6\xba\xdc\xf5\x96\x83\xd2o\x1e=\xc1\x1b\
\xba*\xdc4\x1e\xfa\xfa\x1a\xb3\xda2\x1d\xb8\xb5e\xed\
\xa8%<\xf8\x18\x06\x1a\xacF\xf8|\x84\xdf\xe6\x81\xd3\
/9\xa1\x1b\xdeE|\xafZ\x8f\x9e\xb4EO\xae\xcb\
`\x1ed\x9b\x1f\xaf\x1e\x1emJO\x8b\x1e\xb0zZ\
f\xf1\x16-\xab\xd39\x9e'$i\x97p\xda4~\
\x08e\x9a\x08\xb4q\xc4\x8b@\xd9\x9c\x8f\xa3\xd8{_\
\xcbH~\x17w~\xbd\x1a9\x06U\xde\xaa\xc7\xea\x9c\
\x13\x01\x16\x91\x22\xf4\x1a7\x93\xd6\xb3\x5c<0T\x06\
\x8ag\x06\xf2\xa7\x7f\xfa\xa7\x9b~qS+\xed\x9b\xa5\
\xc0\xe35\xa6n\xfb\xe5Mm7WwN\xbd\x00\x9e\
\xe8\x93a\x04\xdeU\xc2th]D\x1fyg\x9c&\
g\xc5}\xbd.\xba\xdc\x0a\xd0\xbc\xd2\x94\xa6c:\xb8\
\x17\x1e\xcb\xbaNxK\x0diBX\x00f~\x94\x10\
6\x0f\xf0\xaau\x11\x02\x85\x94\xe0\xac\xf2o\x10N\x09\
\xe9\xd2\xec\x02\x03\x8b2\x95~nF\x01h\x8f\xe2\xe6\
\x09\x12\xac\x14\xbc8\xfa\x95\x1c\x82\xcf|\x0c\x0d\xa5\xb8\
c\xb5\xe67)\x83\x99\xd4\xd6\x86\xe3kkk'j\
\xbe\xb8\x9d\xecqH\xc3\x0c\xf8>/\xc8}\x18v\xcb\
i\xde_\x86\xf2\x01\x86<\xcf0n\x86\xd10\x1e\x8f\
c\x9d^\x09\x94\xf26kI\xe7\x98\xf9\x0b\xe0\x04\xe6\
\x88\x97Qf/\xc4}\xd2=3\x1a{\x19\x09,\xe1\
\x00<\xca\x82\x8f\xa0\xbd\xef\xaaDe\x03=\xb5\xd5\xa0\
M\xbeC{\x98\x8b\xf7\x85\x16\xfd\xb4\xe9-\x9a\x90$\
\x1a\xf5I\xbfq%!;\xde\xc6\xc3a\xac\xe4\x91\xde\
vT\xfdFm\x8e\xdd\xc4\xa3\x0c\x16\x1c\x8a\xeb\x85h\
J\x90E\xe4\xfd\xf2\x1e#@\x1f\xf8\xe0\x95\xa1\x5cn\
\x01{a\x89\x12b\xad\x88vm7om\xe89Z\
Bh\xaf$\x8c\x09\x05\xa4\x8d\x09\x85\xa0]\x1bS\xdc\
\x1f\xe40\xce\x18\x1f\x1cp\x88\xeb\xc6\x0e\xe3(\xf8\x89\
\xf3\x9e\xd7\xce\xb0\x07\xf9`\xca\xe6\xe6\xa6\xcd\xb4\x8fD\
\x83\xb6\xfai\xaf\x0d\xdaBO\xe8-#\xbc\xde\xab\x19\
\xdb\x15\xeaU\xff#}\xa6\xd7/n*S\xbd\xde\xab\
\x96\xd0\x00.\x1a\x1c`\x05_\xee\xe1I\xfd\xa2\xf32\
\xd9D\x96\xc6V\xbcho;\x87\xb7\xf3\x0ce8\x9e\
\xb9?\xa9\x1a\x15\xbe\xeb\x0ae\xe5\x9ek\xd6\xfb\xab\x13\
B\x07\xedk\xcc\xea\x94Xn\x1fRg@\xf6x\x11\
ca<\xf08\x5c#8\x85E{1Yc\xcd\xe5\
\xde\xa9\x19kj\xcc\xbd\x02=\xe9\xbf\x08m\xf8\x01\x8f\
\x97\xa0\x9d\xc7\x96\xa7]\x01N%8\x86\x82c\xd3y\
`\x0b\x95\xda\x81\xcd\x80y5\xfc\xfa)h\x0b\xccD\
\x9cE\xb8\xd5k\xbb\xdb\x91\xec\x10N\xf8J\xee\xbe\xcc\
\xba\xed\x0d\xfe\x22/.Z\xae\x9b\x81C@\x09\x88v\
FlmRm\x03\xb36\x98N\xec\xed\x15\xb8\x1b\xc1\
\xab<#\x84$\x07Rk\xb80\x10\x81D\x89\xf5\xec\
\xfd\xb5\x95\xee\x03\xe8\x90X\x94 \xaf\x5c\xb4\xd7\xbd\xc7\
\x0bV\x8c\x0b\xfd\xe0\x83Yc\xdd\x95\xce\xf8\xac\x04\xe8\
\x04:$$\x04\x0c\x873\xc5\xc1\xa5\x1d\xb98<\xcb\
\x90\x10y\xac\xc2\xe7\xa26\xa1\xcd\x19\xcf\x95\xb5\x1f\xf7\
\x83\x13t\xf7\x0e\xd5\xf7\x9f\xcd\xd3\xa24\xe7X\x9a\xb8\
__\x0d=\x8e1\x05\x90X\xb6\xebX\xdf\x22\x82V\
\xa9\x07\x03\xf3\x04a\x95\x03\xfcX\x9f\xfa\x08\xab\x94v\
\xb9\xf7^V\x08(\xb7\xf0_]\x02\xfd`\xe8\x89\x92\
\x87g4$a\x89\x81\x96E\x7f\xb0x\xbc\x1a|c\
f\x8d\x93\xc6\xb3Mm\xcd\xcfb\xb8\xeey\x99\x12\xa1\
\xb6\x9b*\x14z\x18\x91\x06\x0ct\x81\x87/\xdb\x0cJ\
\xe6M\x1e\xc1\x1d\x9c97\xa5!\x12\xb39c\x86R\
\x00y\xf8\xc3\x1f\xbe]\xe76\xd1Nxq\x1d\x8f\x18\
\x02\xdc\xeb=\x98\x94\x05w\x0a\x06\x84+\x16\xce\xb2+\
!\x9a\xd4\x9b\xeb\xb3k\xa2\xdb\x9a\x08#\xd3P}\xa5\
\xec\x90\x22\xe3\x9d\xe8\x0a/\x81\x97wb`\x11D\xf1\
v\xa5\x10\x99\xf0g\xe5\xa1\xf8\xbco\x19\xc5\xc4\xbb4\
0\xd1\xa4\xadk\x8a\xd5\x97\x80\xc9D\xe9\xa3A\xf0\xcc\
;\xc7\xa8<\x8b\xa1\xc7\xf8\x03\x03Lx\xcax6m\
\x0c\x86\x97\xa3h\xd7\x1fxkF>\x0fQ_\xf7\xa5\
_\xfa\xa5^\xc7\x9fs\xf1\xc5\x17\xb7yJ2(\xd7\
\x09\x17\xcb`\xec\xf6<\xf3(\x84\x13~\xde\x9b\xa9\xaf\
=\x12\x9b\xb5\xfb\xf6x\x85\x8cm_\x19'h\x8a\xd4\
n\x9a\x0e_Q\xb0\xefm\x8b\x80\xf6\x84J\x11}\x04\
\xc04!\xf4\xa1\xac\xe6@W\x98\x8bR\x86\xfd\x17\x22\
\xca\x8f\xfc\xc8\x8f\x8cjr\x7f\xa4\x92\x1c\x9f\xf4=\xbf\
\x12\xb1c\x94M\xe8\xcey-dZ\x10\xe1\xef\xc5\xd3\
\x12\x01\xd27\xe31\xd9\xc4\x08\x8f\x1d;v\xdc7\xb2\
Bk\x0c\xf0\x93\xe4\x17K\xa0\xf5\xfe@\x90\x83\x9b\xd6\
66o\xb4\xdb\xaa@2*\xd7%\x8c\xd9\xa6\x9eB\
\xb0\xaf\xebR\xfc,\x03+\x86v\xca\xea\xb7\xea\x8b\x04\
G\x7f\xe9\x97~\xc9\xd7\xc5\xdbo\xaa)\x0a\x9d\xe8\xb1\
Z\xe1\xec\x99\x0d9\xb5\xb8\xdd\xe8J\x16\x9ak\xf4\x14\
\xf3\xb3\x8dH\x9e\x97\xa0v\xca\x9a\xb7\xfc\x7f\x00/:\
\x09\x0b\xcfx\x04\x93!\xc2\xe7\xf7\xce~\xc2\xfbM\xdf\
\xf4MG\x8b\x9eF\x9f\x0c4?\x96\xefqy\xb6\xdb\
\x01'Z\xf0\xd6\xb7s\xef(cm\xf5kkk[\
\xf6\xc6\x84\x9e$N\xbdNf^\xbb\x8a\xd2\xccc|\
\xf6\xb5\xdf\x8d\x05\xd1~\x15\xd5\xf7\x8b\x90\xa5\xbb_\xfd\
\xd5_=:\xff\xfc\xf3\xdb\x1e\xfb\xd0\x15K\x17\xae0\
\xc2\x13\x09\x99\xc0\xcd\xeb~\xee\xe7~\xce\xd7\x07\x84\x93\
\xc6<E\x81\xef\x9aQ\xb9w-\xcd\xaf5\xcduK\
U\xa63\xe0\x06Vv;\xf58\xad?Z!\xf1S\
_;\x8c\xc1 \xe0\xdeh)\xafW\xc4\xbc\xeb(g\
\xa84m\xd5\x81\x81w\xdfS\x91\xe63\x1e\xc9\x0f\x03\
B\xcf\xbe\x94F8\xc2\xcfk^\xf3\x1a?\x10\x98}\
\xb9\x87\x87@zP\xc5\x11*\xc2\xbf\xe0\x0b\xbe`\xcb\
\xcf\x86\x11\x1b\x82\x85\x22\xd7\x94\x15\x06\x08:c\x01o\
1\x06\xf9\x1cE\xd6\x07+t\xce\x04\xd9[xy\xef\
\xd3\xfc\x16\x01/\xbc\x95R\xe2]\x84\x94\xac\xd0\xb3\xe0\
\xf7\x5c{\x1f\x91\xf1s^\x826g\x8drx\xd1<\
E\xcd\xabC\x8b\xf6\xbd\xf73\x002\xac\xe4c\x8bw\
\xc3\x8b\x96$d\x8b\x94v\xdd\xe4\xa3\xb0,*\xc60\
\xb1\xdf\xbf\xe2(\xc1\x1cI&\x99\xf6\x85\xf4\x93\x06\xcc\
\xbd\xd4\xf1\x9a\xe9\x0a\xcc9p\xc0\x97\xaf\x19\xc8\xe4\xc4\
\xfe\xc4\xf8\xc0%`\x0cz\xe6U\x92\x1f0T\xdf\x17\
\xb9\xc7\xb0\xb3\x12\xcf1\xe7\xa9\xf9\xdd\xb5\xc6.\xe3\xa2\
\xb1\x18,J\x81\xcf\x91\xb6I\x88\xc0\xcfXVa\xb2\
\xcd\xe5\xc0\x04?E\x9fUJ\xe8\xd6\x1e\xbf9\xe0\xb7\
dX_]8b\xcc\xd6N\x9b\xd0\xef\xf9\xbc\xb2T\
i\x00\x01\x82Y_\x1a\xa8\x09n[F\x02\xd0\xb3\xc3\
(5\xf8N\xea\xa5\xe3\xb6\xec\x10\x5cJ\x04\x9b\xe0\xca\
B[($,\x1eF\x81\xc1Ma\x9e\x11t\xfd\x0a\
\xe6Z\x09\x8ag\xe8\xed\x95\xad\xbe2\xc3\x8f\x09\x83<\
I{u\x84\xe7^[\x8a\x03;\x0a\x84?\xaf\x85,\
\xdcV\x08>\x01\x9f>1\xa2\x08w7\x19\xa0\xdf\x11\
\xafI\xdb\xe0\xac$o\xa32\xd7Y\xe6\xceAR\xf0\
;\xaf,U\x1a\x22!\x05\xc0\xa6N\xfb\xdc+\x94M\
\xc2\xe0<\xa0{\xa9CdM\x92\x8f\xd7\x97\x0a\x9a\xc0\
\x84\xc4\xa4\xbbp`\xd6\xbdv\xe8P\x97\xebd\x92B\
J\x09\xf4Z\x19\xa1\x12/r\xad\x8f\xe7\xa5\xa8\x8f\xf8\
\x89\x13E\xf0T\x078\xb2Vm\x18\x05\x03\xd0\x97R\
)_\x1bY#\x05\xa3\xaf\xf8\xde\xf4<J[\x85\xcf\
\x8cI\xa1\x8b\xb2\x18\xa5\x85\x81\x0a\xb9\x93\xf2\xe2m\xeb\
\xbch\xf4\x0c-)\xe41\xaf\xccZ &G\x10\xb8\
\x8f\xe5\x11\x90{\x9f,\xaa\x8fz\xb5\xfd\x13\xc9\xba\xb4\
\x81\x0c\xa3\x0e\xcf\xd4\xb9&\xf4<K8q\xf6\x1c\x91\
\x04W\xa1\xe1\x84\x17~\x84\x949\x17\x1a\xdc+\xda\x0f\
\x0f0\x13\xca\xa6\xf3\x9c\x8f\x0ag\xe9\xe79\xfa\x08m\
\xea\xb1\xed\x87t=n\xcf\xf0\xe4\x8cf\xf0\x22d\xd7\
\xf1X\xe3hM;\xbc\xa6i\x0b\x0d\xe0*\xf8\x83g\
(\xbb\xf6pP\xb4c\x00\xf8\xa6 !\xbb~H\xd8\
^\xf8\xe23\xc3N\xa2I\xf8\x9d\x07{\xa9\xa7E\xe8\
\x10\xb20!\xc2\x04\xb0\xd6\xec\xda\xf7\xe8YL&\xc1\
\x18\x87\x04\x93\x04E!\xf3\x90\x82\xe9\xb9\xa3V\xda7\
\xfd\x02\x92\xf5\x85\xe0\x08\xb2\xb7\xba\xa1\x10\xfa{\xf0\xaa\
\xcfG\xf4S\xc2\xf0\xa0\xcfu\x1bPv\x034\xe7\x19\
\x9a(\x90\x90kh\xd8.\xfe'\x94\xb6\xc8\x0b\xe6\x80\
h\x0a!\xab$?d\xf6U_\xf5Uc\xbfiO\
\x09\xed9\xcf\x83\x93\xba\xa5JC4\x22\x01#\x0c\x8a\
\xb1&\xe9_M\x95\xf5M\x843\xca\xc1\x04\xe5%\xce\
\xc7b!\x9a\x0au\xe6uQ\x8a\xb65y?.\x01\
\xa1 }\xa2(\x0a]%\x0c\x11\x86R0?\xd6+\
mZ\xd7\xf3>\xf7S\x01\xfa\xecv\xa0\xc3s\xfc\xf9\
 \xcb\xda\xda\xdaq@C/\xde\xfa2\x14\xba~B\
/\xc59\xf0x\xec\xd8\xb1\x0d\xbf\xaf\xae\xdf\xc1\xb5\xae\
\xc3>\xd7\x038\xe7f\xa9\xd2\x086\x84E\x81\x08\xb6\
B\xfe\xa4'=\xe9\x88\xd5w\x8ci\x93\xd0\xe69\xeb\
\xa4D}\x22\xd8(\xcfs\x87\x98^\x0a\xdb\xb6\x15]\
\x88\x88 \xf4\x81w\x15f\xe2U\xd5v\x99']\xf7\
\xe1\x909B\xd8\xad\x8a\x91*\x12\x16B\x96\x90\xc4\x98\
\x16\xd1\xd7\x1bA<\x12o\xe4SQeR\xdf\x08i\
\xff\x18\xcf\x94e^I\xffy\xcf\xd4-U\x9aF\x19\
;\x08(\x9ed\xd0\x17\x8f\xbf\xef\xfb\xbeo\xec\x9a7\
&\xc4\x11\xbak\x05\x01\xeeS2\xee\xf1\xceJ\xc1\xcf\
\xb1\xa2\xadd\xad\xaf\x1f'\xfb~3\x00\x0b.\xaa\xed\
\xc7\x96\xb4\x9f\xebi\x0b\xc0\xcd\xaa\xd1\x1f\xc1\x1b;%\
cB::#\x97!\x8c^i\xf8%\x0b\x86]\x89\
\x8c\x0f\xc5\x1d\xb1=02\x8a\xe2\xfb>\x81\xb7\xc8(\
\x96*MF\x95\x02\x11+sF\xb4q\xce\x7f)*\
\x8f\x1b\xb3B\x1bq\x14\xc8\xf2\x93\xa1\x84\xbb\xa4/=\
i\x00\x00\x15\xbfIDAT\x9c\x93\x9c\x18\x1b*\x01\
\xd9\xb6X\x1b/\x0b\x9exv\x06\xfc\xa1P\xfa{p\
\xb5/\xb8\x1f\x8e\xd2\x16X\xea\x5cO\xeb\x855\xef:\
4P\x98\xe7\xd6b\xcb[\x8e\xbb\x9e\x17\x1a\x87\x82\xc6\
\x9b\x88\xe3W\x9e\xf5\x91\xb2\xb1\x8f\xba\xf08\x9e\xcbp\
#\xaf\xddx\x1c>[\xaa\xb4\x9e\xb0\x08^\x1d\x01\xb1\
\x1e\x0b\xb7\xb5\x043:\xf7\xdcs\xc7\xc2\x9c\x94:!\
%a\x10\xd2db\xa9\xabl\xf1\xb8\x17\x9a\x84\x01\x9e\
3\x01\xa5\xdd\xaa\xcc\x84\xa6\xea{m\xc2\xb0\xba9B\
\xfd\x84\xf5\x0d\xa5\xb0\xcb}\x94\xc6\xdb(@\x12Q\xde\
\xb6-\xb4/\xf2\xec^\xf9\xbc\xcct\xa1Vd\xc6\x8f\
x\xc4#\x9a\xa1\x83Ca\xc9\x8ewA?\xf7\xd1R\
\xa5\x05x\xbclj\xd5mP%hg\x96cGn\
\xa5\xb0c\xedy\xa7\xc9x\x84\x083Ab\xdc\xa1O\
\xad\x04\x9c`\xb5\xf12\xcfe\x9d\x94\x961#\xa1x\
.\xe5]\xe5\xd4\x88fJ[\xe0i\x9fX\xcaX\x06\
\xb0{\x9eT\x1c\x0e\x0aDg\xbd\x0d\x10\x22\x8f\xafB\
_e\x9d~\x16\xdc2E\x06-\xdd'\x03\xa15\x06\
\xb7\x07rZ\xd3\xb9J\xeb-E#Hz\x04\xb9\xa7\
H\x07\xe5Y\xcd@X}\x8dt\x5cc\x95\x7f\xf06\
\x9b\xc8\xf2<c\x960\x81\xd8\xb2\xd6\xcd\xfc\xf37\x0a\
\x02\x9bP0\x95\xe2~^\xb8\x1a\x86\x1f\xed\xa7IK\
\xf3\xa4<g0\xf1\xb8\xe9\xb9=\x077\xb0\xf7\x224\
}\xf0\xcd \xfd\x80\xde\xdc\x12/\x89\x14\x91IB\x1e\
\xfc\xb6\x95\xfbLU\xbd^\x92t\xb5\xfe\xe0\xa4\xc4\x08\
\xd0\x11Zg\x0fw\xb9\x98\xab\xb4]\xda\xb7Ga<\
\xed(\x0eR\xff\xb0\xd4g\x99\xeas\xb6G\x10l\x5c\
\xc3\x04\xc5\xb0XL\x8a\xe5\xb5\xd3\xe8\x19V\x01VI\
\xe9W\xa1e\xdaf\x99'-{\xbe\x0cU\xe3\x11\x0f\
\xf8\x97\xfe[!\xc9\x94@\x9d\xe7<\x89<\xca\x1b\xc7\
\xb6\xb7\xdb\x83r\xa7\xda\xcf\xa9NT\xe9\x8d\x8e\x12\xf7\
S\x96\xbe\x04\xdd\x0d(BY\xb93/\xe2Q\xac\xd0\
D\xb4B\xe6v\x85\xc8\xf1\xe6\xe6\xe6\x8eg\x09\xa5\xac\
\xab\xe6y',\xde\x0e\x13\x90\xddp-{V\xc2\xb8\
6\x02\x19\x1a\xd5\xb4\xef\xbe\xc64}\x09<\xb0\x9d\xf1\
c<\xb6\x9f\xa3^\x0fM\x18&c\x84\xd7PQ\x0a\
\x1dWr\xd6\xe6\xb3\x99\x06\xe15\xde\xa8\x1d9$\x92\
,\xe3m\xf8|_J\x8bP\x9c!N\xd80\xd1F\
\xa4\xc1\xda\x97\xd4dL\xe5ac\xffT\xc8\x17\x0b\xa6\
\xcbA\x9b>\xb5\xc0*\x11\xbe_k\x0b#I\x06V\
\x10\x80\x8d.\xfbR\x1cZ{C\xa0\x00\xa1\xbc\xe6l\
\xdb\xf5\x85\xd7\x89_\x8c\xa2\xc7\x7fg\xba\xdf\xfd\xee7\
\xf6I\x0dJU\xf2*ITId\xa1t\xf4\xc6k\
\x87JYv\xbf'\xa5\xf5\x84\x0f\xad9\xb3\xfd\x10D\
qB\xa0O\xe1\xd5~\xf8q\xfd\xc3\x84-/\x1f+\
\xf3\xba/o\xd4\xee\xa0\x0a\xc3\x1c:\x94\x12\xc2)\xbd\
\xa7\xcda\x5c~\xbd/\xa5\xf5x\x18\x1a\xe1S\x9c\x97\
\xb6\xe5mGj\x18\xd8\xb29\xa8\x92\xb1#^\xe3\xb8\
N\xd8\xa4\x98\xd0\xa5\x8f\xb1.\x86\xee\x1c\xfa\xe7\xd0\xbb\
\xb0jOJ\x0b\x94\x1eQ\xac\xd0\xb3\x0c\xc2\x9e#\x9a\
\x17\xf8\xc9\x92iA\x85\xc3#\xfeY\x82\x04D\xf8\x94\
\x98H\x7f\xe3)\x0b)\x5c\xf2\xa0W\xda\xb0i\x845\
\xad\xdf\xd7\xe7\x85\x089Yb\xe01P\xafyD\x12\
_@\xad,\xf8\x88\x15\x0e\x0b\x05x\xd5\xce\xd8\x96\xf7\
\x81\xf0g~\xcaP\xe3q\xfbQ\x18X{VZ\x10\
\xc5\xd3\x12\xe6\x08?\xe9:\xa2s-\x191\x7f\xf3\xce\
H\x8c\xf7z\xc4\xf3\x81@\x87\xf2^\xf9\x1e\x1dSx\
\xb7X\x02\xf3\x13/\xaaV\x86\xbe\xb8!\xe1\xe3\xb1^\
U\xb5P\x98\xcfZ\x08\x87\xbc\x8bAz\x9e\xc8\x83\xb6\
\x8ciQ\x22E\xee'\x19\xdb\xb3\xd2 \xec-D\xb8\
\x88\x82\x10\x81HE\x1d\xcf\xcb \xed\x99\xd7/\xc6\xb6\
d\x92\xfb\xb5\xb4\x05\xa2\x9c)e\x01\xdc}yZo\
\x081Ta\xce\xa4\x99AJ\xb0$`\x94\xe5\x9a\xc2\
<\xcf\xfc\x96RbX\xe8\xee\xa7>\xda\xef'\xd2\xac\
\x9c\xf2#\x0a\x03\xbd\x87\xd9\xd7 L@\xec\x1f\x14 \
0\xd6\xe5Z=ea*\x93n\x89\x0a\xc6\x12r\xa2\
\x80\xc0\xcdY\xfd<\x81\xa5^;\xb0S\x0a\xd7)\x09\
Ap\x8b\x00\xf0k7=\xb7\xc5\xd0xy\xeag\x00\
\x16\x5c\x80\xa38\xeb\x8bn\xe7(\xceu\x8c\x93\xc1\x1a\
\x16\xb4a\xcc=O\xe6w\xea\xae\xaa\xffbU\xbf\x0e\
j_\xd2\xdboY\xaa4\x88\x94~i\x8a\xd0}\x02\
\xc8\x96\xaf\xfa\xdeF#Rx\x10\xc7\x09\x0c\x13,*\
\x16\x16A\x85\xf1^\x19!|X7\xbc_\xc4`,\
\xb5`\xdf*}\xd4Ea\xfaM\xebo\xbe*\xccE\
\xb8\x02+\xfc\xe4\xccX\x1c\xf8#\x9b\x18/\xb98\xc8\
\x82g\x92\x8f\xed\x88\xfe\xfb\xae\xf1.\xb2\xdd\x0d\xdf\xbc\
gK\x95\x16K\xd3\x99uuBj\x8a\xf4\xa11_\
\xb7Ah\xc2\xa3>!\xdcu\x0eL\x06^\x04\x18\xc6\
{\xe2\xf6\x22\xdc\x8e\x9e\x93\x03;u\x11\xf2\xf4<\xf3\
\xb4^\xf8\xf3\x842\xaf\x8e\x01\xa6\x84f\xf8(%^\
\x1b\xbe=\x0f\x0d\xf18\xb2a\xe0de\xbc\x93\xb0\xdc\
\xe0JCD\x06R\xd7\x12\x0ao\xb0+,\xee\xd8X\
\xea\x7f\xc2\xb0\x1e\xe1\x81ei\x8b\xd0(\xaaW\xdcn\
J\xd9\xed\xd9<a\xaa\x9b\x0a\xef\x96\xc3\x90\x1b\xe1N\
a\xde\xbc\x0f\xbdQ\xdc\x22\x98\xa9\x9f\xd7\xa7\x87\x0bw\
\x7fO6\x94\x91\xd0\xcd\xd0\x0d\x09>\x1b\xf5\xab\xbf\xfa\
\xab\xedW\xb6\xa6\x0aJ\xa2\xd72\x1a\x86\xcf\x97z\x9a\
\x0e\x10G \x08\x14\xbby\x92\xf9Hm-\x1b\xd7\xd8\
\xd6\xfeC\x85\x97z\x92\x8cXe\x94\x06F\x947\x10\
\xe4\x8c\x9e\xd4\x0f\x09\x5cv\x9f~%\xbc\x93{\x1c\xc1\
\x99\xfeES\xdb\x84\xdf{\xcc2\xd8\xbb=\xef\xe9\x8d\
\xc7\x05>\x1c1R\xf2\xf0\xca\xca\xafj\xeb\xf7\xe4\xfe\
\x1ba\xfb\xf7\xc8\xd9^\xbe\x1b\x8eE\xcfVR\x1a\x05\
),(\x0a\xe3I\xb2\x1f)o\x9d7+Ln!\
\x8c\x97\x19\xd3\xc4\xef^\x81!`\xa8\x9c\xe1\xfd\x22B\
\x17\xd5\xeb\xaf\x94\x85\xdf2\x0a\x19\xc2\x9cz\xcb\xc9\xbc\
`\xe89\x8b\xe0\x0e\xe9\x1d\xc2\xcc\xf3\x8ce\x94\xa4h\
g\x5csO^\x128\xff\x89\xb16\xd4\xfan\xf1\xc4\
\x7f\x17\xc9\xcb\xe2x\xe32\x1a\x86\xcfWRZ\x04\x93\
\x093\x85\xa9\xe3\xde~f\xea\xb7\xc9>\xf9w\xf1\xc5\
\x17\xfb\xeep\xdb\xe4\x19\x01\x12T\x845D~\x18\xf7\
\xe8\xc0|E\x83[\x10\x12\x5c\xa17\x0a\x9a\x9e\x9bR\
\x87\xc7^i\x08\xecy\xfd\xe0\x8e\xf2D'\xbb\x9f\xfd\
\xe0\xbf\xfe\x17\xdb\x96O_\xd4\xb2\xd79V\x83\x94\xbc\
W\x9b\x07gY\xddR\xa5a\x12\x01\x88\xe1Y\x0e\xf7\
\x14CXv\xc8\x96\xe2\xb6\xcb\xba&5\xc8Nl\xd1\
\xf6\x9f\x06\x85S\xde6\xcf\xb2\x17Y\xed2b\xe7=\
\x07\x7f:\x8e\x9c\x92\x81}\xa8\x98\xe9\xfd\xc9\xc3\xfay\
\xf0\xf6Z\xd7\x1b\x08y\xc0\xa1\xf00J+\x85\xad3\
\xe8\x9a\xa3\xb6\xfd0\xc6}\x8b\xcb\xa2\x17\x8f\xdcOY\
Ii\x10\xf4\x0cS\x88\x10\x88`!\xb0\xb6\x83Q\xdc\
\x8fj\xf7\xeaW\xbfz\xe7\x97\x7f\xf9\x97[\x1c\xe7\x91\
\x04\x99\xfe\x99\xeb!4+\x05\xabxa\xc6F\xf8\xf4\
c\x0c\xa9\xe3\xedp\xd5\xd7\x08N\x11\x09\x92\xc5fL\
\x81\x0b\xbd\xf5Y\xd9S\x8c#\xf1\x84\xfc\xeas\x99\xd0\
\xa2\x84\xbe]\x8c\xce\x19\xbc\xa9\xa77~\xcd[\x15\xf0\
\xfd:\xa7\x12\x90\x09\xe5\xd47\xf8\x8f\x8bJ\xe8u\x8f\
\xefl\xe5\x18\x1aS\x7f?\x8f\xbe\xa5J\xdb-\x1c\x00\
\xe89o\xab\xa4\xe4r\x84PL\xfdC\xd5\x1dq\xdc\
>?\x048+by\xa6\x0d\x88_%\xe5\x1d\xc6}\
\x0a\xe0\xed\x04\x84\xe9\xed\xed\xed\xf6q\xe8\x9a\xb0>\x1b\
\xec\xc0LXf\x5c\xbeVP\xc6\xf4l\xff2\xd3/\
m\xc0`l\xab\x94e\xfc\x07'caP\xb2Cs\
\xd8\xe7<\xe79\x0c\xa9\xbd\x96B\x8bO|\x90\x13\xfa\
\xc0$\x17|\xc4\x00V\xa1e\xd6f7-/z\x86\
\x08\xc2D\x80\x03\xe1\x17^x\xa1\x94\xff}ED\xfb\
%\x89\xdf\x81Q\x1c\xcb\xa3\xc8\xc0\xe2\x0d\xfa\xb8\xd7\x0f\
\x9cx\xdb<|\x099iOQ1\x0e\x0a\xa8\xdd`\
\xa6\x1f[e\x04\xb3_\xb0\x94q\xcc\xbeH\xa0\xbe\x94\
\xd4\x8e\xb5\xfa\x0d\x18\xeb\xcf7\x9a{\xd8\xf3p\xcf\xab\
\x8b1\xe8\x9b\xfe\xf8pP\x10~/\xb8\xe0\x02\x86\xdc\
~Q\x04\x7f\xbd\x1c\xbe\xccX\x0f^\x86\x95\xc8`\x1e\
\x8e\xd4-\x92\xcbRO[f\x01\x88ee\xb2\xa2Z\
\xf5\xbe\xdc5\xeb\xf6\x0f\xe4*L\xae\xfbdSB\x12\
\x8b\xe7!,]\x96\xa9\xed\xb2\x92\xbe\xda\xc5B1L\
\xf9\x84\xe6G\x80\x81\x05\xaf\x82\xd9\xf4\xd3\x8eE+\xd6\
\x0a\x85\xc8\xfc*g\x99\x17\xb5N\x83\x92>\xbd\x87\xb8\
\x86\x87,\xea_\xba\xf8\xcc\xc5\x16\x05\x0a\x83\x22J\xed\
\xdez\x86\x04\xc4s\xbc\xa3\xcdy\xdfe7M\xcf{\
\xd6{\x19\x22X\xbev\x06\xd7'?\xf9\xc9\xed\xdf\x99\
\xd4\x92V\xfb\x01\x1eK\xb3\xf7\xdfw\xfe\xb5ee\xb1\
\xb0X\xe92O\x03;\x0ar\xad\xbd{x)\xc0\xff\
\xb6\xae]N\x0d//\x87\xb7\x84\xd1\x0e\xf8\xcbH\xda\
uE\x81\x9d\xda\x06\xb1\xee\xdbW\x94\x96\x0cw\x1e\x8f\
{\xa9K\x14\x01\xb3>\xe1\xebgK\xed\x1f\xe0\xc2\xe7\
\xec\x87\x98~\x98h\x1c\xce\xdb\xed\xc0'\x93\xbd\xe0J\
\xdb=u\x1a*,\xa1.Y\xa2\x1f\x1e\x0aU\x04X\
[\x0d\x1a\xd1\xf52t\xc7\xbf\x1e\xb6P\x0a)&\xa3\
\xb0$\x14\x8b\xc2@\x88\x84'm0\x0a\x06Kv\xb8\
\xaf\xf1\xca\xfe\x94\xf6\x83\xc7(\xad\xbc\xb8\xe1w\xa6\xcc\
\x9a\xd4n\xf97\xcc1\x1a\xdey\x90\xf0\xd8\x87It\
ZO\xf4\xfa\xa9\xbc\xbd\xd1\x00'\xa3\xa9a\xe22\x1f\
\x99\xd1>\x0a\xce8\x87\x96\x84\xd9\x18o\xe0\xee\xa6\xcc\
\x95\xc2\xe3<\x00\x01.4D\xa0^x\xd6\x86\x96s\
B\x88\xf0\xc0\xbad\x94\x16J\xad\x98h\x8fXE\xbf\
U\x8a0\xaa\x1f:(\xc9\xb5\x12K\xf5\xd1\xb1\xca\xce\
.RG\x19\x9e'\xd1\x80Kx,\xa5^\x84\xbe\x08\
\x0cm\x81\xb3\x0a\x0dp\x87g0\xe1v\x08u\xfek\
\xc8%\x97\x5cb\x01\xbd\xfd\x9b2!Q\xb1\x8d\xb0\xb6\
\x1f\xf8\xbeVSN\x1f\x12\xdd+\xbd\x92\x22\xc7e\xf4\
,U\x1ab\xfb2T \xe4\xc9\xe4\x10Y/\x04\xb7\
k\xadm\xa2\x1d\x0f\xf1\xcco\xa8\xeb\xbf\xe7nY\x7f\
KLgu\xd6\xe4\x96\x15\x8cD\xb8p\x11R\xde\xc7\
\x81\x95\x89~\xc1\xfaP\x84\x057\xe5(\x9e\xf3\xe8\x12\
\xf05\xde\xe7\x19\xf7z\x83[\x86\x7f\xc8{\x0c2\x8a\
3\x17\xf3\x9f\x80k>\xb6#D\xe6=\x1b\x1a\x8b\xee\
Im\x9fks3\xca\x847c]h\x88\xa2\x9cW\
-K\x95F`\xb1n\xc2\x90L@\x9c\xf9\x06\xa1\x84\
\x10J\xb3\xae\x96\xdfq!\x22\xc4\xd4\xef\x9d7\xea\x1f\
n\xafS\x1c\xcfa\xe9\x18\xe9\xdb\xb8\x8e\x05\x86\x81>\
\x11\xd1/\x8a\xf1<\xdeD\xf9E\xdb\x87\xd4\xc5\xc8\xe2\
\x05Qt\xd1vM\xc28\x9a\xc0\xed\x0d0\xf8\xe6\x9d\
\xf1G\x0e9\x18\x0b\x83\xa4 \xffV\xa4\xc6\xac\xb6\xe2\
\x91\xc92\x99\xe0\xadv\x16\xff\xa8\xcd>\xda\xa3\xd5\x81\
~\x0a\xd7\x96,\x19oBv\xce1\xd2\xc8gH\xd3\
\xf2\xf4\xadz\x84\x18\x96\xe4_\x15\xfb\xda\x01\x05\xd9\xee\
\x8c\x10\xfb\xf8#\x88c\xc7\x8e\xc9\xa0N\xf82\x00\x02\
\x11\x809\x8c\xfbGu\x95Y\x8d\xbd\x96\xf0\x0f\xdf\x08\
tha\xda\x13\xa63&V\xc90\xa7\xcajJ\xdb\
\xa5\x5c\xd3\x0b~\x97v\xb3G\xe8@C\x04\x9d\x07\xe0\
\xa0\xcb\x18Y?\xee_\xaf\x7f\xdd\xbc\x11\xcf\xc1\x13\x83\
\xb1\x0f\xa6v\xa4]n\xab\x05\xf9E\xd1\x12(2\xf4\
1R2\xb1\xe2\xafm\xb6a\xe8\x0f\xaf\xf6\xbd\x81\xf6\
\xf4.U\x1a\x8b\x0aB\xc4\xd8.`a\xb8>\x9ei\
\xdes\xac\xc6\x8a\x13\xb6I\x9b8\xb2\xaa;\xd5\xc6\xcc\
R\xcaQ\xc8\xf5M8\xe3\x0d\xe60\xaf{\xdd\xebv\
\xca\x1b\xc7\x94mWr\x94\x14E\x0d=kU\xe1\xc6\
\xd3\xfa\xf6\x819\xad\x9b)\x0d\x8eX\xf3\x22\xf8\xf1X\
^\x13\x83\xd4\x8f\xf5\x0b\xb1\xa6\x1a&\xf5\xe5i\xedS\
\x87\xea($F\x06~e\x8e\x1f\xa0\x0cI\x98\x9dh\
\xbe\xae`\xfc\xf3\x0d\x14\xff\x8f\xadv)\x8fk\xcck\
\x86\x9f\xf1.\xca\xd7\xbf\x97\xc5\x9e\x94\x16/C\x94\xc3\
\xe6\x1c\xa1\xa0\xackR\xb1|\x935T\xda\xbdY?\
&\x7fF\x1d'\xcaj\x8e\xd6\xae\xabM\xc4\xb3RE\
\x08p\x9fu\xb7z# \xc3\x1a\x7f\xff\xf7\x7f\x7f[\
8E\x5c,lU\xcf\x1a*\xa7\x84|M\x04=T\
\x84\xfa^\xa9\xf1\xb8\xdd\xda\x83\x11\xa5STV\xe6\xc9\
@B\xe5\x93\x83\x9b\xb5\x11\x97\x90\x93\xd4hO\xf8x\
0\xd6\xd5\xff\xaai\x9f\xd7\xadU\x9b\xa3\xb5\xbd\xe0I\
U\xb7QF\xdf\xfewMm\xb5k\x1bZ\xed\xca\x0e\
\xcfd\x80\xb6\xc8|a\xa4\x992t\xbd\xf8>\xac3\
\xa7\xe9\xe7X>Wke\xa1\x10\xceRl\xf3\xa1B\
>\xfb2\x8d\xd4\xd7}Y\xd1l\xde$\x15.\x82\xdb\
\xbdo\x92\x98\x88f\xbe\x84y\xc2A\xa8\xebd\x86C\
Z\xe6\xdd\xfb\xa7\xe5\xb55\xef\xceh\x00\xbb\x18\x9f\xe1\
\x84\xcf}\xcd\x17\xd7\xfb1\x0d\x9cX\xb5s\xe0\xf6a\
\x0e-Y\x8as\xad\xbf\xf3\x0b^\xf0\x02\x06\xd8V;\
\x1cet\xed{\x93p;\xfai\x07\x19\xa0\x01mV\
j\xdc\xd7f\xdd\xcb\xac\x16Q,\xbc`\xe2\x9dq\xf7\
|\xf7t\xf5|/MDX\x1c+s\x04\xb8O4\
\xf8<E\xed\xf9\x1b'\x03\xe4qB\x89\xdfd\xbb\x16\
\xaf\xb5w\xc4r\xe2q`\x96\xf5m\xd4\x1b\xef\xf6\xa1\
i\xd3\x02\x16\xa6\x7fBB\x84\xa7\xedn\xa5\x13\xf6\x87\
\x5c+\xc3\xd0\xa7\xbe\xac\xf8\x1a\x96\xac\xa4\xdd\x10n\xea\
{\x01\xf1\x0a\xb4\xe8\x8b>s\xc2\xfa/\xc4[B\xbf\
\x12:\xe3m\xa9\xe3\x91=\xff`\xa2\xcb\x8bc\x1fO\
\xb3\xc7\x9f\xec(II\xa2\xa2M\x945\xe4#\xf4.\
U\x1a\x81\x86\xd9\xb8\xaf\xce\x92\x0f\xab\x1d\xfe\xa1\xb6\xb8\
\xcdcXK\xc2\x1c\xc4\xdc\x1e\xe1!\xca\x99R\x84I\
J\xad7\xde\x93\x17\xbf\xf8\xc5#_\xc5\x1efh\x08\
^\x14\xd3C|\x7f.\xa1\xcc\x94\xd6\xd7\x87\xf1\xa2\xa7\
)-\x02\x99\x07c^\x9d9\x1e\x19\xf02c\x11C\
\xab$kC\xf2\x80\xb7\x9e\xc6$\x0e\xc9\xb6c\x84\x14\
\xa6\xad\xa1\xc0\xbfG\xf6\xe2\x98\x0c(J\xff\x8cg\xe1\
9t\xce\xa3\xa7\xc9p\xd1\x83\xd4g\xd3%\xa4\x80C\
\xc4\xca\x10\xe6G\x14\xc6\xa5\x9a\xb4\x8eyX\xbc\x91`\
\x10\xac\x0fF\xb4G\xb8\xeb\x84\x01\xc4zn|\xf3\x7f\
7\x858\xcf\xc0\x8d\x91,\xa3-\xcf\xa7\x1er\xdd\xf7\
(\xaa\x12\xf3C+\xad6\xd7\xec\xe6\xbd\xf3\xbc\x0c|\
4\xe1Y\x02\xe63PEk\xfbOK\x12\x91>2\
d\xf8\xe8\xa3J\x84/A\x911\xdb\xe7_Ki-\
s\xb6\xe5P\x1ft\xe2\x99\x8c\xc8\x03\x1d\x8c=\x8a\x9c\
'\x83\xa5JK'\x80\x10\x84q\x00)\x13\x02\xdb\xa1\
)\xae\x16D7X#\xe4\xda\xc6\xda2\x87sv\xe8\
't`\x08\x1c\xeb\x87\xf5\x86\xa0mU\x00\x8f \x84\
\xd1^!\x11h\xcf\x80:\xb4DA\xd5\xef\xd4\xc0\xcc\
Y\xfbx\x82v\xf0\xf5\x02\x89b\x03\xa3W6\xf8\xe0\
P\x98\xac\xd7\x18$\xf3MD\x18\x0a\x97A&\x1c\xc6\
\xe8\x122\x19sM\x85\xfc\xf4\xa9%\x1e`\xc4\xc8\xd1\
\x87gm\xd1\xe6~hpC\xc5-M\xf9\x87\x1d\x86\
\xf7\xac\xc5\x8f\x0e\x8a\xb1\xed\xba\x9e\x98\xb3`\x08\xe2\x08\
\x88\x02\x85S\xef\x9a\x08\xc0\xe0N\x80,\x10\xb1\xf5\x8a\
e\xa3<n\xbdB\xce\xb6\xdf$S,\x03\xc0\x8c\xb2\
\x1b\x13Qh1\xdb\xfe#\xdeP\xc1\x14;-\x96_\
\xaeN\x9b^ai0\xef\x8c\x0e\x9b\x96\xec\x81\x91\x80\
\xa5P\xa61I\x98\x83\x03/\xb2ju\x94\xc6C\xe1\
@O}\x09b\xc3\xaf\x88|1U?\xcfWQ\xce\
<z\xd4\xedIi\xbd\xf0\xa2\x18\xc8Y\x92\xc5\xd2\x0a\
!Gj\xd5c\xc7\xeeYcA\xb2!\xf1\xff\x87\x7f\
\xf8\x87\xc7\xf5\xa5\x9f\x16\x16j\xaerz\xcd]\xce\xac\
$\xe4\xac\x9a\xbf<\xb6\xea\x8e\xd5+\x9cI\xfdo\xeb\
\xb1\x09\xbb\xc1:\x03\xf4\x22\xc2\xe1\xefi(\x039-\
^\x95>\xe8\x8d\xd2\xea\xba)m\xa8\xd4y\xf0\xf5\xcb\
a\xb1\xb7\xe8\xb2Ep\xa3\xbcdR\xc6\xf7\xff*\x11\
\xbb\xaa\xe6\x98W\x95\xb7\xbc\xc7\xa79(\xc8by\xbd\
G\xdb\xa1\xbc$/pW\xbbI}\x05b\x1b\xef\x16\
$z\x9as=\x8f\x86\xdd\xea\xf6\xa4\xb4\x1eP\x14H\
a\x06j\x04\xf1\x92R\xc8\xb8\x16\x87wX(Oc\
y\xf6Gx\xd5n\x89\xcb\xfa_]_]\x16\xf7\xa6\
Z\xc6ySe\x91/\xf1\x9e\xab&\xeb\xad\xad\xd0\x89\
iJ\x8fE\x0e\x19\xe8\x05\x8f\x0ex\xca+OsN\
h\xd2\xa7WZ\xc1<\xd5}\xfa\x86\xfe!\xec\xfe\x9e\
\x11\xac\xd5b\xaf\xdf\x9b\x95\xa7\xf8Yr\xfb1\x89#\
?\xb8H{\x11\x84r\x9d\xfb\x8c\xf0\xbc\xf3\xcek?\
\x7f\x22\x1fC\x07E\xf26\xe7\xff3\xa5\xf5\xcc\xc6\xda\
\x853\xd6f*\xe0k\xa7\x15\xdb\xc7\xf5j\xdf\xfc\xa5\
1QD\xfe\xa8\x18\x1eAR\x0a8\xd3\x05\xe6V/\
\x05\xa6\xe8L!\x84F\xb1?\x19Y/\xcc\xe0\x8d\x02\
\xa6c\xd5\xa9\xf0\xc5\xb3z\xc5\xaa\xa74\xe7\xbe~7\
\xa1\x85O\xdf\xfe\xf0\x11\x00}\xd1\xc20\x14\xc6\x01\x97\
h\x82\x0fa\x1e\xed\x12\x16tSl}w\xb9\xfd\xc0\
\xd0*\x91\xa2\x9e1\xa6\x0c#\xc3\xec\xc1\x92\x8b\x95\x13\
\x91!\x1cL9b\xd9\x98\xc1\x94\xd0\x86P\xa9m\xb2\
\xc7b\xear\x0c\xb1\xb4\xf4#0\xed\x8d\x89\x14\xab\xde\
\xd4\x01\xbcL3X\xe4\xb0D\xe8Q\x9c\xe7\xd3\xeb6\
\xa6\x0d\x8dJ\x1d\xa5\xf2\xc4U\x85\x14\x1a\x9d)\x83Q\
\xf6\xc2\xc6\x970\xc8\xb0(L\x89\xe70^}\xf0\xff\
\x94\xa7<\xa5E\x16\x05\xef\xda\xa3E\x01c\xbfei\
x\x9cg\x8d\x98I=e!TXC8\x81\xfbq\
\x9do\x8bT\xc2\xb1Qs\x9bI\x9d\xdb\xf7\xf4\xb5%\
\xb8\x08\x0f#\x94\x19\x06\xc0\xc4X\xdff\x1ecQ\x9c\
g\x94\x0cN\x1d\xa7\xb9\xce\xb3\xd0\xa8M\xef\x89\xf3\xe0\
\xa5\xae\x87\x1b\xe5\x07\x0e/\x09,|&Ir\x0d\x7f\
\xe4\xc1\xf0j\xee\xba\xc1;\xfd\xe8\x90l<\xc3\x13e\
\xba\xd6'^\xdf\x1b\xd9n\xb4\xf5\xcf\x96*m\x19 \
H)L\xc1\x18\xefp\xf8R\xa8_\xf7\xcb\x14\x13R\
\xb4%\xd8x f{\x85\x0b\x8f\xc6H\x02\xd1\x86\xa2\
1:\xaf`\xde\xa1\x8d\xa3\xda7\xa5\xc5 z\xa1O\
\x8d\xa0\x8di\xbd2\xe7\xc1\xed\xebB\xafs\xef\xf5\xa1\
)\xf8\xc23:xV}\x9ac\xdb\x04\x1a\x7fpO\
\x8d\xa6\x81\xd6&\x0a_\x86\x7f\xd1\xf3\xa5J[d\x09\
\xc3z\xd6\x83\xf80*\xa4\xf8\xa7q\xb5\x9a=\xb6\xfb\
I8\xc1$\xa2)\xd9X \xe4\xe8\xe7P\xdcG\x19\
\xf16\xf7\x14H\xf1`\xbbVGp\x14\x9e\xfe\x95\x85\
\x9e\x168\xe0{&\xfc\xaa\x9b\xe2:U\x14@W&\
\xfcpF\x80Qh\x04\xd5\xd3\xa1\xce\xfd\xb0\xf4\xde\x22\
\xcc\xd7\x0e\xe2\xb1=\xa0\xc7\xea\xf5\x94\x02w\x14\xec\x1a\
\x0e|\x04\xd6P\x86C\xf8\x8b\xee\x97*mQ\xc7\xbe\
>\x0c\x86\x08\xcc\x848k\x94\xf6\x01f5;\x82]\
\x95\xe0(\x8f\xd2]\x132\x18p:S\xb4\x17\x91\xb5\
\xa2r\x1e\x98\xeaX\xb8\xc2@\xdcSR\xbd\xc3:\x95\
'[\x99Hf\xab~\x9e2V\xe19mbP\xb6\
<\x80\xedu\x93\xb9[\xef\xf5\xda\x0e\xf9\x1d\xde\xef\x05\
\xe7\xcc\xb2#\xf8\xfd\x9c\x13\xf22\xa6\x80\xe1:\xb1^\
\xa2\x11\x0fI\x1b\x02\x8d\xe0\x09v\xd1\x91vBo\xfa\
\x12z\x92\x15\xcf\xeb\x1f!\x98\x98\xcf6\xd4\x94\x00\xae\
\xf7\x9f\x98J\xd1;\x95\xd9ny\x9db\x05\x06]\x8c\
\xa0\xc7?\xe4{\x11=\xc3z|\xa9C_x\x04+\
\xbc\x0f\xdb\xbb\x1f\xe2\xda\xeb\xfd\x81\x01\x84q\x02\xed\x95\
\x96\xfa\x10DH=S\xa9\x9f\xc7T_\x17\xa5\xf5\x8c\
\x99\xd7E\xe8\x17_|\xb15\xd0-\x8a)O\x9c\xbd\
\x1e\xa9P\xdd^\x978(\xb1\x12\x9e\x1d\xdb\xdb,G\
\xf54\x07\xd7Pp\x8b\xea\x87\xed\x86<S\xden\x06\
9\xec\xbf\x9f\xfbCQZ\xaf\x80!\x11\x11n,\xd2\
\xf30\x9a\xba\xdd\x14\xa7}\xafl\x1e\x06&\x8f\xf1\x8b\
\x94\x1aC\xd6)\x8bR(\x87\xf2*\xf4\xb4kgJ\
S\xe7]\x96w`\xa5\xb8\x91OcD\xb8\x8b\x94\xb3\
\xa8~\xc8\xdf\xd0X\xc1M\x9b~\xcc\x1d\xf6;\xc8\xfd\
\xa1*\x0d!Cf\xe7yJ\xc6\x9aU\x09\xefCk\
^\x9az\x9d\xe3S\x10\x14BA\x95`\xb43%\xd5\
x:\xf38u5\xee\xcd\x94H\xc1\xf5\xb5\xbc\xf6\x7f\
G\xe7\xd1\x1b\x9a\x86|\xecF\xabP8\x8f\xcf\xa1\x17\
\xee\x06c/\xcf\x0e%\x11\xe9\x07Q\x03,\x02R$\
$\x88\x97\xf6\x86\xb0L0\xfb~\x8b\xae\x09O\x02\xa2\
8gz\xa1\xde\xc0_\x9bP\xfd\x8b\xc8-\xaf\xf1\xb5\
!@83'LRb\xfd\xb3\x16l7\xaa\xde\xb7\
\x1a\x9b\xb7\x1eV\x81+Q\x03\x8d\xf8%\x87\xd0}X\
x\x02g\xdc\x0bx?\xc0\x11\x88\xb8\xdd\xb2!\x82K\
\xea\x0b\x9f\xb6Q\xe4\xaa8\xa3<\xfd\xf5%$\xbf\x83\
\xe3y\xb6c\xd7\xbf\x9d\x5c\x7f\xc7;\xde1\xc9\xda\x1f\
\x1c\xfa\xc0+K\xac\xb086\x05\xb1\xd2n\x0dQ\x18\
\xf3\xd6!t\x0f\xe9\x8f\x5c\x86\xf5Cz\xc1\x01_\x09\
o\xae\xe1\xd6wY\xff!\xbc\x95\xee\xf7\xe2\x967\x86\
\xb6\x84\x11\xa5\x09I\x0c\xc2<\xccv6\xeb\x97\xc2\xa3\
\xb1\xab\xbcp\x16\x12\xad\x87\x1a\xc7\xac\x0b\xeac\xac\xc9\
\xde\x8f\x84A\xe7\x1b\x03\x7f\xab\xd0p\xe8\xe1q%K\
9\xa4F\xacXh2w\xf32\xf6\x89O|\xa2\xf0\
9\xb6\x0d\x9dRxRm\x89h\x1e\xc6\xbb\xe2\x01\x16\
\x01\xe2\x1d\x87D\xca\xff)\x98\x9b\x9c\xd2\xfap\xc3*\
y\x8ePi\x0d\xd3\x97\xbc)\xb1\xea\xc6\x95h\xf8\xd1\
\xc5\xf8\x09OxB[\xc4\xa6X\x1e\x96\x12\x8b\xbeA\
\xc2\xd7\x0d\xac\xc2\x03\x8fi70}s\xc1G\xe0\x1e\
\xbaN\x88\xe3=\x14h\xaf\xa1\xbd\x89\x16l\xbd\x161\
\xe6\xaa\x9f\xae\xf6\xb7\x90J\xd9\xd69\xf5O\xb9\xa9(\
\xf0&\xa9\xb4(\xcb\x992x\x11\xe1\xcb\x08e\x97\x99\
\xc8\xe7\x0dB\xe6N\x96\xbc\xa2@\xe3\xe2p\x19\xeb\xa6\
\xa2\xb4\x9b\x5cx\x1cz\x05\xe1SZRn\xf7I\xc1\
)\x8fwe\x9a\xe0\x19\xaf\xcc\x94 \x99\xef\xcc\xd5n\
\x22\x17\xff\x1f\xf8v<4D\x18k\xfe\x00\x00\x00\x00\
IEND\xaeB`\x82\
\x00\x009k\
\x89\
PNG\x0d\x0a\x1a\x0a\x00\x00\x00\x0dIHDR\x00\
\x00\x00\x89\x00\x00\x00{\x08\x06\x00\x00\x00@~\xa3\xdb\
\x00\x00\x00\x09pHYs\x00\x00\x0fa\x00\x00\x0fa\
\x01\xa8?\xa7i\x00\x00 \x00IDATx^\xed\
\xdd\x09\x94dIU7\xf0\xccF\x04\xc4AA\x19\x16\
\x17f\x04A&[\x11A\x04E\xa8\x06\x15E\x07\x15\
\x10E\x107>E\x0e\xb2(x\xbe\xe3A<G\xe5\
 \x22\xbb,\x22\xe8\xc8\xa6\xb23#\x0a\x82t\xa3\xa0\
\x88+P\x09\xae8.\xa03\x03\x02\x03\xc3\xaa\x9d\xdf\
\xfdE\xd7?\xbf\xa8\xd7\x99UY\xd5U\xd5=H\x9c\
\xf3\xce{/^\xc4\x8d\xbb\xfc\xe3\xc6\x8dx\x91/\xc7\
\xb3\xd9l\xe4\x90\xc6\xe3\xf1\xe8\xc3\x1f\xfe\xf0\xe8\xb3?\
\xfb\xb3G\x1f\xfd\xe8GG\xd7\xb8\xc65Z\xbe4\xbc\
\x9f?\xf8\xf4\xc5\x95Z\x03\xb1=!>\xf2\x91\x8f\x8c\
\xaey\xcdk6y\xfe\xe7\x7f\xfe\xa7\x1d\x9f\xf9\x99\x9f\
9:\x94B\xce\xc7\x8f\x1fo\x99\xd2\xd5\xaev\xb5V\
(\xe93>\xe33\xe6\xd7\x9f\xbe\xf8\xd4\xd2@\x1c\xc5\
U\xafz\xd5\xb9`\xb0\x10\x9b\x1f\x92\x9bB\x87\x0e\x1d\
j@\x91r\x0d]\xc0\xd2\x13\xf8\xd4R\xd1\xa7\xa5\xe9\
\x1d\x84\xeb\x8f}\xeccmT\x81\x81\x86\x85\x00$\xaa\
ro\xc8\x91\xaer\x95\xab4\x8f\xe2\xfc\xe9\xf4\xa9\xa9\
\x81\xd8\xdf\xf9\x93\x9f\xfcd;z\x80\x90z\x93'Q\
\xc0p\x137\xc3\x83\xc4\xb3\xfc\xf7\x7f\xff\xf7\xa7\xa6\x96\
\xfe\x17I\x05\x08\x8bR\x0f\x94\x84\x1c\xbc\x08<x\xb6\
)&\x91\xf1/\xff\xf2/\xa3\xb7\xbd\xedm-P\x95\
\x14\xfc\xc4'>\xf1io\xb2H\xbb\x9f\x02y\x01\x8e\
3\x80\xbc\xe3\x1d\xef\x18\xbd\xf3\x9d\xefl6\x07\x14\x8e\
\xe2\xc4\xa0\xb3!,/\xf2\xa67\xbdi\xf6\x82\x17\xbc\
`\xf6w\x7f\xf7w-\x0e\xf9\xac\xcf\xfa\xacVp\x19\
\x0a?\x05\xf4\xf4\xbf^\x84x\x92\x0f~\xf0\x83\xa3\xd7\
\xbf\xfe\xf5\xb3\xd7\xbe\xf6\xb5\xb3\xf7\xbd\xef}\xcd1\x00\
\xce!\x179h\xcb\xc3\x97\xbc\xe4%\xa37\xbc\xe1\x0d\
3\xe0\x10\x9f\x00\x8bqj\xabt\xa6\x81h\x11?\x19\
:=3|\xe6\x9e\x5c<f\x9f<\xebgw[\xc9\
~ey\xd6\xeb\x84\xfc\x0e\xb6\x7f\xff\xfb\xdf\xdfl\xfc\
\xd7\x7f\xfd\xd7\xa3\xdf\xf9\x9d\xdf\x19q\x10\x1c\x86\xe7m\
\x0a\xdc\x0b\xc8\xc5\xf0\x1c\xef}\xef{G\xafy\xcdk\
.-\xaf\xd2\xd6L\xa2\xc0 \x8e\x02\x87F\xd8\x0eD\
\x07\xa9\xc8!oi;\xd1:^\xc5]\xb9W\x9eL\
\x8e\x8f\x7f\xfc\xe3\xcd\xd5*C\x81\x09\xe6\x0e\x92\xff\xfd\
j+q\x069\xc9\xef \xdf\xe7~\xee\xe7\x8e\xfe\xf3\
?\xff\x93s\x98\xbd\xeb]\xefjy\xca\xc4\xa6\x9b@\
B)\x08Q\xd2\x9f\xfe\xe9\x9f\x9e\xfd\xe2\x17\xbfxv\
\xc5\x15W\xb4E5yQd\xaf\xd4e\x06\xd9/A\
O\x85n<H\x80\x90\xde$\xdf,\x8e|z\x8e\x83\
\x822\xcc\x9eI\x1d\xe0T\xe4W\x97\x8c\xe9\x1c\xee3\
!\xf9\xc3?\xfc\xc3\xa3\x7f\xf0\x07\x7f05\xe4\xd0\x85\
2KAb]\x84\x92\xcc\x95\xcb\x9bLUFl\x91\
\xeb\xa5\xdc\x1c\xa7\xca\xfc^\xd5\x0fh\x87\x86\x95\x1f\x0f\
B\x09\xfd,.u(\x90\xd2t\x0c\xca\x0ah\xf4\xb8\
\x0f|\xe0\x03g\x9c\xac;\xd5\x99\xceAv\x89}\xc9\
\xc7\x01\x08V\x7f\xfb\xb7\x7f{\xed\xd2K/\x9d\x18v\
\x1c\xd1\x89\xf3I\xcb\xa8\x94D\x99\x90\xf4\xeew\xbf{\
\xf2\xdc\xe7>wt\xdey\xe7\x8dnr\x93\x9b\x9c\x88\
t7\x10\xa6\xb2F\xa2\xfc\x9d2\xbc\x1f\xe5#\xd8\x22\
\xda\xe1\xb7\xef!\xca\x91!\x1d\x80\x02\xc9\x9e\x85Cu\
\xb8^:\xe9\x15\x17\xfaC .j\xf7L\xca\x1b\xea\
'\xc3\xcfE\x17]4\x13Z\x90S\x870\xb3u\xed\
9\xddl\x02\x09\xa4\x9du\xd6Y\xf3)\xafx\xa4\x02\
\xd8\xd1\xef\xff\xfe\xef\xcf\x1e\xf4\xa0\x07\x8d\xa3L\xc3\x12\
\x059\x86\x0d\x9fN\xa5,\xe3'\xc3d<\x85\xb3\x94\
\xa1\xc5\xb5\xe1\xf4o\xff\xf6oG\xff\xfc\xcf\xff\xecz\
v\xd3\x9b\xdet\xfc%_\xf2%\x0d\x1c\x0e\xcaK\x07\
\xea;\xc6\x95\x09(y\xd5\x02\xf8W\xbf\xfa\xd5[\xfc\
\xf5\xe7\x7f\xfe\xe7\xa3W\xbd\xeaU\xcd{\xc6\xae\x0d\x18\
\x1b\xafa\x00e\x13Hd8\xa2\x04\xca\x14\xc4\x22\xf2\
\x95_\xf9\x95\xa3[\xde\xf2\x96\xf3\x99\xce\xb0G\x9eN\
p\xf4m/2Z\xbc\x08P\x90\xa9\x0f\xcc\x5c\xff\xdb\
\xbf\xfd\xdbH\xc0\xf6[\xbf\xf5[\xb37\xbf\xf9\xcdS\
A\xdc\xednw\xbb\xd9}\xees\x9fc_\xff\xf5_\
\x7f\xe4\xf3?\xff\xf37\xb9\xdfEm,\xca;St\
\xd2\xf3\x01\xe8\xf4\x01\x08\xff\xf0\x0f\xff0z\xde\xf3\x9e\
7{\xfb\xdb\xdf>\x07\x88\x0e\xd1\x0f\xc5\xean\x02\x89\
\x02\x97_~y\xa3\x09u\xb9~\xeb[\xdf:\xe2\x92\
\x0e\x1f>\x5c\xba8\x11\xf5\xf7J9\x93\x15D!9\
2\x9d\x07pI\xef\xa1\xa8\x97\xbf\xfc\xe5\xb3\xea\x08S\
S\xc0\x92{\xe2y\xad\x17\x8c\xfe\xf1\x1f\xff\xf1\xba\xdf\
\xf2-\xdf2\xfb\xae\xef\xfa\xae\xf1\xd7|\xcd\xd7,\x8c\
\xcb\x1a\xa1\x8dt&\xeb\x01\x8b<G\x96;\xe8\xa2\x16\
\xcdf5J\xb4\xe1\x85\xed\xfbES\x9dG\xdc\xd2f\
A\xfdp\x11\xb7\x8c \x05JP%\x98}\xd1\x8b^\
4-E]x\xf7\xbb\xdf\xfdn\x94\x91\xad\x03\x10\xe9\
\xde\xd1\xd3:]\x0a#\x18EH\x04\xc7\xa7i}b\
\x0fn\x96\xe0<\xc7\xef\xfd\xde\xef\xcd^\xf7\xba\xd7]\
\xfa'\x7f\xf2'\xa3\xcb.\xbbl\x22_\xb9\xc8S\xeb\
\x05\x13\xc3O\x9d\x01\xe5\xd8\xda\xda\xda\x11\xd3E\x07Y\
\xe9\xc5\xd9\x10\x1d\xd93\xaek\x9fn\x1ctx\x10\x09\
\x0fx'C:B\xf8\xa0\x13\x1d\x9f~\x04\xab\xefy\
\xcf{FO{\xda\xd3\xda\x99N\x00\xc4\x19\xbfu\xfd\
A4\xdcK\xcd\x93D@\x84\x11\xa2\xdc(UeG\
U\x9e\x94B'7\xba\xd1\x8dF\xb7\xbe\xf5\xad[\x19\
\x0d\x22\xa4l\x18<\x08e,k\x83\x81\x22X\xca0\
\x10\xc1\x0d\x9b\xf6J\x00\x8d\xd7\x0e\xcf~\xf6\xb3\xd7k\
\xe6fh\x99\xe85\xd7\xba\xd6\xb5\x9a\x1cd\x0d\xd0\xd4\
u\xff\xeaW\xbfz\xf4\x96\xb7\xbce\xednw\xbb\xdb\
\xec{\xbf\xf7{\xc7w\xb8\xc3\x1d\x1a\xd0\xe8 \xb3\x05\
\xb3\x9f\xcf\xf9\x9c\xcfiz\x88\x91\xd2k\xf1\xa2\x0d\xe5\
\xf73\xa5c:\xe3\x1b\x8f\x09\x1f\xe2%<\xe3Ex\
\xcf\x7f\xfa\xa7\x7fj\xfc\xc6c\xa4L\xd5\xb9< \xf3\
|\xd3:\x09\x01(4\xbd\xc9}\x0asU\xb5\x5c;\
-\xa0\xcc\xd2[\x9c\xfb2\xfb\xa9\x80UhS\x0a\xfe\
%\xfc\x92#\x06;\xfb\xec\xb3\x1b\x80\xac.\x1e=z\
tVJ\x9aT,2a\xe4\x80!o\xbf\xa3\x5c\xcf\
\x04\xeft`%\xba\xa6\x89\xa3\xe9t:3=\x8e^\
\xe2q\xaf}\xedk\xb7<@p\xa6\x9b\xe8\xe7\xa0t\
\x94\xce\x0e\x08\x09B\xb5\x1dy\xe8\x82\xac\x7f\xf9\x97\x7f\
9z\xd9\xcb^6\xd5q\xe4\x85\xbf\x06\x88\xe2\xbd\xea\
^\x1eo\xdc\x9e\xb5\x12\x95\x14\x88{\x8cgP0A\
\x8c\x86\xea\xe5\xdf\xe4\x8f\xfe\xe8\x8f.\xfd\xb3?\xfb\xb3\
V'\xd1r\x0f\xaa\x0dr\xa7\xed\x14\xe1\x9c\x09\x8c\x7f\
=\xc5A\xc6\xeb_\xff\xfa\xa3;\xdd\xe9N\xe3#G\
\x8e\xcc\xdd,\xfe=\x97\xd4#\xab\x9e\x0f4\xf2\xd1\xb8\
\xceu\xae#\x98\x15\xbc\x8f\x0d/Rzl\xc0\xa5'\
j\xa3S\xf6\x5c\xa7\xbd\xd2\xf7K9\xe4H'\xe9A\
\xa2=\xba\x88G\x15\xa0W\xbc\xd5b/\xc9\xf0\x19O\
\xb7\x01\xa8\xcb\x83\x81V7B\xb9AXOp\x96\xaf\
`\x0e\x0d\xe8\x19\x15\xdc\x9d](\x9c\x99\x01(\xab'\
y\x16\x14\xb7V\x0f(\x85\xf7\x9c\xfb\x9e\x1bea%\
=\x9c,\x0c\xfe\xb5_\xfb\xb5\xa3\xbb\xde\xf5\xaem\x88\
aX\xcf)'\xe0\x08`\xc8\x87\xb6!\x8a\x9cw\xbe\
\xf3\x9dG\x02X\x1e)\xde\x94\x07\xc9vOe\xd1S\
>\x1d\x07my\xd2\x90\xdf\xbdV\x13\xbbi7\x09\x8f\
\xe2\xa6\xe8\x85w\xad\x91\xe0hMB\xa6dLY\x00\
\x89\xfd\x9c\xab\xfc\x07\xfb\x19\xe0&O\x12\x85\x06a*\
\x04Q\xae)\xb1V\xe5D\xfeS.K\x92\x97^\xbb\
\xd7B\xafB\xafW<^\xcc\xc8\xb2\xb2\xc8\xb0V\x13\
\xcdT*0m\x01\xac\xe1\x86\x82x\x06S[\xa0\x91\
O\x91\xe9\x08\xdaM\xbcA6e\x00\x81\x07\xa1\x0f\x9e\
\x83\xe1\x05\xbf\xf4\xe0\x85\x18>xV\x07\x05\xe3#\x1d\
,r\xf4\xbc\xae\x22\xdbn\xcah3\x1d\xc49\xe0\xe7\
\xf5\xf0[\xefg\xd6*X\x9d(G\x0f\xe24zJ\
\x07\xd9\x00N\x9b\xe2\x068'\xad\xb8\xa6\xd7)D\x11\
\x88\xcb\x8b\xbbB\xa4\x22\xfe\xc9+_\xf9\xca\xd9\x17\x7f\
\xf1\x17\x8f\xad\xc6\x86\xd8n\x84\xdam\x9da\x9b\xb9\xa7\
\x18 a\xa4\x1a\x1a\xd7\x7f\xf7w\x7fwRq\xc4\xe8\
[\xbf\xf5[G\x8fz\xd4\xa3\xc6\x00\xc1\x90e\xf0\xfb\
\x95\xf1\x9fK\xc6\xbe\xa7S\x16\x19\x19\xda\x91\x84\xfe\xe7\
}\xde\xe7\xb5\x0e\xb1\xa1\xc8\xf6Z\xbdb\x9b\xe6\xae\xbf\
\xe9\x9b\xbe\xe9\xa2\xaf\xfe\xea\xaf\xbe\x9b\xc0^\x19<0\
\x02\xb0%\xa0D#\xd71B\x7f\xbf[]\x0c\xeb\x85\
\xa63\x80K\xb5z>z\xc5+^1K\xa8@\x06\
\xcf\xa37<\xeb(\x1b\xba\xb9\x9c\x9e2\xa2\x9c\x04\x12\
\xae\xd4\x14\x09\x81\x0c#\xce\x88FH\x06(\xb75\xba\
\xedmo;\xfb\xb2/\xfb\xb21eb\x06\xd1\x83L\
\x110gn\x1e\xff\xa6\xad^N\xd6\xbe\x98\xe9\xbf\xfe\
\xeb\xbf6\xbeov\xb3\x9b\xb5\xf7/\x99\xfdT\xd9\xe7\
\xe29\x8ar\xdd\xc7\x14\xe4\xc8lD\x07!\x7f\xbc\x8a\
{\xc1\xab\x15\xda\x0a\x82\x1b \xfe\xe6o\xfe\xe6\xac\xbb\
\xdc\xe5.\xb3{\xdd\xeb^\xe3\xaf\xfa\xaa\xafjCY\
\x00B\xf9\x8e\xb4\xd5\x9f\xf7R_\xe4L\x87\xc6o<\
\xca\x7f\xfd\xd7\x7f\xe1\xcf\x8cfj\xaa\xafM\xcf\xc9l\
8\xa2\x13\x80\xd6A\x80\xa3fi\xf7/\xcf\xf9\x7f\xf0\
\xa9\xdc\xa6\x98\x84 5\xbd\x1d[Y\xe5R)EC\
\xd0\x85\x81(\xd5=C\x94\x11F\x17_|\xf1\x1c\x8d\
\x94\x15 \xa5wb(\xae\xfcT\x15\x92X\x01\x1d\xf4\
\xa3\xf8\xb4\x81\xdfZ1\x1d=\xfd\xe9O_\xff\xb5_\
\xfb5\x0be\x93\x00\xa8\xf7\x8a@]\xca8?<R\
N\xefMR'\x1e\xc53u\xd2C]\xebH\x9es\
\xd7\xf4Rm\xad\xfd\xc6o\xfc\xc6\xe8\x97\x7f\xf9\x97\xd7\
\xbd\xca@S\xf9,T\xa5W\xc6#\xd3k\xe8\xed\x95\
~\xf0\x1d`\xa0\xcdN\xda\xd79.\xbc\xf0\xc2Y\xaf\
\x0f\xcf\x95\xc5\x17\xf9\xf0\xe5\x9a'\x5c[[k\x1d_\
j\xc0\xeb\x0d\xe7\x81B\xf7\xbc\xe7=\xdb\x0b=\x82r\
\xb1\x8c\x1f\xc3PL\xc6\xfc\xf5\xf5\xf5\xd1o\xfe\xe6o\
\xce\x12\xc0&\xd0SV\xddx \x0c\xed\x85\x97\xc9\x9a\
\x0c\xc1\xd1d\x1cB\x84?\xc6\xf9\xd5_\xfd\xd5\xe3\xb5\
\xd4<\x11X'\xd6\xa0\x04\xd7\xea\xc40\xc5b\x8b&\
\x03\x88^\x0f\xcb\xaeS6\xbd\xb5\xaf/O\xaf\xfc\x8b\
\xbf\xf8\x8b\xc9\x93\x9e\xf4$^\xec(}fmF\xbb\
\xea;\x5c+\x9f\xfa{\xa5\x1f4\xe9\xe8C\x1f\xfaP\
\xf3\x0cl\x05\xcc\xf56\x7f&.\x93<g'\xcf$\
:t\x00\x14\x1dU`\xfe\x04^7\x1e\x97\xdd6\x81\
DAn\x12\x92j\x8a8E\xc4\x5c\xba\x15,\x06\xa2\
dg \x10\xc4\xbe\xf0\x85/\x9c\xfe\xd5_\xfdUc\
\x86\x02\xd2\xc3\xa3\x04\x8a\xda\x0b\x804\x89*iC[\
h2Jzf-x\xcd\x1e\xf3\x98\xc7X^\x1f\x1b\
\x0e\xd3\xa3\xf0)5\xb7Y2D\x8e\xca\xba\x22F_\
\x15(z\xbc\x14\x1a\xda\x90\x876\x9d\xb8\xa6/C\xf1\
S\x9f\xfa\xd4\xeb\xd6,p\x1d\x8f\x82^e\xd3>\xde\
\xa3\x13u\xc3k#~\x0a)r\xd0O:\x90\xf72\
\xe2&\x0bg\xf1\x0e\x01\x08\x1e\xf0\x1d\x8fR\xaf F\
\xdf\xf9\x9d\xdf\xf9\x93\xd7\xbd\xeeu\x9b\x9e\x81M:\xc9\
\x93\x88tox\xc3\x1b\x8e\x1e\xfa\xd0\x87\x1e6\xe5\x93\
x\x13\x95\x02\x16\x0c\xe8\xcd\x98\xb1v\xf2+\xbf\xf2+\
3\xbdY\xe3\x14\x15\xd7\x1d&\xd0X\xd5\x10\xad\xc1%\
\x09\xdd(W{\x90/\xaf\x80\xb1\xfe\xc4'>\xb1\xc5\
\x07\xf8O\xd0\x15\x10\xe99\xf8\x0a\xff\x1b\xde\xe4\xc4\xbc\
t\x07\xbcE.\xec\x91\x07M\x8aw\x8e~\x9c\xd1\xaf\
\x8e3y\xdc\xe3\x1e7\xa9\xd7\x19\xeb\xe2\x17\x86\xf0\xcc\
9u\xd0QV~\x0c\xb7D\xf4\x95\xb2\xd1bX\x1d\
\x83\xac\xae\xad\x89x\xf7\xe6^\x1b\xb1\x932\x0evt\
>\xf7\xdcs\xa7?\xfc\xc3?<\xb6\x16\x14\xd0\xe6\xd7\
|\x9b@\xa2\x11\x8a\xc0\xb4Y\xcbw|\xc7w\x1c\xab\
\xe1g*\x0f0\xa2hB\xa6g\xe2\xbe\xc6\xbbQ\xcd\
\x22\xaa\xdal\xee\xd6#U\xefQV\x92t\x8bBx\
\x90(}\xc3\xd0\xa6t\xeb\xbf\xf0\x0b\xbf0y\xe3\x1b\
\xdf8\xf7f\xc0\x11A)\x05\xdf\xea\xf6\xde\xb0\xc8\xcc\
=\xc9\x16Mnz\x14Cj{\x91q\xe5q\xf3\xf4\
\xa0-/\x0c\x9f\xfc\xe4'Ol,\xbf\xe4\x92K\xe6\
@@\x87N\xa3\xc3~\x06\xb4*/[\x95\x0b\x08k\
\xe8k\x1b\xc7\xb2\x81\x0a\x18\xb4\x090\xf4\x91wO5\
\xf9\x18\xd5\xeb\x86I\xbd\xc0m\xf9YE\x8e\xed6\x81\
\x04\xb3\xa6s\x88p\xd9\xdf\xf0\x0d\xdfp\xe4~\xf7\xbb\
_\x9bSG\xe9\x88\xb8\xee\x891\x84\x97E~\x8e\x11\
\x06\x86=#F\xddJ8\xca\xdd\xeaP\x97\x11\xbc#\
\x91\x9e\xf5\xacg\xcd\xf4V\xb3\x8cU\x5cv\x8c\xbb\xc1\
\xc3\x89%\xd6\xad\x18\x1a<\x8b\x0c\x196r\x0e]`\
\x8c\xd7\x92g\x5c7\xab\xa88\xc9\x06\xe3\x99\xa1\x88|\
\xc3\xb8`\x15\xdd\xac\xc2&\xe0Y\xcbA\xcf\x94\x97\x17\
\xf9\xfb\xbf\xff\xfbI\xaf\x1b\xd7\x9e\xb3\x19^\xd8\xbbf\
e\xd3\xfb\xde\xf7\xbec\xebF\x9e\xf3 \xca\xcc\x01\xdf\
7\xce\xf5@\xa1\x85'\xef*j\x1dd\xf4#?\xf2\
#\xe3o\xfb\xb6o\x9b\x19Z\x08\x17\x97\xdb\x8f\xf5\xdc\
{\xbd\x00k\x1bi\xff\xfd\xdf\xff\xbd\xa15 \xc1\x88\
\x94ab\x15a\x97\x95I\x0f\xe1Fk\xce\xbf\xfeK\
\xbf\xf4K\xcd\x08@\x93H^]\xbc\xa6w:\xa7\x07\
\x0d\xe8\x9e\xf8aQe\xaej\xa4a\xb9x\xa6\x9e.\
]h\x0f`\x02\x22 6\xf3\xa1\x1f\x8b{t\x92\xe0\
Q\xb9^_\xcbd_%?\xb6\xe1!j\xbf\xeaQ\
\xef\xda\xfa\xf7Q\xb1I:=^\xbf\xf9\x9b\xbfyt\
\xfe\xf9\xe7\x1f\xfe\xc2/\xfc\xc26\x0b\xb208\xf7 \
\x1b\xc1\xf5\xa6u\x12J0\xb5\x15\x04\x16\x22\xa7u\x7f\
\xf8\x8b\xbe\xe8\x8bF\x0f|\xe0\x03\x0f\x95\xf1\xdb\xd8\x16\
W\x9f\xa9\x1d\xc3qO\x04\x7f\xe9K_:5\xa6A\
g\xa2\xe3\x08\x97\x86W\x11vY\x99\xa0\xfc\xf9\xcf\x7f\
\xfe\xfa/\xfe\xe2/zA\xd7\xc0a\x15\x95g\x13 \
RJf?\xdaT\x07o\x01uG{\xc7\x9e$\x80\
\xa7\xe4\xa1\xc7\xd3\x0e\x99\xe9G\xd26ci\x17 \x80\
\xe3\x19\xcfx\x06@\xcc*0l\xbd6@Rf/\
\xf4C~\xbd\xdf\xcaj\x05\xcdk\x868\x89]\xd9\xa9\
\xd7\x01\x9ej\x163-\x80\x5cV\x8b\x80Mgb\xbb\
\x02\xf4\xe4{\xbe\xe7{\xc6_\xfe\xe5_\xde\xf8&g\
\xf1\xf6\xff#~\xc6\x86(c\xd9O\xff\xf4OOj\
\xc7\xfc\xbaF\x8cU\xb5}\xb1y\x16\x0d\xaa\xc83P\
\x8c\xfa\x18\xc0`\xad\x99\xb4\xf1\x97[\xc5\x10\x97\xa6\xa1\
\xa4(y\x9e\xd1]D\xe9\xe8;\xe2\x0e]3\x8a3\
\xa5V\x8f\x9c\xd5\x1a\xc8\x84\x22\xd2sx\x0e\xe5\x09*\
E\xe1\xa1\x95\xfa\xa1\xe1y\xe5}tC\x01s9\x16\
\xf1\xd5\xe7\x85\x7ft\xa4\x80%m&f\xa3\x1be\xe2\
=\xe9\x87\x1e\xca\xf5\x8f\x9e\xf9\xccg2\xe0\xcc\xcc\x10\
\xc0\xe3\x9d\xd1\x0e=\xe7$4\xc9&)\x83V\xffl\
XN\xbb5\xe3<je5q\x18\x1aI\x86#v\
\xbb\xde\xf5\xae7\xfa\xbe\xef\xfb\xbeIm\x7f8\x02X\
\xf5>\xe7h\xcd\x0e'~\xbd\x17\xf9\xa2\x9fM1I\
\xd0\xed\xa5\x95\x98\xa4\xc6\xd2\x89\x95Kn\xa9<\xc4\x98\
k\x02\xa2$@ $e\x18\x02\x1c\xe5\xfe\xa7\xe5\xe6\
\x8e&\xcaN\x104\xec}\xa1\x11p\x84!\x86v\x8d\
.a\xdc;\xeb\x95\x85t\xcb\xe0\xd3\x02\xef|\xc9\x9b\
\xd2<\xdbE\xda\xe4I\x02\x80\x9d\xd0\x892Sg(\
cdK\xbe\xf2zw\x05\xb3\x86\x83u\xf9\xbc\xa0D\
\x87d!\xab\xe4\xcc\xb8\xea\x00SRz7\xda\xf4\xaf\
\x1c\x10\xb9v\x98~\xd7z\xd1\x1a\xba\xe9\xc4\xea&\x96\
\xa4O\xef\xad\xea\x05\xe7\xb4\x8e\xb1\xcem\x9f\xeb\x05\x17\
\x5c\xb0\x96\x98)\x1d;\x9dm>\xdc\xf4\xe8\x812L\
[\x9cR\xd0\x90c\x18\xb9\xf7\xbd\xef=\xae\xe0\xf4x\
\xb9\xf41\xb7\x1eT\xc7\x8d\xb9/\xb7:1/\xb7'\
\xd6\xe6\xa4^\xe8>.Yf\x14\xf9\xe1\x05=\x00\x05\
81Om\x14\xb2\xa2:\x89\xf2\x94K\xaf\xe3M\xfa\
)\xea\x5c\xab\xdd\xc5\xa0\xcd\x13\xdb\xae\x16\x15\x5c\x927\
\x04\x85\xfb^o\xcbd\x0a9\x862\xee\xeb\x80\xbca\
\x19\x7fV\xee~\x0c\x04\xe1\x1d\x8d\x18G^tK\x8f\
i\x8f\xcc\x8e\xc45\x0c\x8f\x86`\xb5\xa6\xdc3q\x9a\
\x14\xba\x89{\xd0\x92Wo\xc1g?\xf8\x83?x\xd8\
\xa2\x99\x17\x94\x86\xef\x02mk\x8b\xbe\x1dRl\xd1<\
I\x04\xe5vD\xb6\x5c\x12b\x8cj\xab}-\x0c\x1d\
G\xccr}m_|\xc3\xadnu\xab\xf6,=\x85\
P\xee)\x01\xc3\xcaZ\xe5\xd3k\xb2\x90D\xa8\xb4\x13\
a{%\xbbF/\x0cfl\xc7\x9f\xf1\xfc9\xcfy\
\xceq\x1e\x048\x95%P\x1fD\xf7.\xb5I\xb8}\
\xbaF\xf8\xdf\xbe\xe8\xc9%z\x19\xf24\xf2\x9d\x5c\xfa\
DN:\x8c\x0dP\x16 \xad\xed\xd0\x15\xdd\xc5\xf0\x99\
\xb2\xab\x01\x04\x01L\x9e\xcb\x97\x17@\xc6\xf0\xf4\xe27\
R\xd5\xb1\xdb\x92\x05;\xd2I?\xdc\xebtB\x87\xda\
\xe0\xfd\x86z\xef\xd6\x86\xbf'<\xe1\x09\xeb5\xd4\xb4\
\xf79\xf8\xc7[\xb6c\xaa\xdf@\xdb\x1b\x0eAGV\
O\x19L\x83e\xf0\xf1\xaf\xff\xfa\xaf\xaf\x8b\x03j\xc8\
9Rs\xea\xe99\xe7\x9c3\x07\x06\x01\xb26\x81i\
3\xa3\x9a}Lk\x5c\xbc\x90@\x94#\xbf\x07E\xaf\
\xc8\xe4\xc7+`\xcep\x03\xa8\x00Rc\xac\xb7\xb9\xe3\
\x08\x8df\xbc\x18\x1e\xf1\xdc\x8f\xd5=\xed\xe1u\x94[\
\xe7M\x9e$\xf9\xc3\xf2C>\xdd\xa7,\xbec\xc4>\
\xaf\x07P\x7fM\x97\xe4\xa2\x1f<\x93\xed\xb1\x8f}\xec\
q1 Y\xa3\xab,\xa9\xab\x1b\xba\xca\xbb'\xa7\xb3\
{:wM\xb7b\x89\xf2\xe0k\x167\xa3\x8f\xfe9\
\xbe-\x8a~\xf7w\x7f\xb7\xf5\xaf#^\xfaU|\xb7\
^C\xf8\xc40\x93\xce\xa9L\xec\x1fY7\xc5$\x11\
\xf8\x067\xb8\xc1\xb8\xa6\x95mc\x8a\x99\x8a\xc6* \
\x9d\x94GY\x87\xfaz\xd3y\xf8\x1e\xf7\xb8\xc7\x08P\
\x08\x9e\x1e\xcd\x88\x09\x96j&dO\xec\xf9f \x04\
\x8d\xe7Yf\x84\x94\x09-J\xc3\xbc@\xb8\x5c\xe8\xc4\
\x90\x13\xa5\xe13n\x18o\x19~\x96\xd1N\xfe\x00\x08\
\xd7\xd9\xae\xfcV\xcf7\x8c?\x0b\x08\xd0v\xbd]\x0a\
\xc0\xf1\xec\xfa\xd8\xb1c\xe3z\xd7\xb3n\xd9\x9c\xeeL\
\xe7\x87FJ\x07\xa0\xc3x#m\xe5\xda{*\xdb\x16\
x}\xa9\x9fYj\xc7A_\x15.\x1c3s\xc1\xab\
U\xf2\x02I\xd3\xab6\xa3_^$\x80\xccy\xd3p\
\xa3Q\x04\xcdbj\x9b_\xdb \x8c\xb8\xc2\x88\xd4\xe2\
\xcc\xc4\x0b=\xe3\xaaW\xe25\x9e\xce\x0c'\x1a\x85D\
\x8c\xabO\x18g\x9b\x93\xfc\xb0+\x81e\x5c\xa6\xb3:\
\x8e>/\x0aV\x1f@\x04\xcd5\xadn?f\xa6@\
\x00R\x07?\x01\x89:\xf2\x86S\xee\xad\x8c\xb5\x01\x96\
\xebl\x9c\xb7*\xba\xe5\xb3\x00$<\xf4rE\xbe\xfe\
\x8cge\x18\x22\xde\xc2\xf3Z\xb1\x9e\x94\xa7\x9eY\x8c\
\x94z0\x00\x12]&y\x96\xf6\x12\xe3\xd4n\xff\x0b\
\xfd6\x8aw\x98\x1b\xb6\xea\xb1\x0d\x1bj\xcf6\x86\x1f\
\xfa\xa1\x1f:\x82\x9e\x19\xa2\xf8N8\x80F\x92\xf7v\
5i\xb9H\x99\xe8\xc6y\xeeI\x08\x8c\x01\x82(\xdc\
\xc7\x06\x8c\xc3\xa3Xd{\xcaS\x9e\xd2\x8cw\xf3\x9b\
\xdf\x5c|r\xe8\xc67\xbe\xf1|LU_Y`S\
_\x10[\x01\xd1\xa5\xdc\xab`M\x83Qd\xc0\xd1\xe7\
\x89g\x08)\xcfwR\x0a\x90mq\x07]\xe5\xc3\xbc\
r\x94,\xc5Mg\xfa;\x97x\xfb\x8b\x1bF\xd9\xdb\
\x17=Qb\xe8)\x86\xf7\x8b\x80\xd1\x03'\xc6\xd6\xe1\
bl1\x8825\xa4\x0a\xcag\x99\xedD>-\xf7\
\xed\xd0\x01Y\xb3\xbc\x00\x18\x15\xdf\x9c/\xb6\xd1Q\x00\
C\xa7L}\xb6\xb0\xec\xfe\xe3?\xfe\xe3\xcdV\xf5\xfa\
bf\x05\x98\x87\xcf\xea\xba\xf8\x8f\xbdj\xa8yv\xe5\
\xbdG\x9b\xe1U\xfdM\xc3M\xdc\x97\x86\xcch\x18\x00\
\x12\xb9?SY\x82!^\xf1AC\xa3\xcd5\xb5\xa8\
5\xae\xe1\xa9\x11U^R'.\xb2f%g\xdb\xc5\
\x16\xa6\x09\x80\x8e\x83G\x0a0O\x98\xe1\xc4\xa7@k\
\x93\xee\xa8\x5cp[\xaf\x11\x80Q\x22E9K}\x0f\
\xa6\xac\x0cQ\xe1?\x86\x89!\xd4\xc1[\x00\xe5y\xf1\
{\xcd\x9e\x1epJ}^\xae\x19\x06\xed\xfe\x199B\
O;\x00\x12\xbe\x86gt[\x8f,:x\xf5\xdc}\
\x0cMwzu\xed\x83i\xb38IG\x05\x06\x01)\
\xe3\xf7\xde\x04\xafx\xf1\xec\x8f\xff\xf8\x8f\x8fZ\xc4\xcc\
4\x98\x9e\x95U\x1f\x8f_\xfa\xa5_:\xfa\xa9\x9f\xfa\
\xa9\x91\x053\xef\xb7\x1e\xff\xf8\xc7\xb7\xd7'@\xc1\xa6\
\xbd\xcej\x04\xb9\x7f\xd9\xfd\x01\xda\x8f\x879\x09$\x1e\
j\x0c(x\x0a`\x91\x22\x18\xc60a\x96QC\x8f\
\x9fX\x1c\x15%[\x1e\x17\x9fx\xa6N\x94`\xac\xdb\
\xd86\xe7\xa7\x08MIq\x9f\xca\x0a\x920\x8an\xc0\
\xe3\xbe\xd6\x11f\xf6\xaa0BVs\xfb\xc0\x94\x82w\
\x93\x08\x1cc\x95a\xaf\xcfk\xc6;\xf5\xf4\x97\xd1\xce\
\x10G>\xf5\xf0\xad\x1e\xba\xfd\xf0\xb7\xac\xbe\xfc\xf0\x1e\
\xaf\x93\xb2hn\xfc\xec\xf2\xb8)lh\xc6\x98\xd1\x9b\
\xf2l\xc4\x88V\xc7\x0b k\x15\xcfL2\xec\xe3'\
3\x1bkZ5\xd5m\x1b\xc9\xbc\x1a\xa8\xf8\xae\xd1\xa6\
{\xba\x05\xb6\x0c\xdd\xe8\x99\xf9X#\xeb\x93\x0e\xb0\xc9\
\x93Di\x90k\xf3Q5\xdc\x5c\x8f\x82\xd0\xe9\x1cw\
\xc6\xbd\xd5\xb8vG\xc6\xacw;m\xa1\x8d \x84\xd5\
\xb0\xf21\x0a\x8f \x005\xecd\x9cL\x9c\x92^\x87\
I\xcc\xd7\xbeT\x1bvZL\x92\xd4{\x84M\x12\x0c\
nB+\xd9CC\xf4\xf9e\xe0\xb3\xe2\x19\x96\xd1\xec\
=\x822\xa1\xe7\xdc\x94W\xf2\x92s\xa7\xa0\xed\xe9\xb8\
N;b/\xfba\xecE\xf5\xcb:z\x0c\x18\x9d\x01\
@\xbb\x80c\x88\xf0\x0b\xc4\xf2$\x8d\xfd\x0c[\xd1\xbd\
\xb2\xf5\x82\xb6\xbd\xb8\xe3\xb1+P]/\x8f\xdev\x9c\
i\xcf\xb0\xd6w\x8c\xea\xb0\xc7\xbe\xee\xeb\xbe\xeei\xa6\
\xc0x\x8a\x87\xd1\xee&\x90hL#\x18)75\xae\
\xb1\xec\x86\x19j0\xc6\xa3\x04,\x88$2\xf7R\xef\
\xe1\x0f\x7f\xf8\xb8\xe6\xdfs\x17\x8c\x16w\x08\xb1\x8cQ\
\xef\x83\xa6\x15\xc8\xb6o\x9dH\xf2\x81\x22\x01/\x80B\
\xb9m\x87\xeae\xa9\x1d?\x84\xf2|\x99\xd1C3g\
\xe5\x93b@\xc2\xa6\x13\xe0\xbdd\xf9\xbf\xe4Y\x06\x94\
\x9e\x06Z\xee\xd1\x0a\xf8\xe9\xa8x\x1b\xa3+E\xa9\xf3\
\x86wyAv\xcb\x07\xe5\xad/dD\x87\xc0S\xa2\
\x93x.\xbfB\xb4EC\xac\xe7\xb7DtI\x1e\x9d\
\x8dnk\xb9}\xf4\xb0\x87=\xec\xb0!\xcbvN\x1b\
\xc2ye\xab\xad\x91\x0d=\xf1\x91T\x9b\xcc\xd6\xea}\
\xcd\x83\xd8\x83,\xd1\xcbI \xc9Cg/x\xcc\xa9\
\xb9 I%^\xc0yC\xc9m((4Oj\xa1\
k\x1d\xf1\x02\xc9\x18\x13\x04\xc9P\x15\xe6\x0b\xcd\x93Z\
\xd9[\xb3\x80C\x10G\xbc\x09\xe5s\x9d\xf5:\xfd\xb8\
mv\x84$\x08\x06\xb5\xc50C\xa35\xa6\x16\xa4E\
\x00Q\x0c\xad\x00F\x99\xd0\x8fGX@\xea\xa4,|\
)O\x07\xbd\x12O*\xb8$c\x19\xc8\x93\x1f\xf7o\
\xf9\xa0\x86\x91\xf3\xed*\x0b\xcf\xe9\xf5<\x86\xe9\xb2Y\
\xa3!Db\xe8\xc8\xa7\x9c\x18\xb1f2c!\xc3\x05\
\x17\x5c0\xab\x89F\xfb!\x96a\x88WI\xcc\x126\
oq\x8b[Lc;\xed\x0d\x01\xbf\xe9-0\x83\x22\
\x941\xaf\xb6\xb2\x8d\x0bm\xeb\xf5Rjb\x89\x1e\xf2\
\xd2\xa3\xa1\x160 \xb9\x86\x1d{N\x8e\xd7\xf3\xb1\xba\
\x1a\xc9L%\xa0\xc2\x18\x1a\xbeN`\xfb\x01\x85k\x0b\
\x1d\xed\xd6j\xe1\xac\xd0n\xcb\xe4$\xe01>&\xda\
\x8fQz\xfd\x0f\x81\x13\x85\x0em\xd4\x03.\x00qf\
p\xf2\xe0M\x92\xd7\xd3\x08\xfd\xbe\x9d\xd6\xb3\xea\xc0w\
\xc9)8jn\x0b\xad\xa1r\x87|\xf4m\x84\x0f\xed\
\x91-\xed\xd2\x9fd\x97]\xed7m\xbfF\xf0\x0c\x9f\
\xf1\x14\xe5E\x8ez\x87UCN\x8bE\x80D\x88\x80\
&\x90(W\x00ko\xed\xabc6\xcf\x1c\x00\xea\xd8\
\xec\xa8M\xf9\xe7T,y\xff\xfb\xdf\x7fb5]\xc7\
Uw\xa8\xc7\x93>=\x11\xc1\x18\xdf\x14\xa9V\xe7\x0e\
\x17\x83m{\xa28\x84\x22\xd2\xfb0\x85\xb0\xf1\xb1\xa6\
p\xe3\xb8.4\x94\xa3L`\xc8\x94\x0d\x0d\xeb\x1e_\
\xf1\x15_\xd1~E\xa7.\x1a\x86+/\xa6\xea\xdc\x84\
N\xaf\xc1\xb0\xb4\xcc\x00\xbd\xf1\xc2\xf7\xa2\xb3r\xe9i\
\x94\x03\x14\x80\x88\xaf\xb45\xac7\xa4\xed^\x10N\xc9\
\xf8\xc6\x93\x14\xd0\x0c\x15;\xa4\xe7^\x99\x80#g\xf9\
\xe9\x00\xf2\x5c\xa3i\xb9A\xbcQq\xc5h2\x99\xb4\
||\x9b]\xd6\xb2\xc2\x9a\x19`\xdaw\xa6o|i\
\xe3?\xfe\xe3?\xdaR\x05{8t\xc6L\x00\xd0N\
;f\xb0\xb5e\xd1R\xc6\x18\x88\x001\xf6\x8d\xfcM\
w\xad\xa5\x8d\xa4\x11I\x05h\xc3\x14E\xde\xa9~;\
\xfb\xc8G>r\xec\x9dM\x8c\xa8\xb2\x865\x0aL\xa6\
p\x14O\xe9\xea\x03G\x8c\x81n\x86\x10\xaf\xb0\xad\x0e\
\x02\x0cpa\x0cH\xcau^\x84&\xa1\xe4%\xaaW\
\xcf\xfd\xaaih\xac\x18\x03\x9f\x19*\xf0\xa9mGo\
\xa0\xed\xda\xf0Z\x82g\xd3\x06\x99\xc4$h\xba_\xc5\
\x8b\x84~\x0f\x10y\xea\xe3\xc3\x91^.\xbf\xd6\x88.\
\xaa5\x90\xa3\xdaH\xfc\xe6\x07\xfb\x96 \xd0\xa0\x1b2\
\xa8\xe3^\x19:\xd7\xb9\x04\xbel\x87Oga@\x80\
D\xfes\xca\x83<\xe4!\x0f\x19\xd5\xce\xc3\xb1`U\
\x1b\x89\xff\x02\xa4\xf0\xbb\x09$Q0C#\x8ei\x95\
\xb9}ot\x1f\xfd\xe8G\xfb\xecB\x9b\x7fz\x06\x1c\
\xce\xbcNb\x90\x18\x22n\x13\x1d\xf4\xdcG\xa1\xbeu\
b=@@&\xbf\x98\xb6\x88t\xab\x18,\x82\x12\xde\
\xf3\xd0\x0a\xd39\xe3\xb7?\xe4\x03TV_\xd1\x8bG\
\x8b\x1b\xf6L\x80\x5c<\xcc\x03kuB\xc75>\xd5\
s\xa0\x81\x1f\xd7\x96\xbd\x0b\xe0\xeb\xae\x19\xa5h\xb6\x9f\
\x93\xe0s\x95\xa4\x8e\xd4\x83\x22:\xf7\x8cq\xc8Jg\
\x0cW\x9e\xeb\xfc2\xf6\x9a2\xda\xc0\xb7o\xd8\x99%\
*\xa3\xac\xf6\x81 \xb2\xca\xef\xf9!\x8fg\x00d\xed\
\xc4\xf9\x8ew\xbcc[\xdf\x02\x10\xab\xeb\xf6\xb6h\x9b\
\x9c\xb1Q\xf8l:\xed\x85\x8b\x10\x08Cc@\xc2K\
\x88\xa05^\xbb\xe8\x0f\xd5n\xfa\x16-C\xab<\x8a\
\x87\xce\x04v\xbd\x222d`^B\xb3\xa6\xb7\x13\xfb\
/\xcb\x8d\x8emK\xa0tH\xcf\xf2\xbb2\x8c\xda\xf7\
NB\x04D=\xcf\xc3k\x82*+\xa5g\x10\xbcd\
h\xaf\x13l\xa4\xaaq\xfa2\x9b\x94clt\xf1\x8e\
W\xf5%4\xf0\xcc@\xca\xc97\xa3\xf0\x0e\xab\xbc\xdc\
z}&\xebp\xc9\xddb0\xb2\x03\xbc1\xfeT\x92\
\xb6\xf0\x8c&\xc3\xd1\xb9\x8e\x88/\xfa\x10\xcf\xf9E\x22\
~\x95\x8b\x9c\xdaT\xd7}\xcaF\x86\x80\x90|Vg\
\xbf\xff\xfb\xbf\x7fV\xe08d!\x14\xcfh\x01$\xde\
c\xa3\xe0 \xe7M=1\xbd\x07a\x8cb\x0c@\xea\
\xc5\xde\xccoH\x10\xf2\xcc\xaf\xe4\xeae\xd1z-\x96\
\xcd\xca\x00\xf6\xbf\xce\x8a\x09\x1e\xa6\x1dE\x5c\x0fk\x87\
ky\xae\x8b\x89v\x14\x08g\xa5\x80\x99\xf7\x15\x84\xf2\
\xa5\xa1\xb5\xb5\xb5V\x0e\xad2\xc2&Z\xca\x87N\xda\
Xt.%\xb5z9\xa7-y\x15\x00\xce\xeaGg\
\xeb~\x9a\x8aoy\xe8:B\xab\x8c>\xbf\xce3\xed\
\xa2\xe7,\xaf\x14;\xab\x98\xca\x97\x8ff\x15\xec\xcdi\
\xa1\xa1\xccN\x0f\xb4s\xa0\xd1\xcb^\xed\x5ch\x9f\x07\
\x1d\x09d\xeb\xdeN\xc1\xa6s\xbcj\xcb\xb5<\xfa\xad\
\xd8c\xae\xe3\xc8\x17\x1b\xd4:\xc8\xac:\xf8\xba\x0dF\
l\xe8\xa85\xa9\xf3*\x8ch\xfbO\xdck\x87\xdd\xd3\
YRn\x13H\xa0\xaaw\xb1\x0a\xe9\xdd\x85\xbcYM\
\x89\x19u\xdd\x14\x16x\x10\xfe\x89\x9f\xf8\x89\xf5/\xf8\
\x82/hL\x12n\xa8\xe4\x00\xc39J\xa4h\xc6\xab\
!lV\xbd\xd1O\x0f\xdb\xb4\xac\xa6ls\xa3\xf5\xc6\
\xa5\xc0(\x22\xc6\x5cv\x8e\xc1{\xb0\xa4n@\xac\x0c\
 \x06x\x01\x81\xfb\xf0\xa9N\xae\xb5\xa5\xae:\x91\x01\
\x7f\xe1\x01h\x22\xf7N\x01\x92\xb6\x03\x12\xf7\xd1\x99\xf6\
|Y\xc9\xd2\x80\x85\xc5\x1f\xfb\xb1\x1f\x9bw\xc4\x18>\
\xfc8\xf7<\xe1\xa7\x86\x96\xa674\xd9\xee\xc1\x0f~\
p{\xd3\xcc\xa6b@\xab\xda6\x1f\xd5\x0f\xdd\x1bH\
\xd8\x1e8\xe2\x89\xe0`!H\x92\xc9}*\xac @\
 X\x9bw\xbd\xd4\x9b\xd5\x02\xcd\x8c\xdbUV\x84]\
\x8bh\xeb\x15%7\xa5\xd5\x90\xd1\xc0B\xc0(\x99\x02\
\x86^\x86Aj\xabd+S\xbf\x9dmA\xec\x055\
\x9f\xaf\xf9\xfd\xbcg\xab\x13c\x13t\x190\xfa\xfc\x94\
\x8b\xd2\xd3\xe3\xa2x\x1e$`\xa0D\x06v\xaf|\x94\
\x1cC\x05D\xf2\xf5Pr\xe1\xc9\xe1\xbab\xb0y\xe7\
\x08\x0f\xa7\x0a\x12|\x06\xe8:\x91\x9f\x8b\xea@\xb5\xce\
q\xf4\xdcs\xcf]O\x87\xe9\x01\x9cN\x10]\xe1\x05\
\x8f\xe4\xc3{\x05\xa8\xb3\x9f\xfb\xb9\x9fk\xc3\x14=\x9b\
\xa1\xfe\xcc\xcf\xfcL\xcb\xc7o\xc5\x99\xed\xab\xdf\xdaa\
\xeb\x1c\xdb\x82\xc4\xf8\xeb\x10\xe4\x00\x83\xcd1^5c\
\xa4b\x08\xae\xf68\xc6\x8d\x9b\xe2\x12\xc2T|17\
$A{\xb7\xd9\xf7b\x8c\xc7\x10\xf2}\x0a\xb3\xdc^\
{\xf9\x04\xf1\xe9\xb1}\xcf\xe8\x15\xb0\x1dX\xd0V>\
gJ\xc4\x0fz1,\x1a\xa1\xe9\xdc\xf7\xcc\xfe:\xde\
\x11-t\xd0\x88Qr\xdd{\xcfS\x05\x09\xda\x00\x89\
?\x1d\xd2b\x9a\xde_S\xd4\xd6.^\xc9\x12\x1e\x94\
\x0b\xc8]\xe3\xa9b\x98\xb9l\xb5\x10\xda\x80\xe6\x85\x9e\
iq-\xcb\x1f\xadE3\x9f\x0ci\xde\xaf\xdaX\xf7\
\xf5E3J\xe0\x88\xdd\x13\xa8\xc7il\x0a\x5c\x93Y\
LT\x9b'\xe6\xde\x22\xe7Bq\xfb\xca\x0f\xcf\xa1A\
\xbb\xc4D\xdd\x85\xce\xf6\xf9J{Kx\x1as\xf3\xfc\
WN1\xdc\x82+\x0d\xa2[\x0al\x07\xdaA\xab\xf9\
;\x00\x1a\xc6\xea5\xf6\x04(\xfb`\xb51Q\xa9\x14\
\xd1<\xdb*I\xbbz\x8cTJ\x9d\xd3\xc3\x8b\x98\xaa\
\x94\xd36s\x0b\xb8\x01\x5c0\x87>^\xcc\xd2\x5c\xe3\
O]\xb4\xe4\xb9\xae\x8f\xff\xce\x83;C\x80\x14^\xd1\
\x22c\xda]\x85\xcfEe2\xd4\xe3\x81\x9ej1l\
vq}\xb5A\x07r\xef9}\xd2#ybX\xd7\
\x19.\x94Q\xdfZT\xbd\xb7\xb1j\xdev\xf4\xd9\x07\
T?\xa4\x9f\x8a1\xc9\x8c^\xcdT'\xb5\xda\xdad\
G\xb3\xd7\xbd\xfby\x0a0\xfa\xa1&\x02;g\x11\xc6\
\x94\xb5\x08\xaes\xd1z;\xc4\x1b2~\xf4G\x7f\xb4\
\xbdY4D\x99\xbf\xd7\x0e\xec\xe6\xee\xf4\xc8 \xde}\
<Czj<\x863\xf4\x8bm\x12P\xea1\xf1>\
\xaeS\xb6\x98\xdev\xd8I=ey\x02=M\x9b\xda\
\xd0{jf6\xab\xbd\x153\xdb\x17~\xf6g\x7f\xb6\
\xb5\xabl\xeaiK\x9b\xcaV\xd4\xdf\xea+S?)\
\xf1!\xe0\xd1\xcf\xff\xfc\xcf\xb7a\x8al\xe8\x93\x0b}\
4\xf6\xc2\x93\xa0\x93\xa1\x90'\x10\xe0\xe3\xc7\xf0\xd3\xb7\
\xd3{0\xd7\xf8\x8c\x9ex\xa1\x9a=\xae[\xd31\xbc\
\xd4\xcfc\x9a\x0cxf7e\xcdPK\x07\xeb\xb1q\
\xbcG\xbc\x09\xd0\x05\x13'\x05\xae\x1e\xe6PA\x0f\xd6\
\xc3\x81\xc0\xd8\x86!\xb1\x07\xc6\xe3\xde,\x1f\xfb\x8ce\
\x11=\xcf\x8cE\xf4\x1f\x83\xc6-\xbbW\x07\xa3\xc3\x03\
\xd3\x8e\x18\xd6\xf3(!@\xa3 \xf5\x87Go\x98\x18\
*e<s\xadn\x14XC\x1a\xe5\xbc\xb8x\xbd#\
w.(O[\xe1A\xf9\x80Z\xfb\x82;o\xb2)\
\xcd&\xa8\xfaj\x92_=\xb5z\xc0\x95vz\xf9\x22\
Sd\xf5L\x1dt3\x14\x03\x83\xb6R\xb6\x97M=\
\xf9\xe1E;\xee\xe5k/\xfa\xedeV\xd6\xf3\xfa\x11\
X\xdb\x0dh\xb7Z\xad\x987`\xc8O\xdb\xea\xd7+\
\x97\x19\xcf\xaa\x5c\x00\xc2\x93\xe4\xe8q\xb0\x09$AN\
\xce*pi\xdc(\xa0p{\xb7\xb9\xcdm\x9ar2\
v\xba\xe6\x01\xa0\xb7>75\xf3\x93P\x01(\xa6\x08\
\x1d\x81zEF\x19Q`\xce\x0c\x99\x1e\x1deD\xf1\
1`\xaf\x9cE\xd7ig\xa8\xc4\xd4\xc7\x1fp\x90\x8d\
\x97\xac\xd7\x04G\xeb[,-(\xa4D\xe7\x04}h\
\xe9\x81\x02w\xc3\x0ee\x1a\xbf}\xe2Bl\xa6\x8d\x18\
n\xd8\x9e\xba9\xfag\xe4\x1a\xf2\x8dF\x0f\x90^?\
\x01J\x00\xb0\x0c$\xd13\x19j\xa3z\xf3\x965D\
\xb6)\xb3\xa3\x97I'\xaf\x97\xb23\xa1\x04[\x03\x8a\
\xf3\x22\x80\x00\xcb\x96\xeb\xdd\xd5\xf0<\x96\xa8\x86\xda\x1b\
\xe1Z\xcfhqG\x09\xd2\xc6\xbeb\xaay\x1e=\xac\
f*M\x91\xee\xd5\x95\x5cK\x98\x18&y)\xe7\x19\
 J\xf2\x0a0\xf3\xe0\xd9\xe6$m\xf5\xaf\xb9\xfbz\
\x1bt\x05\x22>\x08\xe7\xdd\xb7OL~\xa8\xd5&\xec\
\xcb\x00\x00\x19\x11IDAT\x8e\xcb\xab\x8d\x0fU\xd9\
\xcb\xeb\xf8P\xad\x1a\xffd\x81\xa4}\xa0\x07\x9f\x05\xf0\
\xd1\xedo\x7f\xfb#\x86H\xbf\xac\xe35\xab\x97\xb7\xd8\
\x03\xdfd\xfb\xc6o\xfcF\xaf\xdd\xbd\xe8lJ\xb4\xb2\
\x5c\xaf\xd5m\xe21u||\xe9\xe1\xac\xeaD\xd7\xaa\
v\xce*\x1e\xafUm\x9fUm\xb5s\x1d\xceW\x8b\
\xecY&\xd7\xb6\x1f\xc2iG\x8c\x00\xac\xae\x0b\x00s\
=\xa5\xa3\xc6\x06d\x0c\x9d\x05\xb2{\xdc\xf8%\x83\xf7\
c\xca\x94>-\xfcm\x8a\xad\xd0\xb0\x90Vr\x8d\xe9\
T\xc2\x8f\xb4\x88\xae\xbc-A\xd2jnTF\xdc\xb2\
.\x05\xf9\xcdh\xed4\x9bP2\x01\xa3<\x82\xf6\xa9\
5P\x8c\xc4uE\xc8!\xdd\xdc\x03^\xafPt\xcb\
\xb3\xf89\xe2\xa8\xd6T\xda\x1e\x97(\xadW\x9e\xfaQ\
j\x7f\x9d<g\xe5\xcb\xd0\x0f\xb7\x99J;\xd53\x9b\
W\xb0\xeaX\xf4\xc7\xf5\x16z.\x93\x9e\x05\x14\xe5E\
\xa6\x05\xaa\xcb|\xaf\xc5\x141\xc0\xf5\xc3\xb3\x1a\xe7\xc7\
d\x07\x1aJ\xb6\x0b\x8f\xb7Y\xa4\xe8\xf0D\x16I=\
\xba\xf3\xc2\xd0\xef\x93\xb2\x87&z\x88\x0e\xc2\xff\x90f\
/\xfb\xb0,\xb9x~\x80\x11\x90\xe2M{\xe9\xac%\
\x93\xd9R\x03)\xdb\xe4\x0dr\xda\xee\xcf\xf3v{E\
\xf6\xc6\x94\xef^#\xd0\xa9ay\x22\xfb\xda3\xd9\x82\
7CM\xdcg\xc6;y\xdce5\xd6\x0en\xd2\x91\
\xfbE\xe7bf>\xae\xbbV\xdeYY\x01\xa71\xb6\
\xd2yx\xc0K\xbc\xd5\x90\xf7\xfe>\xd7d\x88\x1bU\
O>\x83;\xf3\x5c\x91\xad~\xff\xd2\x82Z\xfc\x93\xa5\
\xfe\xc6dV\x8b\x85>\xdd\xd0\xdcq^\xecy\xa16\
l\x078\xb41\xcc_t\xaf\x5c\xdc<\xde\xaa\xd7\xb7\
\x00Y`:\x1c\xa2\xb7\xd3U\x86\xa5\xe8O\xf9\x04\xeb\
\x86\xee~\xca\xcf^B\x84\x1f\xf8\x81\x1f\xb8\xc4\x8b\xca\
\x0c1YE\xc7\xeb\xd0\xfe\xe1\x7f\xe1\x0b\xbe<\xecQ\
\xe5\x9aB\xbd\xec3\xe5\xb5Z*\x0f\xda\xbc_P\x87\
\xf0\x0c\xa1\xa7:<\xa3\x14\x8ds\xa5\x8b\xd2\x1c\xad\xf5\
P9t\xe4\xe9\x09hh\xd3\xec\xa9Vf\xdf\x81v\
\xe8E\xa0\xfe\xec\x992}\xb9\x08\xef\x19\x90\x89\xb1\xf4\
0g=[o\xd2\xd3j/h\xfbJ4\xe0xv\
N\xbd%\xb5\x11\xc7\x06\x1e\xfc\xf0\x22\x14\xea:\xc0R\
\x0e]4z\xbe\x86\xe0\x18\xf2\x8aFx\xb4~a\xbd\
\x09\x0f}\xea\xf5\x12=\xf7y\xbd\x8d\xe4\xe7\x19\xde\xf0\
\xe2L\x87<\xa5gx\xb5\x09\xa9<\xe3;,\x01\xd0\
-}\xd0\x85\x14\xbd\x0f\xdb\xf5\xec\xa4\x17|\xc3B\xee\
\xfba\x80[\xd5\x98\x1f\xf9\x00\x05\x03R\x1e&\xa4\x1e\
$\x1a\xc6\xb0\xd4\x83d\xd8\x86\xe7\xf2\x18-\xbd\xbbU\
\xdaHz\xb3\xb1\x9bpQH@\x982\x01C_o\
\xf8\x8c\xd22\x0e\xc73\x06\x98\xbe\x13\xe6\x9f(*\xa8\
]+Y\xa65+\x98\xd8\x9d\xd7\x83\x1d\x7f\xdc9\x19\
%\xb4\x5c\x1b:\xf0\x85\x07i\x91|\xe1E\x1d\xcf\xe9\
\x83W\xf6\xdeJJ\xdd\xd4\x8f\xd1R\xaf\xa7\xdf\x97\xf5\
\x1c\x8f}\x22\x0bO\xc1\xeb\xd1?\x9e}\xb9\xaalf\
\x1f\xcf\x11y\xeaD\x0eu\xb7\xea\xc8+\xbbH\x04\xa1\
\x13\x83\xdc5\x06L\xb1\xea\x97|\xc7\xb91\xc3\x82\x08\
\xba\x94\xd0\x86\x89b\xa2];\xbbw\x94\xa0\x9b\x0e\xcf\
\x86\x87r\xdc}f9\xee\xd1\xf5\x92Qo\x03L\x80\
\x8cq\xf1\x13\x80\xe4\x9c^\x9d{\xe5\x81\xcf\xa1^\xe4\
H\x8fS\xce\xebw2\xf9e\x9b\xf5\x13e\xb5\x95\x98\
+=_\xd9\xecCq\x1d~\x5c\xa3\xd7{\x94x\x90\
\xe4\x87\x1f\xf5u\xacziz\xd4z\x05y3tG\
\x1f\xd1U\xee\x97\x0dE\xcayF\xd7\x86\x14\xfa2\xcc\
\xa0)\xcf:Km\x5cj\xff\xf5la\x0e\x0f\x00\x94\
!\x8f|\xf2\xb6:\xb6|8\xacH\xb9\x04\xd7\x0b\x09\
.\xe8\xf1\xca\xbd~t<[\xab\xb7\xb8a\x12\xa3\x89\
U\xc4\x17\xc6\xc7\x1e$\x01\xcd\x10<\xfd\xbdz\x01\x9c\
)[\xfdnd\xe6G\xd6Q8#\xba\x06\x00|\xe2\
\xad7d\x8c\xe6y\x7f\xf4\xe0R\x9f,\x01\x10\xe5\x89\
/\x1c\xae\x03\x94\x80\xaa\x07g\xda\xd6fh\x86^\xaf\
\xb7\xfe\x99|\xe0P\x87\x17\xa9a\xbb\xe9\x85|\x8c=\
\x04\xc82\xa0DO\xbd\x8e\xe4\xd1W\x00\x226\xa1\xb3\
G<\xe2\x11\x97\xd8\xf5G\x1e\xfck;z\x0a\x88\x87\
v\x1e\xde\xaf4\xbb)\x06Z\xca\x90\x11\x22\xc6in\
\xac\x82\xbc\xb1e\xfbZ\xe5\xbb\xa4^i\x9fm\x08\xc2\
\x107\xa7,C\xac\x92\xb8@\x09\xf3\x04\x89\xdb\x06F\
c\xb7\x8f\xbf\xd4txl\x9f\x05\x83p\xff\xcaR\x80\
\xa9\x9e\xb6R\x07\x1d\xf4B\xb3o?\xcaI\x99\xd4q\
&#:\xbd\xac\xa1!/e{\xda\xe8\xe1\xc7Pb\
H\x93\xd0\xc0\x97\x94\xe1(S`\xe5\xfd\x1cB\x07\xc3\
7\xcf\xb2J\xd2\x06\x9dJh\xd01\x9e\xb4\x1b~\x80\
\xb0\xbc\xd3\xb4\xa6\xed\x13{\x94\xcd\xc4,\x1d(\xa3\xfe\
\xae\xd2\x105[\xddc@C\xe9\x1d\x0c\x99\x9e\xec\x99\
\xb8\xa1\xa6\x92\xa3z-mv\xb0\xae'\x186\x0c\x17\
\xce\xe9\x19\xc5\xe8|\x08r\x9d|\xe7x \xf9zV\
\xca\xea5%\xf0\xba\x95]<Pxz\xbb\x9e\x1eO\
\x12\xde\x02\x04e#\x93k\xe52K\xea\x9f\xf5rG\
F4z\xef$\x9f\xbci+u\x02\x12\xf7\xa1=\xd4\
c\x02bum\x08\xaf\xddaM6\xc3Ld\xdd\xce\
\x93\xf4z\xa3O\xde\xc2\x99\x07\xa1\x1f/\xee\xbc\x0c\xac\
_\x1d\x1c\xb5G\x16\xaf\xf1\x92\x99TD\x9e^\xc6!\
\xaf\xc3\xfb\x1d\x0d7\x01\x84\xb3\xb1L\x0f`(\x82g\
\xbc\xd3\x80\xf9\x7f}D\xeeB+\x7f6\xbb\x10\x8e \
\xdb\x81D\xb9\x1e$\xae3\xe4\xa4n\x05_\xed#\xfa\
\x84\x15\x1b\xf5c\xab\xbc\x80\x04\x1f\x14\x11 \x87\xf7\xa1\
\x02\xdc+\x93@\xd6}\x8c\x9e\xfaQhh\xa2\xb5L\
\xc9h\x85\x06\xbd(\x876\xa3\xc9\xb7\xda[\xb3\xa6K\
Lyc\xf4,\x1bl\x07\x92\xc4it\x01 \xe9D\
\xa6\xd0\xb5\xffx\xddRA\xbe\xa5O/Y\xa8\x8b|\
x\xc9\x91N\xd4\xebk\x91n\xe4\xb5\xed\xfa\xab&\x0d\
po\xcequ\xdc\x9f\x8dI\xb5-\xb0-w\xd7{\
\x9cq\xadb\xb6\xa9\x15\xb0\xf8\xa9\x84\x15@\xbf\xa7\xc9\
4o\xd8f\x5c\xb8|n1\x02\xc4\x85\xcaw-\x9f\
;\xaf\xf7-\xd3z\xe1v\xd8_\xb2\xca\x8f+\xc5[\
?$\x90\xab\x17\x9c\xd1\x94\x1f\x96\xd1\xbe\xa3)\xa4\x9b\
\xa5\xa8\x1f\xder\x9d2\xd1\x19]H\xd1\x8b\xb3\x84W\
\xf2\x1aj2Dl\xfc\xd4\xd2\xbaO\x8b{\xe4\xebd\
\x86m\xbcE/\xcb\xf4\x83&\xfe\x0d\xb3\xda\xc5\x9b\xcd\
\xe9~\x1fUK\x12cot=\xb7\xcb\xbe~\x82;\
\x13\x0a\xd4/+\xc7\x96(\xa4!\xdd\x96Y\xa9\x971\
y\xfdyG1\x09A\x08$e\x1d\xc35A\xa1\xd6\
\xaf\xd5\xfdL\xf3\xd8\xb1c>\x875\xad\x9f\x0d\x1e\xb6\
\xd9V0%\xe8\x1c\xae\x05,bH^\x84\x09X\xe4\
\x11\x9eR\xf5\x90zA\xe7\xb3\x18\xeb>\xe9DI\xca\
Q\x5c\xbc\x81\xb2\x8b\x8c\x1d\xde\x03\x1ct\x03\x10\xd7\xe8\
\x0c\x01\x13\x05\xaa\xa3me\x80R{\xa9\x1f>\x95I\
\xfc\xa5\x9e\xd5Xgy\xb6X\x5cp\xc1\x05\xeb:L\
\x16\xb0\xf4pe\xdc\x07\x5c\x8d\xe8\x16\x09=\x00a\x0b\
\x9b\x98\xfd\xb9S\xc5\x1e\x13+\xa9\x86\xb1ze\xd2~\
&+\x8e{\xc0\x03\x1e\xd0\x86\x1b\xed\xd3\x1d\xbd\xec&\
\xed\x08$Q\xb2\x861\xaba\x87\x1e]oF}O\
\xedhmFZ\xc3\xac\xdf\x8ax\x19\xe8s\x07\xf6\xa1\
\xac\x0a\x10\x0a\x0fH\xe2=\x08&\x9f\xf7\x92x\xae\xfa\
\x9d\xcf\xa4\x8cf\xdf\xea\xb1R\xd6\x11k(zL\xc6\
\xdc\x0c=\xf8\x8c\x87AW\xbe\x04\xe4\xe4\xf1\x1cmJ\
g\xfc\x1e\x14\xca\xe7^\x19\xe5\xc9\x9e\x99\x02\x1a\x01\x88\
r\xf8e\x10y\xae\xb5Eno\x90K'\xc7+V\
\x18\xfb\xddL\xbc%\xfa\xca\xae\x9a\xb4\x07 \x91\x01m\
?\xc4\xaf\x97u\xed\xbf\x8c\xe9\xd9\x96\x0e<\xd4\xab\x86\
c\xf5\xf6\xfa\x88 _\x8aN\x17\xb5\x95g\x91uX\
fG\xc3M\x94\x16%\x04\xd1\x94\xe7\xda\x0c\xa4\xd6\x18\
\xd6}\x94E\xef\xa0P+\xb4V\xfd('i\xc8p\
o\x98\x9eAJI,A\xe9\xda\xa1\x18\xf4\x12\x08\xd6\
\xcb\xbai\x01r\xe2\x1b\x1cv}+\x9f`-\xa0\x02\
\xe4\x18\x86\x07P\xce?\x88s\xc7Qb\x8c\x9d\xa1(\
\x86p\x1fpy\x0b^c\xfe\x93k\x8f\xe8\x83\x19\x02\
O14\x19\x00\x8dgph\xdb\x90b\x7f\xaaa\xd8\
\xbe\x0eu\xf0\xae\x97\xab\x8b\x17\xde)\xbc\xad\xa2\x1f\xed\
\x05\xdc\xc0jq\xd3\xbdU[\x89\x1c\xfee\xa4\xb6u\
\xb4\x9fy\x8a\xdb\xc8\xa0\xddei;\x904!\xf7\xf2\
\xf0Y\x8a\x0a.\xdb\xe6\xa4D\xdf\xc5\xdc<\x8aw]\
L\xcf\x836\x8b>e\xc4M\xb3\x1de\x16\x1de\x88\
\xf9Z\x02\x1a\x82Zu\xd1ph\xd3\xd0fqO\xdb\
\xa5\xbcM\x87\x00\xd1\xb6\x06\xc1t\xf1\xf88+\xb9\xc0\
M\xb1t\xe0:F\x07\x92x%\x86\x14\xa4\xdb\xbc\xa3\
\xae\x85Cmh\x1bM\xedD^\xed\xbb\xce\xc6!\xcf\
\x94\xc3o\x01c\xcb\x83|\xc3\xa3\xaf\xd3\xeb-m\x87\
\xaev\xe8\xacv\xf0\xaf\xd7\xf4\xba\xc9\x81\xe7|v3\
C\xf1nl\xbd\xa3\xe1f\x19\x12\x93O\xa9\x86\x99\xda\
\xf9\xee\xd7\xec\xc7\xebw\x22\xedu4o\xe2\x05\x19\xcf\
\x10#\xa4N\x82I\xcf\x5co\x97\xd4\x1f\xba\xc5\xe41\
\xa6\xd4+\xa2\xa7\xa7GI\x14V\xbd\xf06\xce\x80\xa1\
W;\x86)\xed\xe4\xacW\xf2\x02\xee\x01+C\x9a\xf6\
\xe2\xb5<K\xf9\xc8\xaa\x0diQ\x1b\xc36\xb7\xbbG\
[0,\x917\x811\xbe\xbcF\xa8\xc5\xb3\xc9Zm\
\xe7\xe0q\xf1\x14\xbd:\xef6\xed)H0\xc1\xadm\
\xbc(;T\xeev\xe6\xdd\x04\x861\x19\x17N\xc1\x84\
e\xb4(z\x15\x01(}\x98\x02\x90\x1e|\x01\xc9\xa2\
\xb2\x80\xa8\xfd\x1a\x92\xee\x90\xb6W5^\xa6\xfb\xf8\x0e\
\xb0\x9cC\xa7\x07\x87\xb6\xc3\x87\xfcE\xbc\x0f\xf9\xdb\xee\
\x1e\xd8\x12\xe8*\xeb\x1d\x0dp\xd0\xaf\xe1\xb6~\xb6\xe9\
3\xe0\x87\x0d?:eb4e\xec\xc9\xd9m\xdaS\
\x90D\x19\xbc\x074\x8b\x0d0(p\xcb\x98\xa8\x8c\x1e\
,\x89\x15$J^\xc5\x8bD\xc8e\x0ag\xb0\x1e4\
\xb9N\xbd\x18\xd4=>\xf0\xe9\xe8A2\xa4\xad\x5c\x8e\
\xbe}y=P<\x0b\x9d\xd0\x18\xd6\x8bG\x09\x9d\xdd\
\x9c\xe3\xb1\xe2\x95\xe9\xd8\xe4\xa0\xf6\x1a\x1b\xe6\xdbwB\
\xc4\x83\xc0\x94NhU\xf7T\xd2\x9e\x82\x04#\x14#\
\x01\x85\xb9{\xed\xccn\xdd\x1fP\xb8F\x8a\x04\x0e\xc2\
fx\x88\xc2w\xaa\xc4\xa1As\xef<|\x16\xde\xc2\
\x1f^\x1c\x14\x99\x98$\xcf\xfa\xb2=H2\x5ce\xa8\
QN;\xees\xdd\xf3\x10:\xfd\xb9\x15\xdce\xa27\
\x1d\xcc\xe6/\xbc\x887\xcc\xea|\xf7\xdf\xaf\x16\x00\xc7\
\xf3\x80\x827!#\xcf\x82\xc7\xbe3\xec\x84\x85\x93\x07\
\xe2\x9d\xd4\x1e\x94\xc5x\x0c\xef\x11a\xec=\xa9\x7f\xb9\
\x98\xda\xdd\x95\xe9#0\xf4c\xe4N\x98\x1f\xf6\xceE\
\xec\xf6\x86\xed\xafcL|j?\x9e\xac7\xf4\x22z\
\xf2\xd01\x1b\xc1\xab\xebEu\x86\x00Q/\x80]\x04\
\xdaem-\xcb\xd76\xbe\x0d{\x00@\xa7<H\xbd\
\x89o_\x06\xe0\x8d\x01\x04\x7f\xbc\xb3k\x9e2q\xd7\
2\xba\xdb\xe5\xef\xb9'\xc1h\x94\xc9\x18\x82\xd6\xfao\
\xb7\xc35\xec\xb4o\x87\xfa\xc6\x1acA8\xe6\x1d\x11\
j;f\x95K\xea\xaf\x93G\x891\xc6\xa2\xb2}\x00\
\x99\xb8\xa2\xaf;l?4r\x06\xaa(];\xf2s\
\xf4u\xe5\x0dA\x91\xf2\xc36vr\xcf\xf0\x86\x11\xb3\
\x16\xdf\x16\xa9\xcd\xce\xad\x13z\x81G\xa7\xd9\xae\xc8\x06\
\xc0\x84WI\xe7\x8c\x17\xdcI{)\xbb\xa7 !\x84\
y\xbb\xc4\xed\xb9\xc7\x9c\x00\xab>\x962.#\xb5\xfd\
\x9c>q\x9d^\xad\xac2\xcan\x97\x16\x01\xa3\xaf\xd3\
\x0fW\xbdQ\x86\xf5\xdc'\x9eP?\xde\xa1\xe7i\xc8\
\x8b:\x9e;\xe2\x1d\x94q\xbdU\xbd\x9e\xce\x108\x8b\
\xda\x18\xe6\x0d\xef\x03\x10_U\xe4A\xec\x9c#\xb7\x8e\
\x89\x0f\xd7\x19n\x80#\xc3\xaa\xe1=\x9esHs\xbb\
\xfb=\x05I\x90K\x19q\xe7Q\x0c!l8.\x83\
\xf8\xe1y\xfb\xe5\x1e\xe3`<A\xeb\xd0\x98C\xa5n\
g\x8c\xbe~\xae\xfb\xbc\x0ck\x19\xb7)\x93\x22\xb3\xc4\
\x9e\xe7\x01X@\x11o'\xce\x8a\xb7\x02l\x8a\xf7\xac\
\xf7`;\x01\xc5\xd08\xe8\xa0G'\xae\xf1I\xa7\xee\
\xf1\xe9\x99%\x86zq\xea\x18\x9fS[,\x0d=\xe9\
\x1cdM@\xeb:Se\xed\xec\x16 \xea\xee)H\
\x86B\xf7\xf7\x98\xb6C\x1bP\x0a\xfd\xeb\x05\x94\xf6\x1d\
6\xc2\x0b\xac$\xd7\xfb\x99z\xef\x12\x10\xc7\x0d\xf7\xcf\
\xc2\x03\x9e\xfbC\xd9\x1et)7\x04\xf3ne\x00J\
\xa0p\x06@\xed\xa1\x0d\x08\x80\xec\xa7\x10\x00R[+\
\xc7\xa6\xb4\xa6\xbe\x89At\xb4S\x01\xc2V<\xef;\
H(5J$\x88\xf1\xb3\xdeL\x1e.\x05\x1c-C\
\xdd\xb1vM\xb5\xbd\xb2\x8b\x94\xbf\x15\xe3\xbby\x16 \
P>\xa5;\x18E\xdb\x0c\xd3\xf3\xba\x08(\xe9\xe1\xe8\
\x0c\x81\xb1\xa8\xeeNyD3\x81\xa9\xba\xf8\x03\x10\x1e\
\xccG\x95k\x163\xad\x15\xd5\xf6\x7fy\xbc\x87g\xf8\
^\x06\xde\x9d\xb6\xbf\xac\xfc\xbe\x82$\x8a\x0b\x00\xb8\xd0\
\xa0\xdf\xdfz\x89\xc8\xabG<\xb1\x96\x91\x1f\xea\xdd\xc3\
A\x00\x85\x22\xb4C\xb1\xbdr\xc3k\x8c\xef\xbe\xe7[\
=\x06\x5c6\xb4,S\xf0N\xf2\xb5\x97\xd9!\x80\xe0\
\x050\xeb\x87\xdd\xbe\x90\xe8\x8d\xefaCP\xb6\x19d\
j\x9b!o'm\xed\xa4\xec\xbe\x82$\x06\x09Cz\
\xadC\x90Jx_`,C=\xac\x5c\xebC|\xbd\
q'\x8c\xef\xa6l\x1fs\xa4~\x0f\x8a\xa1w\x08\xff\
\x01L@\x92\xba{\x0d\xea\xc4$\xe8\xd3\x0fOQ+\
\xa9\xd3Z$\x9b\xd4\x1b\xdd\xf6oe\x86\x17G<_\
d\x02\x1e\xa0\xdf\x8f\xb4\xa7\xeb$\xbd\xf2\xa2\xd8\xfe\x9c\
\xc0\xd3Y\x8f!\x94O:\xf8e\x9e\xa9\xddA\xa4\xe1\
P1\xbc\xef\xf9\x1d\xf2\xd3{\x92\x1eP\x8b\xc05\xac\
\xbb\x93{\x00\xc9\xeb\x83\xdaH\xe4]L\xfb\xee-@\
\x84\xbf\x80#t\xf1\xb6_iOA2T\xf8\x90\xe9\
,)SB\x22og\xf3\xfb\x83\x04\x09E\x03h\x94\
\x1e>c\x80!\xdf\x91+1\xc9v\xe5\x87\xf5W\xbd\
_\x14\xb8\x0aP\xc5q\x86\x14\x8b\x93\xca\x18\xb2\x9d\xf1\
O\xa7<\xf3^{\xb5\x9e\xe7=\x05\xc9\xaa\xca P\
vg\xc50\xee\xf7;\xa5\xc7Sn\x5cs\x94\xdb{\
\x83e\x0a\x1f\x82j\xaf\xf9\x0d\x18\x13c\xf0\x1e<J\
\x16\xc7\xcc\xfe\x00U\xa7\xc2\xff~z\xb3^\xb6=\x8d\
I\x96)7\x0d\x12\x90`\xcae\xea\xe6\x19e\xec\x85\
\xbb\x8c\xd2\x16y\x84\xde\x1b\xf0^\x16\xfd\xd2\x1b\xf1\xd0\
\xf3\xde\xd3\xc93\xcf3U\x97\xa7L\x86\xcf\x00\xae7\
Zd\xde\xc9Y\x1b\xa1\x09\x90b\x12\xb4\xcdn\xb2~\
2\xd4\xb1\xe7\xc3\xbc\x9d\xb4\xb9J\xd9\x03\xf5$\x8b\x8c\
\xb7\x0a\x93{Y\x06\x0f\x14\xdb+wU%gmE\
\xf9>&\xe8\x01\xb3\x97\xbc\x9e)\xb4\x0e\x1c$\x11\xbc\
\xefuC\xa5\xef\xb7r\x00\x84W\x0b8V\x05Iy\
 \xdf`\xbfb8\xec\xc4K\xed7\xdf\xa7\x8b\xfe\x81\
\x82d\x91\x90\x89\x0f\xe2\xb2\x17\x95\xd9\xab<`\xe0\xce\
\xb5\x95\xe1m'C\xc4\xc6\x0c\xe3\xa4e\xe1\x9d\xd0\xd8\
+Y\x0e\x92\xcei\x03I\xdf\x8b\xfb@r?\x85g\
\xcc\x04\x85<\x89\x94\xf7\x1e\xab\xb4\xbb\xf1n\xea#\xea\
$vX\xa5\xde\x95\xbd\xcci\x03I\x14\x97\xf1|'\
\xc6\xda\xad\xd2\x01S{\xe5I>\x90 :\xc6^\xc5\
\xe8\x1bS\xe0\x85\xaf\xabW\x1d\xb2v\xcb\xfb\xe9\xacw\
\xa0 \xe9\xddr\xae\xcd\xf1\xad\x16:\xf6;\xc5\x90\x05\
\x92\x8f\xf51\x89vW1\xb2\xe1\xa6\xea\xb6_\x81+\
\xdf{\xc3U\xea\xef\xb7|\xfbE\xff@A\xd2+2\
\x1e\x04H,\x08\x1d\x04H2#\x01\x92lk\xd8\x89\
q\x01\xab\xea~2\x00\x19\xca\xb3_F:\xddt\xf7\
\x05$\x00\xd0{\x0d\xae<\x1e\xc3\xb0\xe2\x10<Z\x9a\
\xa7x\xbf<\xcb\xa6\x18\xf9Q>\xa3\x0eg\x12[)\
\xac\xef\xddC\x1e<\xeb\xe2\x91+\xfawH\xf8[4\
\xdc\xf44\xf0a}\xa5\xf8k\xbf\xdbX\xe4\x15\xb7\xe2\
m\x95g\xda\x08]gkI^|\xdah\x948(\
|\xba'\x93:\x16\xdbz\xe0\xee\x04\xf8+\xf1\xb5J\
\xa1\xbd*cF\x01,\x14\x00 \x04\xb4\xd2\xda\xff\xbd\
\xeb^\xb5\xb5\x88N\x14\xc9\x1b\x14H\xea\xf6\xc4;\xc5\
\x9d\x00\xb1\xe8~\x22\xe0\xe9\x81\xb2\xa8\xbd\x9d\xe6\xf5\xfc\
\x00\x01\xe3\xfb\xf9\xa6\x7f\xf2\x88\xe7\x93\xaf]\x9d))\
\xcfv\xda\xde\xaa\xe5\xf7\xc5\x93,k\x5c/ x\x04\
e\x1c\x0a\xa8\xaf\x01N\xf3^gY\xdd\xbd\xc8\xd7\x9e\
TJ\xbdb71\xc9\x86\x11O\xf2${\xc1[O\
\x03\x00\x00\x81\x9e\xfc<\xb6>\xb5\xe1\x97\x7f\x0d\x18\xf1\
\xca\xca+\xe3\xbe\x07\xcc^\xf3\x82\xde\x81\x82$C\x8a\
\x86\xbd\xd0\x13\x87\xd4\xefkg\xa5\x88\xc9~\x08\xb7\x88\
&\xc5\x16H>)\x08\xddi\xda\x18\x0a\xdb\xaf\xd6\xe3\
MBc/\x5c\xfc\xd03\xf1\x10\xbe\xe5\xe6G\xe0\xce\
\x01\x0a\xf0\x84\x87\xb4?\xac\xbbS\xd9\xb6*\x7f\xa0 \
\xc1H\xbf\xef\xd2W\xa4}\xcf\xcb&\x9a>\x7f+\x86\
O\xe5Y\xd7\xf3\xd6\x86S\xe0U\x94\xcch\x89Iz\
>\xf6\x02 =\xbd\xc4N@iX\xae\x7f\xab\x98\xfa\
\xdd\x12\xaf\xd1\xf3\xdd\x0f\x93\x01\xce\xa9\xe8gY\xdd\x03\
\x05I\x94\xc9\xa3\xf8\x1b\x91\xfa\xfa\xc0L/1\x04\xed\
\xf7\xb8J\x01i_[YqM \xb8\x0aH\x18\xa8\
\xea~\x02\x9d\xfe@{\x95\xfa\xcb\x8c\xd0\xe7gHA\
?\x01\xf5\xc5\x17_<\xf1g\xd1t&\xa5\xcc^\xb6\
\xbb\x15o\x07\x0a\x12\xc8'8\x03\x89E\xea\x13\x9f\xd3\
|\xc0e?{B\x140\x04\x89\xfb\x18w\x15o\xb0\
1\x05\xbeob\x9b\x00e+\x05\xef\xe4\x19\xdd\xa4\xb3\
hC\x90\xefl\xffH}\x1ch\xeaKI\xf8U&\
\xfc\x06\xe4\xfb\xd9\xc9\xf6t\xab\xc0v\x0a\xa1d\x82\x03\
I\xfdB\xbf\xfd\xff^6\xd2\xc8\xdf\xef\x14\xc5\xea\x89\
Qt\xf2V\x01\x89z\xbd\x8b\xdf+\xef\x11\xb9\xd1K\
\x10\xaa\x1d\x1e\xd70\xec\x5c\x1f\x08\x9a\xd41\xab\xeb\xf6\
s\xce\x9dx\xc0S\xd5\xeb\xbex\x92\xbe\x87\x11\xdc}\
\x84g\x1c\x80\xf0YO\xbf@\xab\x9fWL3\xe3\x11\
\xccR\x0e0\xe5s\xd6\x94\x91\xde\x13\x1a\x84FS\xb9\
\xf4jg\xe5r\xa4L\xce\xca\xa7,:\xf6\x86\xf4\xc3\
\x5c\x0f\x92\xf0\xdf\x03\xc85^\xec\xed\x88<\xee\xd1\x8a\
\x8c=\x8d\xad\x0c\x83\x0f\x87\xba\x1bCX\xbbg|{\
H\xd0\xc1\x1f}\xe0\xf1f7\xbb\xd9\xd4\x9f0\xf8g\
\x09\xc1~\xda\xe3}\xd5\x97\x02\x9a\xad\xda\xdd\xed\xb3\x03\
\xf5$\x04\x04\x10\xbd\xc3\xb74|\x93\xb5\xf6p\x1e\xad\
\xef\xb3\xb6\x0f\xefY/\xa1\xa8\xf4\x1eB\xb9\xa7\xb4\xac\
\xc8\xc6@\xceYsYUI\xe9\xf91P@\xb3\x13\
\xe5\xa5Nh\xe5\xbc\x0a\x0dr\x91#\xe0R'S\x7f\
\x9d\x07 \xb2U\xd1\xb7P\x80\xc47\xd1\xea\xa7\x9c\x97\
\xf9w\x10\x00\xed7k\xf5m\xee\x84\x8fUx\xed\xcb\
\x1c(HL;\xe3I\xf4\x02\x9f\xa2\xf2\xd3\x0a\x9b\xa1\
\xebc\xc1\xed\x97}\x15\xa4\xb5\xe9\x1e\x100\x08 \xb8\
v\xf4\x86\xe9\x87\xa7<_\xd6\x9b\xd2\xf3R?\xc3\xcd\
NA\xa2~f\x17\xa1\xb5\x95\xdb\xefy\xa6\xf4\xfc\xf8\
\x0c\x0d\xcf\x12\x87\x85\x7f \xf2\xffx\x12\xefQ?\xc4\
\x9a\xf8!V]\xb7\xdd{\xca\xc7\x9b.\x93u\xa7\x00\
X\xa5\xfc\x81\x82\x84a\x09I`\x0a\xe3Z\xf5\x96\xfa\
\xc1\x91\x9f\x0e\x8c\xfd\xe9R\xfd\x99\xa0?\xaa\x9e\xff5\
zoH\xca\xa5\x9c>\xc8\xcd,E/L\xa2t)\
\xe0\xc8u\x0c\x0b\xa8\xf8\xd8)H\xd0M<0\x04\xc9\
2e\x87\x97\xf0\x90\xfa\xf1 \x1b/\x0d\x9b\x17\xa1\x13\
\xbfE\xf2;\x1b\xde\xa3\xbe\x09?\xb6\xcd\xb2\xf7\x98}\
\xbb=\xed\xfez\x19/\xbb\xcd?P\x90\x10\x84r\x18\
I\xafapB;\x5c\xfb\x1dN\xfdm\xd9\xb8>\xbb\
y\xb4\xa6\xc7k\xfe\x0a\xd6{\x8b\x185Fg\xdc\xf4\
$\xf4\xa2\xb8E\x8a\xea\x81\x92:\x00\xe2X\x04\xa6\xed\
\x14\x99\xf5\x1ct{>\x96\xd5\x1b\x1a2k \xc0\xe1\
\x19:@\x80V\xfd\x8c\xb3\xfd\xc6\xc6\xb7F\xfcy\x13\
~\xf3\xfa\x02\xb8\xa2'm\xa9\xdb\x83<:X\xc6\xc7\
\xa9\xe4\x1f(H\x18\x86\x92\x8c\xcbY\xf1\xa4\x08\x02\xf3\
\x12\xf2}\xb5\xa7\x8e#\xbe\xcfZ_\x95\x9eYl\xf3\
\x01<ct\x92\xba\x14\x94\xf1]> -\x9bF\x0f\
\x15\xa8n\x0f\x90\x1eH[)S\xbd~\xd1/ A\
+\x06O\xfd\x1e\x1c\xc9\xeb\x87\x88\x04\xa9\xda\xf6\xf7\xac\
\xf5\xcd[_M<,V\xf3\x15\x06\xb28\x12\xc0\xf7\
C\x0dz=\xfd\xa1|[\xc9\xb0\x9bg\x07\x0a\x12\x82\
R\x14EGH\xf7\x94\x9da\xc3\x9a\x80g\x86\xa0\xfa\
\xfc\xe6xmm\x0dX\x8e\xd7\x17\x8e}5\xa9\xf5,\
=/\xb3\x02nZy\xc0\xc9O$\xb7RZ\x0cJ\
Y\xda^\x15 1L\x02i\xf7\xe9\xc9\x8b@\x12c\
\xf4\xc64\xdd\xb7.D\x0f<\xa0\xa1\x05@\xfc\x0f\xcd\
\xb7\x7f\xfb\xb7\x8f}\xcb\x05M<9\xc8\xa8\xack\x9d\
`Q\x8a\xac\x89U\x16\x959\xd5\xbc\xc5-\x9f*\xd5\
%\xf5#H\x14\xc7\xc0\x94\x92\x1e\xc9h\xe99\xbc\x04\
%\xd5\x87\xfaM\x93\x0f\x95g\xf1\xe7\xc7\xed\x1f\xb7}\
/VY\x06C\xd3u\xc6xM\xa3\xbf\x15P\xc2^\
\x8c\xb1\x84\xdd\x93\xb2\xd1\xed\x8d\x159z\xe0\x9dT\xa9\
\xcb\x10\x83I\xe20\xdfX\xad\x0f$\xfb'\xab\x16\x98\
\xc6\xb3\x98\xfa\xa2\x97\xe1\xd0Y\xa7\xe8\xbdP\xcf\xbf\xb2\
\x01\xebVm\x9f\xca\xb3}\x07I\xdf\x930\xda#>\
\xdeC~\xc0\xe2:=\xc7\x99r\xeag\xa0\xcd\xab\xf8\
v\xba\xa5\xfc\xfa\xea\xf4\xb4\xf6\xa0L(/4\x86=\
/J\xa5t\xcf\x04\x85\x01O\xbe\xb5\x1ech3\x1e\
-\xed;'\x05p@+\x90t\xcf\x1b&?\x86\x0c\
\xbd\xc4I\x01\x7fxC\xaf\xbeP4-\xefx^}\
\x80\xe6\x90\x18,\x7fM\xa7nO\xb3o\x7f\x91\x97\x18\
\xea\xb5/\xbf\xd7\xd7\xfb\x0e\x92\xdd2\x1c\x83\xa6\xbe\xfb\
s\xcf=\xd7\xaf\xeb\x05\xb6\x17\xbe\xe2\x15\xaf\x98\xd4\x7f\
\xebLkSN{\x83\xcc \x8c\xc3\xd8\x86\x1e\xe01\
\xfc8\x5c\xcbK\x80X\xc6~oz*\x03\xae\xaap\
tx\x12m\xf4\xdfRY\x16<g\xe6\xa2\xac2\xb5\
\xe6qi}\x1alR\x9f\xd1\x1c\xfb.\xbc\xb63\x9c\
8gj\x8c\x9f\xf04\xd4\xc3n\xf5y*\xf5\xceX\
\x90\x10\xaaW\x96{\x1f\xc11\x8e\x17X\xee\xc6E\x1b\
\x82\xea/S/\xad7\xa4g\xfb\xab\x90x#\x0a\xcf\
\x94\x98\xe2\x19\xc3=`\xb8\xaf\x1e\xfbng\x89\xc1\x17\
\xf5\xd4EJ\x15/i#@I=\xf7\x86G\xf7\x19\
\xf6x\x85\xc4H\xfe\x8c\xc1\x9f\x04\xd4\xbfw\x5c\xcf4\
\x9f\x0c\xca\x0b\xc6\x953\xfc\x84\xe6\xa2vOw\xde\x19\
\x0d\x12\xca\x09P\x18\x9aA\x19\x9bB}\x16\xca\xd7\x08\
\x04\xb8fA\xf5\xd5\xa4i}\xc3}\xa2\x1ccY\x99\
d$FCC\x9eg\x8c\x5c\x00\xf9p\xee3d\xac\
b\x08t\xd0eX\x01h\x86\xb4\x9c\xb5ex\x03\x80\
\xacy\xd4Z\x87Y\xcbe\x15[\xb5\xc0T\x19`\xd3\
\xbeYL\xe2\x094\x22k\xefEV\xe1k\xbf\xcb\x9c\
\x91 \x89\x92\x02\x92\x0c\x09\xf2\x19\xc8\xb0\x91\x8f\xe1X\
x\xaaq~\x5cF\xf0\x0f\x19\xa3c\xf57*\xfeV\
E\xb2\x8c\x9d`Q\xbd|\xf2\xbb\x0c\xd3\xfe_\x15\xdd\
\x80\xa4os\x99\xd2\xfb\xe1F\x19`\x8dwbl<\
\x01\xb1\xb6\xfc\xad\x99\xf7-\xfe\x9d\xbc\xd6~\xe6`\xd5\
\x8ea\xa8\x0f\x803\xbd\x0dP\xd0^\x85\x9fe|\xee\
u\xfe\x19\x09\x92\x08\xd9\xf7\xa8x\x81\x18\x07P\xf4V\
\x0a7\xbe\x97\x0b?\xe2\xd3\xd9e\x9cYy\x96im\
\xd4\x99X\x88c0\x06\xc9P\xc1\xa8e\xd0\xf6\x09\x83\
\x80oU\xa5f8\x0b\x0f\xa6\xb4@\xc1c1\xb0\x99\
Y\xf12-\xef1\xa9i\xed\xb8\xfe\xca\xa5\xe5\xe7\x93\
V\x89;\xd4\xe7Q\x1c\xf8I\xf0}\xa6y\x90\xe8\xe5\
\x8c\x05\xc9\xb0'\xe5>c?\xe3K\xdc>e\xbb\xf7\
\x0e\xa8>~;\xf6}\xb1\x17\xbd\xe8E\xb3\xfa\xcc\xd6\
\xb4b\x95\x09\xe3z\x1e#\x95a\xee\x1e\x05\x84\xee*\
\x80A#\xc3\x0d>\xb4\x9d\xd8\xc7wDnw\xbb\xdb\
\x8d\xee}\xef{_fZ\x0b@\x80\x19\xde\xb4\xa7l\
\xbeL &J\x5c\xe4\x99r\xc0<\x94;|\x9e\xce\
\xf3\x19\x0b\x92eJ\xc9J-OB\xa1\x82>\x06\xa6\
dI\xafd\xac\x0al\xf5\xe4\xa3\xe5U\xda'\xcb}\
A9n\x1eh\xd4\xcd\xa1\xde*\xb1\x892\x19b\x00\
\x8e\x97\x00\x06\xed\xd5\xe7\xaaFw\xb9\xcb]\xdar:\
\x9ex\x17 \xc8\xbaO\xe2\x154R\x17\x1f\x19vz\
\xc0,\x93\xfdt\xe5_\xe9@\x12E%\xf0\xcc\x14\x92\
\xc2\x19\x0dH\xe4\x09\x12\xeb\xbf\xe9\x8e\xdc\xfa\xd6\xb7\x1e\
U\xac2\xab)\xf3\xb4\xfe\xd0h\x02,\xf9 1\x83\
\xa1#\xa9\x9b\xebao\xee\xef]\x1b\xc6x\x84\xda\x13\
3\xad/INjj;\xae\xff\xe0\x9d\x0f\x1b\x99I\
)\x0b\xcc\x12\xfe$y}<\xd22\xb7IC~\xb6\
)\xbe\xe7\x8f\xaf\xb4 Y\xa4\x09Ffl\x07\xa30\
\xa4)\xa7}+z\xfac\x1f\xfb\xd8\x99m\x08\xf6l\
\x88\x13\x12\xaf\xa0\xb5JO\xde\x00\xd2\x13\xcf9\xe7\x9c\
\x87\x09Lk)\xfd]E\xf7pf-=\x10\xd0\xec\
=\xd5\x22~\xaf,y;\xfa{\xb53I(^ \
\x07\xbe2\x14\xb8\xee\x81\x12\x0f\xc3\xdd\xdb#\xea\x1fF\
\xfd\xad\x9aaA\x9d<_\xc5\xa0h\xf8\xb1\xd4\x9b\xdf\
\xfc\xe6\x99\xbfg\xf3=\xd5\xfc\x8f\x0c\xef%\x0d\xbd\xce\
\xe9\xf6\x02{a\xb3+=H\x02\x10g\xae=1C\
\x94\xc3\xb0\x01\x83g\x16\xb0\x04\x9f\x1b\xb3\x9cfT\xcf\
W1f\xe8\xa3\x91}\x1e\xa9\xbfh\x08Y\x85\xe6^\
\x18q\xbfi\xfc?\xce\x0a\x1fH+B\x0c\xfc\x00\x00\
\x00\x00IEND\xaeB`\x82\
\x00\x00%\xda\
\x89\
PNG\x0d\x0a\x1a\x0a\x00\x00\x00\x0dIHDR\x00\
\x00\x00w\x00\x00\x00{\x08\x06\x00\x00\x00N\xfb\x1f\xf1\
\x00\x00\x00\x09pHYs\x00\x00\x0fa\x00\x00\x0fa\
\x01\xa8?\xa7i\x00\x00 \x00IDATx^\xed\
\xddi\x8ceU\xd57\xf0[\x88\xb3\xb6\x03\x08\xd2\x82\
\xb4\x82S78a\x9cPl\x10\xc7\x04\x8d\x13\x06\x87\
\xbc*\x18\x95<\x12\xe3\x17?\x18\x13?\x997j\xde\
D\x8d\xd1\x0f\xc6\xe0\xac\xc4\x11\xe7!\xd2\x06q\xc6\xb1\
\xbb\x9d@\x1b\x07Z\xba\x01\xe7Y\xb9\xef\xfam\xeb_\
\xd9\x1c\xef\xad\xaa\xee\xea\xea\xae[yvr\xea\x9c\xb3\
\x87\xb5\xd7Z\xff\xb5\xd6\x1e\xce\xb9\xa7\xe6\xc6\xe3\xf1h\
-'\xfc\xcd\xcd\xcd-\xca\xe2?\xff\xf9\xcf\xd1Mo\
z\xd3V\xe7\xaf\x7f\xfd\xebH\x9b[\xdc\xe2\x16\xa3\x7f\
\xff\xfb\xdf\xa3\x7f\xfc\xe3\x1f\xa3\xc3\x0e;lt\xf8\xe1\
\x87\xb73Z\xce\xd2\xdf\xfe\xf6\xb7\xd1\xcdo~\xf3\x05\
\xdaK\xf5\xb3(\x13k\xb0pn\xd6\xc1\xfd\xcb_\xfe\
2\xba\xd5\xadn\xd5T\x0b\xc8\x9b\xdd\xecf\xed\x0cd\
\xf9\x01\xfd\xcf\x7f\xfes\x03\xf5\x96\xb7\xbc\xe5\xe8\x86\x1b\
nh\xc0\xa7l\x0d\xe2r@XZ\xf3\xe0.W\xca\
\xde\xc3\x01\x0b\xc0[\xdf\xfa\xd6\xa3]\xbbv\x8dv\xef\
\xde=:\xf6\xd8cG\xc7\x1dw\x5c\xf3V\x89g\xff\
\xfd\xef\x7f\xbf\x91\xe7.\xb7\xafY\xa9w\xf8\xac0:\
\xe43\x11G(\xe5\x95\x80\x94\xae\xbd\xf6\xda\xd1\xedo\
\x7f\xfb\x16\x86\xbf\xff\xfd\xef\x8f\xde\xf4\xa67m\xff\xc5\
/~1:\xe3\x8c3Nz\xc1\x0b^0\xba\xd3\x9d\
\xee\xd4\xc2\xb6\xb4\xd6\xa3\xd6P\xe6}\xbd\x9fIp\x81\
\x12`\x84W@J\xbc5\xe3\xeb\x8e\x1d;Fo|\
\xe3\x1b\xc7\x1f\xfc\xe0\x07[\x98\xbe\xe2\x8a+ :w\
\xfe\xf9\xe7\x8fn{\xdb\xdb\x8e\xae\xbf\xfe\xfa\xd1\x1d\xef\
x\xc7\xa9\xfa\xea\x8dgj\xa5\xb5^\x10E\xcd\xd29\
c\xe6\xbf\xfe\xf5\xafQ\x0e\x93\xaa\xc8p\xf9\xe5\x97\x8f\
\xce;\xef\xbcq\x817\xae\x09\xd3\xb8<y\x5c\x060\
\xbe\xfb\xdd\xef>~\xfd\xeb_?\xba\xe6\x9akZ]\
\xa03\x8e\xfe@\xbb?fI/C^\x17\x142,\
X\xab\xf7C`\xf1i\x1c\xfd\xe3\x1f\xff\xd8\xce\xdf\xfb\
\xde\xf7F\xe7\x9e{\xeex\xc3\x86\x0d\xe3\x9a0\x8d\xcb\
\x93\xc77\xb9\xc9M\xc65\xd1\xe2\xb9\xe3\xe3\x8f?~\
\xfc\xd6\xb7\xbe\xb5M\xb8\x1c\x00v0\x0e\x86\x12\xa0\x03\
\xf0Z\xd5\xc3r\xf8\x9aip\x01b\xb6\x9c\x09\xd4\xf6\
\xed\xdbG/~\xf1\x8b\xc7\xb7\xbb\xdd\xed\x1a\x90\xb7\xb9\
\xcdm\xc65qj\xd7\x80\xae\x99r\xbb\xde\xb4i\xd3\
\xf8u\xaf{\xdd\xe8\xba\xeb\xaek\x06ab5\x04\xf8\
\x7f\xc1\x9d\x1f\xfb\x96cE+\xad\xc3\xabB\x83\xe2]\
\xff\xfe\xf7\xbfo\x9e\xe6\x1e\xb0\xcf\x7f\xfe\xf3\xc75\xb1\
j@\x02\xb5&[\x0d\xcc\x1ac[x\x96\xc7\xa3\xe5\
\x9dp\xc2\x09\xe3W\xbf\xfa\xd5\xa3\xdf\xfc\xe67\x8d\xce\
\x90>\xba\xf2f9D\xaf\xf9\x09\x15\x10\xcd\x88\x9d\x93\
xk\x85\xda61R\xf6\x99\xcf|fT\x13\xa7K\
>\xff\xf9\xcf\xb7\x99s\xd6\xb2i\x07$\xde)e\x03\
\xe3\xaa\xab\xae\x1a}\xe4#\x1f\x11\xae\xe7\x9e\xfd\xecg\
\x8f\x0a\xf4\xd1\xef~\xf7\xbbF\x13\xed\xac\x93\xfb~\x17\
\x18\x98\x91\x8b5\x0fnf\xc3\xbd\x92\xcd\x8e\x01\x00<\
\xb3\xe2O|\xe2\x13\xa3\xcf~\xf6\xb3[y\xa1|@\
\xf28\xd7\x92\x90\x9b\x84\x8e])u\x8c\xcf\x15\x96\xc7\
U\xde\x00>\xf1\xc4\x13[5\xe1\xdef\xc8\xcc\xa7\x95\
\x86\xcb\x83\xd5\xbe\x9f\x0d\xeb\x93g}\xf3\x9b\xdf\x1c\x9d\
s\xce9\xe3\xbb\xdc\xe5.-\x04\x0b\xc7\x8e\x02\xa5\x1d\
B\xb4\xb32\xb3\xe5\x1c\xc2\xb3\xf1\xd7DK\xd9=\xee\
q\x8f\xf1k^\xf3\x9a\xd1/\x7f\xf9\xcb\x16\x8a\x19\x83\
>\x12\xf2gu\xfc\xfd\xcf&\xeb\x1a7\xd1~-\xfb\
\xa7?\xfd\xa9q\xcbK\xdf\xf1\x8ewl\xfe\xc2\x17\xbe\
\xd0\xaem%\xf2d@\xf0L\xd7\xc2\xb7\xfcx\xbd\x90\
\x0c<\x93(\xf5\xb2\xfd\xf8\xeb_\xffz\xf4\xbe\xf7\xbd\
o\xfc\xde\xf7\xbe\xb7M\xb2\xe43\x1e4f9\xcd\x0c\
\xb8Qr\xc6L\xde\xb5g\xcf\x9e\x1d\x80\x02F\xcd\x8c\
\xdbf\xc6\xd0\xcbR?\xcb\x9c\x00\x96\xa5\x8f\xf1\x99\x11\
\xd8\xa2\xcc\xd8\x8cFh\xfd/\xb8\xab\xa8\x01^\x9b\xb1\
S7\xf6\x84\xa5#\x8f<r\xf4\x94\xa7<e\xee^\
\xf7\xbaW\x03\xc2d(\x93&\xc0I@\xcf\xb5\xfb\x80\
&\x1f\xe8\x80F\xdb\xfd\x13\x9f\xf8\xc4mOx\xc2\x13\
\x9a\x91\xc4`\xd4\x9f\xe9t\xb0\xc6\xcc\x95\xf6\xd3\xef&\
\xf14^\xe6\xf8\xc0\x07>0\xda\xbauk\xdb\xac0\
\xa6Z\xea\x18K\x0b\x94q=\x15jg\x1b\x18\xca\x5c\
;\x8c\xb3\x0e\xf9\xc6\xdf\xe7=\xefy\x97|\xe9K_\
jK\x22\x06\xe2\x88g'\x128\xafT\x86\x83\xdd~\
\xcd\xcf\x96)\x84\x87e|to&\x1b\xa5?\xfa\xd1\
\x8f\xe6}s5Fn\xff\xfa\xd7\xbf\xbe%\xe3\xb3\xb3\
v<\x9d'f\x86-\x1f-\xc6bo\xf9\xb1\x8f}\
\xac\xf5\xf1\xe9\xa7\x9dvZs\xd2\x00\xa0\x5c\xbdY\x1e\
w\xd7<\xb8K)\xd7\xfa\xb4\x9e\xf8X\xdf\x9eT\xa0\
o\xbf\xec\xb2\xcb\xb6\x00\xde\xa4*O\x8b\xb2lJ(\
\x06\xdc\x9d\xef|\xe7\xd1Yg\x9d5z\xd1\x8b^4\
\xb7y\xf3\xe6\x06\xac\x88\xc0p\x12\xaa\xfb\xe1\xa0U\x98\
\xb5t\xb0C\xc5J\xfb\x03\x1c\xef\x136\x85O\xd7h\
\x9aE_|\xf1\xc5\xa33\xcf<s\x9b\x90kG*\
\xe17\xdb\x8e\xe5\x89\x0b\xcb\xa3\x1a\xaf\xc7\x1e0\xf4\x9e\
\xca\x18\xdc\xeb\xc3ly\xa5\xbc\x1e\xea\xf6k\xdes\x17\
s\x96~i\xc3\x83yb=@\xd8\xfa\xd3\x9f\xfet\
ly\xc3\x0b\xb3\xa1\x81\x0eCp\xd4\xde\xf3\xa8\xc2\xf0\
\xd9\x0f|\xe0\x03\xdb\x03\x87,\x9d2YK\xc8\x1fN\
\xe6\x16\xe3e-\x96\xcd\xc4Rh\x92\xe2\x84k\x07\x80\
\xbdN\x93]\xa8\xfb\xdf\xff\xfe\xa3\xda7n\xc0\x02'\
)!\xd6\xf8{\x87;\xdcaT\xb3\xec=\xca\xe4\xab\
\x9b1\x1d\xb0\xe8Z\x22\xcdzX\x9eIp\x03\xac\xb3\
\xd0g\xb2\x94e\xd0\xd1G\x1f\xdd<Q\xd8\x06\xbc#\
\x93\xa3\x00\xed\xad\x8dZ\xf2\xec\x95\xafn\x12c\x00n\
\xc6f\xd7\xb3\x9cf\x0a\x5c@&\x05`y@J\x99\
\xd0*\xd4\x027\x9e\x972`\xf1R\xe3i\xbd\x89\xb1\
\xd7uv\xacR\xbf\xf7\xd6D\x83Y\x05x\xa6\xc7\x5c\
\x00\x0f\x97+\xb6\x0f\x81\x078\xe08\x0b\xc5\xeaJ\xc0\
S\xa7\xde\xab\xda\xeb>^\xde/\xb5\xe2\xbd\x19\x83g\
\x15\xdc\x99\xf2\xdc>\x1c\x07\xac\x8c\xab\xf1N@z?\
*\xf9\xee\xfb\xf1W>\xd0\xf7\xee\xdd{'\xa0%\xac\
gf+/\xe1\xbe\x8f\x14\xb3\x08\xf0L\x81;I\xc1\
\x01 \xe7\xdf\xfe\xf6\xb7\x0b\x0f\x06R?\xb3_\xf7\xae\
\x85\xe2\xf2\xee\x05p{`\x03n\x0ciR\x9f\xb3\x92\
7\xd3a9@8gY\xe4\x01\x00o\x0d\xd8@\xea\
g\xcd\xf2\x81\xfb\x87?\xfcaG\x9d\xab\xf8?\xe1:\
\xe7Y\x01n9|\xce\xbc\xe7f\x02\x941\x13\xb8\x99\
)\x03\x0c\xe8\x12P{\x00\x85n;R}\xe8\x1d\xd6\
Y\x8e\x02\xd7r\x9d\x99\x077\xca\x0dpW_}\xf5\
\x06\x9e\xea>k\xd6\x94e\x89\xa3\x8d\x97\xd7\x85\xf0\xf5\
\x9c\xd6\x05\xb8\xc2\xac\xc4ckg\xea\xf7y\xcc\x07\xdc\
i\xdeh\xc6\x5c\xcf\x83o\xe4\xcd\x8c\xa0\xf7\xe4Y\x07\
~\xe6\xc1\x05H6\x1f\xcc\x82\x01\x06\xecxk\xbc\x18\
P\xfd\xc4\xca\xf3\xdf\x80\xdb\x87\xebY\x07\xb4\xe7\x7f\xe6\
\xc1\x8d0\x99(\xe55\x9cI[\x87\xea\xc43\xad\x85\
kR\xd5\x8c GO\xab\xaf;\xab\x80\xaf:\xb8\xfd\
Lu\xa8$\x1e6\x0c\x83\xbcK\x9b>\xdfuB\xec\
\x90\x86{\x1b\x11\xc0\xe4\x89\x003\xb6\xda\x8e\x04\x9a|\
\xfd\xc8s\x8d\x96uo\x8d\xb9W\x07\xdc\xd4\xed\x81N\
\x9f=\xe0}\xdf\xca{\xd9\xd0\x08\xcf9g\xe7\xcc}\
/\xcf$\x19V#o\xd5\xc1\xed\xb7\x00\x014LC\
\xd0\x12\x22{\xe5F\xe9Q(\xa5\x02\xcc\xd8\xea\xda\x19\
\x1d`\xf5\xa0\x06\xcc)\x00m\xe4\xbdR\xea\xf5\x80\xc5\
\x18z~{\x80b8\x89\x14y\xb2\xa4~d`D\
\x872\x1d\xb4u.\xc5Dh\x02g&;)|f\
\xf9\x92zQX\x9f\xdf+\x0d]\xf4\xcd~\x01\x16\xda\
\xa9\xd3\x1b\x8c\xbc\x80T\xaf\xd5\x1cS\xb7\xbb\xfb\xadG\
\xe5\xfd8\xdd{s\xda2&\xc6\xa5\x1f\xef\x5c\xa5\x8d\
|\xf5=\xc8\x88\xa1\x1cJ\x80W\x1d\xdc\x80\xda\x03#\
/\xf7QR\x14\x1e\x8fIy\xf2\x9d\x1dCO\x0f0\
\x14\x0c\xdc<p\xef\xfbPF\xe9\x01=4k\x0br\
c\xadww\xfb=o@\x1c\x1a[\x1e(\x84\x1f\xf5\
\x00\xd6\xf7\x1bP\xe5\xf7r\x06\xe4\x86\xfe!H\xab\x0e\
.\xf0\x86\x9b\xf2}\xa8\xa6\x80>Q|B\xadk\xca\
T\xbfW\xae\xfa\x01\x83\xa7\xa6\xbc\xc0\xdd`w*I\
\x9b\xe1\x98\xdf+\xbf\xc6\xe8o\xd5F\xc6\x1cp\xf3\x04\
\x08?\xc0\xc2\xb3s\x1e\x1e\xb8v\xc4\xab\xf3N\x96\xbe\
\xe4\xa5^\xf8\xb7A\xe2\xd1b\xdf\xdf\x8d\x04=\x087\
\xab\x0en\xef\x09\xb1pr\xd9D\xf8\xd5\xaf~\xd5^\
R\xa3\x18\x8ap\x8e\xd2\x02z\x9e\xd3\x023\x9e\x1b\x05\
\xc7\x8b\xd2Gy\xed\xb1}H\x8d\x87\xc6\x10\xf4K\xd9\
\x19\xfb\xf1\xa0\xbe\xbc\x8c\xbb\xa1\xe5\xec\x00z\x0c\xac\xf7\
V\xb4\xd0\xd1\xd6X\xef\xcdI\x91\x83\x1c>\xd1\xe0\x05\
\x82\xd0<\x088N\xecb\xd5\xc1\xa5\x18)\x8a\xa6 \
\x93\x90\xaf~\xf5\xab\xa3\x8f\x7f\xfc\xe3c\x9e]?\xbe\
\x9a\xf3\x1e\xf2\x11G\x1c\xd1\xde\x92\x00\xb8k?\xca:\
\xea\xa8\xa3\x9a\x179z/\x88\xc2\xd1F\xc3Q\x1b\x13\
\xc7\x01\x83a\x00-^\x1b\x1e\xd4\x8d\x91\xb8\xb6\xd6\x05\
\xb0oeh?\x8c\x22\xf1`4\xf1\xec\x00\xa0_8\
\xd4NX\xbb\xf6\xec\xb86N\xc6\x00.z\xdb\x1e\xf5\
\xa8G\x9d\x9e\xcf3\x0c\xc7~}\x1e\xcc\xb4\xea\xe0&\
\xb4:GyB\xd67\xbe\xf1\x8d\xd1;\xdf\xf9\xce(\
\xd5;\xc4\xad\xdcY\x98\xf4F\x05\x90\xcdB\xeb\xfd\xa8\
\x8b\xea\xfe\x99\xf5\xc6\xe2\x86:o(\xc07\x14\xf8\x1b\
j2s\xbb\xf2\x94\x0d\x05\xcc\x86\x02bC\xed+\xff\
?\x80d\xe6\x9a\xf1\xbcWh\x0f\xb4\x10\xce\xe3\xf0\x03\
8 j\xff\xf3\x9f\xff\xbc\x81Vcr\xfb%\x02\xe0\
\xca\x08\xc6\x01S\x19\xc30\xbeW\xfb\xeb\xf4\xc3K\x8b\
\xde\xd6z=\xe7\x8dO{\xda\xd3.`\x94\x8c\xab\x8f\
\x5c\x07\x13X}\xad:\xb8\xfdX\xc9\x92)\x90\x17\x02\
\xbb\x07\x5c\xbe\x83\xa2)\x8e\x82\x93\x8a\xc6\xd9\x05\xfa\xd9\
\xdek2;\xf52\x9c\xf3<\xf0\xcd\x08\x00\xf0\xedo\
\x7f{a\xe2D\xa9\x09\x9b\xe8\xe4\x1a\x10\x09\xc3W^\
y\xe5\xe8\xfd\xef\x7f\x7f\xfbn\x06\xa0}N\x81'\x03\
\xcdp\xe0\x00\xa86\x19o\xc3S\xc2v\xe5\x1f\x91q\
ZY\xb5?\xd2}B\xff\x82\x10\x87\xe0b\xd5\xc1\x8d\
\xe7F6\x9eC\xb99\x07\xe4i\xb2\xf3d\x8a\xa2|\
J\xa7|I{\x87\xb2\x8co<J\x0a\x80\x8c(\xa1\
\xb9\x8f }_\xa2\x87>\x94g\xa6\xdd\x973\xa0\xb4\
\xc5\xb7k\xc9\x19\xed\xf0\x9f\xfc*:2\xbc\xf5Q\xa2\
\xa7y\xb0\xaeW\x1d\xdc^\x90^h\x96OY<b\
\xb1\x94Yl?~\xf5t\xe4\xf3v\xb4\x02\x12p\xfb\
\x89X\xe8\x07\xa4\xfe\x1e\xfd\xd0\x8e\xd1eI\x83N\xfa\
\xef\xfb\x0c\xa0\xf1\xce\x0eX\xa4\x8f\xf0'\xf5\x17\x93m\
\xb5\xcb\x0e\x1a\xb8\xb1b\xe7\xa1\xe7N\x12\xb2\xb7\xfa\x1e\
\x94\xa17\x08\xcf\x80\x0c@}y&V=\xfd\x01\x10\
\x8d\x17m\x1d)\xcbu_7<O\xe2U\xde\xd0s\
\xe5\xf52Ok\xb7\x9a\xf9\x07\x0d\xdc\x08\xd1{\x80\xeb\
^\x81C\xe0\xb4IX\x9d\xa6\x84l\xff\x0d\xeb\x8a\x0c\
C\x03\x99DC\xe8\xee\xc1\xccX*\x8f\xe7&\xc5K\
{\xc0\x5c'\xbf\xa3}d\xdf\xcf$\x99R\xde\x1b\xed\
$\xdeV\x9aw\xd0\xc1%\xd0\xd0{\x86BLSH\
\xef\xf11\x12\x00d\x99\x94I\x0f\xfaY\x0aM\xa2\xd5\
\xf7\xafM\x0fP\xaeS'\xe3l\xee{@z\xda\xae\
\xfb:d\xea\xeb\xf62.%\xffP\x1f\xfb{\x7f\xd0\
\xc0%P/\xbc\xeb^\xa9C\x8f\x88@\x99Y\xab\x9b\
\xfaCo\xce= \xa4\x00?T\xf6$\x05g\xa9\xd2\
+|\x9a\x97\x0eA\xc9}\x0fl\xf5\xd1f|\xbd\xbc\
}\xbf\x07\xf3\xfa\xa0\x81\x1b\xa1&)|\x12\xb0\xc9K\
h\xec\x15\x19\xf0\x9c\x8d\xab\xd9r\x04J\xc6P\xfd\xc5\
\xeb\x16Sh\x0fX@\x92\xe7\xbao\x9f>{\xe0R\
\xaf/\xab\xf2k\x03lO{1\x1eV\xabl\xd5\x1f\
\xf9\xf5\xbbDf\x9e\xc0\x00Xf\xb6Q\x96s\xaf$\
\xed\x02l\xf6m)\xdb\xae\x15\x10\x95;\x0f\x9f\xc5\xf6\
\x0a\x9ff\x10\xbdq\xe8\x17}u\xd1\xcbXmy\x95\
>R?\x1eM\x86x\xbc\xb3\xd0.O\x94\xa9\x99\xfb\
u12\xed2\xdb\xd6\x0fz\x99\x9d\xbbW\xcf\xd1\x1b\
Ad\xcb\xb0\xa2L\x9b>Z\xb9\xef\xe9\xa25L\xda\
\xad\xba\xe7\x12Z\x8a\xa2r\x0d8\x0c\x009\x1eCI\
\x11\x14\x90\xd6\x98\xf1J\xb3b\xe5yP\x100\xb4]\
I\xea\xf9\x0a`\xe8Y\xf3\x02=y\xf8\x8d\xc2{@\
\xe4\xe3!\xca/>\xaf\xb5\xd9\x22\xe11\xe07e\xcf\
\xef\xc0\x85_e\x917@+C/\xfd\xca\xa7#\xc9\
\x92O>\xbdH1\xa2v3!\xad:\xb8\x98\x8f\xe5\
\x87\xc9\x80j\x1f\xd9\xae\x90|?\xab\xb4\xe9\xcecl\
?\xfat\xae\xf2\xda\xc6\x9bs\xa6\xe8\xda\x8f\x1e\xfb\xe6\
\x14!\xb5\x89\x95O\x90k\x9f\xb2\xd0\xc1#\x83\x02\x12\
\xda\x22\xc2}\xees\x9f\xd13\x9e\xf1\x8c\xe7\x15\xb1]\
eX\xbbj\x93\xe4\xaa\xda=\x1b\xdbH\xb15i\xeb\
\xd2\x1e\xb36\x8c\x01\xd0\xa5\xfck\x19$CD\xcf\x11\
\xf9c\x04\xbc\xce5\xb0c\xfc\xe9\x1f\xe3\xf4\x13\xbd\xa1\
\x13\x07H4\xe9\xd7\xf5\xd3\x04m\xf4\xa7\x15\x1e\xa8|\
\x8acm\x11\x10]L\xde\xef~\xf7\x1b=\xfd\xe9O\
o\x8f\xdb\x00\xeb\xc1\x81\xeb\xf9_\xe0\xb5k\xde\xaa\x8c\
p\x8ec\x8e9\xe6\xac\xfa\xe5\xfc\xc7\x09GA\xbd\xa7\
\xed/\xbf\x19\xa3\x13\x09\xf0\xcb3\xd0?\xf5\xd4S\xcf\
z\xc9K^\xf2\x09u$\xe0\x15\x88s\xb6$\xbd\xf7\
lG\xcc[\x94\xf8\xb1\x07]\x80\x8f\xefy\xcf{^\
\x80w\x80Gn\xd7\x22\x8e\xb0\xcdH\xf3\x85;\xed\x1d\
1\xd2x\xb7\xf2<%\xc3\x0b\xc3Q';q\xca\xd1\
\xa4\xd3x\xfeP\xfe\x83\x02n\x1f^(\x8c\xa5b\xfc\
\x91\x8f|\xe4\xa8\x14\xd1\xae\x09\x80\xe1\xde\xb3\xc3\xb4<\
\xca\x93\xeaw\xb7\x97\xd7WW\x9b\xd7\x106!q(\
X\x7f?M\xf8\xd4\x09\xb8\xbd\xa2\xd0\xc6Oy\xee\xe5\
\x01J\x9e\xc4\xd8<\xd2S?\x89\xa2\xad\xb7\xcb\xab\xe7\
\x00h\xaf\x1b\x98\xf2\xed\x93kc\xae \xefg?\xfb\
\xd9\xc8\xa7\x09\x9d\x19D=Q\xfa@y\xfa\xd9y\x83\
\xa4\xf4\xd1\x1e\x92\xe8\xc3\x93\xb1\xfb\xde\xf7\xbe\xed\xa9\x95\
\xfdt\xfa\xcbpA/\xf1\xf0\xf0\xd1\xf3$o\xd5=\
7\x16\x9c\xb1\xc2=E\x11\xd8\x91IS<;^\xa2\
\x8e\x83\x00\xea\x08u\xe5\xb9\xbb\x09\x1c\x9a\x14\x99\xf6\x0b\
\x9a\xde\xc7\x8bxl\xc2\xa3>\xf5e(\xa8h\xb2[\
\xb9\xfe\xf4\xe3:\x0at&S\xcaE\x99x\x14\x16R\
\x8fq\x00dW}\x8e\xbf\x9e\x84m\xae\xc8\xf3\xa2\xfa\
\x82\xfbS\xeaY\xf6q\xbc\xb6\xc2\xeeeE\xff\xca\xea\
\xf7\xe8y\xd6O)\x0f\xf5U\x9e\xe6\xa9~\xfd\xff\xd0\
\x87>t\xae\x1e%\x8e\xea{\xd1-\x0fm\xfc\xe05\
\xce\x13\xe3\xec\x01^up1\xa0\xc3\x8c?\xce\xd9.\
t\x9d\x8dy\x0a\x8c\xa2\x09\x19\xab\xa4tF\xa0\x8dq\
\xb8<\x802NU\xbfW\xe2>b\xfa_\xd5\xa3\x1c\
<\xa1]\x9f\x1c\x1cm\xdc\xb8q\x01P\x9e\xd2\x1b@\
\xfa\xcf\xf8\x1c\xa03\xb3U\xd7\x93*\xe9C\x1f\xfa\xd0\
\xe8=\xefy\xcf\x0d?\xf8\xc1\x0f\xe6\x22{6O\xaa\
\xde\xa9h\xe8w\xdePn\xc3\x8b\x13\xadxx\xcd3\
\xb6o\xa9\xf4\xe4'?y\xce\xa7!\xcc\x05\xb4\x99\x1f\
\xe3[\x1f\xbd\xe1-\x08\x17%\xae\xe6\x99\x22\x224\xb0\
cu\xfat\xad<\x9e\xeaZ\x9e\xfa\x0e\x82:\x1b\xe3\
\xd4\x7f\xd5\xab^\xc5\xa3\x16>\xad[\xa0,|\xd8d\
\xd25\xb9\x17;J\xb9\xad\xbc\xc0Y\xf8~d)n\
\x5cJ\x1c\xf3\xb6\xf0\x08\x14\x808r\x8dg\xd7y\x9a\
\x84\xef\x8c\xa1\xf8\xf6\xe1\xd0\xb3\xcf>\xfbb_h\xd7\
\x87\xbe*\xec.\xf0S\xe3\xef\xc2u\xcf{\x01\xdd\xea\
\xe2C}g\xedy\xf4\xe3\x1f\xff\xf8k\xde\xfd\xeew\
\xb7\x17\x06\xf0\x86\x1f\xfd\x0e\xf5\xa8l\xd5=\x97\x15\xc5\
kcQ\xfdD(a\x043I\xf2R\xc7Y\xfb\xac\
uO:\xe9\xa4\x16\xfe\xccXY/\xe1\xfa\xd4\xd3\xb9\
Q\xc1\x94\x9b\xd4G?kf\xc6T\xe3\xde\xa5&y\
\x8c\x0d?\xf1Zd\xe2\xe51D\xa1R(\x07\xb6z\
\xca?\xfd\xe9O\xfb\x00\xda\xf8S\x9f\xfaT\xa3\x1b\x1d\
\x00A\x1d\xfd&\xaa\xb9vD\xe6\x18\xbba\x87\xe1d\
\xe9\xc3\x9bk\xc5pT\x01;\xae\xb0>w\xc1\x05\x17\
4]\xc8\xc7C\x1cG;}\x1e\x14p\xa7\xe8uY\
\xd9\x04\xa5\x18@JB\xa5q\xd7\xd7j\x08\xb3\xd2\x94\
0L\x19\x14/QT\x85\xe5\xd3\xfau\xee\xb0\x9f\x18\
E\x00A\x07?\xda\x5ct\xd1E\xa3\xfaH\xe8\xd8W\
\xe9\xe4g\xef;\xde\x15Z\xea\x03\xae\xf7:\xf5\xd1$\
\xf7p9\xa5O\x91\xe1'?\xf9\xc9\xe8c\x1f\xfb\xd8\
\xb8x\x9e\xab\xd9|\xd3\x07\x83\x94\xe8)z9\xe4\xe0\
\xc6s\x87\xca\xeb\x15\xd0{cM\xaa\xda+8\xdaQ\
\xcaR\xed\xa7\xd1\xed\xe9\x87V\xf2x\xacoJRr\
\x14\x95~\xc2K\xce\xc0\x01B\xca\xbf\xf6\xb5\xaf\x8d.\
\xbc\xf0\xc2qM\x9c\x16~\xfd@\xe1\xbc5\x86\xa4m\
\xeag\x93\x86\x01\x00\xd4!\xa9+\xe9\xbf\xf7p\xd7<\
\xd5kJ\xf5\xf6\xe6\xb8^=\x9a{\xeaS\x9f\xda\x96\
\x8d\xa1I/\xfa<,!a\xda9\x02\x1f\xaas\xc2\
!\xa1(\xd1,\xb6\x96\x06_\xa2\x8c\x03\x91(s\x18\
\xfaE\x073S)z\xd1\xffPGQ<e\xe3\xc7\
\xbc\xa0\xfe\x8f\xd1%>^\x064\xc0S\xb8z<K\
^\xe6\x1e\x99S\x90O=\xed\x1b \x03P\xf1\x900\
\xedZ\xbd\x18\x9dq\xf7\xcdo~s\x8b\x10xK8\
V\xae\xdfU\xdf[^)\x00a4\x96\x0f\xdc\xfa\xf8\
\xf5V\xeb\xe3\x03\x95(4JE3\xd1\x01(\xfa\xcf\
\x91\x90\xd9\xe7\x998eL\xf4\x19\xfe\x1ak\xb7\x0a\x9d\
\xc0c\x8c\xea\xf2$\xd7\x00@\x03\x88\x09\xf9\xee\x0d\x09\
\x0c\x04\xf8@\x89\xb1%\x9c7\xa0:\xd0\x95\xd3\x07\xba\
\xfe1V\xbd\x03v\x85\xc9\x9f:1Vr\xac\xf9\xb0\
\x9c\x09\x08f\x09%\xf9\x5c=p\xed\x0e\x1d\x88\x04\xc4\
>$Vd\x98\xb3\xfc\xa2\xd4\x84\xdf\xbe\x9f\xe4\xc5[\
\x80E\xc9oy\xcb[\xc6\x80MT\x89\xc7\x86\xf7\xe4\
\xf7c\xaf~\xb5\x8f\x810\x16\xe5R\x8c)\xd7\xe1\x07\
]\x89\xc1\x98P\x95\xe7\x9e\xf0\xb9\xcf}\xae\xbd\x06\xcc\
\xf8%\xc6u\xf8$\xe6[\xe9|J\x1c\xef\xf3\x0e\xe6\
u\xc2!%$D[\x83Z\xe4\x1f\x88\x14\x0f\x08-\
\x9b\x0e\x15\x19\x9a\xf1\x90=c`\xdfW\x0f.`\xec\
B\x99D\xd5g\xf9w\x14H\xed\xc3\xa2\x80A[{\
t\x02,\xf0$\xf4\xc9\xf1\xe0\x07?\xd80\xf3\x90\x02\
\xe5\x8a\xf9\xb7>///\xdc\xe4_\xd4\xf9\xd5\x22:\
\x99[\xa0\x17`\x034:v\xba\xea\x9fx\x5c\xfe\x80\
\x07<\xe0\x14;\x7f\x19>\x0e\xb9\xe7.\x05\x10\xe5\xf5\
\x89\xb5\xe6\xe5u\x93\x08K\x85\x03\x95\xf4e2e\xbb\
\xcfu@\x1a\x1ax\x94\xa7_\x1e\xe25\xdc\xfa\x1c\xbf\
\x8f\x896 \xb4\x03\x842\xd1\x06\xc01\x08`\x01\xb5\
\xd6\xab\xe3\xc7=\xeeq'\x95!\xed\xb4\xa5\x9a\x8d\x9a\
\x02\xf8n\xe8YB}\xf2\x93\x9f\x1c\x9b\x19\xf7\xcb\xbd\
\xf4\x9d(\x96\x8d\x92\x9d;w>P]\xc6\x92\xf1\xfb\
p\x9dy\xba\x81\xb8\xc4bXWOP~/P\x7f\
\x9d\xb1`\x7f\x15\xbcT\xe4\xa0$\xe3\x91z\xc0t\xfe\
\xcew\xbe\xd3<7^\xb0\xbf}k\x07\x0c\xa1\xcd\xb8\
\x07\x0c\x9e\xebg.\xc2lf\xc2\xa1\x1f\x90{\xb0\x19\
\xd7\xbb\xde\xf5\xae\x060\x1a\x8c\x02\x8f\xf4\xa7=\x9a\xe1\
\x9d\x9e\xf5\xf5\xcaW\xber\xae\xc0m\x9f\x05F\x8b\x8c\
Y\x8aY\x098\x18@}\xc7r\xae\xfe\xb1F\xfb\xba\
\xac\xe5\x19:\xf4\x9duspq6\xb9\xfa\xcaW\xbe\
rq}\xf1\xfdI\xe8\xaa\xdb<\xd7\xa6\xb6T_;\
\x1d\xd5\x7f\xca\x1a\xff\xf8\xc7?n\x0a\xcd8\xd0\x13\xe9\
\x81m\x8dV\x98\x96\x027a\xa91[J\x90\x8ck\
BQB\xde\x0aYh\xcaJ\xb8\xfb\xd1\x8f~\xd4\x96\
2>\xef\x0b\xa0Lr\xd2\xc7\xd0\x8by\x89\xc9\x8c\x90\
\xda\xcfd\xd1\xd3\x1e\xcf\xce\x8c\x80\x03\xd5\xbf\xb8\x99\xab\
\xa7Mm|\x94\x18\x97v\xd1\xb5\x07\x10\xda\x00\xd8g\
\xf9\xeb\x91\xe8\x5c\xf10\xfe\xe1\x0f\x7f\xd8\x80U\x97.\
x.\xdeL\xcc\xd0w\x94c\x9e\xc59=\xb8h\xc3\
\x00\xc1\x126\xac\x9d\xfc\xaf\xbb\xeasa\xbb\xab\x84i\
\xdbr\xc9;T\xe7!\x0f\xe5!\xed\xdf\xb9\x85\xbf\xfd\
\xe5\xb3\x94\xd4\xb6\xfaJ\x19\xed@\xd7\xb1/r\xea[\
[t\x0a\x80\xb6\x95\xe9\x90//\xb4\x0a\xd4\xb1\x7f\x97\
\x13}\x03\x9cg\x0f\x97H\xc9\x07\x22o\x7f\xe9K_\
\xba\xb9<\xbe\xf5a\x0b\x12\xbdr\xc8v\xce\x16\xa6\xbe\
ls\xd6\x1evs\xcc6\xa1J\xec\xce\xf8\x22\x86C\
\xbd*7\x0bi\x16\x80J]'\xf5\xd7\xea\xadf\xc2\
\x97>\x12\xfe\xf5\x1d\xaf \xc0J\xfb\xcf\x84\x09\x9d\xe8\
\x22Q\xc2}f\xae\x91q\xd8\x1f/Kt\xc9P&\
O=\xb4\xf1\x1a\xefz\xc4#\x1e\xb1\xd5\xe6\x88|\xbc\
\xc7\x133C\x16z\xa3{\x00\xf1b\xb3\xdf\xad[\xb7\
\xee\xb4\xcc\xcar\x07/\x99d\x85?\xc3\x81G\xa1&\
ah\xb4q?\x02a\x8cP\xce\xf2\x9c1p\xa8\x13\
\x05\x04\x80^\xc1\xbd\x81\xad\x94G}\xa0\xd7\x03\x19%\
\x0f\xfb\x1e\xf6E\x89\x09\xe9\xca\xe8\xae\xe7\x19\xc8\x14o\
\xe8\xab\x99\xec\xae\xeca3\x80L\xc0\xe4\xa9\x17\xa3E\
\xc7,\x18-^|\xca)\xa7\x8c6m\xda\xe4\x7f\x00\
/\x0cM\xb0\xc1c\x0cJ\x9f5\x5c\xed\xe0\xe9\x12z\
m)\x14\xabEL\x03\x02\x05\xf4\xa10\xc3\xfb^\xb0\
a\xd9r\xee\x87\x9e0\xa9M\xcfK\xf8%\x8cc\xa5\
\x06\xa8\x7f2\xa3EQd\x8f\xd7\xb9\x07\x8244\xa6\
\xdc\x0f\x81U7<i\x1b/\x05V\xed|]%O\
[2\xe9\x87A\xa5\x0f\xf7\x0d\x94y\xcfO\xbf\xc6g\
\xed\xd5E\xaf\x075\xfa\x9b7\xccc3\x19f0\x0b\
\xe0\x12.\xae~ f\xa1\x93@\x9a\x947T\xda\xa4\
:\xf2\x02p\x94\x19\x8fZ\x8eqL\xa3\x19\xe5\x99w\
\xa0C\x07\xce=`\xe9g\x1a\x9f\xbcO\x1b\xe5\xea\x0e\
\xc3\xb8\xfc\xcc\xc4\xcb\xab\x8e\xaf\xba\x0d`}\xa8\x9f\xd9\
u\x80\xcd0\xa8Lh\x06\xaaP\x8b\x86\xc4\xe02\x8b\
W\x07\xcf\xa1\x17=\x05\xc7f\x96\x18ph\x98m1\
\xf7:\x0e\xd1^A\xbdB\xa7\x09\xdd\xd7_\xecz)\
p\xc2[\x94\x9c\xb0\x97\xfc\x95F\x0e\x8a\x22c\xe8\xf5\
\xf2\x90\x7f\x12X\xbd<1\x8c\x18\x05e'\xfaE\xc9\
\xf2\xd0\xad\xe5\xca\xa6j{\x95||'b(s\x1f\
]D&\xc0j\xeb\x09\x18\xa0\x13\xd2\x95\xc7\xd8\xe9%\
\x9e^\xf4~\x9575\xf0xX,F\x07:\xcb\xb2\
\x80\xd0fq\x88K!\x16Ft\xa0L\xfeP1Q\
PB\x90\xf6\xfaQ?\xde!/\xb4(1\xd6\x97r\
\xf4#do\x00\xbd'\xb9\x0e\xdf\xce\xe9\xa31\x5c\x09\
\xdd\xc87\xedL\xde\x84\xc5\xd0H{\xf4\xc3Gd\xea\
\xe5\x88<\xd6\xae\xe1\xd1\x19x\x8e\x80\x87\x8e\xfbZ\x8d\
l\xf2r\x1d\xbe\x80Ew\xa2d\xcfw\x80\x8f^\xb5\
\xf5\xce\x15\x80\xe1\x915y\x0f0\xde\xb4\xab\xa5\xd6\x96\
,\x8f\xc8p\xa3\x07\x07\x08\xd9\x1cP9\x1e\x1b\x05F\
\x10\x9d\xea\x80BR\x16e(\x8b\x90hd\xb0\x0f\x88\
\xeaGa\xea\xa1A\xd0,\x05\xd0\x89\xa0\xac\xd4\xa6\x85\
:\x8e\xd0\xceu\x8cM\x9b~\xd6\x1c\x83\x90\x9f\xfe\xc3\
\xdf\xa4s\xef\x9d\x0c\x9al\xf2\x1ch\xe5ZY\xae\xfb\
\xb3:\x80\x22\x17\xde\xf0\x9fk\xfdGN\xab\x90m\xdb\
\xb6]\xf8\xado}\xab\xf1K>\x09-\xf7\xca\xd5e\
\x10\x0e:\xa3\x17\x1b*\xb5w\xbc\xd9\xfa5\xba\x8d\x8c\
\x018\xba\xb0\xbe\xf5\x0f<\xe4k{\xb8\x8bx\xe0]\
\xefz\xd7Q}\xcfa\xcen\x87\x06\x98\xac\xf3\xf1\xd5\
\xf9.\x9dc\xccFG\xbc\x1bs\xeaH:\xce\xe1>\
4\x95\x87)\xf9\xfa\xeb\x0f\xf5$[p\xf6E\xcb\xb8\
\x9eS\xb7\xd7W\xfeu%\xe0\xf5U\xf7-u\x7fL\
]o!\xf0\xbc\x91=\xb1\xe8~\x8a\xf2\xbe\xfc\xe5/\
\x8fl\xba\xe07BS\x982\xf5\xfb\xbe[G\x83\x14\
\x030i\xb1ug\xf3\xa0\x00>\xab\x14\xfc\xdb\xf2\xaa\
/\x17\xdd\x8d\xd5$\x9fw\xbdC\xd1\xb33\xbfp\xd4\
l\xf6\x9dv\xcc\xbe\xfb\xdd\xef6\xde\xf4)\xe1'\xd7\
x\x10.-U\xea\xbf}\xfe\xa0\xfa:\xd9\xab\xbdf\
\xb6B/~S\x9f\x07\xd2/cB\xaf\xbe\x1bb\x1b\
r\x07\x0fG\x03\xbfq\xb4>\xec\xeb\xd3\xb6\xec\xbd\xef\
}\xef\x86I\x93\x0b\x03\xfd\x98c\xa7\x05\x13\xce^e\
Qf:n\xdf\xb2^\xeb\xf8\x9f\xda\x9ek\x0bs\x8b\
\xea\x0a\x03\x0b\x8b\xf7\x12\xe0\xbf\x16\xfe\xc3<\xf7%D\
;\x8a\xc1V\x1f\x9d\x12\xce\xff\xd3\x1b\xd7T\xff|F\
\xa4\xef\xf4\x9fkg\xca\xc8\xe1\xd9\xa9\x89\xc6\xcb_\xfe\
\xf2\xcd\xde\xa9B\x03]4K1\xed\xac\xbf\xa5\x8eR\
n\xab[\xefP\x8f/\xb9\xe4\x92\xcd\xc2\x9f\xbe\xe6_\
U]\xe0\xa5\xe7#\xd7x\xf1?w_\xfb\xda\xd7\xda\
qj}\x85\x1e^\xf0TF\xd2\xe8\xcbwo\xf3\xe1\
e/{Y{\xb55\xba\x85\x81\xfe\xc8\x1e`\xec\x94\
\xbd\xfd\xedo\xb7\x0c\xda\xae}y\xfa\xc2{ct\xe6\
\x88l\xca`\xf2\xacg=\xebb\xfc\x88\x04\x8ca\xe1\
\xc1\x01\xa4\x85\x95\xec1\xb3\x04I\xc8a1\x1e`\x17\
\x83\xd7\xba\xcf\x98\x92)?\xcb\xec='\x96%_\xe2\
Q\x98\xceY\x9e:\xdadf\x8ef\x85\x95\xbd\xc2\x95\
z\xacY\xfbX\xbf6=\xbdx\xff\xd6Z\xe0\xdbd\
\xf7\xf8\x0f\xff\xe9'}\xc4\x9b\x1b#\x13R\x1e<\x94\
|\x1b\xeb\xdf\xbe\xed\xe6\xc1t\x81N\xbcG\xb3\x9e\x8f\
\x9e\x8ca\xcc\xff\x13\xacM\x86=u\x1c\xa5^&i\
h\x90\x11_\xe9\xc7\xfd\xdb\xde\xf66\xdb\x89{^\xf8\
\xc2\x17\x1e\xed\xd5U\xba\xa5c\xbc\x02\x18\xb0\xf5\x94g\
\xf3G?\xfa\xd1\x1d\xf6\xb8%\xc3Et\x85\x06\xc3\xe8\
\xc37\x1a\xa5\x8b'\x89\x04\x09\xed\x0d\xdcT\xc2\x0c\xe6\
2\x86Q\xa6<\x84\x5c\xd7q-F\x01\xe3\x1e3\xca\
r?_\xa7\x95\xf5a1\xf9\x98\x92\x02\x8ck`\x1a\
\x1f\xe6\x95\xb0G\xbb\xd0\x96\x87\x1fGh\xb8\xd6\xdeY\
\xbf\xc2\xb9\xcd\xfe\xd4a\x14x\x96\xa6\x01\xd2\x0a\xe7\x13\
\xd9)\xa4\xb6\xee\xda;\xd1\x12\xfa\xf8\x88\xa1u\xd5\x17\
.C\x9b\xb1{\xb9\xbe\xf6\x81\x8f\xae\x0d\xfe\xb1\x88\x82\
\x1ec\xc5\x87C\x1fd\xc9\x0e\x94:\xf5o\xd8\x8f\xaa\
'9\xe3\x02\x04\xb8[j~\xb1\xb3hn.\x8f\xde\
\xe1\xc3-<0\x93/\x9d\xea\x07O\x0c\xc7\xd9\x910\
\xad\xbc\xc2\xfc\xb7O?\xfd\xf46O\xc1?}\x1d\x1e\
\xebrCY\x80e%\xae%B \xa4A\x81p\x9d\
N\x94\xc9wP\xa6s\x0c\x03\xf81\x80\x18E\xeaF\
!\xe9\xcb\x19\xb0\xd2\xfc\xf8\xb17\xed\xf5\x87f\xfaj\
\x95*i#\xc5\xf3M\x22X\xad\x84\xbe|\xedb \
\xa9\xdf*LHdC\xc3\x93\x94~\xa6J.)\xed\
s\x8e\x0c!\xe5\x9eB=\xe5\xd9\xb6m\xdb\x95\xf5\xc0\
\xe1\x84\x18\x17Y\xd0\xd4\x07p3\xf1\xb2[\x05\x18\x00\
\xfa\x17\xb1U\x7fGpH\x1b\x18\xa0+\xd1\x85\xb6\xca\
\xf4\x07#\xd7\xe8\x92\xf7nw\xbb\xdb\xa8\xdei>e\
S\xedb\xe1S>\x83j\x8f\xfcB \x8a\x09`\xc0\
ADb\xc5\xd5\xe1\xb5\x98\x8c\xe2\xe4\xc7\xcb\xe5c\x9a\
\xa2=\x0f\xb5'*\x0fMc\xb7\xd9\x1ea\x8cS\x01\
;a/\x13\x83\xca\xdf\xab\xbec\x08N\x94:T\xae\
a\xa4~z1g\x0c\xc2K\xafXB.\x95\xf4\x85\
_?\xdf\xc0\xaf6\x14\x9b\xe8\x82\x8f\xbe\xcf!\x1f\x89\
<^\x14\xaf\xf0|bM\xae\xda\x0f\xc5\xc2\x87\xfec\
\x18tI\xe9\xc2\xab\x83\x873nz\xa3k};K\
\xda\xc7\xf0\xf5\xd1\xb7U\x0exc\xbfa\xa1\x1e\xd2_\
\xe9_\xc5\xaa\x93HJ\xae\xc3\xd3q@N(\x22\x5c\
\xac\x08C@)0\xda\x0f\x8bS\xa6\x0db:\xf2\x18\
\x0e\xb0\xafx\xc5+\xe6\x1e\xf2\x90\x87\xb4k\xe3\x0cC\
!l\xbd\xe7\xf3\x7f\xde\xf0\x867\x5c\x98\xbd\xcf\x18\x92\
s\xc0.\xe1\xf6\x124\x1e\x14#\x0b\xd8QT\xc2u\
\xf88\xf9\xe4\x93\x9b\x82\xd0\x0e\xa0\x01!\xf4\xd5\xed\x13\
\xb9s0\xc4\xfemGm\xf1\x90\xfe\xa3\xa3\xf4?\xa4\
\xa3_z\xab\x17\xd0\xcd\xdc\xe7\xea\xad\x0c\x13\xc6\x85\xe1\
,Q\x08`h2\x9e\x80\xa7\x1e\xa0SG_\xd1\xbb\
~r\x1dca\x10\xea\x9a\x80\xa1\xe3\xff\x16\xd6\xbf\x89\
=\x91\xf7\xd2w\x8c\x00\xffS_\x90\x8b@\x09O\xf3\
3\xb0\xbfF\xe0X\x99\xfbX\x9bix=\xf9h\xaf\
\xa9\x00\xdc\xcf?0`\x89UK\x8c]\x01\x89\xc7\x86\
\xe9(\xbd\xfa\xdb\x83!\x8aU/\xfd\xde\x08\x91\x097\
\x94*\xac\x12\x1a\x1f\xa1\x87\x0e\x19b8C@\x02,\
\xc3-\xde\xbe\xe0\x9e\x02\xf1\xe5\x1a\x8f\xcbI\xda\xe4\x95\
\x1f\xa1\xfd9\xcfy\xce\xe8\xe1\x0f\x7f\xf86\x80\xa1M\
\x16\x09\x9f\x99\xacr\x04aV9=\xc6\x98\xd5\x0b_\
\xb9VN\x06\x06\xad/t\xe5\xa1\xe5\x0d\xcdZ\xc1\xcc\
Y\xdbJ\xe8\x85oz\x98\x0an\x88\xeb\x18\xe1X\x1b\
%\xc6\xba2q\xc8\xac\x99\xf7\x98m*\x97\x87\x09\xc2\
\xcdw\xb8\x8be\xc5\xf3\xfb\xb0\xa5\xaf\xa2\xbf7\x8cE\
!\x99\x1d6\xce\xa7$}\x89\x12\xdeXL\xd2\x9ep\
\xca\x9c\x03\xb4\xfb\x18X\xea\x92\xa1\x8c\xf21\x14\x83\xa7\
\xf4M\xe6\xe5\xa4\x8c\x7f\xf4\xe4\xfaa\x0f{\x18\x85\x9f\
.L\xc6H\x13\xe6\xf3J\x0cc\xa0+\xbc\xc5\x98\xf4\
\x15\xdd\xd0\x1b^\xdc\xab\x8b\xb6\x83\xc30\x12e^\x12\
<\xef\xbc\xf3\xe6\xeaS\x84\x0b\x0f\xfe\xc9\x97\xd40\x1a\
\x0a\xd0W@\x1cQ\x82\x03\xa6\xd6\x80\x97\x04\xa0\xde\xda\
t\xe8^\x8a\xe7\x0c=\xaf\xf2\xaf\x02\x9e\xfc\x18C\x7f\
]^\xb7\x17\xd3Q0\xc5\xe8w9\xc9\xc6\x83Y\xb3\
\x8f\x85j\x97\xb1\x07\xff\xc3\xd4\xe7\xe1\x95\x92\x8d\x97x\
K\x19Y\xd0\xc0\xe7R<DN\xc6\x10c\xb44*\
=\xce\x15\xcdq\xcd\x8a\x9bsd(\xa1_2\xc6\xf8\
\xf5\x13P\xc3k\xf8 \x0b\x83\x10\x99$\xb3l\xa9\x86\
\xbdm\xe7\x9e{\xee\xe9\xb56o\x133cs\xf4\x85\
w\xf4\xf1\xfd_\xe0j\xdc\x03\x9c0,\x8c\x14\xb0[\
\x11a\xed\x98\x95\xa7\xee\xbc\x97\xec\xa8\xbc-a\xdaY\
\x19F\xd5u\xef:\x9e\x91~(\xd7\xf8Q\xcc\xec\x89\
\x120\x18\x90&\x01\xd4$\x9cO\x09Q5)\xf2\x0d\
\xc6\xf6\x91\xcd\x18X\xea\x0c\x0d\xb6oo\x19eBE\
\xc9\x19\xaf\x03n_o\xda5\x9e\xf1\xcf\xab\xc8b\xbd\
\xedlx*=\xcd\xa1]\xb3\xe8\xf1\xf6\xed\xf6\x22\xfe\
\xf3\x9c\xd6\xf0\xa1\x0f\xc0\xd0\xa1\x84\xc7\x18\x00\x99\xdd\x87\
o\xf4\xd5\xc7k\x19\xceE\xe7\x9cs\xce3\xd17W\
H\xd8\x06f\xf4\xed\xdc\xf47\x8d\xe9t\xe8\xac\xa2\x18\
_\x1e\xb2\xad:\xd9\x1a\xcfK\x19e\x96\xf7\xee\xa8\x90\
|\x92z\x14\xa5\x8d#\x80\xf2\x0c\xed2\x03\xd4\xd6}\
\xc6\xeb\xa2\xb1\x17\xa3\x18\xd3\x9e0\x84]*\xa1\xcf\xd8\
*,_\xcf\x10\xd1\x08H\xe9?4&\x19\x8a\x17\xd1\
\xfaurdR\x17\x1fK%\xb2\xf7QJ\x14##\
\xe0L,\x85\xcf\xfa\x09\xe6\xdc\x87?\xfc\xe1\x1bj\xe3\
b\x8e\xf7\x05\xd0\x1e\xd8\xe8\x0b=G\x00\xc6\x1b>j\
\x1e3\xae\x9f\x8d\x1cV\xff\x8e\xbd\xcda\xc8(\x8a\xea\
G\x9aw\xb0\xa6\xf3\xe8m*\xf7\xb1\x824d\x8d\x0f\
z\xd0\x83N\xaf\xdf\xc0\x8cmOr\xfd\x8c\xc3\xea\xd4\
\xb8wv)\xf8\x99:\xd46\x8bi\xe0\xe9L{3\
;m%u\x12\x82Y`MF\xfe'\x13\x22\x0c\xc6\
r'\x01\xd2\x08t\x89\xe1\x18w\xd1\xd1\x7fR,?\
4r\xdf\xd3\xafY\xf2\x16\xbc\xf5\xfd\xf0\x82\x18\xe5R\
\xfd\x93\x01\xb8\x8c\x11\xff\xc0%/\xe5\xbbG\xfb\xb9\xcf\
}\xee\xe81\x8fy\xcca\x97^z\xe9\xe6/~\xf1\
\x8b\xff\xb7~\xa7{\x96mN\x9b\x14e\xe0\x97U\xdd\
;\x17\x9d\xa3\xd1\xaatM\xc9\xf3\x9br\x92S\x8d\xb7\
\x05\xea\x9eZC\x9f~\xe6\x99g\xee\x14\x05\x80\x19\xfe\
U\x0e\x9f\xf3mod\x90S\xc1\xd50^\xc4\x121\
\xcdj\xca\x92\xe6X\x92<B\xe8\x8c\xe78X\x14\xcf\
\xcd\x18@8\x8cP\xbe\x09F\xcd\x9e\x8dCM\x11h\
+\x0b\xc0\xde\x17\xe6E\x98u\xc8_\xae\xe7\xe2U{\
c\x93\xfd\xe6x\xee0<\xab\x17\xcbF\x1b\x0f5V\
\xef$C_W~x\xd4f\xb1\xc4\x10\xb4\xa5\x13G\
\xe8\xc8O\xc8\x94g^P\x9e\xb7\xb3\x80z\x92\x8f\xbc\
\xf8\x1c\xb0'>\x1e\xc40\xc8\xf2\xe26A(\xa7\xb8\
-C\xe5\x08\xc0\xe4\xf9\x0c\x84\x01\xc5\xe0\xf1FG\xe9\
\x9b,\x0ey\xe1\xbdy\xf2$\xcb\xec\xf3z\xebO\xb8\
\xc89\x1d,&|\xda/VG\xd9\x90\x8f2\x83W\
m\x00\x00\x05\x80IDAT\xb4\x1b\x9eC'\xf5\x03\
\xa4\x05}\xad\xf7\xc6\xb5\x1f\xdb\xaa\x106\xd6\xdc\xcb@\
!\x94CY\x8c\xa1\xde9\x9e;\xe3\x8c3Z\xdd\xc8\
c\xb8H\x88\xefC\xf3re\xe9e\x0d\x0fC\xbes\
\xcf\x11\xf4\x9bC~<3\x8e1\xec\xb7\xbf\x1f\x96\xf5\
}/\xea\xb9*\xf6\x9d\xa6\xa1N\xa3\xdc\xc5\x88\xf7\x1d\
\xad\xd6u<p>4o)0v0><\xc6\x8b\
\xf0\x98\xebf\xd1u/\xaa\x08\xe3\x86\x8f\xc8\x90sd\
C\xe3@'}\xf4\x86,\x22N\x03W\xdd\x95\xe8w\
Ip\xa3\x94\x08\xb9\xaf\x1d.\xc5\x5c/\xe8\xfe(2\
\xedyX-\xeaw\xf2LK\x92\x18`\x0fP\x14\xab\
\x0ep\xed\xea\x08\xe7\x12:\xa9\x1b\x9e\x0f\x04\xb8\xbd\xfc\
\xd3\x1c\x22|\xf5\xe5\xfaN~\xaf\x97\xa5\xf4\xd9\xd7\xdd\
'\xd3\x0c\xb0\xfdy\x7f\x00\x99\xc4l\xcft\xae\x97#\
H\xeaP\x86\xf1\x89'J\xbd\xa7Fi\xbc\x5c\xbd\x84\
\xda\xaa\xbf1O\x82\xb4\xe9\xc1\xd4f9\xfd/%\xff\
P\xae\xe8.\xed\xf0\x99\xa3\xf7\xe0\xe4M\xd2U\xf2\x96\
\xe2oI\xcf\x9dd\xbd+\xf5\xb6\xa1B09T\xe6\
R\x8c\x87F&]\xf3\x9e\xdb&.f\xe4\x012\x13\
\xa3\xd0w\x9e\x1f\xa7\xaf\xae\x09\xe0\xee\x18C\xdf\xdf$\
\x99\x87<\xef\xcb}O\xbb\xf7N4\xa6\xf554\x8a\
\xc5@\x9e\xc6\xcb\x92\x9e\x1bK\x9b\xd6Y_\xbe?\xd7\
\xd3\x18\xdb\x97\xfcx)`\xcd\xb8\xa5\xde\x00{\x05\xaa\
k\xc2T\x93\xa9\x8d\x9e\x041\x0auS'\xd7\xcb5\
\xae\xa5\xf8\x1c\xeao\xa8\xa3\xb4\x1f\xe6\x0f\xdb\xf5\xf5\x96\
\xea3\xe5K\x82\xdb\x13J\x87\xf2\xfa\xeb\xe5v6\xa9\
^\x94\xd8+sR\xde\xa4\xb6\xf2xf\xc0\xb5\x0c\xb3\
|\x90\xe4\x99\xa9\xf6|\x02.\x9en\xd3=\x9fF\xc8\
rL9z=\xd0\xd3\xfa\xdd\x9f\xfc\xe5\xe8,u\xf0\
\xd2\x1b\xa8\xfez\x1d-\xa7\xff%\xc3\xf20\x8c\x0c;\
\x192\xb0\x9cN\x0fd\x1d\x02\x03#\x82\x97\xf7\xce\xd5\
2\xa6\xd8\xfa\xcfZ9\xc0\xa7O\x9e*,\xe7\x19.\
`\xfb:\xc3\xfa\x07\x92\xd7\xd0\xc2k\xf4\x16c\x1b\xf6\
\x13yV\xa2\xdf\x89\x9e\x1b\xeb\xe9\xcf\xc3\xce{F'\
\xd5O\xde\xb4v}~\xea\x02)@E\xb8it\xfa\
6YK:{\x83\xd2\x96\x1d\x90\xd4\x01&o\xcc9\
\xdb\x9d\x15\x92\x8f\x10\xc6\xf5\xa7,\xa0fc\xc0=\xc5\
.G\x07\xcb\x91qXg\x9a\x5c\xd3\xeaE\x1f\xc3\xf2\
\xc5\xee'\x82\xbbX\x83\xb5VFh\x00\x01\xc2Yh\
\xb6~M~@\x0ax\xea\xd4\x9a\xf8\xba\xda\xee\xf4\xda\
\xec\x7f\x85\xbe\xb5&\xdfJ\xf8\x99yp\x09\x1fp\x01\
\xeay\xb2\x90\x9b\x080\x1cV\x84\xc1\xf2\xec#\xbcy\
\xa1\xfe0\xec\xf5\x9e\x8a\xc6,\xa7\xd9\xe6\xbe\xd3|<\
\xd3\xa6DmN\x5c\x09$\xe1X\x12v3\xb6\x01\xd3\
\x1b\x22\xde\x16\x09x\xd3\x00\x9ee`\xf1\xben\xc0\x05\
\x901\xd7\xba\xb5\xc0=\xd1vd?n\x06(y^\
\x87q$e<\x8b\xd7\xce:\xa8\xe1\x7f]\x80\x0b0\
\xc08\xf3\xc6M\xf5\x8ag\xdeW\x22\xa8\xfcx1\x0f\
\xe6\xd9yE\xa8\x0f\xc3\xeb\x05\xd4u\x05.\xaf\xcd\x96\
\x22\xc1ld\xd8V\x0cp\xc0\x0d\xf0\x9e\x91\xd6;S\
'z\xea\x93\xf5\xedz\x05x]x\xeep\xd2d\xb6\
\x0cD\xcb\x1a\xa0'\xec\x02T\xbe\x09\x97\xb2\xe1X;\
\xf4\xdc\xa5\xca\x87\xf5\xd7\xda\xfd\xba\x007\xe0e+\xd1\
\xcbr\xf5\xd2\xdb\xa5yoK9`=;5\x16\xfb\
\x85]\xbf\xb35\x0d\x94\xd0\x9dV\xbe\xd6\xf3g\x1e\xdc\
\x8c\xb7\xbd\xf7\x1aOk\xdc=\xcdf\x86$\xfc*\xe7\
\xadyU\x85!xMh=\xa7\x99\x07\xd7\x04\xca\x11\
\x00m-fR\x95\x07\xe1\x00\xe4\xa9&S\xb5\x04\xda\
\x92\xfcY\xf7\xcc\xa5\x0cs\xe6\xc1\x1d\x8e\x8b@\x06\x9a\
\x193\xcf\xed'K\xbc\xd5\x03\xfd\xbc3\x95m\xcb\xa5\
\x944\xab\xe53\x0fn\x968\x01Q\xe8\x95\x8c\xbb^\
2\x93/\x8f7\x03\xd5L\xday\xda\x86\xfd\xac\x029\
\x89\xef\x99\x077\xbbL\xfd\x0e\x14A\x01X\xde\xbb\x91\
g3\x00\x87\xe5\x91\xdd))F1I)\xeb%o\
\xe6\xc1\x05jBs?\x03\xe6\xb1\xe5\xbd\xbbM\x9aR\
\xee\xd5\xdb\x80\x9bWs\xd7\x0b\x90\x93\xe4X\xf2y\xee\
\xa4Fk-\x0f\xa8Y\xb7&,\xf3\x5c/\xc0Y\xf3\
Z\x12\xcd\x83\xbd=\xe0\xae\xf7\xf1\x16F3\xef\xb9\x84\
\x08\xa0\x00\xcc\xcfU,\x91<\xf9\xe1\xad\x9e\xe1Z\xdf\
\xd6d\xea\xe4|\xf3\xc2\xbaW\xca\xee\x953\x0f\xef\x8f\
\xb5f\xc4\xfb\xca\xcf\xba\x007aW\x88\xce\xd8k,\
\xce/!\x80\xee\xad}^\xcb\xcb\xdd\xf7\x0f\xe8)M\
^\x9f\x86\xf7\xfb\xaa\xd8\xb5P\x7f]\x81\x1b\xd0(\x16\
\xb8\x96B\xf5\xc6\xc5E\xd6\xb5\x80\xf5\xeak\xc21#\
\xc8\xb2i\x08\xe4\xf0~-\x00\xb5?<\xac+p\x03\
jB\xac\xc7\x7f\xb5i\xf1L\xe3o\x81\xfb#/\xc4\
\xc5\xb3\xa7\x018-\x7f\x7f\x94{\xa8\xdb\xac\x0bpy\
)@\x93xd&Y\xd6\xbb\x1e\x16\xd4C\xfcK<\
\xc8\xcf\xfe\xb3P\xde\xafu\x81\xba\x9e\x80m\x86~\xa8\
\xad\xeb@\xf4\x1fPz\x80\xb3\xe7\xecs\x0a&U\x05\
\xf2\xf9\xc0T\x17\xb0\xce\x8cb=\x82\x1a\x9d\xce<\xb8\
C@\x09\x06\xc4ln\x00\xb7>\xe53\xe7I\x10P\
S? \x1f\x08\xe3Z\xab4f\x1e\xdc\xcc\x94\x81\x15\
\xe0\x00\x1bp\xedJ\xf9\xe6\x85\xaf\xbcI\xf1h\xd7\xeb\
}\x97j\xe2\xefs\xd7\xaa%\xee\x0b_Y\xaf\xfa\xdd\
\xaeu\xaeu\xad\x0d\x0d\xa0\xe7\xddek\xdf\xf5\x9c\xd6\
\xc5\x0e\xd5b\x00\x991\x03\xb6\x0f\xd5\xae\xe3\xf1\x8b\xb5\
\x9d\xf5\xb2u\xef\xb9<5\x13\xa8\x1e\xacIy\xb3\x0e\
\xe6\x90\xff\xff\x0f&\x91F\x188\x0d\xba\xb1\x00\x00\x00\
\x00IEND\xaeB`\x82\
\x00\x00)}\
\x89\
PNG\x0d\x0a\x1a\x0a\x00\x00\x00\x0dIHDR\x00\
\x00\x00\x86\x00\x00\x00~\x08\x06\x00\x00\x00\xe1\xb8i\xe5\
\x00\x00\x00\x09pHYs\x00\x00\x0fa\x00\x00\x0fa\
\x01\xa8?\xa7i\x00\x00 \x00IDATx^\xed\
\xddu\x8cmW\xf97\xf0S\xdc\x8ak\xb1\xe2\xd0\x8b\
\xbb\x17\xf7\xe2\xd0\xe2\xee\x14\xd7\xa2\xc5\xdd\xdd\xa1X\x91\
\x14Z\x12BB2\xef_\x14B\x02\x84\xceM~@\
\x81_\x90B\x8d\xe2V\xb8\xe7}>\xfb=\xdf\x93\xd5\
={f\xce\xcc\x9c\x99;\xb7\xef\x9cdg\xaf\xbd\xf7\
\x92G\xbe\xebY\xcf\xd23\x1a\xed\xfcv$\xb0#\x81\
\x1d\x09\xecH`G\x02;\x12\xd8\x91\xc0\x8e\x04v$\
\xb0#\x81\x1d\x09\xecH`G\x02;\x12\xd8\x91\xc0\x8e\
\x04v$\xb0#\x81\x1d\x09\xecH\xa0'\x81\xa3\x8e:\
j\xfc\xa9O}jqG0\xdbS\x02_\xf9\xcaW\
\xc6\x9f\xfc\xe4'\xc7[F\xdd\x1b\xde\xf0\x86\xf1\xado\
}\xeb\x13\xafz\xd5\xab\x8e\xafr\x95\xab\x8c\x0f9\xe4\
\x90\xad+|\xcb\xb8\xdc\xf7\x0b\xba\xff\xfd\xef?\xbe\xdc\
\xe5.7\xbe\xd2\x95\xae4\xbe\xef}\xef;\xfe\xc8G\
>\xb2y\x95\xf8\x05/x\xc1\xe2\xc5.v1@\xe8\
.\xc08\xe2\x88#6\xaf\xc0}_?{\x8d\x83W\
\xbe\xf2\x95\x0b\xd7\xbe\xf6\xb5\xa7\xba\xba\xf1\x8do<~\
\xfb\xdb\xdf>\xffJ\xfc\xeew\xbf{\xf1R\x97\xbaT\
W\xd0%.q\x89\xf1mo{\xdb\xf1\xe7>\xf7\xb9\
\xf9\x17\xb4\xd7Dy\xf6+\xf8\xc3\x1f\xfe\xf0\xe2\xedo\
\x7f\xfb\xf1\x85/|\xe1No\xd7\xbf\xfe\xf5\xe7\xaf\xaf\
\xc7>\xf6\xb1]\xe6\xfb\xed\xb7\xdf\xf8.w\xb9\xcb\x92\
\x02\xde\xfa\xd6\xb7.hV\x9e\xf4\xa4'-\xf96/\
\x91C|\xd5\x84}\xd2B\xbd\xece/[\xdc\x94\x1a\
;\x11\xeeC\x1f\xfa\xd0\xf1\xa1\x87\x1e:\xfe\xf8\xc7?\
\xbe\xd0\xca\xfb\x0b_\xf8\xc2\xe2\xcdnv\xb3\xf1\xb9\xce\
u\xae\xf19\xcfy\xce\xdf\xbe\xfa\xd5\xaf\x9e\xaf~\xae\
s\x9d\xebt\xc0\xb8\xe3\x1d\xefxB_\xd1\xcfx\xc6\
3\xc6\x07\x1cp@\xf7\xfd\x82\x17\xbc\xe0\x826\xad\x1f\
g\x1e\xcf\x8f{\xdc\xe3\xc6\x9a\xb2g=\xebY\xfb\x14\
8\x1e\xf2\x90\x87\x8c\xafp\x85+\x8c\x1f\xf3\x98\xc7l\
\x8a\x5c\x0e>\xf8`\x8a_8\xefy\xcf;\xe6\xfb\x1d\
~\xf8\xe1g\x91\xcf\xc7>\xf6\xb1\xc5[\xde\xf2\x96{\
\xe8\xe7\x89O|\xe2|i\xd8\xb5k\xd7\xf8\xcaW\xbe\
\xf2\x92L\x1f\xf1\x88G\x8c/s\x99\xcbt\xa08\xdf\
\xf9\xce7>\xff\xf9\xcf\xdf\x85\x1f\xfc\xe0\x07/\x89\xbb\
Qp\x1cv\xd8a]\xdeW\xbc\xe2\x15\xc7\xcf|\xe6\
3\xf7\x09p<\xf5\xa9O\xed\xc0\x8c\xee\xa7?\xfd\xe9\
s\x97\xc9\xdd\xeev\xb7\xf1E.r\x91\xce\x92\x9f\xe7\
<\xe7\xe9\xca\xd1\xe4\xf7-\xf7\x91G\x1e\xb9\x084\xab\
\xd1\xb0\xdfZ\x95\xf4\xfe\xf7\xbf\x7f\xfc\xe7?\xffy\xf4\
\xd2\x97\xbet\x9a\x16(\x8e=\xf6\xd8\xd1\x7f\xff\xfb\xdf\
Q\x116*\xc2F\xff\xfe\xf7\xbfG\xff\xf8\xc7?\xba\
\xf0=\xeeq\x8f\xd1\xd7\xbe\xf6\xb55\x97\xb5\x1cm\xcf\
y\xces\xc6\x9f\xf8\xc4'\xba\xf2\xce}\xees\x8f\xca\
|\x8e\xca\xdb^W\xfeU\x8b:~\xd0\xfa\xf7\xbf\xff\
\xbd\xcb\xb3\xe5\xa3,\xdf\xe8B\x17\xba\xd0\xa8\xc0>*\
!\xaf\xab\x0c\x16\xe2[\xdf\xfa\xd6\xe8\x9f\xff\xfc\xe7h\
<\x1e\x8f\xaa9\x19\xbd\xe8E/ZW^C2\xd1\
t\xcb\xbf,\xc5\xe8_\xff\xfa\xd7\x08\xcd\xff\xf9\xcf\x7f\
F\x7f\xfb\xdb\xdfF\x17\xb8\xc0\x05F\x0f|\xe0\x03G\
\x9f\xf9\xccg\xa6\xe5\xbd\xf1\x8do\x1c\xb7\xfa\x1b\xcas\
\xc3\xefJIg\xe9\xa1\x5c\xfc\xe2\x17\x1f\x97\xb2:\xc4\
\xb2\x1a\xc2,\xc8\xfd\xeew\xbf\xb9\xd5\x92\xd7\xbf\xfe\xf5\
]\xed;\xc79\xce\xa1\xbd\x1c_\xf6\xb2\x97\x1d?\xed\
iO[1\xffw\xbe\xf3\x9d\x0b\xcc'\x0b\xc6\x11\xd3\
$^\xfe\xf2\x97\x1f\xa3w\xff\xfd\xf7\x1f\x97\x00\x7fX\
\xd7/\x0b\xc8g\xa8uE\xff\x19\x95\xff/\xbd\xbf\xe4\
%/\xd9\xc5uIw\x8b[\xdcb\x5c\xc2\x1e\xbf\xe4\
%/\x19\x7f\xe0\x03\x1fXXI\x88\x8f\x7f\xfc\xe35\
\xab\x9d\x0c\x98x\x0e;0\xae\x94f-\xdf&~^\
g%b)\xd0\x8f\xa7<\xeb\xaa\x92\xd9Z\xf2\xddP\
\xdc\xf7\xbd\xef}\xd3\x1eJ\xd5\xaa\x0e\x0c\x98/av\
\xe1\x80B\x98\x02\xb4\xb1\x1b*p\x92\xb8\x1c\xab1e\
\xc97\x9e\xb6\xbe\xfa\x13\x9e\xf0\x84\xc1\xfc\x1f\xfd\xe8G\
wBB#\x05\x01\x93\xcb\xbb(l\xe2\x94u`\x9b\
\x00\xa3\xcb?\xe0\xf3]\xdc<\x0b{\xa7\xf9\xd4}\x1f\
\xe2K\xf3q\xe9K_\xbaK\xa3\x92(S\xfc\xaf\x7f\
\xfd\xeb\x07\x0e\xc5_\xeb\xbb{\xdd\xeb^S\xe5\x07\x18\
d\xaf\x1c\xb4\x09\x03%>\xaeq\x8dk\x0c\xcaf\xb9\
2\xcf\xb1\xdc\x87Y\xde\xff\xf0\x87?\xdcu\xfa\xe9\xa7\
\xefff\xfd\xaa6t\xa6\x8cIf\xe2\x8b\xb8Q\x11\
\xd9}\xfb\xc3\x1f\xfe0:\xe6\x98cF\x1c\xc7Y\xf2\
^)\x0e!\x97\xc5\xe8\xa2h\xb2\x92\xffq\xc7\x1d7\
z\xde\xf3\x9e\xb7DI\xe5\x8b\xec. uM\x04S\
\x8e.f\xd7UJ\x1b\x9dy\xe6\x99\x9d\xe9\xcdw\xef\
\xc4q\x09\xfb\xed\xd9\xb3\xa7k\x0a\xdc5\x97\xe2\xe3\xad\
\x04\xbe\xfb\xe67\xbfy\x17\xa7\xfd\x01\xc5W\xbf\xfa\xd5\
\xd1\x9f\xfe\xf4\xa7\xae)\x12_\xd9\x93\xf2\xef\xd0\x8f\xbf\
\xd6g\xcd\xc7\xb7\xbf\xfd\xed\x8e\x9e\xb2\x0e\x9d\x1c\x5c\xe1\
\xc3\xdd\x85G\xbfSO=u\xf4\xa5/}i\xc3\xb2\
\x9f\x99\xce\x9b\xde\xf4\xa6]\xedU\xcbr\xa5v\xa8)\
\xac\x86\xf7\x90\x0b\xc1j\x9a.\xd5\xcc\x05\x0cD,?\
g\x8fA\xb5\xfa4\xb5\x04\xc2\xcabA\x86\xc0W\xed\
\xea\xa2\x1e\x01S\x9e\x9a\x1f+\xe09\xefZk!O\
\xcf\xf8\x88\xa5hk\xe3\xednw\xbb\x85\x9a\x128\xb6\
O\x22\xc7\x8e)\x97\xa7\xbb\xb4\xa9\xc9,g\xf9[\x9f\
\xe9\xa7Y\xcb\xf3\xdd\xef~\xf7.O\x160\x16AY\
\xac\x06\x8b\xed\x9b\xf7h\xf5,\xde\x9d\xef|\xe7\x85\xb5\
\x94\xb1\xe1\xb85O\xd2\xb5\xbb<\xe2\xf4D\x08T\x18\
Q\x11.B]\x88\xc6\xc4\xc3\x1f\xfe\xf0u\x83C\xda\
(0`S\x0eA\xc8[\xb9C\xe0+\x9f`\xf1j\
W\xbb\xda\x94.i\xd3\xbd\x0e\xad\xee\xf1\x91\xe4I\xd8\
\xf2\x0d\x1f\xbe+\xbb\xa6\x03\xf6|\xfe\xf3\x9f_b\x9d\
\xd2%M~\x17\xbd\xe8E;Px&\x13\xc0\x9d\x8c\
\x05\xadK\xf6\xe5\xc8w4\x05\x04h\x8d/\x81\xc64\
\xad\xc2|/eV\x17u\xdd\xb2^\x17\x91IT\x1e\
\xef\xe2\x8dnt\xa3\xb3\xd4\xde\x08\x95\xa2\x84\x09\x17(\
\x08\xc8\xbb\xf5\xf8\x1c\x1f\xfd\xe8G\x17\x8c\xfd\xab\x01\xa9\
1\x01Hj\xbc\xf7,\x81\xb6}\xc8r\x18\xba\xd7\xce\
\xb3\x1cj3\xdaro\x01\x11K'\xbf\x08\x1e\x0f\xca\
\xbe\xc1\x0dn\xc0\xe9\x5c\x02\x0a\x0e\xb0r\x01A<w\
|\xcaC9\x94\xe4\x02\xce\xf5\x8ceT\xad\x1f\x03\x9a\
\xbc\xe4\x9d|\xe3\xcby\xe7\x1bYD\xee\xac\xcb\x86\x94\
\xbb\xd1\xc4e\xde\x8d\xac-\x10\x22e\xb5\xd6#\x82G\
4&R\x9b\xc4\x9dU@\xe2\x11h\x94$\x1f\x00\x90\
g\xf2\xcds\x9b\x7f\xbf\x1f\x8f\xcfW\xbc\xe2\x15]\xb3\
BxI#\xbf\x98\xe541m\xde\x01`\xf9\x13\xba\
\xcaK@a\xb0M\xafE\x1aqS\xab\xa3 yz\
\x17\xc0\x01\x8e\x9a\x5c@]Uq_\xfc\xe2\x17\xc7\xb7\
\xb9\xcdm\x16\xa2xeH\x9f\xbcZ9\x88\x93^P\
\xf5\xbe\x16\xf0\xbb\xd7\x7f\x1f\xfa\xd0\x87\x16\xafw\xbd\xeb\
u\x82\xc9`K\x98pW\xe3R+1\x83\x01\xa0\x99\
\x0cX\x0d\xd2\xaf\x07r\xa7;\xddiO\x9bN\xdey\
N{*\x7f\xe1\x94\x11!z7\x94\x7f\xcd\x0e/\xb6\
\xb5/\xc2\x95>\x17\x80\xc9\x87r)\x95g\xff\xe5/\
\x7fy\x09(\x9e\xf2\x94\xa7t|\xc4\x9f\x08mh\xca\
\x15+\x17p\xa4\xb6WY\x8b\xab\x8d\x10\x97\x82\x17\xd1\
\xa4\x99\x90\x1e=\xe8RNk\x1d\x94\x85\x06\x95R\x9a\
A\x81\xee\xad\x97\xa5\xc8\x0e\x1c\x88\xa4\xc0X\x0bBN\
-\x8a\x12}\x17&4]\xaf>\xcd5\x08\xd4\xf9\x04\
1\xe7\xb1B\x80\x17E\xca\xb3\xb5Nm8\xed-\x00\
\x0c\xb5\xeb5\xaf\xb3\x98\xdaE\xc8\x84\xdf\xa6\xf7-\x96\
\xe2\xc0\x03\x0f\x1cW\xcd]\x22l\xa0\xd04\xe1\x05\x9d\
\xe8\xea\x83\x0c\x8f\xde\xc5\x92\x88'\xdcZ\x0f#\xca\xef\
y\xcf{\xce\x22\x03k)j\x98[\x99]\x13\x22\x0f\
@@W\xbf\x82\xa1\x9b\x1c\xe5\xbb\xed@\x11\xc5~\xf0\
\x83\x1f\x5c\xc4(\x22\xdbZ\x1c\x81a\x0a#Q\xb0\xb0\
x\x0fz\xd0\x83\xc6\x84Q\xa3xwV\xcb1J\xf1\
a8\xc2H\xbe\x04&L\xa1\xc2yNX\xadJM\
6<l<\xa3\x0f\xbew\xbd\xeb]\x9d\xcf!\x8d\xfc\
S\xb3='\xdf[\xdd\xeaV\x8bC\x8b\x91\x9e\xfc\xe4\
'w>\x05\x7f\xa5\xb1\x00SZR\x19BO\xf8\xcf\
3\xda\x94\x97r\x80\x0f\xd0j\x14\xf9\xb0\x9a\xf4\xea\xd6\
\xb8\x04\x9c\xe4\x10\xd0\xb52\xf5>\xe9\x95w\xd7\xbb\xde\
u\x09\x8f}\x9e\xf7\xeas,\x07b[O\x99P\x82\
naL\x12\x10\x01\x10\xb2)\xe1\xf4r\xd4\x0e\xe9)\
\xdf%\xbex\xfd\xfc\x86\x04\x1f\xf3\xef\x9e\xfc9\x82C\
\x0eiY\x8e\xae\xdc\x12\xfcB]\xbf\x14_\x5cV\xc0\
\xfa\x85\x1a\xc8[\x22ls4W\xbf\xfa\xd5;\xfa\x02\
\x0a\xe1\xb6\x19\x09\xcd\x14'\xdc\x02;|\xa1\x1d\x8d\xba\
\xfc\x14\xafL\x95\xeaZ\xd7\xba\xd6\x14\x08Fy\xa5G\
\x17 $/\xa0J\x99\xc2\xd5\xe4.\xa1s\xaf\x82`\
\xb9\xc2\xf9\x1c7\xbc\xe1\x0d\xa7V\x83\x10\xd2\xb4\x08\xb7\
\x82L\x9b\xe9\x9dom\x9b\x1a\xe1yG0\x01\x02\x80\
\xa5\x16\xf6\xcds\x9b\x7f\x04)\xadf\x8e\xdf2D\xf3\
\xeb^\xf7\xba\xf1\xb3\x9f\xfd\xecq5a\xe3\x97\xbf\xfc\
\xe5\xe3W\xbd\xeaU\x83\xf1\xca\x22v\x80IS\x90\xe6\
(@Pv\x0b\x10\xe1\xd4\xf2\xf0\x12>\xdd#\x13\xf1\
\x80$\x16@\x9a\x80.|\xba\xe3[\x99y\xc7\x1a\x9a\
Y\x1d\xe2i\xdb\xbe\xb3H\xa4\x16\xf3\xec\xe93\xd9\xb6\
\xe5\x04\xe2\x8a\xa9\xccs\xde\x11T\x84Ep\x11V\xde\
\x116\xa5$\xbd\xb08y\xd6\x9f\xaf\xe6`\xfc\xc8G\
>r\xcc\xaf\x98\x87\xb0^\xfb\xda\xd7.2\xf57\xb9\
\xc9M\xba\xa9te\xb5Jl\x95\x1b\x90\x84\x8f\xd0\xd5\
\xde}\x1bz\xdf\xbe\x8b\xcc\xd2\xacH\xc3z\x0e\xf9g\
\xf3\xe0q\xd3\xf3\xd0\xac\xd4(ag&[gQ\x98\
\xa2)6LSj\xff\xf2\xbd\x1f\xa7\x05\x96\xda\xe39\
\x80\x10\x97\x05\xb2\xa4\xcd\xa2\x95\xb2\x5c\x9bZ\x9b\xac\x7f\
\xe5\x13\xb1\x8e\xad\xc5k\xad\x9b\xf7C\xc0\xc8\xbbX\x94\
<\x0f\xdd\xc5\x01\xb2vY\xe5<''7\x1d\x08C\
\x05T7\xaf[\xf1Ea\xa9M\x04\x97\x9eI+\xc4\
\x00\xa1\x7fO\x8d$\x1c@ l\xdez\x7f\xb4\xef\x0e\
w\xb8\xc3L\xe3\x03Ctn\xf4]M\xa9w\xd6)\
\xbd\x94(\x1ch\x97Sv*B\xac\xear\xf7\xd6\xb2\
\x92\x97Q\xd0\x8d\xd2\xbb-\xd2k\xdb\xcb\xf4\x9eH\xa1\
1\xbd\x80\x22\xdc\x82\xa0o1<\xe7;\x81\xc74\x03\
E,\x8e\x9e\xc5}\xees\x9f\xad\x9d^^A\xaa\xb5\
\xf4\xd0\xf4\xfc\xc9\xfc\x87\xf0\xd7\x07\x06\x00\xb4\xbc\x0d\xf1\
\xdd\xbeK\xe5\x91\x8f\x859+\x14\xbf\xef}\xaan\xdf\
\xb1\x1c7\xe0\xc0(&\xdbf\xa1\xad=\xad\x99%D\
\x02n\xe3\xca\x837nA\xf2f\xae\xa3\xdc\x88\x94k\
A\x0c\xfa\xf6\xa0{\xa3\xc0\x08\x88\xca\x22Y\x9ew\xf6\
\xfa\xd5\xaa\xa2\xcb\x99\x04\xa3hM@\x98M\xf3R\xdc\
v\xd6\xc1\xfb\xbeImk\x8co@1\xd4\xfd\xdc\x8e\
\x12{\xc0\x03\x1e\xb0\x04\x18x\x8e\xd5X\xcdZ\xf8\xae\
b\xb8\xaf\xb6,o\x1e\xfcoh=\xc6z\x08\xd8\xbd\
{\xf7M\xac\x0d\xb0\x8e\xc0\xda\x84b\xb4\xcbFx\xb5\
\x9fu\x13~\x05\x90\xe9\xbd\xc6<VK\xb6-\xbeW\
7yJ\x07\x9e\xdb\xab\xc0q\x96\xe7\xfe\xf7<\x8bW\
Vr\xf4\xab_\xfdj[\xf04W\x22,\xaf\xe3'\
\xa8-\xa9\x01U\xc0\x12\x1fCMJ\x1c\xf1\x84Y\x0c\
\xef\xdb\xee\xdf=\xefy\xcf\xd5\x115W\x0e\xd6\x97\x99\
\x09\xb34%m\x174\xe1X\x8f\xbe\x95l\x9f\xc9I\
\x0f\xcceI\xe5\xfa(\xd9\x86\xa9\x0c\x1cMV\x98w\
\x83:\xcc\x22f\xd3\xc5\x13N\x93\x12!z\xc7\xc1\xd4\
F\xbb\xbb2D.\x0e!m\xf7\xc1\x1d\xc3\xd4h\xc6\
\x83K\x13\xda\xfaJ\x19\xdc#\x8f\xa1+\xe0HSJ\
\x06FF-\xcc\xde\x86j^;I\x9cN\x8aL7\
\x93\xd2]\xb1\x00\xc2\xb1\x0a\x01I\xfa\xff\xeeY\xe7I\
P\xe2\xc5\x92\x18J\xbf\xf7\xbd\xefm\x92k[\x09\xca\
\x0e=]t\xf4\x85\x8f\xf0\x07\xd4\xe6X\x80\x22\xe0\x1f\
\x02\x85w\x01\x86p\xe2KS\xdd\xf2\x93\xd7\xae\x85m\
\x96bb\xf2;!\x00\x87\x1a$\x1c\x00$\x8c\xf9\xd4\
\x0c\x8aW\xbb\xacr6jiM\x86\xbd$\x19\xc7h\
A\xa4\x06\xd6&\xa8m\x05\x0c]Jt\x05\x14x\x14\
F\xbf\x093\x1b\xb48\xcf\xac\xe7\xacM\x09y\x00\x8a\
\xbc\xc8\xca\xd6\x8dm\xa6\xea\xd9\xc91\x09\x95\xd1:\xca\
t\x11D\x06l\xd2\xa4\x04\x1c\x19\x9b\xf0\x0c\x1c\xed\xd2\
4[\xfc\xaey\xcdkN\xfd\x8fL\x90ICh\xdb\
e$\x10(2\x87\x82_\xbc\xe2\x19?&\x09k\x8b\
\xe0\xd4G\xb0\x01\x08\xaf\xcb\xf9\x17\xb1$\xbeK//\
yKcib\xed'^\x98]\x1b\xdb(\xe6d\xd6\
\xaf\xab\x19\xad)\xa4\xcc4#i\x1e0\xdb\x02\xc3\xb3\
\x052\xce\xe1\x08K\xc0A \x04&n\x1c2N-\
\xc1\x19\xe8\xda[\xec\xd72\xc7n\xdfJ\x94\x9c\x092\
\x96\x02\x9d@]{<\xa6\xa0\xb0\xdf\x83\xf5Le\x89\
o\xd5\x82$\xc0\x88\x5c\xd2\xa4\xc47\xdb\xf6S\xed\x94\
Q\xdb\x04.\x5c\xdd\xd1\x83N>\xf9\xe4\xbb\x1f\x7f\xfc\
\xf1O\xd0\x0b1\x85\xcd\xa4RZ\xcc`\x0b\x84\x80\x01\
\xa3\xe2\xa4)\x91\x06\x90\xbc\xaf\xd5\xe8VdO\x05j\
/\x87&F\xda\xa4\x8fp)`o\xf5V4g\x14\
M\x89q4C\xa3\xb5\xa2N\x0b\x08h\xcd>g/\
pF\x80\xe37\xb5MKk1\xe4\x15\xeb\x93\xe6\xd8\
\xfd\x85/|\xe1\x5c{)\x1b\xda&\xf7\xe9O\x7fz\
\x5c\xb3\xa7\xdd~\x8c\x9a\xc1\x9cn\x19,\x05u\xfd\xf2\
SN9e\xf4\xa3\x1f\xfd\xa8\xdbSR\x8cv\xdf\xf3\
+\x01tc\x19.\xdf\x8a\xd9n,C\xd8x\x85\xb8\
%\xac\xee\xf9\xaf\x7f\xfdk\xf7\x5c\x82\x1d\x95\x00v\x97\
\xbfq]\xf9\xb0\x1c\x05\x96]'\x9dtRW\x9et\
\xd5\x9ct[\xf3<\xdb\x1a\xf9\x8do|cC<N\
\x09\x9e!P\x13\x85\x8b\xdf\xfb\xde\xf7v\x15\xe8\xbb\xf2\
\xed\xb1\xc1\x17^\x0b\xc4\xa3\xaa$\xbb\x9f\xff\xfc\xe7w\
\xb4\xbf\xe3\x1d\xefX\xac\x93nv\x9dp\xc2\x09\xdd\xbe\
\x13{B\xc8\x22\xbf\xecA\xf1\x9c1\x1e\xf7\x02\xdcT\
n\x05\xbcN6\xde\xcb\xbfz*\xdd]>\x7f\xf9\xcb\
_\xba\xf7\xa7\x9dvZw\x91\xe5\xf7\xbf\xff\xfd-\x93\
\xc5\x880b\xe2\xa0\x1c\x1fA\xb8\xb0\x1a\xc0\x9c\xaa\xf5\
\xad\xb5HX-W\xb3\xa4Uk\xf8\x09\xf1C\x12\xc7\
\xfbL\xb6\xd5\xfc\xc3\x9ev5\x95\xc5\xbe\xb1\x1c\xbc|\
e\xa2'\xb5\xa9\x9a\xb1-i\x7fk\x05\xf7\x22z\xf1\
\x9b\x11]|\xe0[S\xd8\xae*\xb7\xc7\xc5\x22\x9f\xc8\
KoK\x98%\x90>V#\xcdI+\xcf\xc8\xda7\
\xe1\x94\xe7\x8e\xf7X[\xe1\xf8!\xe2\xad\xb6\xae4\x80\
\x9c\xeb\x9d\xc3\x87\xb0,\xae\xc5\xa0p\xfc\x870\x8a\xd8\
\x08\xc3\xdd\x85\xc1x\xee\xc2@t\xd0A\x07u\xe3\x1d\
\xbec\x14\x83\xf2\x12O\x1e\xd5\x86\x9f\xec\xbc\x870a\
\xd9\xbe5\x17QD\x04\x22\xae\xb2k\x85\xf5\xa6\xfa\x1c\
\x9cc\xe0E?\x1a\x94\x99f\x11(\xda\xe6\xa3\x16\xff\
t\xcdG\x9a\x83Vy\xf8\xe5\x88Z.\x00\x0c\xad\x92\
=\xe3G\x19m%\x93F\x1e\xde\x09\x93_*\x9b\xca\
Df\x9bq\xe2\xc0\xcc\x002\x17\x808\xab\x89\xa2|\
\xb56\x8c\x13\x16\xe6\x82\xec0\x99w\xd2`\xc4\xfe\xd3\
\xda\xdbyp\xad\xc5\xec\x00\x12f\xc5\x8f\x00\x84-\xc5\
\xb3\x9f%\x04\xdaL\x94\xcdC\x04\xc3\xaf\x89\xd5P\x83\
W\xda_a\xa0\xe85\xafy\xcd\xd8\x1aN\x9b\x90-\
\x1cN\xf7\xb8fI?\xba\x9c\x10,%P)\xd4\xf8\
8\x90\x19\xb3@#P\xd4\xe4\xde\x94FkaY\x0a\
 \x0a\xc8\xf1$L\x0e\x00\x5c\x80\xff\x1f[\x09\x8d\xcb\
D\xd9\xb1\xa8\xad\xec\x84\x81\x8b5p\x05H\xc2\xc9\x1b\
\xdf\xb3n\xcfX\x8e\xc7\xb9\xbc\xb7\x92\x88`\x08\x05\xd1\
\x04 \xec\x8a\xd9\x0bh\xbck-\x89\x9a`\xd3RK\
\xc8{\xdf\xfb\xde\xaek*.e\xcbS\x8d\x90\x8e\x22\
,\x8c\xe1\xc0%M-\xcb[\x8c\xa5\x01\xb2\xd6r\x10\
\x92\xc5\xc6C\x8c\x02\x82\xfc\xd3\x14\x85^4\x19oX\
n\xe6\xd6\x0an<\xa66\xa7\xa6\xa2\x0f\x00X\x87\x94\
W\x9b\xa5\x16\xaf{\xdd\xebN\xad\x1az\x5c\xe4\xe2\xae\
\xe7\x16+X~\xc3\xc1G\x1f}t\xb7\x8f&\xb4\xb4\
wa\xb4\x91\x87\xbb\xe7\x5c\xb1\xae\x86\x07\x86V\xc6\x0f\
\xf1\xbf%\xef,w\x8b\x80\x08\xad5\xab@\x11!b\
$5B\x98\xa2-r\xe9\x13Y5\xb9\xdb\x8e\x90\xda\
\x12\x80\xc8[\x1a\xb5\xac\xdd*\xa8\xb7\x12\xcbAh\xa9\
A\x00\x05,\xb6.\xaa\xe9\xfdrX\xa04Wj\x9c\
\xb46\x10\x95\xb3\xb8\xd0\x8f\xeb\x19(\xc4o\xcd\xb8\xb2\
\xf0\x02\xccN\x02H:\xfeE\x94\x8c\xee\xd6\xdc\x93\x81\
\xfd\xbf5J\xba\xa4Wa\xf5\x99\xfc\x94AvmS\
E\x8e-(\xc8'\xefXm\x96o\x88\xee\xbd\xfa\xce\
\xd9\x11\x88$8DF`a$L\x12\x0a\xc6]\x9a\
\x8d\xe5\x88&45W|`\x88\xd5!0\xb5\xdcy\
\x15\xad\xe5\xb0\xe3\x9d\xe5\x12/\xcdY\xac\x8c<\x86\xba\
\xb2U\xa3\xc7jt)\xee\xb7\x15\xf7\xb7\xc2z=}\
\x9a\xec\xd5\x05\x0a\xbc\xb8\xd4L\xfc\xc5:\xf6-\x05\xab\
\xc7A\xc7c|\x06r\xf1\x8c\x16C\xe6\x95\xe7 \xf8\
ja\xd3\xb1, \x1e\xd2,J\x93\xf4\x00\x9c&\xcc\
;\xfc\x92\xc9\xb6\x04E\x04\xa9\xedm\x05\x81\xa1\xb6\xd6\
c\x22\x0afJ\x87\xb6\x12\xb6J\xe1\xc0U\xcd\x9a\x0a\
\xb8]\xf7(o\xcd\x906<i4+\x16\xe9R\x80\
K\xd9\x19lr\x96\x86}\xa0}\xa5\xdbfIQe\
\xd6\x17\x01\xa5\xff\xdd\xdcG9\x9a\x8b\xb1\x82\x14\x93\xda\
\xac\x0c\xbd\xa3v\xb1\xf1\x9b\xdf\xfc\xe6E\x80\x07\x1a\xb2\
p\xa5\x92\x88?\xcb\x22\xde\xc9^\x98\xa9,\xdb\xf4,\
`x\x92\x9fr\xb65(\x22P\x96\x830\xa2\x940\
\xe5\xde6+VZ\x7f\xf3\x9b\xdf<\xa8\xaf\x88\xfe3\
p\xa4\x99\xe0\xf0\xa9%@!\xac\xf6\x16pNhw\
\x8b\xb1\x1c\x9a\x03q\xe2o\xc4r\xa0k\xad\x07\xb9h\
\xb6\xe4E\x09\x14\x02\x18hPk\x1d\xcb\x00\x08\xa1Y\
SR{y\xbb\xad\x85\xae\xd6\xd9Tv\xed\x96_\xac\
&m\xd0R\xb4|W3y,GZ\x99\x01\xa40\
~\x01#\x96\xc2\x1c\xd2\xb6p4\xfbJ[\xee9+\
\x970\x15s\x1b``\x8e\xc0\xd6\xd2\x9d2\x86\x91\xf6\
\x9aB\x08\x86\xa0)^\xf3U\xcd\xca\x895p4U\
\xd0\xa3\x1e\xf5\xa8\xeed\x5c\xc2\x14/&\x19\x0d\x93\xf8\
K\xce\xb7\x18\xe2\x85%\xa1\x08<\xa4\x19I^,S\
\xebhZ\x15\xaf)\x0a(b\xfa\xc5W&\xc0\x94\xf5\
Y\x15\x14\xa1cbY\xbar\xe5%\x0fr3$\xa0\
\x0c\xe0\xdf''\xd3\x08\xb5_kcI4#C\x8a\
X\xe9\x1d\x93\xaf\x86P\xb6\xf4q\x00\xd3\xbcPJ\x8d\
\xcaN\xc1aQ\x0b_\x87b\xe2XRpj\xff\x90\
\xcf\x91\xf2m\x15\xb4\xc3\x1d\xb0c\xf1\xa4k\x9b%{\
L\x12\xdf\x91\x89\xac\x87\xf8\x19\x94K\xdb\x8f\xdeZ\xff\
\xb9\xd8\x8e\xc1\xac\xc4g\xbe\x95\xa5\xec\xba\xdf\xcau\x01\
H\x9cx\xfc\xec\x13\xcd\xc7r\x8c\xb2\x1c\x04C91\
\xeb\x84\xbb\xde\xd5\xceL\xf5d[\xe1\xb4\xb9\x92\x7f\xce\
\xa3\x00\x8eV\x01\x8e>\xc8\xc9?\x130v\xf4P\xf6\
r\xe7S\xd9Gk?Lz\x11\xa9\xb1\xd2\xb98\x86\
v\xcd\x87g4M\x9c\xe8\xae6K'\x8dJ l\
A\x11k\xb2\x9c\x8cVz\xcf\x87\x8a\xb5B39\x1a\
\xd4\xdbV]\xd2\x95\x18\x80\xde\xe5\xda:\x87\x9e\xa49\
Q\x8b\x08\xcc\x9a\x84\x95\xf2[\xe9\x9b\x03\xd3\xdbI(\
yg,\x82BLZ\x99\xedL\x1e|\x8e\x1cw\x1d\
\xa5y\xb6\x92{\xa8\x1c\xbd\x0f5?\xb5S\xfeq\x98\
\x81\xa2\xb5\x14\x9f\xfd\xecg;+\xe6{\x9a\x0ewV\
\x03H\x9c\xca;t\x02\xcfP\xb9C\xef&M\xc5t\
\xf5\x17\xfa\x87\xe4\x5c2Y\xe0\xf8\xd7\xde\xdaA\x9e\x86\
\xf2\xde\x92w\x9cC\xc2\x19:\x93\x02\x01\x19)d5\
(e\xa3G\x1b\xda\xadn\x130%\xc4\x12\x09g\xb5\
\xd7\xe4H\x86)\xefFH\xd54\xca\x06\xa2\xa1\x13\xf7\
\x80\x89\x1f\x00\x14\xac\x0b%\xc83\xcd\x87\xae\xb3\xf9\x8e\
djBL9\xccz\x1cM r\x01\xbf\x0dH\x9a\
\xa4\x8d(\xc0n\xb7\x80Z\x939t*\xb2\x11S\x16\
\xae\xca\xe9\xac\xe9F\xca\x9bk\xda\xb7\xbd\xedm]\xed\
\xd0\x0e\xba/\xb7N\xc0\xf6\x01B\xac\xf6va\x1e\x04\
p6\xe3\x90V~\x9d\x12\xa3H5\x96b\xda\xf5\x1c\
U\xd3\xf5\x0a\x9cG\xbeDx|\x04\x13b@!/\
\xe9\xf1\x93\xe6\xc7<\x86A\xb7\xd0m\x9c\xc2\x92E\x00\
\xd0\x8c)\x97\xb5\x02\x0aa\xdd\xdby\xf0(\x0f\xe35\
\xc0\xb9\xdc\x96\x09\x162\xf2_\xaey\x9c\x17-k\xca\
\xc7\x11\x86Y\xc7\xa8\x0dT{\x86\xcc\x9dL\xf5\xcf\x97\
3\xe1k*t\x12\xd9\xe8\x22\xcb\x11\xa7\xb6^O\x1d\
SaB]-_\xe3\x14\xe5h.\xc6\xc1\xa3\xe0X\
!y\xb0\x86\x05\xfe\xa9\xa2\xeb\xa0\x93\xe9\xd9ci\x22\
S\xab\xc5\x9f\x9c\xab\xb1j\xb9\xab\xd1\x95\xef&\x0bk\
G\xfe\xe0f\xa3\xec\x9bE3\x10s\x80-\x8b\x985\
\xefM\x8d\xa7\x99PK\x08%#\x82\x00\xb2\xd6\xf1\x82\
\xf5\x12i\xc2\x8a\xcf\xa1V\xa9\xe9j=\xa0\xa0\xc93\
\xa5/\x97w\xb5\xcd\x9d\x85\x0b\xfdxp\x01\x86\x8bE\
j-\x85\x9eQ\x8d\xbf,\xca_\xbcX)\x96\x10H\
f\x19\xbcZ\x8e\x96\xb5\xbc\xb7\x00\xba\xf8\xea\x0e\x8eO\
\xafL3\xa9)e\x19\xd7\x92\xd7\xa6\xc5\x9d,\xe3\xef\
<f\x82\xa2\x18J\x22\xd8\x8d8\x99k!X/\x81\
\xb9O\xb9\x14\x15\xe5\xb1(C+\xc95E\xb6\x11F\
\xb9j\x5c\xebD\xda\x17\xdb\xf6>\xf4,\xe2\xf4\xca_\
\xfc\x80\x90\x82\x00\xac\x9c\xd1-Q\x8aQZe\xc6b\
\xe9\xb1\x00\x88\x8a\xb0\xda1\xdak\x91\xeb\x86\xe2f\x22\
\x0a\xa1\xf1\xe6\x09\x9bb\x08p\xb5a\xef\x0d\x15\xde$\
\xa6D\x83>\xca\xce1J\x86\xab\x9d\xe9\xd5/C\x97\
V\xd76\x96\x22\x0ef\xe868\xd66\x1f|\x0a\xed\
\xb7Z).\xd3\x8d_\xfcI\xc3\xdf\xe8\x97\xb1Y\xcf\
\x93\xae~W>\x19\xa3%\x83\x87\x80=\x19\x22\xd8\xac\
\xe2g\xcf7\x0bL\x10\x9a.\x1eb]\x84\xc6\x92l\
\xd5`\x8c\xe1\xf3\xac\xec\xd2\x8b\x18\x02E\x1d\xcb\xd8\x0d\
8Q*z\xd1\x98{|\x0b\xc2\xfd\xf9\xcf\x7f~\x18\
)\xc8\xd3\xa2\x1cJ\x88\x1f\xa2\x02\x88+]}\x1bl\
\xffg\x97\xe0l1\xf5>jOIG7 \xc4Z\
\xa0\x01]@!lM\xc7l9nr\xac\xb6g\x10\
`\xf4\xef\xc0\xb1\x91S\x81\xfb,\x18\x84\x02\xb6\x17\xbf\
\xf8\xc5\x0b\xfdo\xfa\xf4\xccz-\xd5_\xf2M\x5c\x0e\
[\xdd\xa6c\x13\x19\xa3 \xf0\x00\xc3\x19\x14\x9a\x9fj\
\xaf\xf7\x18\xbcB\xbf4\xb1(\xc2\xe2\xea\xde\x0eM\xe7\
s\xbe-\xfa\xe9\xd3\xb6\x91\xe7\x1c\x19M\xb6\xcaF\x0b\
@x\x06\xda\xf0\xb1-\xf6\xd9\xe8\xa7\xe7|\xef\xbe\xb0\
\x11\xec\xca\x101\xcf\xbd\xfe&\xe2\xe8\x8d\x08'i\xdf\
\xf4\xa67u\xcd\x05\xabPy.i*\x86\xca\x00\xa6\
\x12Z\xe7\xb0E\xb1\x01p\x9a\x14\xc2e\x0dt\xff\xe4\
\xadV\x12>\x1e(#\x16Cz\xbd\x8f\xa1Ca\xf5\
\xd2(j2\xcb;D\xca\x9a\xdf\x01\x9a&\x0cx\xf5\
\x00Co\xba\xd3h\x0e0f\xe9\x89\xad\x99\x80\xb5&\
\xf0\xdf\x9e1\xddi:\x08\x0d\xa1i\x87=c\xa4\x98\
ZX\xee/$\xd6Z.\xcf\x9b\xa0\x8c!\xb0\x00\xab\
9}j\xffdl\xa1\x03+\x85\x07\x14\xe8\xcb|H\
\x0b\xe4\xd0\x9d&C\x9a\xc4[n\xee\xc3(k\x94e\
!\x8e\x15Yk\xe5m(~\xadw=\x8a\xe2\xd3\xfc\
\xa1\x8d|S\xf9\x84\xc9\xdc\xfb\x89E\x1c\xcaf\xd5w\
\xe7Z5\xc6\x8c\x11\xf2w\x08\x89\x9e\xa5\xf0\xed2x\
\xdfJ\x89\xfe\xde\xe1\xc0\xdf\xfd\xeew3\xe6\xbcr4\
\x7f\x15\xe1\xb2\x5c\xbe\xfe\xa5\xe8\xa4Z\x93q\xc6r)\
\x80\xa2\x06\xb0F\xdf\xfd\xeeww\x89S\xb5\xb9[\xe2\
\xefW\x82\xed\xb6*\xc8\xcb\xaf\x00\xdc-\xcd\xf7^<\
\xcf\xf9\xe6o7\xbc+\xab\xb3\xbb\x9a\xb1\xd1\xc3\x1e\xf6\
\xb0nK@~\xba\xb55o\xb2\xcb?'\xf9\x89+\
\xcd<~\xb55\xe2\x91\xf9\x07&\xb2-\x10L\xf3G\
\x7f\xfe6CY\xedv\x8d\xb5\x96=7`d\x8fH\
\x08h\xf7B\xe4\x1d\xe1\x22\xb6\xf6P\x1c\x98\xff\x19Y\
+\xc1\xfd\xf8\x84^5\xb9\x13\xbc\xbf\xaf\xaap\xa7\xf4\
\xfe\xcf0w5;\xa3\x9f\xfe\xf4\xa7\x9d0\xab\xc6w\
\x8a\xf7\x13\x0e@<\xa3\xd3/\x82\xc5K\xe2\x96\xb5\xe8\
\x00TV`T\x07\x98\x8cj\x8c\xe6,\xa0\x90\xee\x17\
\xbf\xf8\xc5.@\xadn\xe3\xe8\x8c3\xce\x18e\xdfK\
\x97\xe9\x06\x7f\xa9pxp\xa1\x85,\xd1\x9cJ\x08\xcc\
~\xd1\xc1z\x8a\x9c\xdb\xc1)\x88\x08A\xeem\xb8\xcc\
\xdbtC\x90?v\xf1+'n=\xf4.I\x93Z\
\xac\x8c\x1a\xd49\xa0\xb6'\xee^\x12\xa9^\xd4|F\
\xb7\xf9\x89\xb2\xc5\x8d\xa2\x85\x81\x02\xfd\xc2~\xac_\x84\
\x0d\x08~\xc0WMC\x07\xc0\xea\xae\x8ejVs\xf7\
\x10(\xc4\xad5#\xfb\xd5lh\xa7\xb4\xf2Q:\xde\
+\xcfA\xba\xba\xcc\xd7\xf0CC5#\x9d\x85D'\
\xa0\xe4Ok\xfa\xf2\xcf\xf3\x1a\xb2\x9fF\x9d\x1b0\xd4\
:\x08\xf6+\xc7\xacS\x00\xc2\x08<\xe1 \x9c\x02\xfe\
\xf8\xc7?\xae\x87\xde%i\x94+\xaf\x1a\xae\xf6gv\
\xff\xa7&\x97\xceR\x83M\xd2i\xe3\x7f\xfc\xe3\x1fw\
i\x81 \xd6*\xf4y/\xdc\xd6\xbc\xbcc\x85\xbc\xf7\
\x1d\xdd\xd53\x19\xd5\xfa\x8e\xdd\xe5\x04.\xb1\x14-q\
\xdf\xf9\xcew\xf6\xab\x01\xb5\x8e\xb6\x02\xac<\xe6\x02\x0c\
\xf9\xa1)\xd6\x00(\xc8\xc0\xb3\xb0\x1f\xb0x.k\xfa\
\xbf-M{%\xac\xfdNw\x95'^Dt\x0eQ\
\x1c\xa1x\xca\xde\xf9FY\xf3 \xd4\xe4\x98.\xe5\xd0\
\xb9T\x06\xaf\x1c\xdc\xc6\x09L\xb9\xca\xce\xe5]{\x85\
V\xf1\xd3-\xf5=\x83^FN\x87Vs\xd7\x9c\xcf\
\xe2\xd0\xe0\x9d\xee\xab\x09\xb9y\x8e'\xa0\xa1u0\xf1\
\x12\xd9\x86\xaf\xf4T\xb6r\xb0mE]\xe6_\x07\x22\
`\x0c \x92p\x85[\xa0\xac\xb4*|\xc5Bf\xfc\
h\x03t\xe6\x10\x86@A\x88}`\xb4\xf1\x22|B\
\xd7E\xb5%\xa0]\x89\x1e2,\x94\xd1m\xacx\x8b\
\x9b=?\xa2\x9bmH\x00\x9d*\x1f\x1a\x03\x86\xf6N\
\xfe\xae\xfe>\x9d\x19E7\xffh\x96\xc0!0\x88%\
T\x17FrO7o2\xe61\x7f\x22*G\xcb\xfa\
&B\xe9\xe81\xe60$\xc0>0\x02hq}C\
+\xbaM\xdb\xdb0\xd4'\x96\x95`]2\xf2HQ\
\x93\xad\x02\xfd\xa8syv\xceHfo\xc98rV\
n\xe4\x1b\xda\x01g\xa2\x8f\xb9\x94\xbd\xa1L&{D\
;\xb4\x224\x88n-E\x981(\xb5\xd1E:C\
\xc4\x1ah\x9a\x98\xd0\x0e\x0c\x94\xbb\x5c\xcd\xea\x03#\x0a\
&T\xe3\x04\xd2\x9b\xffi\xd7\x8f\xa6L\xa3\xb7,\x85\
<\xb2\x06\x22K\x0d\xe6\xb9\x06\xa3\xe5\xd1\xc1\xf7\x19\x1b\
Qnk\x8d\x03\x0e4\xbb\xf0\xb0mN\x0en'u\
Z\x04\x0b\x87\x09\xa0\x11f\x9e\x87v\x9e\x0d){\xd6\
wL\xad\xc5*\x04\x93\x91\xca\xe5@!N\x1f\x18\x11\
h\x84k\x1f\x8bU\xe9\xfd\xf2\x81\xa2o]\xa4\x01\x90\
\xbc\xdf\x0c\xcba\x81N\x00\xab\xbc>o\xe4\x1c\xdaY\
I\xff}\xd2\xa7}\xaf<\x1b\xcd\x8c\xe3\xd9\x07F\x8b\
pD\x8bW\x03Cs%\x9cc\x16\xe5\xa6fy\x0e\
\x00\x22\xb4\xdc\x87\x80\xa1\xd6\x13\xbe\xa6\xa8=\xa8%\x02\
\xb5\xc5\x11\xe8\x00\x80bRSc\x09\xa5\xc5\x9b\xbcY\
\x8ey\x8dx*\xdfI=\xe1\xaf\xcf\x8b\xe7\x00\x85\xec\
\xf1\xf1\x96\xb7\xbce\xae\xf2\x8d\x0c\xd6|\xf7\xff\x1e\x16\
\x88\xc4\xf9Is\x12$\xa76\xe5y\xc2\xe8\x9a\xcb\xe9\
'0\xdbh\xea\x9cp\x00\x22s2\xad\x10\xa3\xb8V\
\xa0}`\x04L\x9c\xd6voJ\xca\xb3)Z\xde\x9a\
\xa7\xf0\xe2\x9e\xca\xe0\xee\x99R\x1a\xffd\xa1\x16\x01o\
XA\xfdM\xceh\x0f/\x00\xd1>\xabx\xacW\xbb\
\x10\xba/\xb3-}6\x91\xc69\x0a\x91\xee\x01\x01\xc5\
D\x98\xde\x0b#~\xa35\x8a\xa97' \x7fe\x05\
\x8c}a\x11bjT\xe8\xf0\xae\x0f\xd6\xaa\xe5\x0bC\
\xa0\xb0\x14\x91\xa5`\x11\x92O\x9aG\xf9\xa4\x5c\xe0\x00\
\x8c\xd6bib-\x1b\xdc\x882j\x86xZF\x00\
\xad\xdc\x16\xdc\xa1\xc3\xdd*\xf6\x8d\x947\xf7\xb41\xe7\
\x045\x84j\xef\x08\x97B\xc4\xa9\xc1\xa2u3\xc0\xd1\
t\xe0\xba\x1a\x12P\xac\x04\x0c\x02K\x1b\x9diu\xef\
\xac\x1aw\xaf5\x0e\xc7\x0e\xed\xfb\xb0\x22\x1b\x08\xa4i\
\x81\x11\x1e\xa4\xcd\x054\x00d\x15U&\xddXQ\x8b\
\x8f-4^\xaf\xc0\xed\xd6\x0bo+\x01#\x15\xb0\xac\
\xf1o\xd6[\xd6\xa6\xa4\x9b\x1c\xa7x\x96u\x01\x84\x16\
\x90`.\xc0\xf0n\xbd3\x80z\x0a\x19\xa7\x90\x7f,\
F\xda\xfd!\x8b!^\xcc\xbe0\x052\xf9\xee\xe5h\
\xee\x19R\x9c\xb5\x9d\xe9m\xc4\x7f\x88\xc5@\x7f\xab,\
y\x02\x8b+@JWY\x5c\xe0X\xafy\xd7\xbd\x9f\
\x05\x18\xe2(\xdb\x94\xff\xa6(x\xbd\x99Z\xf9Mp\
\xa9\xc1QT[\x93\x09\xd03\x85h\xb3\xdb\xa5\xfd\xb3\
\x94\xcb\xd4\xeb}\xa4vPDjr\xca\xeb\x9bXe\
F\xa1\x01\x07\x85\xbbX\xb9\xf6t\x9e\x96\x06\x9b\xa4\x8d\
\xe8\x06D\xd2*\xab\x1d\x1b\x09\xaf\xca\xf4>\xe5x\xef\
\xd9\xc5z\xe0\xb5\xbf\xcfe\x16~\x1d\xb5\x1d\xab\x18\xc0\
\xa7\xa2\xb5|\xa6\x5c\xcd\x98\x13\x89f\xc9{\xcb\xe2X\
\x97\x91\xcd>\x08%\xc88e\xa9M\x94\x84!\xc2\x12\
g-+\x9c(0\xe3\x14\x01\x9b\xfc\x941\x04\x8aV\
pQ\x1a@\xe5\xe4\x1f5\xb1\x9c\xd7\x15M\xbcu\x9e\
\xd6\x90\x06P@\xd2vMS\x06:\xd2\xbc\xa4\xe6F\
\x81\x01\x93\xe1\xf5\xb5\x0eU\x1b\x1f\xc2[\xf8m\xcbk\
\xf9\xf3\xdd\xb3s\xc6\xb7L\xe1k)\x88\xc9$$\x17\
ePD\x18kMy\x846\xeb\xe6\x18gVXB\
\x17\x05\xa4\x8c8\x90\xad\x90\x86\xc2\xa9Q\xd2\x09[\xa3\
\xda\x9e\xa9\xb1\x12\x8fv\x9e\xe5/\xba\xa5\x07\x0e|\x85\
\x16\xf9\x85\xcf\xe4\x0f\x0c\xe1\xd1w\xcf\xa9\x0cV\xa5\xaf\
T^\xbe\xf9?7\x15-VI>\xcb\x01#\xb48\
~b\x96\xbc\xb7<\xce\xe1\x87\x1f>EwL f\
\x02\x8e\x08\x14#.\xb5h\x96\xc1\xae\xf4>\xa4\xc9\xd0\
\xba<\xd3=\x1d\x02C\xcamA\xa1<s\x1f\xed\x11\
\x8b\x11R9\xc3\x0b\x16\x00\x97\x0f\xb3\xd0\x17\x5c\xed\x5c\
\xebz@\xb1\x06Q\x16\x1e\x95\x13\xcb\x18\xbeb=|\
\x13\x070\xa4\xc9y\x17\xce\xc8\xe8\x97\xd1\x7f\xd6E\xc6\
+\x99\xadf1\x94\xcb\xe9\xb5\xdc\xb1\x9f\xcf\xb6x6\
\xa6\xaf\x9d#\xa8\x0cISL\x94\x83I\xc2rw\x11\
\x98\xc3S\x96#\xdejn\x9b{0N\xc0\xb1\x10Q\
\x80{\xcch\x1f\x1c)\xd7=e\x99\xc0\x1b\xb2\x14\xfe\
d7\x9bv\x0cp\xf9k\xd0>M5,\xdd\x1d\x00\
\xc7b\x04\x18-\xd0\xf1\x9c\xe7\xb6f{\x87n\xf9\x87\
\x07\xcf\xe5@/\x0c-\x22N\xb9\xad\x7f\xb3\x1a0\x94\
\xe1\xa8\xa7>\xcd\xdb\xea9\x9b\x8f(-@\x88\x22c\
b\x09&\x82\x9cts\x97\xf0\xc0\xd1\xb4\xb9\xa7\xf5!\
ZsJ\xf8\xc9\x97\xe0\x12\xa6\xb8\x00\xc8]\x1a\xf7\x02\
\xd8\xc9Cs\x1f\xac\x844L}\x1cM\x8e\xe2\xd0\xff\
\xb4\xd6\x88\xe2\xf4\x18\xa7X\x89v\xd0+\x80\x09-\xf8\
W\xbe\xb8\x9a\x85T\x96\xa4\xb14\xa0=\x09\xa8\x15\x82\
s?\xf1\xc8I\x8e\x1c\xc3g\xc0\xae\x9cX\xd0\xa1\xbf\
)_\x22\xd4\xbd\xf9\xa2v\x91w\x96\x00S\x04\x8dx\
\xcfa\xc0s\x8e, \xb0#\x8e8b\x09\xd2u\x1f\
\xad\xc0n\xfd\x94X\x80\xd62D\x01\xee\x14\x9b2\xc4\
i\xad\x94\xb9\x8f\xa1Y\xd2\xc9\xce\xf1)\xf8Z\x0b\xa0\
\xc6\x0e\xad>gMr\xecA\xc6A\xe2\xdc\xb6\xc0\x10\
\x0e@\xa3\xe0\x005\xe3\x1c\xack\x8d\xa1\x0c\x1e\x93P\
\xbb\xf3;\xd9\x91\x91\xf8\xc2\xd2G\xa6\xf2\x0c\xbf\x06\x17\
m\xb5\xdc\x9bz\x9f\xa9\xec\x89w|\x160\x84I\xcc\
P\x00\xa1\x0e\xf5\xb9\x9d}\x91}\x1f\x04\x91Z7\x04\
\x8c\xd6d\x03_\x80\x12\xff\x86\x10\x81\xc2&\xe4!\xc2\
\xfd\x03\x80\xfd'F()H\xd8x\x8c\xfd\x1b\xd6X\
T\xbaAa;\x1f\x83\xaf\x12\x0bCy\x01\xa3{x\
E\x87\xb0w-\xe8\xf0\x95\xda\xef}Y\xd9c\x9d\xb3\
\xd1\xa7\xd1A\xfd\xe4$~\xfc\x94\xf0\x98<\xe53t\
\xe0\x5c?\xafm\xf1l\xbdB\x04\x14\x81` \xca\x83\
\xf0\xda(\xb4D\x10\xda\x7f\xd3\xdd\xd2\x12\xb6\xf8+\x01\
\xa2\x05F\x04&]j\xb0\xd1\xd1!\x9fb\x1eBr\
 \x1b\xab\xc2\xa1U&\xfe\xf0\x1a\x85\xbb\xa7l \x8b\
}\x00\x00\x09#IDAT\xe9\x08m\xb1b\x9e}\
O\xf3\xe5=\xe5\x0e\xcd\xe8\x9a)\xd5\xc5\x16'|I\
/\xef\xe4\xe1\xbf\xe9\xe7\xc1\xd3\x96\xe4\x91#\x15\x09\xae\
\x9d\xe0\xf2l\xefE\x9f\x08\xcd\x87\x83\xe4S\xdb\x03,\
B\x08\x00\x86\xee\x04\xa6F\xc5\xccJ/\x9e\xc9\xb5\xe5\
,E\xbf\xec\xf5>;\xbc\x85C\x1a%\x01H\xdbd\
\xb6@\xc0\x07\xe0\xa4)\xf0\x8c\xd6T\x96\x9c[:t\
\xfa\x8e\xe5\x8b@$n|(w\xf9\xafg\xe0l\xbd\
\xfc\xce%\x9d#\x10(\x8b\xb0\xb2vRwm\xc8R\
\x00E\x8dS\xec\x11?q#\xc8\xe5\x80\x11K\x12`\
\xb4J\x00\x8a\xa1.\xe9\x5c\x18\xebe\xe2T\x1d\x8eb\
\x00\xa1\x16\xb7\xa0F\x7f\x0b\x964\x8d\xde\xe3\x178\xf0\
\x1c\xa5\x97\x1c\x06ge\x9dw\x9e\x01D\xddt\xfc*\
\xa7,\xd7\xbec-\xc8\xce\xa8\x22_!\xcd\x02sX\
\xc70/\xb1\x14\xd6>d\xd7\xb9\xb8q\xb4\x84Y\x9a\
\x98\xe6>@Z`\x04\x14\x04\xed,\x8c\xad\x02E0\
b\xa3Q\xfe\xa6\x03\xdd\xe8h\xe9\xeb7)\x89\x03\x14\
z\x1d\xee\xe2\xc4\xf2LzvKpl\x9d\xa9\xca\xe5\
R\xe1\x96\x8b\xb7$\xe1v{a\xe5Q1\xb0\xc8L\
V\xefc\x09(\xac\xbcn\x8fgTk\x08\x95\xb0R\
\xeb<\x03\xc5j\xc0 \x5c\xfe\xc9V\x83\x2227B\
\x1a\x87\x94\x99\xef7\x89\xb1\x9e\xf1Eb9\xc2_*\
\x04\x19\xa8\x10*\x95\x95i}\x9d\xaa\x5c\x15g\xd1\x12\
\xc9\x8d\x9e\xef\xd5\xcf{K\x9fM\x1b\x1b\x1c\xea\x17j\
\xe5u\x96\xe3\x01\xc1J\x97\xda\x11p\xc4:\xb8\xb7&\
\xda\xe0\x95\x1eM\xbf\x9c\xad|v\x9e\x869\x98\x80 \
\xd62 \xc7C\xdb;\xc1W\x9e\xe3\xb8\x02\x94\xf7\xd2\
8pmh5\x99Cgk\x94s\xaf\xf2\xba)r\
5\x16`\xbe\x22\xca^\x09\x14\x11jkj\x85#<\
\x02\xdd\x0aGsVA8\xf33\xbe@;^\x83W\
`\x8e\xa5`9Zk\x98\xb0{\x1cT\x13v\x8e4\
\x98\xe5\x88\xe9Y\xe9\xdb\xb6\xf1\xacK\xc8\xa2\x1e\xc2\xe2\
x\xcd\x02\x8c\xd4,\x80\xc8j1\x826\x84=t\x14\
\xc1\xde\x14\x80\xda\x0c\xf8\xb1t\xac@[\x09\x84\xd3\xa4\
\x08\xc7\xb2$N\xac\x87gM\x8c\x9d\xf5\xd5[Y\xd8\
\x9b<mz\xd9\x93\xd3g\xa6^x\x04\xb3\x128Z\
\xc1\xf2?\xd2s\xd1\x0e\xef-\x9fb5AiVt\
e\x81\x03\xfd@\x0c\x0c\xad3\xdd\x86\xdb\xe6\x92LX\
\x0e\xe92\xc7\xb2m\xb6\x04\xac\xc6\xf8z\xbe[M\x9e\
\xfe8\xa6c>W\x02\x85o\xe9\x02\xa6M&d\x8e\
\xa6UV\xeb\xa1c\xab\xd2\x98[a92\xe6\x80\xfe\
\x84)?\x95\xc2=\xcd\x0ck\xd1\xcaE\xfc\x89\xcc\x16\
'\xc3\xe4[E\xfe\xd6\x94S\x1e\xf4\x02\xc7\x0c \xe2\
\x81\xb7\xfd\xf1\x95\xc0Ap\x84\x9a\x1afPgh\x8d\
\xe6\xd6p\xb2\xb6R\x80\xc38G\xac^\x9c\xcb\x80\x02\
\x08Z\x87\xd4skI\x00\x86\x95\x14\x7fr\xfa\xef\xda\
\x08\xd8\xee\xb1\x8f<\xf2\xc8\xae\xff\x9d\xda\x8f\xd1\x8c\xfa\
\xad\x04\x0a\xdf\x08\x8e@5!\x0eI\xdb\xaca\xee\xcd\
\x92\xa1\xaez\x8e\xa2\xa6x|\xc7\x8fp\xf7\x9c\xde\x16\
\xb9\xb8\xc8)V\xd5w\x95I\xc5*\xc7}I\x17v\
\xb3\xe8\xde\x92|\x1d\xa4\x96\xee%\xf3\x980\x81\xac\x06\
\x0c\xd6\x82`\xf8\x14\xbc\xfe-!x\xce\x858\xcb\xdc\
4\x01\xbeY\x00<\x85\xef\x00\x01\x8f\xb1,\x80\x11\xbf\
#\x16D\xfcy\x9e\xaa<g\x16\xd7\x97\x9d\x19\xd7\x0c\
\xfb\xc6W \x90\xb6\xa6\x08\x13LkJ\x091\xa0\x18\
\xb2\x14\xb5nb\xa1\xfe\xc5\xd9\xfe\x8dm\xe1\xb5W\x0f\
i\xa1\x06\xa1\xc6\xb5^t\x09=\xfen\x9b\xd5\xc3?\
\xcb\xe1J\xb3\x1a_\x8a\x05\x89|\xc8!\xf2\x09h\xcc\
\x02\xafO\x03\xdb0\x95\x83\xd3\xb2\xac\x0d\x18r\x11\x86\
\x1a\x84\xf9\xd4\x0e\xdf\xbc7\x06\x90\xa5{\xbc\xfb\xa1\xcd\
@\x04=\xd9=\xdf\xfd\xa1\xad\xbd\xa55\xc8u\xd4\xde\
\x10\x81eu\xa6\xef\xd1\x83\x17\x07\xc8\x0e\x9d1\x8af\
\xdf\xd3<\xe05\x16\xb4\xad\x10\xc2\xeds\x003\x19\xff\
\xd9\x1b,\xce\xbfL5(\xdeu\xcc(FcJ\xdb\
\x11\xcc\x0c'\x03\x88\xf7@\xd1\xfe\xe3q\xa8#t\x82\
S\xeb\xe4\x99\x1aH!\xfeYi\xe8\x1f\x06\xe6\xcd\x99\
1\x19;\xd1\xad43\x18\x15\xa0\xc7g\x00\x92\xa1\xf3\
\xd4\xcb\xdf\xea\xfe\x22\x03\x8f\xe8N:V\x01\xcf\xacf\
\x0b\x16\xdf\xc5\xf3M9g\x1b?cr iWK\
0\x17SJ0\xae\x98K`\xc9\xf2~\xefk\x91\xcd\
\xb1C>\x85\xf3\xc9\x09(\x1e\xbb<]\xc9?`1\
L\xae\xffo\x7f\x86\x7fe\x9e\x070j6\xb5[`\
\xc4\xa4\x87V\xe5\x99\xdf\xe8\xf7<<\x1b\x05\xb5\xa6\xb4\
_vm=\xec\xfe5!\xe0\x10\x17\xfd\xad\xe5l\x81\
\x93\xe6\x85\x8c6\xf3\xac\xf0\xffw\xbc[\x9f\xdaMz\
\xb6M\xe0g?\xfbYw\xc2\xdc\x99g\x9e9=u\
\xae\x14\xdb\x95\xe8\x9do~\xce\x99\xf2+GsT\x0e\
\xeb\xee\xfe\xd9Z\xd6rT\xb3\xb2\xcb\xa9xU\xab\xba\
\xb3\xb5\xcart\xe7P\xe5\xa0\xb5\xf68C\xdf\xaa\xc6\
u\x07\xac\x95\x22G5\xf9\xd4]\xce\xee*\xeb\xd2\x9d\
\xb0W C\xd3Ek\xf9\xfd\x9f\xeao\xc4/RG\
'\xfe\xf1\xd4SO\x1d\x9d|\xf2\xc9#\x87\xca\xb9\x9f\
v\xdai\xa3_\xff\xfa\xd7\xa3SN9eJ#\x9a\
+]w\xdc\xa3\xbbr\x95\xe7}\x8et,ew\xc7\
.\x96\xe5\x18\xd5\xf2\x82\xb3\xc8\xdd\xff\xbc\x1cw\xdcq\
\xe3:fr\xbf\x9c\x1e\x88\xa7\xe4\x89'ag\x81\x15\
p:^\xe5\xed\xe4\xc0\xe3\x8f?~Ku\xd8)e\
\x9e\xbfZ7\xd9\xb5\xb7\x10o\x14\xcf\x9d\x99l\x9d\xce\
*oZs\xf8\x16\xce\xae\xaa\x85\xbbK\xfe\xe5\xb0\xda\
\xe7=j\xa6\xf8\xc9\x83\x99m\xd33\xc7\xe2\xf8\xae&\
\xe7\xbb\xf2\xe2\xccy'\xac\x86\xf2c\x94\xa9\xf6\xdb?\
\xe20[3\xbe\x9e\xe3(J\x9b\xf4j\xac|S\xa6\
\xf7-\x0dy\xef.\xae\xe1{\xd6L\x9a\xe5\x0e\xbf5\
\xd1\xc8\xba%\xdf\xf8\x17\xf2\xce;\xb4\xca\x13\x7f\xfe?\
e\xa5\x15\xe6\xf3\xd4\xdf\xa6\xe5\xc5!L\x7f\x9c\x120\
\x1d\x9fB\x98\x02\x09O\xaf\xc5:\xcb\x9a9\x1c<R\
\xda\x99\x1a\x14\xd8.\xe4\x89)\x97\x0f%\x0c)(\x82\
%dq\xa2\xd8\x16\x98\xc0:\x04T\xf9\xf5\xdf\xcb\xaf\
}\x97\xfc\xf1\x08\x90x\x93N\x9e\xe8\xa2La\x8aU\
1\xfca\xf0\x90\xb0k\x16\xf5h<\xf2\xa9\xd0\xa8\x8c\
\x80.M\xa5g\xc0 \xb3\xa1E\xd4C\xf9n\xdbw\
\xf6\x8d\x10\x1ef\x83z\x02\xe4|9\xe3\xca\x7f\xa8\xd5\
B\x97\x15g\x10\x81\x8b\xc0\x22\xe4\x16\x1c\xad\xe2[\xeb\
\xd0v{c)\xa4o/\x82Nz\xefcI\xfa\xe0\
\x09p\x02\x94\x16\x80\xd2\xc7\xb7\xe8\xe7O\x89\xbe\x87o\
wc\x19+\xfd\x87\x8b\x11\xe2Z\xe5\xd6\xfd'\xadq\
\x1b\xbd\xb9X\xc7X\x12\xe5o\xdb]g\xb3 Q7\
U3\x12\xab\xa0\xab\xe5\xbfNg\xd9}\x96\xfc\x9d\xa3\
\xc1G\x89\xf0\xe3\xbcF\x09yO\xc9\xa9\xa1\xad\x82\x96\
\x03E\x94\x9cZ\xe9y\xb9+\xb5\xb7\xb5\x14\xca\x907\
\xd0\x08\xfb\x96\x9a\x9e\xf2[\xd0Pph\x9de'Z\
\xf8w8\x8c32\x0e=\xf4\xd0\xee\xd0{V\x07\xc0\
\xb6\xcd\xc9|\xb3\x00\xa1\x1f\x87R\xf5\x0a\x98\xc8\x8d\xac\
M\xb4\xac\x9f\xc5\x88I\xa5\x80V\xf9m\x98r)\xa4\
5\xe5\x01\x01E\xfa\xe6j\x95\xbc\x1c \xf2~\xb9\xb2\
\xf2^\x13\xd9Z\x1e\x00P\x19\x02T\xd61V\x83\xff\
\xf2\xdc\xe7>\x17\xfd\xeb\xfa\xd5\xc0\xd9\xd8\xbfP\xcf\xf3\
/>\xd6E\xc8vI\xa4\x9b\xe8\xf0\xd8\x02\x856\xba\
\x13tF\x0dc\x15Z\x05Gi\xed=V%V\xc2\
7i\x86\xe2\xb6\xefb\xc2\x03,\xa0\xa3|W,\x86\
\xf8\xf1%\x02:\xf78\xcb\xfc#\xe6\x7f\xc8\xa9\xde.\
2\xde\xa7\xe90\xc2\xc8o)\xa1w\x00ik~\x14\
\x13\x8bB\xe9\xb1\x1cj4\xc5\xb6@\x88uY\x0d\x18\
\xd2\xae\x04  \x0d\xd8\x94\xe7\x12\xdf\xbb\xfa\xb6hD\
\xb4\xd6\x84.\xe9e\xed\xd3\x8a\xd8\xae\xc4\xfb\xdf\xf3C\
\x0e9\xa4\x1b@\xe2\x8c\xc6\xd9l\x01@1@\x12e\
\x09\x0f\x81c5`\xe4{\x80\xa4,`\xc8\xe5{\xac\
I\xe2\xea\xfajB\x87Fm\xb7\xabL\xcfVt\x1d\
s\xcc1\x07\x19vfEb\xb6\xa3(@H\xd78\
\x0a\x03\x96\xf8\x19\xb1\x02\xee+]\xd2\x06d\xe9\xb1\xb4\
\x16\x04(\xbc\x07R=\xad\x8d\xf8\x10{[9\xfb\xf6\
\xa8\xd92\xd2cEv\xef\xde=:\xf1\xc4\x13\xbb\xeb\
7\xbf\xf9\xcdIu\x22\xff\x015\x97\xd2\x8d\xae\xba\x8c\
\x8e\x96\x22\xbb\xd1P\xa7\xf5\xe7\xef*\x96\xc9\xb2{-\
\xae\xcbO|y\x14\xb8\xba\xbf\xac(\xab1\xaa\xde\xd6\
\xa8\x16\x0f\x8dj\xad\xc8\xa8\xfe\x8b}\x9f\x96\xed>M\
\xfcJJ\xcc7\xffV\xfc\x93\x9f\xfc\xa4\xfbC\x99\x1f\
\xfc\xe0\x07\xdd\xdfD\x9c~\xfa\xe9\xfe\xef\xe3\xf3\xa5\xdc\
\xfd+\xde\xfe\x05\x8c\x0b\xd5\xb5\x7f\x01\xa5{\x9e\x5c\x7f\
\xa9{{\xfd\xb5@\xf0\x97j\x8e\x0e\xa9\x9e\xc6\xa8z\
 \xddpz\xed!\x19\xd5\x5c\xc7\xa8\x06\xac\xceV\xb2\
<[13\x0bP\x12\xc7a,\xbf\xff\xfd\xef\xbb\xf9\
\x0f\xa0\xf1\x075\xf9\x1f\x13\x96\x80\x15\xa9f\xa3\xfb/\
\x10\x96\x06\x18jP\xaa\x9bO\xa9\xc9\xab\xffo\xe5\xb6\
\x16\x19\xef\xc4\xdd\x91\xc0\x8e\x04v$\xb0#\x81\x1d\x09\
\xecH`G\x02;\x12\xd8\x91\xc0\x8e\x04v$\xb0#\
\x81\x1d\x09\xccY\x02\xff\x17\x07F\xb7\xe0y\xa5V\xdd\
\x00\x00\x00\x00IEND\xaeB`\x82\
\x00\x00)r\
\x89\
PNG\x0d\x0a\x1a\x0a\x00\x00\x00\x0dIHDR\x00\
\x00\x00l\x00\x00\x00g\x08\x06\x00\x00\x00\xe5\xa1\xa7\x0e\
\x00\x00\x00\x09pHYs\x00\x00\x0fa\x00\x00\x0fa\
\x01\xa8?\xa7i\x00\x00 \x00IDATx^\xed\
\xddi\x90eU\xb5'\xf0\x9bX28#\x0a\x9a\x82\
\x96\x0aN\xb7\x1c\x01K\xc5!AEC-\xd4n-\
\xd4\x10\x95\x08_8|\xe8\xd7\xdd\x1f\x0c\xfb\xbd\x0f\x86\
\x11\xfa\xd4\xd0\xd0\x17FK\x10\xdd\xa8\x1db\xa0\xa0\xed\
\x908\xe0X\xe5,j9V\xe2\x80\x03*\x94\x88\xa0\
\xe2<\xdf^\xbfM\xfe3\xb6\xa7r\xac\x01\xb2|\xbd\
#N\x9es\xf6\xb0\xf6Z\xeb\xbf\xd6\xda\xc39\xe7\xe6\
\xd4d2\x19\xfd\xa3\xa5?\xff\xf9\xcf\xa3\x1b\xdf\xf8\xc6\
\xa3\xbf\xfe\xf5\xaf\xa3\xbf\xfd\xedo\xa3+\xaf\xbcrr\
\xd4QGM\x1d|\xf0\xc1\xed>ijjj\xd1\xeb\
\xf5\xac\x8f\x83\xd63s{\xc2\x1b\x03t\x00\xeb\xa0\x83\
\x0e\x1a\xfd\xf4\xa7?=\xf7k_\xfb\xda\xe8\x0f\x7f\xf8\
\xc3\xbd\xd0Ky\xae\xf7\xa4\x8f\x1b\xb2\xcd?$`7\
\xba\xd1\x8d\x9a'\xf1\xa0\xcb.\xbb\xec\xb8\xcf|\xe63\
\xa3_\xff\xfa\xd7\xff\xa3W\xf4\x81\x1aY\xfe\xe1\x00\x03\
\x0a\xc0\xe2A?\xf9\xc9O\x8e\xfd\xe67\xbf9\xfa\xed\
o\x7f{\x1c\x10\x0fT\xa0bl\xeb\x12\xb0\x84-\x0a\
\x8e\x92\xa3\xe8\xc5\x94.\xfce\xbc\xca\xb8\xf4\xa7?\xfd\
I\x18\x1c}\xe9K_:BH\xbc\xf8\xe2\x8b7k\
\xbba\xc3\x86\x96\xff\x97\xbf\xfc\xa5\x85LI]\xed\x97\
J\xe1g=\x80\xbd.\x01[Jq\xf2)\x19(=\
\x98<\xca\xa1\x8c\xe2\x01p\xd3\x9b\xdett\xf9\xe5\x97\
\xcf~\xfd\xeb_\x1f\xfd\xe8G?\x1a\xcd\xcd\xcd\x8d~\
\xf9\xcb_\xb62\xa0i\xff\xc7?\xfe\xb1\xd1:\xe4\x90\
CZ\xdb\xdf\xff\xfe\xf7\x8bv\xadN\x8eE+\x5c\x8f\
\x99\x07\x1c`C\xdd\xf43=e\xee\xe3m;v\xec\
\xd8r\xe9\xa5\x976p\x00\xf7\x9d\xef|g\x16`\x00\
2c\xec=F\x9d\xc3\x0e;lH~\xdd\xdd\x1fp\
\x80%t\xf1\x88\x844Z\x95\xcfcL\xe9\x0f=\xf4\
\xd0\xd1\x8f\x7f\xfc\xe3\xd9O}\xeaS\xa3\x9f\xff\xfc\xe7\
M\xe9\x80\x03\xa0P(\xf5\xa1U\x1b\xc7\x81\x90\x0e8\
\xc0(:\x89\x87\x00\x00X<K\xa8\xcb\xf5\x17\xbf\xf8\
\xc5\xd1\xa7?\xfdi\x93\x8dV\xbd\xc2\xe3\xe8\x93\x9f\xfc\
\xe4\xe8\x87?\xfc\xe1\xe47\xbf\xf9M\xcb\x0b\xf8\xd6l\
h\xb9\xef\xc7\xab\xf50f-\x08;\x7fq\xc0\x01\x96\
\x19 \xfe\x85\xb7x\x06oS&\xdcU\xe8\xbbbv\
vv\x8bqK\x9ePg\xa2\x01\xb0\xf7\xbc\xe7=\xa3\
\x1f\xfc\xe0\x07\x13 \xdd\xe4&7i\xf9\x80r\x8fV\
?6\xae\xa7\xc9F\x80\xdb0Dp\xbd\xdfg\xcc\xca\
8\x95\xc9\x00e\x9b4\xd4\x04cr\xdey\xe7\x8d\x84\
\xc3x\x8c\x10\x09\x88\xab\xae\xbaj\xf4\xaew\xbd\xab\x01\
u\x8b[\xdcb2===%_[c\x1a\xb0y\
,\x9a\xc0\xea\xcf\xd1\xcbp\xcc\xbc\xbe\xf5u\xc0\x01F\
\xc1\x94\xe6\xcc\xab\x84A\xa9\x16\xc6\xa3\xab\xaf\xbez\xf2\
\x81\x0f|`\xf4\xb6\xb7\xbd\xad\x8d]G\x1cq\xc4\xe8\
\x9ak\xaei^\xc4\xcbny\xcb[\x8e\xbe\xf7\xbd\xef\
\x8d.\xbc\xf0\xc2I\x816\xf5\x84'<ar\xf4\xd1\
G\xb7\xfd)@\x85f\x0fB@\xfb\xff\x80-a\x9a\
\xbc\x22a\x8f\xb2\xfa\x09\x01\x80xB\xbc\x00X\xea\x98\
\xae\xd7n\xc6\xce\x0f\x7f\xf8\xc3\xa3\xf7\xbf\xff\xfdm\xbc\
R\x87\xc7H\xc2\x1d\x9a\xd7^{m\x03\xb9f\x8cS\
\x15N'\xb5\xc78\xf5\xd8\xc7>\xf6\x8a{\xdf\xfb\xde\
w\xb8\xf9\xcdo\xde\x00\x03\xae\xfa\x19+\xe3\x9d\xe8\xa1\
\x91|t\x87\xde6\xbc_B\xc4\xbd\xca\x9eZ\x8f\x03\
+\x89((a)^$\xdf\xb8\x15\xc5\xf0\x9eo}\
\xeb[\x93/|\xe1\x0b\xa3\x8f}\xecc\xa3\xcf~\xf6\
\xb3\x0d$\x13\x0d\xcaU/\x13\x0c@'\xf4e\xfdU\
\xde5z\xc0\x03\x1e0z\xd8\xc3\x1e6z\xd0\x83\x1e\
4\xba\xeb]\xef:e\xfdv\xb3\x9b\xdd\xec\xef\xc0\x88\
\x81\xa0\xb9\x98\xbe\xae\x0f\xa0\x82\xf2\xba\x04\x8cR\x12\xfa\
0\xca\xea\x7f\xf5\xab_\x01b\xb6<\xf0\xf8\x0a}\xd3\
\xb5Gh\x9a\xde&\x125e\x9f+\x10\xc6\xda\xc5C\
y\x12E;\xa4\x00\x88n<\x0e\xf8\xca\x85\xce\xf1x\
<\xba\xfb\xdd\xef>z\xc8C\x1e\xd2B\xe7\xado}\
\xeb]\xb7\xbf\xfd\xedw\xdc\xe1\x0ew8\x8d\x97\xa9\x8b\
\xbek\xe9\xfa\x04\xa9u8\x9f\xd6\x1d`\x01*\x0aq\
/\xe4\xd5\x9e\xe0\xc4\xb8\xf4\xf1\x8f\x7f|\xf4\x95\xaf|\
ed\xbb\xa9BZ\x03\x138\xc6(g\x13\x8fx\x13\
\x8f\xe2\x9d\xc0\xca\x14>\xcaN>\xc0\xd0\xe8Sy\xda\
\xe8\xc4\x13O\x1c=\xeaQ\x8f\x1a\x9d|\xf2\xc9\xa3\x8d\
\x1b7Ne\xcd\x17\xaf\xff\xbb\x06\xd7\xe3\xcd\xba\x03\x8c\
\xec\x94\xd2\x1f\x94M\xf9\x94Kq\x05\xd6\xce\xda#\x1c\
\x9b\xb6\xdb\xd85f\xfd\xe2\x17\xbfh\x13\x0f\xde#,\
\x02:\xf5\xd1JX\x0b\x98\xee\xe5\xabo\xfc\xaa\xe7e\
\x0b\x9ev\xb7\xbb\xddm\xb4i\xd3\xa6\x8b\x8f=\xf6\xd8\
K\xcb\xcb\xce\xc8:-\xe7\xe0sCx\xd9\xba\x04\x8c\
B(<\x03|\xc2\x99|\xde\xc0;\x1c\xc6\xb0/\x7f\
\xf9\xcb\x13S\xf8\x0a\x8d\x93\xf2\xbc)\xa13\x93\x13\xe7\
\x00\x8d\x06\xb02\xd5\xd7^\xe8;\xe6\x98cF\xf7\xb9\
\xcf}F\x0f|\xe0\x03G\xf7\xb8\xc7=\xe6\xeex\xc7\
;\xceU\xfe\xe9<6^\x88\x0f\xed\xfa\xc9\xc8b`\
-\x96\xb7\xaf\x9do\xdd\x01\xb6XH\x0cx<\x82\xf7\
\x18O2\xa6P\xaaI\xc6\xe7?\xff\xf9\x9d\x1f\xf9\xc8\
G\xc6f\x89W\x5cq\xc5\xc2l\x0f`\x14\x09\x80\x8c\
q\xd6a\xe5=\x93G<\xe2\x11S\x15\xf6.(\xc0\
\x0e;\xfc\xf0\xc3O\x03pf\x96h\xea\xd7$$\xc0\
\xa3\xd3\x832\x04hX\xbe\xaf\xc1Bo]\xae\xc3(\
6\xc0Q\x96#!\x12P<\xa5\xdf\xbc\x05\xc6C\x1f\
\xfa\xd0M\xb5\x18\xde\xf9\xbb\xdf\xfdn\xbc}\xfb\xf6\xd1\
\xf7\xbf\xff\xfd\x85qK]4\xcc\x18\x81\xb5y\xf3\xe6\
\xd1\xd3\x9e\xf64`m\xaf\xc5\xf3\xe9\xf1 u\xaa}\
\xa3\x9d\xf0\x97p\xda\x94U\xc6\x91\xd0\xea^\x99\x14\xe0\
\xdc\x0fAl\x15\xf6a\xda\xe7\x80\x11\x88`R\x14\xef\
,O8\x8b\xf2\xfaz\xb9\xce9\x82\xf7\xc0\xa1G\xa1\
\xe8Pp\x94\xe5\xec\xe0\x0955\xdfT\xe1lg\x1d\
?;\xf7\xdcsg\xecl\x98\xd5\xe9W\xb9Tk\xae\
\xc9\xb3\x9f\xfd\xec\xa9\x9aLL\x19\xbbx\xa0p\x87.\
e\xf3\xb0LP\x12\x12[\xc3J\xfaQ\x9612\xe1\
\x16\xb8\xe4\xea\xc7\xcc\xf0\x87f\x7f\xbd\xb7\x80\xee\xf3\xbd\
\xc4\x80E0\xcc\xf5k\x17\x82\x122\x82g\x8c\x8a\x10\
\xea\xae\x94\x12v\xd2\xa6\xbfw}\xdcq\xc7mz\xfc\
\xe3\x1f?:\xf5\xd4Sm?5p\xf1\xc43k\x02\
1z\xd2\x93\x9e4u\xfc\xf1\xc7o7\xc9\x00\x22\x9e\
\x02\x16\xbe\x18E<8\xfcd\xd2\x13\xb0\x8c\x93\xc0\xa9\
\xd0;\xa9\x89\xcf\xce\xac\xf5b\x94\x911\xbc%J\xec\
-Xt\xb3\xcf\x01C\x94\x92\x08\x94DPyY\xb0\
b\x9cp\x04\x91b\x81\x0b\x0d\x96\xb9\xe8\x01\xd2\xde}\
\x7f\x16\x1e\xcb\xd3N~\xdc\xe3\x1e7\xaa\x09D\x03\x8a\
\xe2\x9d\xef{\xdf\xfb\x8e\x1e\xfd\xe8G\x8f\xee|\xe7;\
\x9f\xac]\x0cF{u\xf0\x84W\x07\xfe)^;\xf5\
\x94;\xe2E\xdaxW\xe4\x9d\xef|\xa7'\x00\xdb\xb0\
\xac\x8cG\x03\x5c\xdd\xe8!\x1e\xbb\x8cX\xab.\xda/\
\x80E\x89\xb8\xc0\xb4{a\xa9\x9eQML\xbd%\x02\
Ga\xee\x81\xb6\x16\x0b\xec\x81K\x7fh\x1a\x83\xe6A\
\xdbn\xf7\x82\x02)\xde\xf9\xc1\x0f~\xf0\xc8\xde!e\
\xe2\x07\x181\xa6\x80\x9e0\x18\x103\x9e\x85_\x93\x11\
;!?\xfb\xd9\xcf\xb6]t\xd1E\xa3\xf7\xbe\xf7\xbd\
\xe3\x9a\x9d\xceX\xffiK\xa6\x1e\xa8xm\xa2\xca\xaa\
\x91Y\xa2\xe2>\x07,\x8a\xc7|\x98\x14v(\xd2S\
\xdf\xda\x95\x98\xcd\x0c\x8c\x22\x03\xdaZ\xc0\xeae\x19\x02\
gR!\xf1\xa2\x0a\x8bo\xad\x9d\x8a\xd6GM.,\
\x86\xe7\x8c[\x94\xef\xc8x\xaa<^\x15oH\x9d\x18\
\x13^E\x08\xc0\xdb\x93\xac\xc773\xf5\x9eH{\xfd\
\xe0\xa3\x1f\xfd\xa8\xe5\xc5Nu\xc9\xa6\x1e\x9ah\x18\xdf\
\xc2c\x1fu\x96\xc0c\xc5\xec}\x0e\x18\xc1$L\xf6\
\xa1\xa0v+\xce'`\xc5\xfc-\xd9\xeb#P\xea\xae\
%,.'U\xbcY\x9d\xdan:\xee.w\xb9K\
\xabn1\x5cS\xf99\xe5\xfa\xe2e\xf1\xaax(%\
g\xb9\xa0\x0dYx\xa2|\x8ag\x0c\xc6/\xbb\xfdo\
|\xe3\x1b\xaf\xda\xb5kW\x93\xf3C\x1f\xfa\xd0\xe8M\
oz\xd3\xb8\xf62w2\x82\x84E\xfd\xf4\xf4\x94\xed\
m\xda\xe7\xb3\xc4\xdeS\xfa\xeb\xda\x8d\x18\xd7Z\xa9Y\
gM\xabg\x8f<\xf2\xc8\xb6\xee\x91\xa2D\x16H1\
{\x93X7E\x09Q\xb5\xb6\xfaa\xcd\x0a7{\xfa\
\x5c\x8bb\xfb\x83\xa7\xc7\xeb\x03Z<!\xa0\xf5J\x05\
j\x16\xcbf\x9c\xf5R\xea\xb6Z\xeb\xcd\xd4C\xd0\xc9\
W\xbf\xfa\xd5#\xb5\x11Il\x99y0Z}\x8e\x9f\
\xf2\x94\xa7\xec\xac\xb0{x-\xc8w\xd4\xa4\xe644\
\xd4\x8b\xa7\xed\x8dl\xda\xees\xc0\xa2\xf0\x84\xba(\xaf\
\xf6\x02\xc7\xdf\xfe\xf6\xb7\x9b\x85\xd6s(!\xab\xf1\x9e\
1\xc2u\xda,'T\xef\x89\xbdA\xa4\x8d\xf2<a\
\xae\xf0w\xfa=\xefy\xcf\xadv\xe5\xedh\xe0\x8d\xf5\
3\x94\x84\xa7>\x0a\x84\xb6\xb2L \xd0-O\x9a\x94\
W5O\xaa\xd0g,\x9eB\x07\x18\xda\x9b\x8d\x02\xed\
}\xef{\x9f\x05\xfc\xd8\xfe\xe3\x93\x9f\xfc\xe4\xe9\x9a\x8d\
Nns\x9b\xdbLE'h\x02xo\xd2\xaaB\x22\
ArP\xaa#\xc29g\xe0N^\xeecY;+\
\xbd\xe3\x1d\xefh[I\x16\xb4\x1f\xfc\xe0\x07\xb7x2\
lZM\x88\x84\xd1\x00\xa6\x9dC\x19Z\xb9\xef\x01\x1d\
\x82\x15\xfez\x0f\xa1\x9c\x9a\xe6_\xcc8j\xebi\xbb\
\xf6\x19\xab(\xcduf\x7f\xda\xab\xafO\xb4{:\xf2\
\x8c\xc3\xe5\xa1\xa3\x8a\x0cm\xcfQ\xfd\xcc@\xd1\xd5\x16\
0\xcan{\xdb\xdb\x8e\x0a(@.\x80\xb5\x1ac\x5c\
\x0d\x90k\x86;a\xac\x1fX\x09\x9d$\xe6\x13\x98\x05\
\x12\xb4\xde\xaf\x98\x14@\xa3o|\xe3\x1bM(\xb3D\
{\x7f5\x9e\x10h\xdb\xednw\xbb\x93\xd5\xa3\x00J\
\xd2>\xa1(J\x8b\x12\xe5\xc7(\x96\x12\x8eb2a\
\xc0G)\xee\xd2\x93N:isy\xd9e\xe8\x05\xe8\
!\xe0\xa1'_?\xe8\x00\xc4}\xad\xdf<\x9d\xf6\xe8\
e[M\x9cf\xc8#\x04\xe2U_d\xda\xb8q\xe3\
\xe8\x94SN\x19=\xe3\x19\xcf\xd8U\xcb\x89\x1d\xe5\xd1\
\xed\xb1L\x0c.<-\xc5\xf7\xaa\xf3c\x99\xcb\x9d1\
\x9f\xc3l/\x03i\xdfFy^3\x8bg\x5cr\xc9\
%W\xbc\xe2\x15\xaf\x98\xd4\xe0o\x0f\xc7\x8b/\x93\x9a\
\x12\xb7\xebZ\x13M\xde\xf0\x867x\xea\xbb0\x9b\xb4\
\xe3\x8ef\xef\xb1\xb1\xe4\x8cM\xe1c\xc8o\xf2\x03\xbe\
\xb3\xc3\xd8c\x83X}\x0a\xe6\xcd)\x0b\x9f\xbd|\xbd\
lY\x87\xf5}\x09\xe9\x9f\xf8\xc4'\xb6y\xbd\xa0B\
o\x93\xa5\xc0\x99\xbc\xf8\xc5/\x9el\xdf\xbe}b\xec\
L}\xf4\xfb\xe5Cx\x1b\xf2\xbe\x96\xfb\x05\xe2\xcb5\
\xea\x05\xea\xebQ\xa2\x19\x9f\x95\xbe\xb3Cy\xc5\xfc\xd9\
Z\xa3\xcc\xbe\xf0\x85/\x9c\xd4,\xad\x09\xe5(o\x9a\
\x94\xc5\xb6k\xc2\xde\xef~\xf7\x9b\xbc\xe8E/\x9a\xd4\
\xebh\xdb\xd2\x96A\xa0\xe7@\x7f\x08\xdeJ\x80\xa9\x8f\
\x07\xf5\x5c\xa3\x83\xa6<\xca\x0cX\xcar\x0c\x01\xebi\
D^\xbc\x980\x85\xb7\xb7\xbe\xf5\xad\x93\x1a\x1f'\xe5\
\x8d\x93\xe7<\xe79\x93\xf2\xbc\x06\x16oK\xf4\x19\xea\
4t\x87\xf9k\xb9_sHd\x81\xdc[\xd8\x10b\
\x1c\x18\xa9\xa7\xc0\x8eY\x13\x8b\xb2\xb4-v\x01\xbe\xfb\
\xdd\xef\xb621\x9d \xbcI\x12*$\xcf\xb2\xb4+\
O\x9c\xa9p3\xa9'\xbes\x05\xe2\x5c\x8d\x13/-\
O\xbc\xa4U\x9aO\x84b\xf1+\xcd\x22\x850}\xf6\
3\xd0l\x89\xe1y\x18\x0a\x87\xf7\xda\xa5/e\x99$\
\x90S\x99<\xc0T\x98\xdd^\xaf\x16\xcc\xe0\xc7S\xea\
2\xcc6\x11\xd164\x19\x82\xeb\xdc\x87\xa7^\xae\xb5\
^\xaf\xea\xf1\x0a&\x16K\x18a\xb1\xde\xf3\xf3\xa8\xde\
\xf4\xd9{\x15\x97\xd5\xe3\xfb,\x8a\x01\x9cd\xd1*\x09\
\x13\xdaQ\x02\xa1\xd4\xb5\xcfW\xb3\xaa\xd1\x09'\x9c\xd0\
\x8e\x02nt\xab[\xdd\xaa\xba\xb8\xee\xd1H\x84\x0e/\
\xb9\x0f\xed\xe4;\xa3\x99\xf1N?\xea\x021\x0a]L\
\x96\xe4\xa9\xafm\x80CK\x92\x97\xe4\x098Zoy\
\xcb[&\xc6\xe6\xe7>\xf7\xb9\x17V\x88?\x8d\xacd\
\x0a\x0f\xf1(\xfdg\x0c\xdb[\xd0\xd6\x0c\x98\xce\x13n\
\x5c\xb3@\x8c\xd6:\xeb\xfc\x9a\xee\x8ek}2\xae\xb5\
\xca\xa8\xce\x1e\xeb\xb7\xba\xb6r0\xaf^\xac\xce\x99p\
\x05J\xf3@\xdbF6l=@\xbc\xd3\x9d\xee\xb4\xb5\
\xc2\xe7\x82\x87\xa9\x1b%\xc4\xe2\x97\x02,\xf4)&\x1e\
\x99\xa8\xa0\xedR\xc6\x170\xf0\x99>\xe4\xa1\x87\x8ev\
h\x02\xce=\xaf\xfd\xdc\xe7>7)\xf0\xe6fff\
6\xe5\xa5\xd4\x80\xdd\x03\xbc\x80\xf4>\xb8X3`\xbc\
\xc3:'\xc2\xc4\x22\xdd\xe7\xba\xded\xdaV\xde6c\
ct\xdb\xb6mM\xc0L\x99\xd5!\x9c\xb3i\xf2\x13\
\x9f\xf8\xc4\xd1S\x9f\xfaT\x8f=\xa6\x80\x07De\xf1\
\x0c\xed\x22|\xaf\xec\xa5\x00\x8bb\xf1\x83W\x9e\x10\xe0\
(?\x16\xbe\x14p\xe8*KX\xed=B\xbe\xf1)\
a9;6xT?\xdbb\xf1,m\xc3\xa7\xbe\xa5\
\xbd\x06\x12\x13{z`\x02s\x94K)\x99aQ\x94\
5W\xbd~\xb6\xf3Y\xcfz\xd6\xa4\x9eOM\x0a\x8c\
6\xd9\xc8\xb9^t\x99\xbc\xece/\x9b\xd4\xbal\xa2\
\x9d\xc1\x1c\x1fh\xae\xf6X-\xdf\xab\xa5\xa7^O3\
\xed\xc8\x98#\xe5\xee\xc9\xec \x7f@\xea\xfbZ-\x7f\
k\xa9\xb7*\x0fk\xa6\xb1HZ\xaa\xa30\xcf\x9aj\
\xb3w\xe7\xab_\xfd\xeaq=Pla\x04\x98\xf6\xf7\
j\xbd2\xda\xbau\xab-\xa3\xb6\xb8$\xb4\xb4R\x8c\
\xef=k\xe8e\x8b\xb0\xd8\xb2\xf0\xb9\xda4\xa4\x99\xb6\
9\x87\xbf\x1e\x5cmr\xf4\xfd\x0ci\xad\x96\x87e\xeb\
-\xa5\xf4\xd5\xe6\xc7\xcbbm<%\xc2\xc4\xe3jB\
r~\xed4x=zR\xa0M\xce<\xf3\xccI\xd6\
F\xb1T\xfd\xf5\x96\xbc\xd4\xf5\x9eX\xf0\x9e\xb4\x19\xca\
\x1f\x1a\xf2#sBw<\xac\xef\xa7\x07tHko\
\xeeW\xb55\xb5,\xe2\xf3\x85\xb10^\x94d\x91i\
\x0dT\x13\x8a\xd3\xcf8\xe3\x8c6\x9e\xd8\x84\xb5#P\
;\x1dS\x04\xcd\x9a%mzk]\xecz5\xbc\xec\
\x8f:\x8by\xd0\xb0\x9fx\xe10\x7f_\xde\xafy\x1d\
6\xec\xbcw{\x0c\x1b\x80\x81 \xdf\xa4\x22\x13\x0e\xaf\
Do\xac\xed\x1bGM\xd9/4s\xb4\x9e\xc9@\xad\
\x9ep\xb3RH\xbc>\x942\x94\xb1\xbf\xef\xfb\xdf/\
!o\xb9\xce\xabl\xaf\x01\x0b\xfd0/\x0c\xf22g\
yY\x97\xd4\x1al\xae\xc2\xe2\xd8\x14\xbe\x1e&\x9eF\
paOJ\x880\xe6\xedo@V\xa2\x9f\xf2\xc5\xc0\
\xe8\xf3r\xdd\xd3s\xbdX\xbb\x150XS\xf1\x9a\x01\
[\x8c)L&?\x0c\x9bH\x98\xf6\x02\xccu\xcd\x14\
\xe7\xea=\xc0q=\xa3\xba\xd0.=/\x0c@\xc2f\
\xdej\x12\xfb\x97K+y\xe0rmc\x1c\xcb\xd5\x09\
\x00C9#\xe3r\xf9\xcb\xd1\xddWek\x9e%\x0e\
\x19\x0e#\x11\x94`\xa6\xf4\x1e3H\x80\xe1qv\x07\
\xea\x01\xa0)\xfe\x94G\x0f\xf2\x03\x92\x89\x8a\x10\x99w\
\x02\x97\x13\xae_\xc7\xac\xd6\x9a\xc3\x1b\xba+\x19D_\
7\xf4\x87\xfd\x0c\xef\xb5I\xbb\xde\xa0\x86\xf5\x96\x93k\
\xb5ek\x06,\x84{\xe0\x86 f\x86\xc7\xbb$\x93\
\x0b\xd3y\xf9\x16\xdd\x04\x19\x0a\xd6O\x97\x95S\xacq\
M\xca\xee\x81\xbc\x5c\x87\x8f\xcc\xd8\xb4_jQ:\x04\
\x81\xb1\xf4\xbcd6\x8b\xdf^\xc9=\x10\xc9\x97\xa7O\
\xf28\x93G\xdf\xe89\x1b\xc3\xe5;\xb4Y\x8a\xa7\xf0\
\xbf\xd6\xf3\x9a\x01\x8b\xc7\xa4#\x8c\x86)\xc2\x10>\x82\
+\xcb\x8e\x85:\x0e\xed\xfb\x85v]Oz\xab\xafI\
\xc8\x14\xa1y\xe5P\x81\xfa\xd46\x06BA\xc3\x10\x19\
pz\xc5\xe3#F\x12p\xd0\xca.J@p6\xb3\
U\xa7&D\x93\x18\x8c\x90^\xc0\xb4\xf5\xa2\xfd\xd0\x18\
\x22\xbe\x03\x96>\xe4gw\xa5\xd7\x8f\xbec\x84{\x0b\
\xe0\x9a\x01\xc3H\x04\xc4loy\x04%\x94|\xc2D\
\xb1\x84\xa8\xbd\xc6\x897\x8c\xea\xe1s\x0b}\x1eU\xcc\
\x7f\xf3\xb5\xf0\xcc\x08\x18\x1e\xe7\xa3Qc]\xdb\x10\xf6\
\xb6S\x1d\x17z X\xfb\x8b\xd1\xc3\x82\x15/\x05\x9a\
\xbe{0c<\xbd1\xe1\xa1\x9e\x97\xcd\x16_\xed\xf7\
<\xf0't3\xaa<\xf7#\x9f\xe5H^:u\xed\
\xe1k=Z\x19m\xdc\xb8q{M\xa2N\x8e\xcc\xd9\
\x83\xd4\x96\xfc\xc2|\x12\xd9\x16\xe3u\xa1\xc2*/\xf6\
\x080\x9d;\xf2\x98\x84\x80R\xbf\x063\x8e\xd9\xe5\xa8\
\xe7D\xed\xb3 ;\xf8\xf2jg\x1f@o+\xa1n\
S\x16l\xa0\xbb\x8dc\x1e\xe0\xab\xcb\x02\xaf.\xe5^\
S\x16}u)\xe3\xe9@\x02\xa2\x8f\xed\xec\x90\xdc\xff\
\xfe\xf7\xff?\xf5\xea\xda\x99\x01\x8f\x17\xe8\x9f\xb2\xf0\xd3\
[}\x96\x0a\xf1\x88\x84\xadz\xf1\xf3\xcd\xb59}b\
\xbdO8\xae'\xe2^\x04m\x9f,\xd5\xa3\x9e\xb7U\
\x1b\xbc\x1cQG\xe3\x8b\x5c\xa5\xe8\xab\x8b>\xde\xae)\
\xb9\xaf\xae\xfe\x9f\xee\x1d\x91\xda\xa4\xf6\x0aB{#\xab\
\xd6\x97o-\xfe\xce\xf0~\x87~\x125z\xa3\xee\xbd\
\xbe\xbfn\xca[eZ3`\x94\x13\x8b\xc2XB\x0c\
\xb0\xb8{M,\xbc\x7f8[\xcf\xc3\xb6\xf8B\xd23\
\xaf\xda\xc5\xdfU\xf5\xa6\xc3\xbcvI\x09\x95\xee\x09\x99\
\xc3}\xbc\x81pB\x91\x89\x0c\xcb\xf6\xb1]\xbd\xe8r\
A)\xaa}\x16$%\xe4\x01)y\xd6y\xfa\xcc\x96\
X\xbd(s~\xbdH\xb3\xd5\x93\x04op\xd5>\xe6\
\xf6\xf2\xb2\x99\xf0\x03t\x86\x18Z\xf1\xd0D\x94\x80\x80\
\xe7\xb4\xf1\xa5fy\xda4\xbe|\x08X\xcf\xc9\xac3\
\xa7\xbc\xfb\x81\x17\xcf\x01\xe3\x9d\x89@\x91=|\xf7\xf7\
+]\xaf\x19\xb0\x8cQ\x840mg\xd5\x04\xf5x\xbf\
v\xe9g\xeb\xc3\xf0-~\xd0\xa4\x142W\xb3\xbf1\
f\x09\x8ey\x02'\x96\x138\xe3M\xce\x98\xa5\x0c\xf7\
\xce\xe8\xaa\xa7m<\x88B)\xa3>\xb8\x1b=\xfc\xe1\
\x0f\x1f=\xf2\x91\x8fl\xcf\xa2\x943&\xf4C;\x13\
\x1c\xaf\x09\xd4\xf6\xd8\xcez\x1c2\xf6+\x03\x1e\xfb\xe4\
\x03u`\xa2\xa9\x8d>\xf5\xd5[\x7f\xcf[\xf8c\xb0\
\x892\x09\x83d\xac\xfe\xdaZ\xd3\xb3\xbc\xe2\xcb\xf3\xbd\
6#\x96\xd0'\x7f\xea\xf7\xc0\xac\xc9\xdb0\xb4'\x07\
\xe5\x00\x0c\x80\xf5Q\xc0\xec\x9b\xdf\xfc\xe6Im\xe6N\
\xca\x0bv\x96\x12\xda\xab\x00\xc5\x5c;\x8a\xb9v\x94P\
\x0b\xd7\xee\xd5)%\xb5:\xa5\x84v\xc8\xcb\x91v\xee\
\x95\x95q,\xd0\x93\xe7\xf5\x83\xe7=\xefy\x93z\xbd\
l'\x102sc\xd5y\xc5\xa0B\xde\xb6\xd7\xbd\xee\
u\x93z:\xfc7\xbf\xcdQ\x9e\xba\xd0\x8f~\xf1\xea\
\x1c>\xf0\x88v\xfa\xee\xcf\xe1\xab<\xbf\xb5Q\xd7\xb5\
\xb6\xea\xe1Q~\x8d];\xcb\xd3&\xafy\xcdk\xbc\
\xbf\xb8\xcd+p\xbc\x1d`\x80\x0bx}DY-\x06\
k\x06\x8beE1:)\xb0\xb6\x9d}\xf6\xd9M!\
\x01\xc49JH^\xc0\x89b\x9c\x87\x8a\x89B\x08N\
\x91\x011\x0a\x0a\xc8\x1e\xd1xd\xe3^?\xf5\xe0s\
R\xaf\xd1\x9dk\xb0gD\xce\x94R\xbc\xbd\xfc\x95\xaf\
|\xa5\xdf\xe2hu\xcb\x03\x9ar\x9dmD\xc7@\xf0\
(\xdfy\xa5\x03\x9d\x9e\xf7\x00\x17^\xf0\x8a\xae{\x9f\
>\xd5S\x89I}\x97}~x\x0a`{\x0a\xda\x92\
\x80\xf1\xa0<\xa3\x02\x0c\x90b\x05\xbc\x0a\x03\xf2\xea\x01\
\xe5\xa4&\x02\x0bo\x10E\xe9{z\xa6\x8c\xe1A)\
9\x00\xa9\x9cb\x1c\xeekr\xe2k\xca\x9de\xcd\xe7\
3(\xfc\x99\x81\xbe\xe4%/\x99\xd4\x13\xec\x05`\x01\
\x15ej\xe7\xa0Xg\x00\x06T\xe7xZ\xbc&@\
\x05\x18\xfc\xb8N~\x80J\xfd\x94\xd7\x1879\xfd\xf4\
\xd3'\xf5\xae\xcb\xd9\xd1\x1f\xcf\x12z\xdd\xf7:\x06\xa2\
|\xe7\xde\xe3\xe2\x89\xf2v\xdb\xad\x8f\x07\x95R\xda`\
\xa9\xb2\x10#?.\xada\xc6\x07/\xdb\xf8\xa2\x9f\xcb\
k\xb3\xb7\xa9\x0f\x13\xae\xf55\xccK\xbe2\x02\x0a9\
\xa5\x10\xaf\x82oeh\x04\xae\xc9\xcf\xcbMx\x84J\
I\x1e \x93\xd4C\xa7\x14\xdcds_ \xb5\xef\x9e\
=\x057+\x0d\xfd\xc8\xab~h\xb9.\xa3l2;\
\xdc\xe3\xc5\x81\x1eZ\x12\xde\xf0Q\xa1y\x1a\x0f\x8c<\
\xb3\xda\x8c\xcd\xa2\x82|m\x02\xd4\x02\xa3\xf3\x17\xfa\x92\
v\x03\xac,\xe3\xef\xea\x22\x14\xa6\x12\x8bu(Q@\
M4\x16\x06S\x9d\xedm\x0a\xc39\x0f\xc1\xa2\x0ce\
\xce\x12!)\xa2\x96\x0c\xaf\xb1t\x90O\x86ZO\xfd\
\x8b\xfbL\x22R\xcf\xbdd\x06\xca\xe8\xcc>\x81&\x99\
@YB\xf8 \xf0^\xf7\xbaW{\x05\x1b\x80\xe8y\
}\xc1\x93\x05\x8a\x8b\xf2r\x8d\x9f\x80\xd9\x97\x85n\x85\
\xe6\xb9\x9a\x91n\x09@\xf8\xe5Y\xa2@y\xf7\x02P\
\xca{\xf9\x1bS\x95B\xd3\xf5n\x80\xc9\xc48\xc1y\
\x16A]\xd7\x9ae\xf6\xedo\x7f\xfb\xa4\xbe@\xf1{\
\x19\xed\xb1\xbe\xdfv\xcag\xa9\x84\x0a\xd3\xd7u\xb3\x7f\
\xff\x12\x8c\xe0M\x88\xe2\xb1\x8c\xea\x10\x82\xe1\x01/\xbd\
G\x01\xa67&\x8aL\xd8d\xdd\xda\xa1\xa1\x9d\x97\x81\
\xea{\xe9\xf6\xab\x02\x96\x11B?\x03e\xb8\xea\xaa\xc3\
\x80\xd3\x17\xddD\xd1\xf2\x02R\xef\xcd\xc5\xe2\xd8\x1a\x14\
-\xedKg\x93\xfa\x5ci\xf2\xeew\xbf\xdb+\x12\xb3\
\xf2\xf08h\xb3\xa8\x02w\x03Lh\x93\xa2\x0c\xc4j\
=5y\xfd\xeb_\xbf\xe5\xb5\xaf}\xad\xf7\xe2\x1ba\
\x02Zp:\x08\x13O\x5c\xb4\x97}\x90\x19kN\xd8\
\xd5?p(l\xfe|0\x9ec4\x00R7!O\
~,5^\xa6<\xa1\x9d\xc7\xd9]\xa9\xe9\xf8\xf6Z\
\x0cO\xf9R\xb3^\x0cj\x9c+\x9b7\x8a\x85\xb0\x87\
~o\xf9\xee\xd5\x89\xd2\xdd\xa7\x1f\xd7\xd6\xa7\x05\xdaY\
\xf2j]::\xe7\x9csF5!\x1a\xd5\xdb\xcf[\
,\xe4\xf5\xc3\xdbVJ\xbb\x01\xa6S\xc9\x990,\xc3\
\x97\x1be\x11s\xe5Qs\x04/\xc1\x8a\xd7\xa9\xf6\xcb\
h\xca\x93b]+u\xba\xda\xf2\x80\xd4+&\x86\x94\
0\x1dZ\xa5\x94C\x94\xf5<h'/\x8ac|I\
\x01K\x14a\xf9\xc6\xacza\xc8\xa7P'kS\xaf\
\x97O=\xfd\xe9O\x1f\xd5dfA\x0f=\x1f\xf4@\
G\xd1\x17\xba1\x96\x80\x1b\xe3\xe2\x99\xb6\xbd\xca\xb3\x8e\
R\x87^\xe5\xd1\x9f/^*zm\xcc\x18\xb6\x92n\
v\x03\x0c\xca,\x22\xc2\xd5\xb6\x92W\xa9\x095\xae\xed\
\x97\xbb\xd8e\x10\xcf\xc5`\x96R\x1d]\xc3\x02\x09\x93\
qe\xa5NW[\xde\x87\xb1\x0e\x98v\x99\xb2(\xad\
\xf8=\xb8W\xa0k<E\xb1i\x13+\x0e\x98\x15\xfe\
\xe7\xbc\xb8Z\xef\x99\x8c^\xf0\x82\x17\x8cly\x91\x83\
L333S^m\xf0\xe3a\xb5\xb6\x9a3T\x98\
\x88E7\xf1\xda\x00\xd9\xf3\xa4\xbf><\xfa\xed\x10\x80\
\x01\xb1\xb6\xb5\xa6|\xcek\xfc\xacOo\xbd\xc39c\
!\xcf\xb0\x163\xd2^\x0f\xbb=\xc0\xc4\x04\xb7\xc6\x9c\
\xf0hST\xd8\x93\x8a\xe9\xc3|\xe8\x8d@Y\xc8Y\
6J\x0b\xb8\xf6\xe0\x0b#\x04\xed\xad\xb05\xda\xcb4\
\x04M?<\xa07\x8ey+?\x04\xef\x84V\x8e\x8f\
\xb4\x8d\xa5k\x130\xb2?Y\x068\xae\x9f\xe0\xf3k\
8\xd5d\xaa\xed\x80\x98hH&\x1d\xf5\x9d\x97_\x1d\
\x98\xd4\x0e\xce\xd8'\xbf\xdel\x16U\x1c\xe8\xeb+\xc6\
\xa1\x0d0\x13\x16]\x03\x1eOv\x82j\xec?I\xff\
<\xcc\xbe(\xf0\xd1\xb1\x9fY\x0eqv9\xc2\xf3\x03\
\xd8Pm\xfaR\xb6\x9b\x87\xf5V\x8a\x19\x1b\xb7%\xc4\
.\x1d\xb3\x88\x12f\x97:\xc5\xc0\x13m\x98\xea\x5c\xd9\
RIGk9\x96\xa2\x93\xfc\x84\xc4\x18\x06\xa5\xcc\x03\
u\xb0k\xf9\x00\xea\xe5\xd0\x7f\x1f\xc2\xf0\x0c\x8c\x9a\x09\
Zt\xcf\x09\x7f\xe8\x9b\x5c(\xcb\xb56dV\xee#\
=\x1b\xbdf\x8a<'F\xa0\x9f\xd0\xd7.F\x12\xa0\
\xd0\x90'\xec\xfa\xc46\x06\x81\x16\xda\xca\xe9\xb8<m\
\x1a\xff\xea\xce\x1b`\xe3\xa3\xf7b\xd7\xbby\x98J\xb1\
`\xb3\x19\x9d\x94\x85L\x17\xa3\xd7\xd4.\xf5\x11\xd5\xc9\
\x0e\x0dk}\xb3\xabv\xde\xa73I\xd9\xd7\x9e\xd5\xb8\
][\xba\xee\x0b\x8b\x15\xdaP\x88q\xcb\x87\x1a\x15\xce\
\xa7j\x966\xf6\xe9S\x01\xe2\xe3\x86\x933\x1b\x04\x9c\
\xf0Y\xeb\xbb\xd9\xfa\xbch\x0b\xcf\xaa\x1f$k\xd1\x86\
\xf2\x87\x8a\xd4\xedP\xd1\xbd\xf2y\x9d5\xa1\xc8T^\
\xf6B\x11\xcc,T\x04\xc3O\xd1\xbd\xbd\x9f\xa5\x88\x01\
$B\xf4zU\xb6(`\xacGE`aP\xc7\xe5\
\xaeG\xf8M\xc1Z\xb9\x9f\x86\xb9\xfa\x12\xe5\x04\x1e\x96\
\x84\x18!n\xc0\xb4\xaa\x8f\xa3\xc9\xe20\x06\x0bE\x8e\
\xda\x14&\xcfL\xc9\xb0\xadB\xe4\xc9\x80\x12\xba|%\
\xeau\xf3\x0b.\xb8\xa0\xe9\x81w$\xd1\x0fOC+\
^\xaf\xcc}\x92k\xf5\x1c\xbc\xd7\xd7\xa75\x8c\x1c%\
\x1c\xd7\xb3\xbe\x0b\xebi\xc3\x16?\xce\xc9\xe8\xcb0N\
\x00*\x0f\x0e\x8f=\xe0\xa1\xb9[HT\xc05\x81\x06\
0\x9f\x08\xe9\xd0Dc\xe3\xc6\x8ds\x84A\xd84\xb5\
\x84n\xa12L\xf5\xcc.p}\xfd]\xac\xca\xc3\xf0\
J>\x16\xee`dd\xb4\x8b_S\xec\x99R\xdc6\
\xc6W\xc6\xb8\xad\xbe\x01\x1b\x9d\x7f\xfe\xf9\xed\xa1+\x85\
\x1bs\xc8\x0b\xa8L<z\xb0\xd0\xce\xf8\xe9Z\x8a'\
\xca\xa7O\x13\x0fe~8SX\xa4g\xfa\xe4\xf1\xa5\
\xcf\xb3\xa3\xcb\xc5\xd4\xd6\x00\x5c\xac@#DLE\xcb\
]w\xa9\xe3\x1d\xc3\x02\xed\xc7\x18\xa8\xf1\xeb,\x16W\
B\xb4g\x5c\x08\xf5\x93\x80\xc5h^\x0fy\x8bF\x8b\
\xa5\xfa%\x9f\x03\x00d\x00\x9a\x0f7j1;\xe3\xda\
\x8f\xa5\xd4\x94\xfb*So)\x11\x84\xfcd5\x91p\
\xc4\x8b\x94K\xee\x13\xa1\xdc\x03*u\xecl\xd4l\xf1\
$y\xc6/:-zs\xa6\xf8\xf4\xe9\x97V\xb5\xe9\
A\xeb\x9d@\xdf\x8b\x02\xa6\x11\xe2\x9e\x0eW\xa5iB\
\x99\x1d\x16`\x97c\xa6f6\xa7\x12D\xc7Y\xe3h\
\x93\x81\xd8\xf5\x0d\x90V\xf5\x7f8\xa2\xbc(\x9e\xf2\x13\
\xdal\xbd\x09Q5VM\x84\xc92\xd8#\xc9\xc4\x9b\
xX\x1e\x91\x84F\xca\x9c\xd1\x8b.(<\x9e\xa5\xae\
\x03\xa0\xda3\x06gu\x8ca\xa5\xd3\xb6\xb65\xbd\xaf\
\xb2\xdb\xa3\x91\xb6q\x86\xd0ht\x16S, \x8a\xc0\
$\xd6%\x0cz\x8f\xa1\x1e\xc6\xfd\x13\x22e\x09W\xda\
\xa7K\x08\xc8\xec,V\xb6\x18\xcd\xeb!o\xd5\x1e\x86\
\xcf\x84\xb4\xde3(\x84\xa5\xfb\xc1g\x80\x99\x5c\x90\x91\
\x12c\x8c\xee\xb5\x8d\xcc\xe4\xea\xbd `1\x04\xd7\xbd\
N\xd03\xee\xfb\x91\x19\xed\xea\xd7\x0d\xbeWk\xdb\xad\
\xae\x19K\x19\xc8\x09\x0cc\x18\xad\x00\x18\xd0\x17\x05L\
#\x88[\x18c\xb6:\x9e\xf3\xc6\xae\x97J\x10\xab\x90\
\xf8S{\x88\x18\x92b\x09\xbd\xb7\xb5\x82\xeb7\xad\xca\
\xc3\xb0D\x86\x8c=Q(Yx\x9a\xa8b\xa3\xc0T\
\xdb\x8c\x917PV\x16\xc1\xda\xf5!\x91\xcc\xa1\x15\x80\
(X\xea\x01C\x83^\x8dc\x15\xa1\xc6\xcak\x1c\xfb\
\xa8\xf5\x18\x1e\xaci\x81)L\xf7\xf4\xe2]\xa1\xb5\x00\
X\x0aTF\xa0&\x15\xbb\x80\x86\xa1\x02j\x5c3\x9b\
/\xb1*\x02\xd4l\xe7?U\xbd\xb6'%/\x1d\xf4\
\xdbB\x8d\xe3\xfd\x90b$\xce\x0e};\x97\x07lH\
8\xd1m\xea\xb9\x8e\x85\xc6\x13\xa2Pr\x06\x00eQ\
\xbe\x05r\xc2\x96\xba\xea\xc5\xdb\x96\x13\x09\x0d\xf4\xfa~\
\xa2Og\xb4\x0c55\xb9h\x80\xd5Z\xf0\xf9~C\
$\xfcy\x0cS\x9e6kI\x91\xe5\xd2p\x98i\x80\
\x05,g\x15XP\xb9\xe74\xb4%\xaf\x9aU\xbc\xfd\
\x09@\x0a\xc4\xb3l\xb3\xd4@y\x84\xfa:\x8b\x02\x02\
\xdcrB\xed\xc7\xb2U{X\xcfC\x94\xdb+9r\
\xed\x0f^9\x01O\xa23\xc6\xee\x9d\x8f\x9a\xca\xcf\xf1\
\xe6\xf9\x99\xf7\xf1\xfa\x8d\xe7\xab\x17\xe3l\xf9=XA\
\xba\xac`\xd6T\x16`*\x9b~\xd6\x1e\xdb.\xd7\xb5\
\xf8;U\xd8HY\x04E\xac\xbf\xde\x1f\xc2\xae@s\
\xd5cX\xe8\x0c\xf9\xed\x0d0\xd7\xc3:+\xf0\xb0b\
1P\xfc\xd2\x82\xf0\xc89\xe6\xd7d\xcd\xe3\xfc\xa2B\
\x95\xb7\x07\x9d\xc0\x8c3\x04\xbc\xe6\xad=`\xae!]\
V\xb0\xc5\x822\x0d7\xd6'B5\x05}>\xcf+\
\x97\xbd2Oq\x11El>$\xad\xc8\xec~\xae\xb0\
G\x1e\x86\xa7^\x07QR\x8c7e\xfb\x8aw\xa1\xd5\
\xc4F\xc8\xa3;/\xcb\x02MJYv\xeec4\x09\
\xef\xeew\x9bt(4\xa1p\x00\xac\xa6\xf4s~n\
U\x5c\xe5U5\xe18)+\xfe \xaf\xb3~\xcc\xd8\
W\xc2\xad\x91\xce\xaa<l\xc8\xe7\xd0`\xfb\xfba\xff\
\xc3\xb6\xc3\xf2\xd5\xdc3\x04a\xb1t\xe8=\x95\xf6{\
\xf9\x86\x1c\xd7\xc673s[U\x12^\x86}\x1e$\
\xa3?\xb8\xa9\x05\xb3\xad\x1b\x80\xd5\xd85F\xd4\xf8\xd5\
o`jc\x90\x8e\x80\xea\xba>\xd0S\xaf\x8b\xfd!\
\x0b\xc0L\xe1\xcd\x16\xa5\xd2\xef\x14/\xb3\xd6\xb5so\
\xb8\x01f\xc6\xaeL:\x9aw\x95G\xfe\x1d`2\xa0\
k\xfc\x02\x98d\xfde\xd1\xacay\xd7\xd9\xf3\x04[\
Y\xd6\x1a\x84<P\xc1\x1az\xd8\xd0\x80\xf75\x80\x80\
0\x85\xb7\xe9+Y*\xf10[\x7fx\x01$O\xa3\
[x\x040\xed\x1a`\x1a\xf5L\xd9\xa17(\xf2&\
\x15\xbc?\xce\x02\xa4\xea\xe8QB\xa5\x013\x00\xa9\xc3\
\x9dC\xa7]\x1c i1#\x8b.\xf6\xa7\x08tk\
\x8d\x9bq\xcc\x8e\x87\xd7\x13\xe8\xd1pc\x0c\x8b\x87\x85\
\x0f\xf7\xd2A\x99\xba\x0bi\xf3\x93\x8a6[\xc9\xa0\x0b\
\xf9\x0a\x89S\xcak*\xdf&\x1cyj\x9bg>h\
\xe4I\xf5J\x82.g\xc1\xca\xf66\x85\x060r\xdd\
\xe7\xf5\x1e\xa5\xaf!?\xe4\x8e\xecC\xef\x0b\xcda\x9b\
\xa5\xee\xd1\xefi\xc4K\x8caf\x8b\xa5\xe7\xb6\xe3\xe1\
\xb5s\x0fM\xe9\xdf\xbe\xa2\x8dh\x9e\xa5~\xf01$\
\xb5Yb\x16\xbb\xa9P\xfbY\xbbX\x80T\xa8\xb7\x09\
\x87N\xa1^\xeez\x12\xab\xd0p\x98b\x01\xc3\xfc\x1b\
\xf2~1\x0f\xba!\xf9\xd17\x00\xe8\x0a`\xc5_\x9b\
\xce\xd3\xb1W\x13<=0\xbeq\x18g\x00\xc6\x80\xa2\
\xdf6\x86%\x09u5K\x99\x16C\xe7\x09\x8d\x8da\
\xc2\x1e\x10\xcd`\xb8l\x00\xeb\xdb\xae7\xc0\xd6#X\
\xd1\xb3\xd0gj\x9f-*\x9f\x11\x9b\xdaG\xcf\xc0\xaa\
\xc3\x1b\xce\x0b{\x96t\xed\xfe \x8a\x06\x80\xb3\xa7\xa1\
\x08\x050\xa8\xfb\x84\x86\x17\x96g\xcd\x8a\xbb\xca\xa2\x8c\
\x84\x08\x8c\xac\x17\xc0\x12\x82\xf0\xb4\x1eA\xa3t\xfa6\
\x13\xf7\x12\xae\x04@z\xf6B\x10=\x9a\x94\x98+\x04\
\xb0^\xa6\x83\x02\x16\x04kf\xf8D\xdb\xff\xc2\x9f\x04\
\xb0:\xda?;+\xcf\xda\xc2U\x13.\x87\x0a\xe9\xc1\
k\x8do\xe0\xd4\x0b\x19V\xfa\x88pC\xb1G\xdf\xc2\
b\xe9s\xce\xe6\x84\xc4!\xbci\x5c\xdbT\xed\xbf\x0c\
\x0a\x97f\xe3\x22\x9e$4:\xda\x18&\xa3\xb9Z\x81\
R.\xda6|[A\xdd\xfb\xca0\x9f}\xf2.e\
\x99\xca+g\x0d\xbd\x12\xd6\x83B\xc8\x13\xb0\xe2a\xeb\
\xd1\xd3J\x7fc\xcea-\xcb\xc3\xfcC\x04OD\xe8\
\x95\x9e\x0d?\x9c#\x8e\x10\x8c\xaa\xfc\xba\x97!\xa1Y\
\xcf\xb8N\xe0\x8a*\xd9\x944\xa5WQ\x99G\xd8\x90\
\x0f\xc0\xc0\x09`hH\xeb\x05\xb0\x1e\xb4\xc6\xd8|Z\
\x0f\xfc\xf1\xa6\x84E\x11\xab&r\xa5\xeeI{\x8b\xcb\
\xf2\xc9\xc4\xc3Z\xd8\x06q\x0dCga\x9d~\xb5\xc1\
\x7f\xdbK\x94L'yQ\xb6\x9dL\xe7!\xae\x92\x10\
\x89@-\x9c\xdb\x7fVH\xe3\xa0\x8f\xa0\xfc\xf5\xa0\x90\
\x05t\xd6\xe9Ef~\x9c\xc0\xe4\xc2\x93\x0fz\xf3\xeb\
\x09\xbc\x0c\xa0\xca\xbc\xc7Xz?*\xf5E=\xd7\x07\
Q\xfe<`gY0sSyv7\xc4U\x09A\
1\xb5\x06\xc3\xb1k\x04\x13\x1a\x81\x96\x09\x87s\x5cW\
\xbe\xc3\xbd5Z\x16\xd7\xc9G7@\x07\xf8\xd4\xd1&\
|\xa9g\xbd\x97{u\x09\x956\xf2]Ku\xfd\x7f\
\xcb*}\xdb\xd5\xea\xe7\x89B\x96.\xf8\xcb\x1aR}\
\xfd\x91g\xc8S\xee\xfb\xf3<\xfd\x85\xba\xe8k\xef\x9c\
\xfe\xd2O\xbc\xa8o\x9f(D\x16\xf9\xda\x19\xc3<\x03\
\x8b\x13\x98\x91[\x8f\xa9k\xc7\xa3>\xe3:\x0a-|\
\xa7\x8f\x0d\xf1\x8a\x9ap\x9c\xca\xbb\xd2\x99\xd5\xb7\x97D\
\xdc{\xdd\xcb\xcc%\xca\xcabN\xe7\x98\x86~\xf6\x15\
\x01)OY\x06J\xe5I\xf2%L\xc8\x8f\xb2\xdd;\
\xd2.\xe1\x96`\xb9FW}\xccG\x19\xf2\x1c\xf2*\
\x94\xfc\xe7z\xb9\xa5\xadS\xc8\x921@{I=\xc6\
\x86\xa6#F\xe7m(z Wd\x8b^\xf4\xe3:\
\x0a7\xa6\xa7\xef\xc8\x17\xfa\xad\x93Jh\x90\xc3\x8b6\
\xea\xbaW7e\xced/\x0f\x9b+Oj\x13\x0dt\
}\xd8\xae\x8d\xba\xbc\xaf\x86\xa0\x93\xf0\xdb\x1bU\xdbS\
\xd2ay\x96tW\xc4kg~W-\xe6\xa6\xabb\
\x13\xde\xfb\x1b\xe2*!3sq-\x09\xa5I\xde\xa9\
+Z\xbb\xea\xa3\xf1i\xee\x0dp\x8c\xe4\x10\x9f\xed\xfa\
G9\xf6+)\x15Mt\x1cvR\xc4v\xf9K\xab\
\xcf\x00\x00\x09\x18IDAT\x06\x12@\x19\x836\x94\
`\xe1\xce\x88(\x9f`\xbd\xf1\xa0\x1d\xc5\x10\xdc8,\
\xe4\xc4(\xf0\x19:\xceQ\xb8\x90\xaf\x0e=\xd4f\xc1\
\xae\x1a\x0a\xa6-f\x0d\x0b\xf9F\x0cm2\xe7\xd58\
<\xe9\x1b\xefx\x22\x87{\x9ea\xf8\xa8~\xdb/'\
,(\xa7.\xf0\xad\x1d/\x9f\x0fqc\xb2\x0a\x7ft\
\x84g\xfd\xce\xbf\x09\xbc\xab\x86\xa8i\x86G\x8ey(\
\xae{\x91\x14\xc3\xe5E'\x99T(\xa8E\xdc\xb4\x97\
Fu\x80\x19\x1b\x95\x10\xd7\x19\xc61\x19\xaf\xd1\x89\xb1\
\xce\xd7\x1f\xd6\x12\xda\xda\xcc4a\x99\x7f\x9aJ\xc8)\
L\xc6[\xe2e\x04D\xb3\x147\x01\x1e\xe6\xac\x03\x81\
\xe6L\xd9\x84O\x1e^\xb2\x05\x86\x16\xfezeSN\
B\x08\xda\xea\xe3U\x1e\xb9x\x09\xa0\xd3\x86\x81\x01\x04\
\x9f\xde\xad0\x0c0T\x8b\xd8\x8d\xf5\x0cP\x94Q\xce\
kC\xd79\x06\x00`\xa0\x17X\xed\xff\xa2\x01\xcd\xb0\
\xe2\xba\x80\x9b6\xd3\xb3\xd6\xca\xdaV}\x80\x939\xfa\
3\xd4\x14h\xb3^\xd0-\xd0\xe6\xca\xd0\xdb\xeeG\xf1\
>mx*\x9d\xfc{9\xc0\x7f\x8d\xb15\x0f\xd3\x91\
\x85\x5c\xc2\x1e&\xbdk\x80a\x82\xcf\xbf\xe9\xb3\x00 \
A\x09\xe5\xc7*\x8ds\x9eH\xab_\xc2\xee\xaa\xb6\xfe\
\xab\xcf\xff\xaacG\x09\xf7\x93X\x06!\x09\x17\x05R\
x@,\x16\x9a'\xeb\xcbO&\xa8Gh\x1b\xd1\xc0\
\xe3\xe1\x04\xc7#\xeb\xcb\xe3\x1f\xc2\x0bg\xdael\x8a\
\x12\xfb0\x9cgy\x80\xa2pr\xe1W\x08r\x06T\
\xc9\xe0\xd7\xbc\x7f\x5c\xa0^^\x9e\xf5\xdeR\xde\x8eb\
\xe9\xba\xefm\xeb\x22\x1e\x8572\x01^\xff\xe4\xf0\xf9\
\x15\xfe\x95\x15\xcd{\x95\xac\xe3R\xf4i\xa5\xb7\xe3\x8a\
\xf7ck\xac:\xc2o\x83\x90!\xcf\x1a\xe3\xe9@)\
Y\xdbk\x01\x16\xce\xa5\xd71o\xc3\xeb\xfc~\xe3\xe1\
\xf4\x9b\xd4\x00\xab\x06\xaf\x9f\x9fF\xb6\xfc\x12\xfe\xa7\xa5\
\xf86\xf0P0Kg\xfd\x06D\x8biJ\xf5\xddT\
}\x8c>WS\xd1\xb9\xaa{n)eG1\xdf\x04\
\xa44n^\x06\xf0?\xab\xe3\x99\xba?\xbc\x04v\x1c\
&\xeca6\x1eBh^ZL\xb6\x1f\xea\x97(X\
8\xb5ec \xf6_a\xcb\x0a\xcf-\x01\x8e\xab\x9f\
\x9e\xdd\xec?\x0c\xf9\x0c\xaa\xd6\x8dSB\x10\xc0\xd0\x03\
R\xd1\xf7\xb1\xfa\x14\xa1\x81)\x11\x1e=\x86\xe8\xfdu\
\x86V?\xb8yQ\xd1>\xa6\xf8\xdf$\xf4\xe1\x89\xac\
\xbc\xdf\x99\xb2J\xe6\x89\x9d\x9d\x84\xed\x18\x5c\x07\xd8\x1f\
\xaa\x9fk\x8b\xee\xb5\xd5\xd7\xb5e\x0c\x9f\xab\xf3?\x97\
\x1c\x97\x94\xd7\xbe\x83\xbeD\xaaSN9\xa5\xfd*P\
M0\xc6\x1e]\xe1?\xa1\xdf\x99\x01\xfa\xcd\xfe\xe2\xf1\
\x9d\xb5\xf6\xdd\x8a\x1f\xc0\xd2{\x1d\x87G\xa7\xad_B\
\x96r\x1f\xa7\x10\xa3\xd6\x02%\xd0Q\xde\xfdV\x91\x82\
\xc5\xd5\xfa\x9e\x89\x05\x8e\xfddy\xbd\x13>W\xe1o\
S\x06q\x82\xa8\xc7\x0a\x8b\xce\xbf\x97\xd5<\xa8\xacj\
\xb3\xb5\x9bE`b<\xc5\xb9\xe6m<\x82Ry\xab\
\xb3_\x02`\xf9~\xbb~\xbe\xec\xc2\x02\xf24`\xce\
\x1fgX\xc8\x03\xaf\xc2\xc8\xb9\xa5\x80\xe3\xea\xed\xa6\xcd\
\xfe\xc1\x81w\xd6\x01&4W\xdb\xf6c1\x05\xfa\xbf\
\x95\xb5\xfe\x8b6\x8c\xcc7`\x94Rr\x5cT\x8a\xb9\
\xbc\xbc\xe2uU\xb7\xfd6>\xbe\x8a\xe7\xd9\x02i\x0b\
\x0f\xa6D\xfa\x10qx\xbapM7Q\x9c\xd0\xea(\
\x80\x0a\x9bC\x0f-\x90\x8e\x22C\xd1;\xb1t\xf7_\
\xca\xcb..\xa0>[\x8a\xff\xef\x94\xcc\x00\xcb@6\
\xf9UV\x86\xcf\xd8\xfc\xf3;\x07\xda\xc5\xef\x0e\xf4\xab\
>\x1d\xcf\x15oc\x06Sc\xd8\x5c\xf1\xb1\x85<\x09\
\xc3\x1b\xe6\xc3\xcf\x955F\xddu~<i\xbf4S\
\xd6\xf1L\xf7\x94\x05\xa4\xfa\xe70\xe3\x0a\x7f-\x96c\
.\x16I\xd8\x02\xfc\xdcb\xa2)\xd0;}e\xf9o\
)\xab\xd9\x9c\xd7\x0c\x08\xaa\xbeN3Y\x90\x87\x96\xfe\
\xe5S\x80gB\xf5\x9f\xeeZ\xc8*\x81\xb7\x94r'\
\xf5\xe8\xe1\xaa2\x9e\x0f\x940g\xeaW\xfd\x02\xe1\x0c\
\xa1\xccGq\xe5\xe9\xb3%\xd4\xf1e\x18\xd3@AS\
*\xc1\xff\xf5\x99\xcf|\xe6\xbd\xeb\xfb\xae-\xd5\xbe\xfd\
\xc7\xa1j\xd3>\xe4@#3\xcd\xf2\xd0s\xeb\x97\x10\
\x9eY_\xa8\xb4i6E\x01K\x84\x90\xd4\xab\x08a\
\xdd\xf0\xb7\xe2\xfd\xaf\xd5\xd6u\xfb\x9eZ\xc2{\x22\x06\
\xa3\x99\xd7\xdd\xe6\xeaksE\xa0\xffV<]\x5c\x00\
^ZF\x7fF\xa2\xc9L}(\xe8[\xea2\xb4\x9d\
tT \x9f\xc6\x90\xab\xfd%\xd5\xfehr\xa2[\x98\
\x8c\x19\x8d\x88\x95Yj\xb3F\xffe\xc8\xf7\xcb\x06@\
c\xd3K_\xfaR \x8d\xcb2.\xc1\x84\x04<\xca\
p\xa6tL\xea\xa4\x06\xd9\x9d%\xf0\xd8+\xce\x5c\x1b\
\x03\x18\xd3\x8eb\xa4\x84+V\x14z\xad`\x91\xa4\x8d\
~X\xa5\x90b\xf2\xe2\xabO_A\x96`MK\x04\
\xc8\x11\x85\x11\x08O\xda\xebC\xbe\xe8!O\x98\x8b\xc1\
\xe0\x01\x7f\xca\xcb\xc8v\xfaP\x0fX&\x08\xe4\x91\xc8\
\xe7H_\xcehF\x0e\xf7\xda\xe7\xdc_3`\xfdi\
/R\xe0\xdfG\xee\xf5\xcd\xf4\x5c\x19\xdf\xa6^\xfe\x8c\
\xb7\xda\x87~\x85\xcd_\xd6\xef\x8b\xdc\xd2\xb7\xe4x\xad\
\xdf\xf8\x18\xbd\xeaU\xaf:\xa7t\xf1O\x80\xdc\xc0%\
\xf3XZ'\x94$\x86V\xa8:\xa6\xc0\xb9\x04\x03a\
\x14a\xcc8\x03N\x87e9\xed?\xd2Q*eQ\
\x06F)0\x80\xa1\xabn\xc6\x88\x12\xd4o/x\xe8\
FC\x7fw.\xda\xdeM\xf8c\xd5\xffm\x8dMv\
\xa1\x7fW!\xe7\xf75&\xbc\xb8\x07\xc9u\x14Eq\
\xee\x81\xe2,)\x0b`\xf1(e\xf8\x93\xc8U|\x8e\
}x.l&r\xc8\xc7o@O?\xe4\xe9\xf5\x90\
>\x86\xe7\xb4\xd5g\xd6\x81\x22G\xe9\xadM\xe1]\xc7\
;#\x0f\x1a\xae\xb5)C\xfdP\xe9t\xabzY\x22\
\x94\xa7\x1d\xcds\xe9oC\xdd\x9co\x16V\xc4.+\
B\x1b\x0d\xcc\x90,\x06\x8f\xa6x\x82\xc4\x1d\x11F4\
B(\xab\xf1`J\x08\xc3\xa8z\x88\xca\xc7Tfj\
\xb1\xd6x):\xabMh8\xe2A\xb1\xd0\x08=\xa4\
\xa3\xafxS\xc0K\x1bg\x80\xc4\x83\xfdZ\x80IM\
\x80\xd5\x07\xa0{y\xdd;\xd0\x5c\xaa\xcf\x9e\x07\x13\xa0\
,[\xe4\xbb\x0f\xcd\xc8\x90\xfa\xd1K\x8c\x0b\xbf\xa5\xff\
\xd3K\xff\xed}{\xf7\xa2^\xe1s\x0c\xc32O\xd8\
PV\xb0\xd5\xc0Zi#\x022\x01X\x03\xef9\xe5\
eo\x94\xe7\x88\xf2\x11!x,)\x96\x11k\xea\xad\
<\x0a\xeb\xcf\xa1\xd3\x0b\xd9_3\x084z\xa5)\xd7\
.^\x1d\xe5E\x01Qd\x94\xab~\xae\x87\x00(C\
\xc7\x914\xac\x8bn\xfa\x8fq\xa6\xcf\xf0\xafM\xdf>\
\xd7\xcd\x0bJ_1\xda\xd0N\xbb\x18\x93\xfa\xe1_\x1f\
\xe1\xa9\xfe[\xd2\xff\xb6\xee\xe5\x8d\xca\x0b\x8f\xb9\x9a\x10\
\xb5\xb5Y\x0b\xb5,n\x9e\xf9\xcb*\xf4l\xac\xff\xe5\
5:\xef\xbc\xf3*\xbc\xcf\xf9\x05\xec\xf6\x7f*u\x92\
\xb0\x02\xac\xa1\x82\xa2`g\x0c\xeb\xa8W\x9e6\xc9\x0b\
x\x0b\xd2\x0e.\x84\xac\x18A\x94\xd5W\x09\x1fQj\
xQG\x9f\xbdB\x92\x97\xf6\xca(2\xf4\xa3\xc4\xd0\
r\xa6\x8b\xc83\xe4Q\xfeR\xfc\x07@JU'\xbc\
G\x0f\xda\x86\xd7a\x1e>x\xa2\xbe\xcdR}9\x03\
\x17\xe3x\xd5\x1ds\x06I\xfb\x0d\x06\xda\xf9\xb1\xe6\xb2\
\xaa\xb4Q#\xbf+X\x1f\xb45K\xe9\xdd\x9b\xb0\x1a\
\x87\xf1Xi\xbc0\x0cE\xd0(\xb0gv\xa8\x84\xe1\
=\xc0{\x81b\x85\xea\xf5\xf4\x92\x8fv\x94\xe5\xcc8\
\xa2\xd4\xa1\x91\xb8\xcf\x18E.u\xb5!\xbf\x83\xe2\xb4\
\x0d\xbf\x91\xa7\xef\x03\x8d\xe5R\xfaG\xb7\xe7]\xbe\x83\
|\x91%|\xebwxh;\xbf\x04\xf2\x14z\x1c\x03\
\xd8P1\xf3\x02\x8b\xb5\x1a\x8b.3\x955\x86)\x14\
\x1a\xe7\x81l\x1d\xf4B\x00\xc8}\xc6\xb3\x08\xa0\x1d\xa6\
\x96K\xab\x11x\xd8\xbe\xb7\xd8\xde(\x86`i\xa7\x7f\
\xc2+\x0b/\xee\x03\xa6\xfe\xa3\x9c\x00\x9b\xfe\x941\xca\
>\xa5\xbf\x18\x11OX\xac<y\xea\x0f\x0d&\xc0(\
\xa3\xbb\xa4\xc5\xe4R\x97g\xa9\x0b\xdc\xda\xe6\xf3\xe5\xd0\
E\xa1\xb9\xa1\xd6'\xa7\xd7zakM'O\x14\x07\
ke?\x1eN4t\x82PB\x88k\x04s\xaf\x9c\
\xb0\x88\x0eA\xc6\x5c\x18v=TR/\xbc\xeb~l\
\x19\x96\xf5`\xf54\xfbz\xe1\xa9\xef+}\xe6\xdc\xb7\
\x05j\x80\x97\xaf\x7f\xe7\xc8\x88\xceR}\xf5\xfc\x84\x87\
\xben\x0fv\x8c!!7\xfc\xa5\xbe\xba\xf1NQ@\
\xb2\x11`\xa3\xa0V\x03\x97\xd31c\xd9\x00\xcdZ\x5c\
Z \x8f\xeb\x87\x18=Y\xfe@MB\x1eg\xc1\xa6\
a:\x8aP\x8b1\xd9\xe7Ea\xc3z=\xf3\x11n\
\xb1\xf3R\xcaI\xdd\x95<t\xa5\xf6\x8b\xf5\xb9\x96\xbc\
x-y\xfa\x03\x0d\xf7\x8cb({\xca\x9cW\xe2\xcf\
\xce\x8f:\x05\xd6{\x0a\xac'=\xe61\x8f\xf9\xb7\xda\
\x10\xfeWm\xc9>\x05qL\x18\x9bj\x8a\xff\xf2\x9a\
t\x1c\x5c\xb1\xf3\xc6\x15\x12\xff9\xee\x8f\x01D0\xe3\
<d\xa8\xbf\x1f\x96\xf5\xcc\xae\x86\xe1\xc5\xdak\x97\xb4\
R\xf9J\x1e\xdc\xd3\xda\x93\xeb\xde`\xc2K\x7f^\xac\
|-\xfd\xc0\xa1\xd6a\xaf\xa9\x05\xf7\x9f\x00e\xa7\x09\
M\x8e\xd0\x8c\xc1\xe6\xa6\x8c\xecN \xae`1p\x80\
5\x8c\xf1ka\xe6?B\xdd>$\x93w%\x03\x1b\
\xea$\x80\xd3\x7f&C\xead\xf7\xe4\xff\x01Eo\xd6\
\xfd\x9e\xc0|\x8a\x00\x00\x00\x00IEND\xaeB`\
\x82\
\x00\x006r\
\x89\
PNG\x0d\x0a\x1a\x0a\x00\x00\x00\x0dIHDR\x00\
\x00\x00b\x00\x00\x00\x80\x08\x06\x00\x00\x00\xf0)\xbc\x87\
\x00\x00\x00\x09pHYs\x00\x00\x0fa\x00\x00\x0fa\
\x01\xa8?\xa7i\x00\x00 \x00IDATx^\xd5\
\xdd\x07\xb4eW]?\xf0{\x87\x08\x02!\x81\x04\x10\
\x06\x84GS\xe1\x05\x91\x8e\xd2\x86\xd0\xc1(*%`\
0Q\x91\xce\x1f\xc4\x06\x84\x04\x02\xac\x95\x84\xb6(\x8b\
\x0e\xb1\x81%\x1a\x09!t!C\x17\x94\x22\xcc\xa3\x97\
\x01aP!\x09)HQ9\xff\xdfg\xe7~/\xfb\
\x9d\xb9\xaf\xcd$\xcb\xb0\xd7:\xef\x9c\xb3\xcb\xaf\xff~\
\xfb\xb7\xf79\xef\x9e\xe90\x0c\x93K{\xf9\x9f\xff\xf9\
\x9f\xc9\x0f~\xf0\x83\xc9\x15\xaep\x85F\xea\xff\xfe\xef\
\xffN\xa6\xd3\xe9\xe4\x87?\xfca;+\xfa\x5c\xeer\
\x97k\xd7\xff\xfd\xdf\xff=\xf9\x89\x9f\xf8\x89I\xcf[\
\xfa\xb5\x0e\x97\xc2r\xc0\xa5\x90\xa69I\x04~\x99\xcb\
\x5cf\xb2m\xdb\xb6\xb9\x12(\x84\xa0\x15\xc2\x8e\xd0\xbf\
\xff\xfd\xef7\x05\xfd\xe4O\xfed;k\xfbq*\xdb\
.\xcd\xc4\xc6\xa2)B\x89\x12\xaex\xc5+N.\x7f\
\xf9\xcbO\xce?\xff\xfcv\x5c\xf6\xb2\x97\x9d\x1cx\xe0\
\x81\xcd+\x1c?\x0e^>\x96\xfb\xa5Z\x11\x07\x1c\xb0\
\xdaa)\x22\xe1g\xf7\xee\xdd\x93?\xff\xf3?\x9f\xbc\
\xf5\xado\x9d\x9c{\xee\xb9\xcdk\x14!\x88\x17\x09[\
?N\xe5R\x1d\x9a\x08\x92u;\x08\x9a\x12(\x87\xe0\
\xdf\xf8\xc67NN8\xe1\x84\xe1\xb0\xc3\x0e\x9b,-\
-M\x7f\xf1\x17\x7f\xb1\x85)\x9eB\x11?ne\xbf\
=\x22\x13\xe9Z\xe1@\xecN\xdb\xf7\xbe\xf7\xbd\xb9\xa5\
\xf6\xf5\x8b\x84\x961,<\x13\xad\xd8\xff\xdd\xef~w\
\xf2/\xff\xf2/\x93\x97\xbd\xece\xc3\x05\x17\x5c0\xf9\
\xcaW\xbe2y\xf5\xab_=|\xeaS\x9f\x9a\x1cz\
\xe8\xa1\x138($\x1e\x02\xf6z\x135\x98\x8a3\x9a\
R\xf0\xa5\xac\xc5\xd7\xbc\xe3\xc5t\xb1_\x8a\x08\xc3b\
4f\x11\x8f!a\x81\xc0\x08\x85\x15ksm\x22%\
 \xed\x091\x8b\x18M\x1dx\xc9\x8c\xc03\x01\x7f\xe3\
\x1b\xdf\x98\xfc\xdd\xdf\xfd\xdd\xf0\xf5\xaf\x7f\xbdM\xe0{\
\xf6\xec\x99\xbc\xef}\xef[y\xf3\x9b\xdf|\xc6\xd9g\
\x9f=\xb9\xd2\x95\xae\xd4\x04\xda\x0bu\x11\x0e\xf2\xa3H\
\xdes\xe1\x85\x17\xb63\x9a\xf0t\xdey\xe75:\xc3\
\x0b\x1a\xc0\xc8q1\xc9~\x15\x98\xfdR\x04b{\xcb\
#8BO\x18!8\xcc`\x80\xb2\xfe\xeb\xbf\xfek\
\xb2s\xe7N\x82\x9c|\xfb\xdb\xdf\xde\x90\x9fx\x03A\
\x10\x14\xf8\xefz\xd7\xbb&\xa7\x9f~\xfa\xcaw\xbe\xf3\
\x9d\xb9\xb5\xfe\xdb\xbf\xfd\xdb\xf2\x99g\x9ey\xc4\xfb\xdf\
\xff\xfe\x063\xa1i=\xc1iKf\xf5\xc9O~r\
\xf2\xfa\xd7\xbf~B\xb9pJ\x06R\x92\xb5\x85\x96\xf5\
\xbckC\x86\xd6\xeb\xd0kz_\xae\x93\xa9\x10\x16k\
\x0a\x0c\xd7&W\xf7\xbc\xe1\x9b\xdf\xfcf\x9b\x5c\x7f\xe9\
\x97~i8\xf2\xc8#[(1&G\xc6\xf5u\xb1\
\xc4s\xce9\xa7\xc1\xfe\xa7\x7f\xfa\xa7\xc9\x8e\x1d;,\
|\x86\x9a\x0b\x86\x12\xcaPV<\x94@\x87\xca\x9a\x86\
\xdf\xfb\xbd\xdf\x1b>\xff\xf9\xcf7\x98\x94\xde{h`\
\x05>\x03A\x97\xe3u\xaf{\xdddyyyx\xe4\
#\x1f9\xbc\xe7=\xefi\xdel<\xfa3.\xde\x11\
:c`\xfb\x22\xb3Ec\xf6{\xb2\xc6lB\x93\x89\
4\xf9<BY\x13\xab\xfb\xc2\x17\xbe0y\xdb\xdb\xde\
6y\xc5+^1|\xe9K_\x9a\xdc\xe5.wi\
\xe9&\x82ba\xae\xfb\x92{\xc2\x00\xff\xab_\xfd\xea\
\xe4\xb5\xaf}\xed\xf0\xc1\x0f~\xb0\xdd+\x81/\xb4P\
\x14!\xfe\xc2/\xfc\xc2\xe4\xe8\xa3\x8fnp{\x98\xbd\
%G\x10<\x17}7\xbd\xe9M[H\xfb\xb3?\xfb\
3\xe9\xb0\xb07\xbd\xdd\xedn7\xb9\xc65\xae\xd1\x92\
\x03\xfdcT\xc2k\xbcc=\x03\xdfr\xdb\x22\xedl\
\xa5\x8e\x22\xd2\x9f\x12\xc4\xdd\xde\x13L\xac\x8fx\xc4#\
\x86\xed\xdb\xb77K\xbe\xfb\xdd\xef>\xfc\xeb\xbf\xfek\
\xb3:\xca\xea\xe3po\xad\xa9\x0f\xbcW\xbe\xf2\x95\x93\
k]\xebZ\xbbJ\x09\xcd\xfa\xc1*E\x0c\xee]\x97\
\x80\x9ag\xdc\xf1\x8ew\x1c\xde\xf9\xcew6o\xc8\xba\
\xa3\xb7f8\xb4\xf5\xde\x8b\xfe3\xce8cR4\x9e\
u\xf0\xc1\x07\x0f\xbc\xe3\xa4\x93Nj\xca\xe71=\x7f\
\xf1\x90\xad\xc8h3}\xe7H6\xd3y\xbd>\x98N\
8\xc0\xa4PTq{r\xd4QG\xcd\x05w\xb3\x9b\
\xddl\xf8\xdb\xbf\xfd\xdb\xe65\xfal\xa4\x08\x02\xa3\x08\
!\xe9\x88#\x8eh\x02?\xe8\xa0\x83\x86\x8a\xe1\xedZ\
h\xa2\x0c\xe1\x89\x00\xddS\xcc\xc3\x1f\xfe\xf0\xe1\x8b_\
\xfcb\xc3\x83.pz%'l:\x9bk\x08\xdb\x04\
\xfd\xc4'>q\xa8\x04\xa0\xc1\xbe\xf6\xb5\xaf=\x1c\x7f\
\xfc\xf1\xc3[\xde\xf2\x96\x96.\xe3\xbdW\xc2\xc5\xad\x90\
\xfdRD\x1fC{\xcf0\xe9\xfd\xc3?\xfc\xc3\xe4\xf6\
\xb7\xbf}\xb3T\x82\x22@\x9e!\xcb\x89 \x12\xc3{\
\xaf\x88r\xb4\x11\x92\xb0s\xdcq\xc7\x0dW\xbf\xfa\xd5\
\x9b\x90Y=\x98\x11:\xa1\xe5\xa8\xf0\xd2\xea\xaf\x7f\xfd\
\xeb\x0f\xafy\xcdk\x9a\x80\xd7S\x04\xe1RV\xe6\x84\
\x0f|\xe0\x03\x93[\xde\xf2\x96\xc35\xafy\xcd9\xcc\
\x87<\xe4!\x83\x04\x83\xa2\xc0\x0a\xadc\x8fZ\xcfH\
7\xd3\xb6%E\xb0\x02\x84 \x22\x84`\x96\xd5\xdaj\
@\xe8\xb7\xbe\xf5-s\xc1\xe4\x16\xb7\xb8E\x13\x5c\xac\
\xb7\x16^\xc3G>\xf2\x91\x86\xef\xdf\xff\xfd\xdf\xdb\xb9\
W\x9e{\xb0C4\x05\x80}\xea\xa9\xa7N~\xee\xe7\
~\xae\x09&!\xc95\xe5:SL\xbc\xc3\x04\x9e~\
\x15\xe3\x87\xcf~\xf6\xb3\x8d\xaeX/a\x06~\xcf\x03\
e\xb0z\x1e]k\x92\xc9O\xfd\xd4O5\xf8\xbc\xad\
\xe6\x91\xe1\xcew\xbe\xf3\xf0\xa67\xbd\xa9\xb5\xa3\x8b\xe2\
\x023\xde\xd6\x0b\xbb\x0fg\x9bQ\x82>\xeb*\x22\xee\
\xdc\xbbu\xe2k\xe6\x01\x0c!,\x02>\xf1\xc4\x13'\
7\xba\xd1\x8d\xe6!\x83\x95R\xc83\x9f\xf9\xcc/\xc8\
\xf31\xa2oOlb\xb9\xfa\x08\x08\xd3\x1f\xfd\xe8G\
',2\xc2\x166\x08\xa6W@\x14\xa2\x8e\xa7D)\
\xd7\xbd\xeeu\x87c\x8f=v\x90q\x81E\xd8\xf8\x88\
7F\x90\x94\x8f\x16\xed\xf0Ke\x7f\xeb\xb7~k>\
\xe7P\xfe\x95\xaf|\xe56\xf7\x98G\xf4\xc1\x03\x05\xf7\
\xca\x8c'oV\xf0\xe3~\x9bV\x04D\xbd\x12\x10\xee\
\xfe?\xfe\xe3?\x1a\x13\xd6\x05/z\xd1\x8b&?\xff\
\xf3??g\x82\x85\x12\x14\xef`\x9d\x90'\xde\x0a;\
a\x9e\xa0\xe2\x0dQ0F)\xf5\x90C\x0e\xd9\x15\x0f\
`\xa1QJe3-\x0cE\xf8\xe9\xa3.Ja\x10\
b<\xf8Q\x00\x9a\x83\x972\xb2\xf0L\xc8Q\xf7\x86\
7\xbcar\x83\x1b\xdc\xa0\x19\x13E\x04\xe6\x9d\xeet\
\xa7\xa1\xd60\x0d\x1e\xe5\x8d=Z]\xf8\x88\xa2\xc7\x02\
_\xeb~]ED\xcb9G\x11\x18\xc9\x010%\xc8\
j\x84\x1f\x02\xe2\x05\x04D\x11&\xd1\x93O>y.\
\x08\x82\xc6<\xc1\xc4;B|\xdc\x5c\xdbYg\x9d\xd5\
\xd6\x1c< \xeb\x84X;\xe5F8\xbc-^\xe2:\
Y\x94:\xf8\x7f\xf5W\x7fu\xb0A\x88NF\xe3\x1c\
E\x84\x9f\xe0\x15b\xb5\x9b\xe3\xac)2\xb7\x81\x93\xb0\
X{ZC\xad\xe4[?\xe3\xa2\xc0\xdcG\x01[\x0d\
O\xfb\xa5\x08\xa1\x06\x01\xa7\x9dv\x9a\x5c\xbc\xcd\x07\xb1\
\xd8L\xac\x87\x1f~x\xf3\x86(@\xff\x842\x02\xef\
-'\xc4[w\xfc\xce\xef\xfcN\x83G\xa9\x04\x92\xf8\
O\x19\x11\xb6k\x8ag\xb9\xae\xe31\xea\xd01;\xef\
2g\xf1DG<\x22\xc2GO/<\x82\xa5(\xbb\
\xba\xd2X\xf8)\x15-\xa1\xe7A\x0fz\xd0 -g\
H\xfa:\xf7\xc6\x04&\xde\x9c7{\xac\xbb\xc5QV\
\xb7p\xf1\xa2^)\x015\xcb\xad\x85\xd0\xb0\xb2\xb2\xd2\
\x90\xda\xfd\xb4Pr\xae\x98\xber\xdf\xfb\xdewz\x9d\
\xeb\x5c\xa7\x11fqD!\x16E\x84\x9e{Bq\x80\
\xa7|\xf8\xc3\x1fnp\xf5\x05\x0b\xb3\x84e\x11\xa8\xe8\
\x9b\xa2^A\x13ah\x0b\xf3\xae\x0b\xef\xf2\xdf\xfc\xcd\
\xdf\x0c\x1f\xfa\xd0\x87&\x15\xeb\x1b\x1d\xa5\xa4\xf9\xd6\x8c\
1\xea\x14\xf8\xc3\xb3\x85\xe1=\xefy\xcf\x96\x88\xa0\x01\
-\xfa\xeaCI\xafz\xd5\xabZ\x06\xa8\x0d\x1f)\xfa\
(\x16\x9b[)\xeb*\xa2\x07\xd4+%\xd7<\xa2\xb6\
\x07\x06i\x9f\x0d8\x8c\x8b\xfd\xf6j0w\xdb\xdb\xde\
v\xb92\x8e\xc6\x1c\xc2\x9c1\xa4\xc4\xa5\xd5a&\xc2\
\xa5\xd0J}\x07\xd9WY~\x8b\xc7J\x84\x0b\x8ek\
g\x07E8\x02?\xfd\x22\x10tQl\xc5\xf6\xc1\xda\
f\xcc\x07z\x082\xe3\xb4\x83W!uR\x8b\xcfi\
\xa5\xc2\x8d\x1f}2\xa9\xe3\xd16\xbc\xc9\x1bLm\xc6\
)1\x8c\x9c[\xe5&\xca\xba\x8a\x18\x13\x9d{p]\
\xff\xf5_\xff\xb5\x9d\xcf\x09\x85@\x9cg\xca,\xb8\x84\
\xb8R[\x19\x8d\x11\x82fI\x98u\xd6\x97WP\x16\
ak'8\x8c\xda\xb83Y\x12\xd0\xcc\xa2W)9\
B\xd3?V\x17\xc5hS\x07\x9e\x82\x1ea\x90\xe0\xac\
\x05\x84\x13t\xeb\x1f\x83\xd0\xd7\xa1>s\x16\x18\xe8\xaa\
\xc9\xdeBr\x1eV\xd1\xccC\x14\xf3\x8d-\x97O\x7f\
\xfa\xd3\x0d~\xe0E!9\xb7\xce\x9b)\xb1\x84Eg\
\x02\x0b\xd1\xce\x89\xed\xae\xdf\xf1\x8ewLnu\xab[\
\xb5\xf8Y\x02h\x93g\xd6\x0c\x16o\xda\xac\x1bL\xe4\
\x81\x91\x1dS\xf7Y\xd1\xbaf\xfd\xce\x9f\xf9\xccgl\
3\xec2'\x80\xb7\xe8\x80o|\x8c\xfb\xa5=s\x09\
x\xae\x1f\xfc\xe0\x07\xcf7\x05\xe1\xc3_\xe6\xa9\xf0J\
\xc126\xc6\x84Fa\xc8\xd6\x0a\x1eK\x9em\xbe\x92\
F\x83\x87\xdf\x07>\xf0\x81\xc3\x97\xbf\xfc\xe5F\x7f\xd6\
)`2\x22\xb0r\x80\x1f\x1c\xfa\x8e\x8fu=\x22\x03\
{\xcb\xa3\x5c{0\x95\x16\x0e&U}\xc4\xdcx\x03\
\xebRW\x8a\xb00\x9a[-\x18\x99\x03\xc0\x88'\xc4\
X\xb8\xf8)\xa7\x9c2\x14\xf3\xcb\x84pq\x14V\x8a\
.\xb8\x5c\xdb\xe3\xb2iH\xc0\x84\xa5\x0e\xad\x84\x95,\
\x10^\xf3\x1bz\x8d\xad\xf5H\x0b\xb1\xfa\x847B\x06\
\x13\x9cO|\xe2\x13mC\xd3z\x85\x1cxu\xe4\xb5\
\x15\x1e\xd6U\x04\x80\x08E\x00\x0d\x86!{?\xf2s\
n\xca]1\xe4\x10\xcf\xb9dmGL\xees\x9f\xfb\
L)B\xb8\xd0\x06F\xe0a$q\x95@\xb4\x89\xe3\
\x7f\xf5W\x7f\xb5\x22<(\xda/\x8eB8)\xc2\x88\
\xb9\xc2\x19\x9d\xda\xf0\x04\x97\x03\xaf\xeaC\xb3q\xb5\xdd\
1\xb9\xc7=\xee1\xa5\x1c\x05\xed\xf8\xc9\x1c$#\x04\
\x937\x07\x17\x18\x8e\xad\x94u\x15\x01P\xac\x80\x22\x08\
\xd2\xa3\xc9z8\xd3\xdc\x11\x13\x0eD!P\x1f\xa5\x16\
pmk\x19C\xc6\xc4\x0d\xb5\xe9\x1bO\xcb8\xde\xe0\
\xa9[m}4\xcb\xeb\x85\xb7\x15f\xc6}\xe1\x17N\
\x09\x0e\x9d\xe80\x07\xd5\xd3\xbc\x81\xe5\xf6\xc2\xd27}\
Bg\x8c\xaf\xd63\x93\x9f\xf9\x99\x9f\x99+J;\x03\
b\x84\xfa|\xecc\x1f[y\xf7\xbb\xdf\xddB\x9a:\
8\xb7Z\xd6U\x04\x81)\x84L!\x8a\x0c\xc9S\xb2\
L\xa4I\xfdX\x0cf\x10R\xdb\x01S\xa9\xa6>\x14\
\x11\x06\xddc>\xca\x05\x8f\xe0=G\xa8\xbd\x9c\x95\x84\
.u\x81\xdb\x90\xeec\x81\x8b\x12R\x84\x1aJ\x97\xf1\
\x94\xf0\xe6+\xee\x08\x0e]\xb1t\xb4DQKKK\
\x93;\xdc\xe1\x0e\x0d\x0c~\xa2\x80\xc8\xa7`.\x17\xfd\
-\x85W\xc0\xbbX=\x82\xb6\x01L\xcc\xb3\xe2,\xa1\
\xb5\xb9\x01\xd1qS\xed\xb1tk\x06\x0fU\xa4\x7f\x09\
;!*^\x95\xb0\x03F=\xe6$\x18\xe9\xea\xb2~\
\xc9\xaa\xe6\xd2\xdb\x8f\x0b\xf8C?\x85\xc4\x08v\xed\xda\
\xe5\xd1\xe8 \xdb\xcb\x9a\x22\x0a\x88\xe2z\xafDS\xad\
\xa8\xa7\xf5r\xc2\x0a\x98\xa1__\xd7\xf1\x0a!\x9bL\
z%n\x96\xfcu=\x221=\x82\x14\xc7\xfb\x14\x10\
\xb1\x88 P\x93\x1d\x02v\xec\xd81\xa1\x0cm\x09K\
!\x06\x9c\x84)\xd7\x04!\x17/\xb8+\xfa\xf7\xd6\x1b\
\xe5o\x96\x91E\xfdBw\xbcK8b\xc5\xf0\xbc\xfd\
\xedoo\xbc\xccR\xedyX\x05'4\xba\xc6\x9b{\
\x0b\xbc\xda\x22_N{`S\x84\xa3\xe6\xc7\xe5\xe2c\
\xf8\xdc\xe7>\xb7\xea\x99\xf7\x22\xba\x16\xd5\xad\xab\x08\x03\
\xb8\x19b\xc5\xbfJG\xdb\xdc \xec\x84\xb9L\xe6\x08\
\xf3h\xb1\x141\x15\x8aX\x06\x023\x0f\xc4\xbb\x92\xa5\
\x80\xcd\x1b,\xde\xcc\x0dY\x04F\xa1q\xfbEDo\
\xb6.\x86\x82V\xd7\xf1Zatw\xed?\xd5\xea\x1d\
\xee\xc6K\xf8a\x00x\x09\xdd\xc6\xe1\xe3z\xd7\xbb\xde\
\xe4\xd6\xb7\xbeu3.\xedQ@\x94Fa\x9e\x97\x9b\
\xb4\x15\xf2\xdaJ\xd9\xd6k?\x03\x09\x81 \x11\x031\
\xc2\xbf\xf6\xb5\xafM\xc4\xc0<{@H\x88\x0f\x0c/\
{\xd5\xfeL\x0bK`\xc4jX B\xdd\x13\xb4q\
\xf6}jA8\x942Z`\xedS\xd6x\x921\xae\
s\x8f\x8e(^\x9dk\xe7\xccA9\xa7\x1e\x1e8\x1d\
\xfd\xfc\xc43\x18X%\x08\xc5\xd2\xca|\x0e\x8c\x80\xf1\
\x1dA\x83\x01\x1e\xdc\x95\xc6N\xeb\xd9\xc8|oI\x7f\
\xbc3\x22}<\x15\xa4`\xd7\xea\xb4\xf5%\xf2X\xa4\
\xa0usD\x00\xb3\x85\x8ca\x84\x14\x91\x03!\xd28\
\xe2,\xd8\x84\xa4Z\xc4\xb5-\x81\x9f\xfd\xd9\x9fm\xc2\
\x09\x03\x88I\xcc\xcc\xe4\x8dI\xd9\x8b\xd0P\x8am\xee\
\x1eE!\x16^\xc5\xd8\x08\xa5'\xdex\xb0\x94\x18\x83\
ku,\xb8?\xf7\xe3\xc6\xd7\xd6,\xb6h*\xe4L\
\xbd<\x10\xc5\xf5\xde\x01W\xe8Y\xaaI\xfb\xaew\xbd\
k\x8b\x08\xc2\xaa3\xbak\xab\xbe)\x9b\x01Zw\x84\
6r\xd8l\x99\x06I\xaf\xad\xb8p\xe2\xb6\xb3v\x0b\
\x18\xabG^A\x01\x94D)\xb2\x11\xc2\xae=\xfc6\
?\x80\x19o\x8aP\xd4\xb1\xc4(\xef\x8f\xff\xf8\x8f\x87\
\xda\x8ck\xf1\x1a\xc1\xe0k\x8f\x17\xc4\x8b\x8cKX\xd1\
\x0f\x5c\xf7<\x08^\xedp$\x0c\x86v\x02Xd\x81\
}\x1d\x5ce@+\xb5;{\xd8\xaf\xfc\xca\xaf\xcc\x95\
\xae>%\xbc\xc8\x94\xc0\x16\x9amo\xe4e6\xb4X\
/1D}\x9dy\x03\xd9\xf4\x936\xbc\x8b\xe8\x99#\
JX\xe9\xcf\x18#\x88lC\x00\xca\x95\x11\xa2\x9fv\
\x82p\xee\xb7=X\x92C\xff\xc0\x03\xc7\xa1_\xb6\x00\
L\x94\xe59\xf3\x078\xb6\x0cJ\x90\xf3-\x8d\x12D\
\xdbBPW\x84\xb6-\xedRB\xbb\xd6\xe6p\xdd\x1f\
%\xa8U\xf7\xc5\xf4\x86[$\xfa\xc0]\xbb\xacm'\
\x95!8\xd0\x8e\x0f\xfc\x11.\xfa\xf1\xeb\xac\xae\x97U\
\xea\xf53&sj\xc6\x93Y\x8cc\x91\xacS\xb7\xd7\
d\xadAq\x8e\xa5'6#\x04\xa1\xb1\xd6\x84\x93(\
\xce\x18u\xac3\xc5=BX\x87\x03\xa1\x16T\xb6I\
\xc4tV\x82\x19}\x8c\x03\x03S\xa1!pbM\xce\
\xfa\xd8\xd26y\xde\xe4&7i]\xd0\xa0\xb0Pp\
\x1d\x1b\x15p\xf4\xab}\xb3\x15\xaf\xe0\xa0\xd5\x11\xa3\x8b\
\x10\xc1\xe4\x8d1@\xed\xa11\x9eH.\xe1\x01\xcc^\
\x06\x1b\xd1\xd1\xda\xc7Z\x8af\x09\xc7vC\xac\x99\x95\
\xc7B\xe2\x19\x19\x9b\xf0\xe0\x1cAfRV\xe7Z=\
+\xb1x\xbb\xf9\xcdo\xde\xac\x97\xd5\xc7\xba\x9dK\xe1\
\xf3\xfbX\xb4~<\x83Wd\x8c{\x8f_y\xd6\xf3\
\x9e\xf7\xbc;{\xf5%\x1e\xc33\x8c\xd5w\x91W\xc0\
\xd3\x1fh\xd0\xb7B\x93\xc4\xa1\xd1)\xdc\xc6\xa2\xc9 \
|\x87\xdfx\x05\xd9\x84\xe7\xf0\x9d\x88\x90\x87P\xfb\xec\
\x11M;\xb3B\xb3\x00\xb1B\xd7\xac\xa5'\x86r\xa2\
\x14}\x5c#2\xfd\x11\x19K\x06\xd2\xc6\x98\xad\x0c\x0c\
\x83\x15\x06\xb5\xe9\x87\x09\xf0\x95\xe0\xe9\xaf\xf5I\xbbI\
\x91G\xd4V\xca\xbbC\xa7\xbe\x11\x0c\xf8\x1b\x15}\x08\
\x93\xc7\xd7f\xe0\x8a\x1d\xe5lS\xc0\xc5\x0b\xf4\x01\x93\
\xc5\xc7\xa0r\xce\xdc\x19#KH\x06\x8f\xc7n\xa5\xac\
K-B \x09Q\x04\x85p\x85\xeb\x09]\xfa\xa8\x8b\
BbI\xea\xa2\x84X\x85\x9c\x1d\xb3\xfa\xc4u\xf5q\
\x1d\xaf\x82/\x0c\xa6\x0d\xbe\x08\x98\xf2\x1c2\x14\x13\xe8\
U\xafz\xd5\xc6t\xc6\xe8\xa7\xb8\xdf\xa8\x80C\xd0\x04\
k\x9bB\xc84W\x80\x8b\xc6\x1e\x16x\xfa\xc6\x18b\
\x10\xc6\xaaK\xf8\xca\x18<o\xa5\x1c` \x04\x06&\
\x0e\x02\x8a\x10\x93\xabx\x88`VG\xd3\xda\xe2%\xb1\
`\xe3\x8dEP\x84\x1f\xe1\x22\xc68}y\x83\xd7\xea\
\xc1M\x9d\xf6\x10\x9d\xb1\xf0)a:\xed\xf0\xa0\x83u\
Z`\x11\x98:\xbb\xbd)\xc6\x9a\x8b\x08H[J\xef\
i\xa9C3\xd8`*\xb5E\xb1\xd3+<\x15\xeaZ\
j\x0a\x8662\xd0\xd7u\xe4\x15\x05\x82+\xa9\x01'\
\x1e\x9e\xa4D\x9d\xb4\x18\x9dB\xdcU\xaer\x95\x86'\
\xfc\x80\x99r@\x08\x8c\x10\xa2\x14\x93\xa9g\xbd\xc9\x9c\
\x22\x04\xc4\xd41\x8d\x05\x00\x94\x89\xd85\x06,zL\
\xa2\xfaJ\xf3\xfc\x03\x89\x85\x8e\xf9\x01\x91\xea#\xec9\
%\x0b.B\xdb\x82&)b\xdbg\xe6\x95\x98\x8d\x11\
\x18\x13F\x17\x8d\xeb\xeb\xf4\x8ba\xb9.Zw\xd4\xf3\
\x85\xa1\xf6\xca\xa6\xe0$4\x09\xa9\xb6\xbb\xff\xf3?\xff\
\xb3\xd1\xed\xd0?\x0a\x98E\x8a!\xf3b\xbc\x89\xc1\xd4\
|8\xbd\xd7\xbd\xee\xd5R\x5c\x85\x22{\x05\x84\x9e\x85\
\x8a\x10V ~\xfe\xf3\x9f?O\xc7\x0c`\xe5\x80\xd4\
ar\xfcn\x11t\xae\xa3\x989\xb7\x84{n!9\
\xb7\x84rn\xc5\xee\xc7\xd7\xd6\xf1\xb4^\x93\x9f\xefT\
\xcaJ\xca\xe2\xac\xa2\x97\xc1A\xe4F\x850\xc6\xca\xc0\
HY\xd8\xee\xe4\xedB\x94\x05\x95\xfa\x18S\x7f\xbd\x11\
\x0e\xd6\xca\xe2\x15g\xc6R\x0b\xd3\xc9O\xff\xf4O7\
%y\xe1\xacB\x96'uvW_Tt\x1fR\xf0\
\x0f)%\x1cZx\x0f)\xfa\x0e)\xa5\x1cZ\xc7\xd9\
u\x9c\xe3\xa8\xf6\xb3\x0b\xdc9e\xbc\xe7x\x8b\xa5\xde\
\xf5\x9a\xf22\x85l\x19.\xbez\x8f]\xa5\x08\x9a&\
$\x0c\xd9i\xed_\x131\xc8`}f\xb9\xf6\xe5\xab\
\xef\xe5\xeb~{\xe2\xa4v\x16\xcf\x22jB\x1e\xea\x99\
\xef\xd4B\x897\xd4\xe6\xde\x80\x08\x16\xac\xfffJB\
S\x04l\x0c\xfc\xe5a\xbby\x01|<\x90\xcb\xb3P\
42\x9409V\xe2\x18\xa7\xfe\xac:\x06F\x81\xf5\
\x14o\xc5\xe6\xa6\xff\xc9\xf3\xec\xe5O\xff\xf4O\x07\xcf\
\xe6\xcdoU\xfe\x9f?\x99/xJW\x0e-x\x8e\
y\x98\xc6\xa7\xc8B&\xe8\x8b\x81\xe0'\x0a\xc9\xf8\x03\
\xc6Lb\x04a2\x80L\xcc:\x03\xa2`.\x0c:\
\xc7\xcd\x12\x1a\xf4\xf1\x0c\xda\xbe\xbf\x87\xebe\xb9S[\
\x19\x9e_\xc7\x126k\xb1Q\x04\xe6r\x8d\xa1\x82\xb9\
\x83'\xa8\x17\xe6j\xb2\x9e\xd6\xf5\x97\xab\xcfR\xfam\
\xa4\x04t\xe2\x13\x8f\xe8\x01\x17/\xc5\xf7r=\xfa\x1c\
j\x87`\xcaC(\x85\x12x\x0e#J\xf6\x14y4\
\xa1\xcc\x0a\x9c\xea\x83\x1b|0\x18f\xe8\xa2De\x1c\
\x9e\xaa\xef\xea\xc5\x17 \x06\x01\x986\xd79z\xeb\x09\
\xf1\x04\x12\x02\xb4\xbb\xd7\xf6\x8f\xff\xf8\x8f\xb6B\xda\x0e\
\xa7-\x11\xf5\x08\xdb\xec\x1c\x11#\xc99\x0c\xcb\x942\
A\x83y\xb5\xab]\xcd<\xb1\xbb\x84\xb8\x84\x8e\xe0\xff\
\x91\x88\x16_\xe9\xa7\x04\xbe\xb1\x8c\x85\xd1T4\x18D\
\x04\x16\xadPX\xe6\x87@\xc3G\x0c3\xfc\x8f\x0d\xb5\
\xc6\x9dN\xf8\xe4\x12\xaf\x08\xde\x9e\xaa\xa6\x05@\x10\x13\
\xc1\x1b\x90\xc3\xa0\xde\x03\xd27u\xfa\xf5\xed\x09o\x88\
\xe4\x92\xd2U\x84\xa8\x8f5D\xd9\x19\xd7\x13\xd4_\xf7\
\x02R\xef\x1e=\x94PoV\xccC\x90\x89\xb0\x94\xb3\
C\xea\xc9\x93\xe1\xdeLA;\x9e\xd1\xa6\xa0\xc7=c\
\xa1\x0c\xd7\xbd'\xa4\x9f\xbe\xc9\xcc6\xc2Sc\xe6\x0b\
\x0a\xb4\x8f\x95\x99\xf1\xcd$\x08W\x89\xa6\xb8RRS\
\xc4\xcd&\xe8v\xd6'\xde\x11\xc1\xba\xd7\x96\xd0\xc3z\
\x8c\x17\xc7\x95~r2F\xdb\x22\xabh\x9d\xbb\xd2+\
\x22\x16\x07\x8fu\x03\xaf\x88\x22\xcd\x11\xea\xe2\xee\xea7\
R24\xe80F_aG1gH\xad\xd1Lh\
\xfa\x08G\xf0SJx\xce\xbc8\xf6\xd6\x18\x0b\xfe\xc0\
\xaeqW\xce\x12@[\xbc#F\x1fv\xdbd\xad\x83\
\xc35\x00,\xca\xb9\x17D\xaeY\x91\xe2\x1e\x91)\x88\
\xd6\x96q`Y\xa5\xea\x879\xe7L\xd2\xae\xf5\x1f\x0b\
+8\x023\x0a#\x84Xn\x09\xe3\xec\x8a\xdf\x87\xea\
\x0b\x9f>\xb6\xdeeN\x0c\x00\xf3\xea\x12\x0a\xc0Z\x0b\
\x0f\x18\xc68\x13V\xf0\xa3W\xc1Kxt\xdd\xd3?\
g\xbc.\xc6t\x07\x1f\xba\x8b\xc6+\xbbGW\xa2G\
h\x8b\xe14\x5c=\xc0\xfezL\xfcZ\xfd\xd4\xf7\x84\
\x18\x97c\xbd1\x19gl\x8eq\xffx_\x8f\xa3&\
\xea/\x98H1\xa1=\xe1\xc3k/\xac\xad\x17\xc2\x18\
\xde\xfe\xdcoE\x1e#<M\x11=\x0f\xe3k\xf7M\
\x11\x18\xea\xcbV\x05\x99\xb1\xbd\x12\x12\xeeV\x01\xde\xe2\
M,\xa6\xa7\xafR\xd7\xdbf\xc7\x15>}\x84\x92z\
\xdd\xc5\xbbG+1\x8a\xb1\x95n\x11\xf5^\xf2\xd8\x17\
\xf9\xcc\xc6\xac\xdatZ\x8b\xbe\x85\x1e\xb1Y\xed/\xb2\
\xe4^\x19\xfb\xc2|?>t\xf4\xf1T\x86d{C\
IB\x81\x8e\x1b\xde\xf0\x86\xd6\x14\xedi\x9f\xfb\xde\xed\
\xf7\x85\x0ec\x16\x19\xe4fe\xd3\xe1\x5c\xf5\x9f\xfdk\
\x19HSD\x1a\x83\xd8\xfd\xcc\x0a/z\xe3v\x93\x9c\
,\x12\xe2f\x86\xae\xa5\xbcx\xd5l\xd2k\xa0dK\
&\xe6\xacq2\xd6\xca\xd5\x04\x9e\xb2\x0f\x02[\x97\xd4\
EJYw\xc0\xac\xb1d\xf9\xed\x18\xecZJ\xd0\xb5\
)\x22D\xe7\xdcY\xd4\x86\x8a\x18\x8f\xdd\x0cq\xe9\x13\
\xc2B\xe8xl\x14\x01\x87\xebY\x08j\xf3\x82{s\
B\xc2VRZ\xf7\xfa\xf7\x89\xc4\x18\xeeV\xef\xf7G\
\xa9QDp\xae%\xafU\xa1\x09s:bf\xe6\xda\
\xeb*b-\xa0\x9be4x\x9cs\xf4J\x89A$\
\x7f\xf7\x82W=\x7f\xa8\xea\x8b\xd6<\xc6D\x99V\xda\
K\xf5p\x9f\xb2.\x8e\xb0\x84\x07\xfc\xed\x8f\x12f\xf4\
5\x8f\x18\x971\xdcU\xaf\xd3\xa4\xd1\xc0\x99\xa5m\xa8\
\x881\xc0 \x5c\x84|L\xccX\x01\xbd2\xfa\xb6(\
\xa2\x84\xbd\xec\xe5\x84(\x82\xe1\xc4x\xe4\xf8\xe5\x15\xd3\
:\xb7\x97\xd56\x83\x7fL\xcf\xc5}\x8f\x86:V)\
b-ym\xc3\x08\xa6\xb9\xb2\xf5Cb/\x0b\xabA\
\x17&\x0cdbL\x7f\x00g\x88\xf6:\xf7\xd6\x94\xf7\
{\xf4\xcf\x96@&_0-\xa4\x1c\xda\x09\xdc\x22\x10\
\x0e}\xb5\xc3\xa1\xdd\x98\x84\x1f\xb4\xa6\xbf\xb3{\x8a\xb0\
QW\x8b\xbbe\x0b0<i\xe3!\x8a\xcd\xc1\x14u\
\xa1\x07\xfc\xa4\xc2\xea\x1c\xbd\x22\xc7<nEY\xe8/\
~\xee\x07w\x0c\x06.2\x0e}\xc1\xb9W\xd64\xf3\
\x84<}\xbb@Gu\xbd\x85\x01\xba\x99BxY\x1c\
Y\xa9&n;#\x88\xf0\x10k[\x82\xc2\x08(\x86\
\x10a\xc2\x03\x1f\xe1\x98\x90\xf5\xcb\xe4\x9duChc\
<\xd6\x13Jh\x0e\xadY\xec\x19\x0b\x9fb\x81\x16%\
\xa3#^\xa8o\xc6\xe1\xbf/\xbd\x1cV5,\xb8\x81\
\x0b|tF\x11\xe0E\xb9\xfd\x90m\x01\x9cs\x14\xc1\
2\x0b\xc8\x05\xf1\x80\xd4\x1b<&n\x01\x0d\xad*Z\
G\x882V %\x11,O\xc8\xae&!d\x12\xc6\
\x08\x5c\xf1\xd6z\xe04\xc5\x18\xb8\xc6\x04~h\x975\
Ic\xdd\x87\xde\xd0\x1a\x05\x87\x16!\xae\xfe;i\x8e\
\x9b\xd1\x04\xdfZ\xfc\xa4~\x91 \xd7\x1a\xe3\xb9\x09\x83\
\x8b\xe5\xaf%\xbb\xb9G B\x09\x03\xdc\xa9\x80\x5c\x90\
\xf0\x10\xcfX\x0b\xe1\xa2\xfa\xc4v0\xb37\x93\xfd'\
\xd6_\xffq:y\xfc\xe3\x1f?\xf5\x0f\x8f<\x86\xa2\
\xe0K8\xcc\xbd\xbaR\xd8\x0a!\x835VhB\x9d\
\xb4\xb6^rk\xef\xde*h66\xf7\xae\x13\xfe\xea\
\xff\xaf'\xc7\x1csL\xf32\x85\xb0\x08\xd8\x98\xf4_\
K\xe0k\xd5\x8fe\x00\x9f}\xb0\xecc\xadg\xccm\
\xb2Vz\xcf`\x81,\xb5\xb2\x94Gh\xd3\x07\xf3Q\
Voqc\xe4\xfd\xbd1,\x10A\x8a\xeb<\x0d\xf3\
\x8f,\xf5O\xe5\xd3\xfa\xb9\x85f\xc5p\xc4\x22\xb3\xa7\
\xd3\x0b\xbc\x16r\xcb\x9e\x9a\xa5.\xca\xc2\x9c\x03M\x94\
I\xb0\xa5\xec\x95\xe0\x8c1\x84?\xf7\xfa\xd5;\xba\xd3\
\xfa\x91\x96e\xf8\x97*\xdb\xca?2\xa2\x91\xf7D\xd8\
\x197\xb6\xe4\xd4\xaf\xc7\xbf6\x8f\x89\x19ud\x96q\
ccZ5G@\xa6\xa3N\x5c*\xcfY\x83,\x1a\
\xdd,\x11\xc6\x81\x15%\x1aG\x10%\xd0\x95\xb2\xc8\xa9\
\xff\xb3\xb31\xe8\x0dj\x82 \x84\xe0\xef\xadR\xbd\xd7\
gB\x0f:2O\xf4\xc6\xe1\xda\x1cQo\xa5\xb7\xff\
<\x8a\xa7$,\x85~!\xd1\x13\xc4\x9a\xfc?\xf5\xd0\
\x87>\xb4y\xa4\xd2{\x03eE\xc1hr\xf4\xca\x18\
+&2\x1a\x9f%\x18\xa2@/\xb3E\xf2\xdbk\x1d\
\x01\x10\x86\xecfb\xbcw\xa7 A\xc4f\x09!\x10\
\x8a\xe0\xfa\x94\xc0:\xea_f\x97\x85%\xf0\xfd3`\
=\x92\xdc\x99\x1d\xdf\xe0\x88\xf0B\x0fo\x10z\xc6\xf4\
\xb8\x07\x17s\xe8\xc68\xaf\x08\x8d=\xd3\xda\xdd\xe7\xc9\
\x9b\xe7\xf2\xe6\x8a\xfa%\x81\xe9mns\x9byx\x0c\
\x0d`\x8f\xf1m\x85\xf7\x0a\xbf\xbb\xa5\xd4\xf1\x08p\x8d\
_\x04w\xae\x08\x1dz\xb7\x9f\xcd\x11\x8d\xb9\xb1\x067\
KL\xac\x15\x01`S\x8a-\xeb_\xfe\xe5_n\xaf\
\xb7{+\xa2\x1e\xa3\xfao\xa1\x1d}\xd8JL\xedi\
\xa2\x04\xf3J,3\x935\xd8\x09C\xaeeN\xc2A\
\xea39\x1b\x87\x86\x08\xd6\xf3h\x0f\x92(\xfc\xde\xf7\
\xbe\xf7\xe47\x7f\xf37\x09lE\xd2\x00\x86\xb319\
\x1a\xc0Y\xd9,\xff\x14!\xb2\xc4\xbb\x0d7v\x11\xcc\
mq_\x8d!Zg\xd7eY\x96\x84+\xbd\x82\x02\
\xccy\xec\xbac\xc2\xa3@gxl\xd8\xd5\x04\xd9~\
,W\xf1\xf0\xdd\xbf;\x11\xa4\x942\xa1\x89\x10\x02\x1f\
-\xa5\x18\x13u\x9b\x84\xf5M\xd8A\x97v\xb0\xd1b\
n\x83\xc3?\xaa\xa7$\xdeG\xa9\xc6\xe8\xef\xadn\xff\
\xe1\x93w\x90~\xfd\xd7\x7f}R\xe1r\x99\x11x\xdb\
}\x9c\xd6\x0aU}\x09o=\x9d\xe0\xc2\x93\x07a\xe5\
\x0d;\xfc\x13\xa4P\x18\x030.\xfc\xf5\xf2\xdak\x1d\
\x11m;s[\xdb\x0a\xd1b&\xbe\x10\xa4~\xad\x12\
By\x05K\xc6\x5c\xfd\x9bl;B\xf0\xeez\xbb\xc3\
\x1c\x01N\x94\x1a\x98\xbd7YQ\xf3\x88\xc0\xec\x8d'\
\xccD 3|\xf3\xcc\xa9\xa7/\xb0s\xf6\xab\x09`\
Q\xac\xd4\xf7\x01\x0fx\xc0\xfc\xff;\xc0\xa5\xb4xr\
\xcf;Zc\x04`\x85\xd6\xd0\x97\xb3\x8c\x89a0\xb0\
\x8c76\x06\xdf\xd3\xb6\xd7d\x0d\xb0\x03\x22\xff\x01T\
[\xce\x0ft\xcd\x1a{bzA\xad\xa5\x0c\xfd\xb3H\
+\x82V\xeaG\xb0\xa6\xb1Vq\xda;C\x15\x96\xf6\
\x18\x1f\xe2\x03\xab\x0f\x89\xfe%\xcc$\x9c>\x18Ac\
\xeecm\xce\xc6Q\x9a\x97\x09\xd6\xa2+\xf5\xfe\x0b\xca\
\xcb\x01\xe0\x18\xcbS\x19\x0a\x5c\x94\x13\x03\xd1?QA\
\xbf\x1e_\x8f#\xf3ZB\xe5Rec\xe66\xca&\
\x8b\x18\x80\xfb,n3~\xd5\x1c\x11%\xe4\xecw4\
\xa4\x96\x0ab\x13\x12r\xdf\x13\xb1\xde5xem\xed\
\x07R\xbc\xf9\x87\x11YRM\x96B\xc3\xf6\x1e\xefX\
!\xe0R\x84C\x093\xbd\x22R\xa7\x1dlsD)\
c\xa9\x0dX\xa3\x18\x83\x1fo\x9aP\x9ep\xc1\xd8~\
\xe37~\xa3\x85N\x82\x8b@\x09n\x11]\xf1\xcc\xf4\
\x83*\x06T\xf3\xcd\x9e\x1b\xdf\xf8\xc6m\xbeI{d\
\xb8\x88\xa4\xbdBS\xdfI\xdaU1ng\xc5\xcb=\
\xd1`,b\xac\xb4\x8c\x83,\x07\xa2\x08\xdc\x135\x93\
\xa1\xb5\x098\xe2\xaf\xd7k\xbc\xc4\x965C\x88\x05?\
B\x8a\xb0g\x82m(\x22\xf4Xh\xeec\xc1\xfa\x08\
\x09&Ie\x91\x003\xc6d]o\xef\xb5\xf8J\xa8\
\x0e)\xb5_\x1a\x10\x92\xd1\x0a.\x5c\x81\x93\x90dL\
h\xd0G;O\xa5L\xf0k~\xd8n\xa7X?\x9e\
\x92\x08\x92\xf1\xe3\xf04WD/\xc0\x5cCP\xaf\x0b\
\xde\xa5\x5c\xacY\xad\x12\x81\xf5V\xd0\x1a\x16\x14\xc8\x09\
\xb6\xb2\xa4\xa6\x0c\x13r\xd6\x02\xc2\x82\xac\x09\xb3=\x93\
\xfd5\x90\xc6\xcb\xe02Y\xae%\xd8^@\x14\x91\x15\
<\x18\xfd\x98\xf0\xe1l\x12%\x10\x13v\x1f\x0a)\xa3\
\xfe\xc1}9\xd9\x0e\xef\x88\xd0\xc3&\xbaz\x19Df\
\x0c\x8b\xe0\xa5\xd1<B16\x82\x1f\x8f\x9b\xc3\xcbE\
\x08\x0e\xc0\x0c\xa8\x7f\xf4k\xffc\x9c\xd4\x11rmJ\
\x98\xeaa\xe4:\xcc\x9bg\xea%\xdc\xf6[\x16\x08\xcc\
XYK\xbd\x0d\xf8r\xfdc-=<\xfd\x1c\xac4\
k\x0c03>t\xe6\xdc\x8f\xa58^\xb7Hic\
Z\xbd\x91\xe8\xff5\xf4%Ds\x97\xb8\xee\x07\xbf\xcc\
\x15\xd6?c\x9e\xdc\x07v\x94E\xd8\xbd\xf7\xd4?~\
\xb6d\x07\xcfQ\x02\xa3[+\xcc\xed\x15\x9az\x06!\
\xf4h\xb2r\xff\xd7J!{\xad\xae\xa7\x8c\x10\xa9\x8f\
\xdf\xb1\xc8\x9b\xe1\x04\x84q\xc5\x5cQ\x96\xd8\xf6\xa6\xa3\
\x88\xd60+\xf1&gG\x04\x0d\xa6\xeb\xe0\xd7\xbd\x17\
\xb8k\xc2\x8b\x80\x16)\xa3WZ\xfdw\xeb\xf3\xf3#\
]\x84\xc6`\xc4\xf5\x8a\x04\x8d\xf7\xac\x8ac\x14\xe0\x19\
\x9f\xa3\xa7\x83\x90\x85\xdf\x8a \x93\xbb\xdd\xedn\xcd\xf8\
((\xde\x9c\xc9<<\xf4\xfc6E\xf4\xb3}\x162\
\x10\x11\x80\xfb\xfa\xa5\x99\x87\x16a\xcb\xb1\xe8\x9c\x11\x05\
\xb9\xbe\xce\x90\x860g\x1bu\xf5\x8f\x82\x8d\xa0L~\
\x94\xa1T\x98\x1a\xca\xfa\x0e\x0c\x8e\x10\x17\x18\xb10\x96\
]\x13\xf5-\xe1\x8c\x00\xb5\xc1\x9dp\xa1\x9e\xe0SG\
\x90\x04\xd8\x0b)\x0aS\x17\xe5\xc0]t\x1c$L*\
`$\xdeW\xb68\xb9\xdf\xfd\xee7e8\x04\x99\xf0\
\x14\x85\x84\x96\xc8\xc9xm<\xca\xdb\xe4\xfe\x9b\x09,\
F\x11\xf9RR\xe0g\xfc<\xad\xed\x01!,\xae\x18\
\xa6\xdc\xdb\xe7\x11\xefL\x80a\x82\x10\x8c\xcd}\x00\xc7\
b\x10Vai\xd9\xd8~\xdf\x86WYS\xcc~v\
\xb4i%c\xfb\xeb\xd4a\xae\xc6\x5c\x88\xb6\xe0\xcaY\
\xff\xf1xm\xc6\xe8\xbfQ\x81\xa3\xc2\xd1A\xf9U\xb2\
\x8cuf<\xfe]\x99u\xf7|\x12\xa4C]\x8c0\
s\x85\xd0\xc3\x08j\xbbd\xbb\xb90<\xf4\xb4\xa4.\
F\x14\x1a\xe7\xcf#h2\xc2E\x18\xa04\xe9\x90\xf9\
@J)A:f\xb2\xafw\xad?\xab\xc0L\xbc%\
\xc4S\x82\xd0T\xe5\xa2w2\xc7\xc0f\xf7\xe9_\x96\
\xfa\x9dq\x96\xd1\x0f\x09s\xea\x08\x11\xe3\x11\x92\xba\xbe\
=\xd7\xce\xfa\x16\xad\x07\xc9\xe0Xf\xbc\xd2\x18\xf8\x84\
T\xbb\xc4d\x00\xde\xd8\x00\xc8+\xd6\xceH\xf5\xb1G\
W;\x12\xdf \xcf<c\x01\xdb\xa1\x8e\x5c\xe1\xd6\xe6\
>t\x1eP\xbf\xd6\xe8+%/\xaf\x8e\x8f\x88\xdbR\
D\xdc\xc8@[\x11~)\x80\x9b\x22\x06 V\x0eP\
\xcaX\xc3\xf2\xe8Z\xbc]\x0b\x81\xbd\x15\xe9O\xb1\x8e\
*\x07\xf6B\x0a\xac\x08\x09\xccY(\xf8\x8e\xb3\xa2m\
<\xa6\x17\xae>QD\xe0\xadu\xd6\xafh;\xb8V\
\xf7C\xe1\x9aF(\x84\x06\xa6\xc9\xda\xde\x98\x9f\x15\xea\
\x95\x80\x96\xd0\x16\xbe#\x5c\x13\x7f}'c\xf0\xabf\
\xb5\x88m\xffy\x04\xae#!\x9d\x92+c\x1b\xcaP\
\xa7;v\xec\xb8\xc8\xbb\xfe\xe2/\xfeb\xf8\xe7\x7f\xfe\
\xe7y\x1c4\x90\xf0\x13/\x830\xf9>\x05h\xcf~\
\xc9X\x01\x11Jm\x19l7\xd9Ex=#\x08\x9a\
Y\xc6\xfcAr\xc6\xa5_/\xec\xaa\xbb\xe8e\xd45\
\x141\x164\x18c8=|\xd7\xdag\xb4\x1f$\x8d\
UG\xc01\x1a0\xf1Z\xa1\xd5\xeb\x9d_\xaf\xbe\xdb\
\xc7x\xf4\x05\x87`\xf3\xf8\x15o\xbe\x08\xc0\x00\xcd\x83\
\xbd7\xc1\x07Od\xf6G\x7f\xf4G~\xfb\xd0\x0b\x0f\
\x93mV\xac\x1a\x08:90\xe0q\xab\x0c\x123\x0d\
p\x1f\x80\x08s\xad\x7f,6\xc4y\x0c)\x0dTf\
V\xdd\xacBA\xccl\x92Zs\x8eh\x1dg}\x9d\
\x833B\x8e0\xd3o\xdc\xb7\xa7\xb1Wj\xae;\x1a\
\x0e\x22\xc4x\x01Z\x1d\xbc\xc5Y\x0aZ\x9e\xf1\x91\x1e\
\x1e\x1e\x8d\xcf\x11\xe51^\x8bO}\xd5Q\x90#J\
\x8f'\xa1\xb5\xe6\x90\x95\x92\xfdT(k\xe9\xb9_\x1b\
\x93!\xb0\xd0 \xcb\x80\xb8\x14\xa0\xda)\xcaY=\x04\
\xfa\x85\xb1X \x18\x98\xe0\xd6y.\x10E\xa9\xd7\xdf\
80\xab\xfc\xe8\xd5\x8a^\xa2\xdd\xf5\x8c\x89+\x82\xab\
D\x11kt\x9f[\xdc\x0c\xfeZ\xdd\xe6\xf5E\xd3A\
xrP\x06\xf8\x09m\xae\x19\xd4\xd2\xd2\xd2\x11\x06\xf4\
Jt\x8f\x0fr\x08.\xd6\x9f\x97%\x9cg^\xbfW\
h\x06\xb7v,\x96+\xc5\x9d\x1b1E\xb4\xdf\xab\x1b\
\x0b4\x82\x8d\xe5\xc4\xf2\xc3\x01$\xe9\x13\xa2r\xef,\
{\xc8\xab\x91\xc6f<\xa2;E\xacbn\xcch'\
\xc5+\xa6-\xb8\xba\xb6Ut\xe8\x17|}\x9f\xb5\xae\
K\x90\x07\xc7\x82\xe3\x15=_\xf8\xb0J\xee\x0b\xfa{\
\xeb\xd6\xa6\x9fq\xf8K\x96\x18^)V\x89\xf1\xea+\
\x0b\xa5d\x91\xc7\xb1MVP\x1f\xdc\x98V<o\xdb\
\xdd\xd1n\x80F\xe0\xda\x1c\xea\x11\x8e\x90\x14\x88b\xb1\
\xeaxL\xff?\xc5i\x07\xcb\xb8YX\x02\xebB\xf7\
`\xe6l|/\x08\xe1\xb0<\xb1yDp\xf0L}\
\x1c\xa1k<.\xcc\xa7>\xfd{\xd8\xdaJ\x08\xe7-\
\x82G\x0e`\x0b5\x04\x077A*\xda\x22T\xd7`\
\xe6\x87\xb2\xf0\xc63R\xef\x8co\x85\x82\xc0\x01\xd3\xc3\
12\x02G\xd8\xdf\xa6\xa3]Q\x0b6\x001\x1e\xcb\
h\xa37Q\x22\x8c(\x0a\xf0\x82s\xa30\xdf+\x09\
8B\x9f\x85\xa9\x0b\x8dII\xff\x1e\xa5\xf8\xc4\xe9C\
\xb1\x00\x00\x16\x18IDAT]\x19\xd6\x81cE\xf7\
}\x22\xdc(FX\x98ee\xebR\xcf`\x8a\x8e\xf3\
\x09\x82\x90\x22\x5cp\x12\x9e\xd4\xb5\x18>\x0b\xc3\xc1\xd5\
\xd3\xbd\x16\x12r\x04\xc7\xa2\xd4BV\x9a\x0c\xa7\xadv\
\xa9\xbd\x12x\x05\x7f[\xfby\xd0\xfaA\xa8i\xb9`\
\xdbq\x8cuF0\xe3s\x10\x87\x18\xe7\x08\xcaXL\
\x15\xe2s\x8cs\xdf{\x99\xbe\x18\xd3\xa7\xae\xe7\x8a\xe8\
q\x04\xbe\xb1,\xad\x18\xf8H\xcfl\xac=\x8a\x0f3\
\xfa\xa8\xc3\xb0c\xa32\xa3\xb9)\x02\xcc\xd0\xba\xd6\xc4\
\x1d>\xc0\x8dW\xbb\x1e\xcb'\xf7\xe9\xc7C\x22\x1fk\
\x93_\xfb\xb5_\x9bJ\x92z\xba\xb7\xd1\xb8\xc3'\xc9\
\xec8B\x86\xa0\xde\xb5\xc7\x0ca\xb6\xb7\x88\xfe\x1ap\
\xf0J\xd0\xed\x9f\x90\xc1\x1a{\x04\xc6Y\x08E\x8ca\
\xf7\xf7`\xcd<\xa2\xc1\xe9a\x81\xd93b\x5c\xe8\xb0\
\x9b\xba\x19\x8f\x00\xa3\xc6\x9c\x8f\x16\xfc\x82\xa7.\xf4\x82\
\xc70SG6\xc11\x1b\xbbJ\x0ec^X\xbf\xfe\
\x94\x86\x0f\xa1\x887\xd4G\xafZ}\xaf\xc0\xf6\xee\xab\
\x8e\xe6\x0a{+K\xb5\xa4\x173\xc7\x1d\xc7H\xd6\xbb\
\x9f\xc1\xf4_\xf9s\xe1\x11\x22\xc4\xea,\x16g\x8f>\
/\x880\xd5\xe7\x08l\xf7`e\xcd\xa2o,Q[\
\xdf/\x8a\x80\xc7\x824\xd9\xcbztj+\x839\xaf\
R\xc8\xf6\x93\x16\xca,\x5c\xcdi\xcd\x0a9\xf8\x22\xbc\
\xb5\xe0\xf6\xc2E;z\xc0Vo\x17\xdb\xb3\x8e<\xf6\
]\xa5\x08\xae/T \xc0\xef\xb5z\xcdE\xc1p\x8f\
4\x02[\x8b\x00\xf5\xfa \x98\xe0J\x18\x87\x04\x86\xb6\
(\xc25\x0bd\x1de\x85\x17\x06\xeeZ\x8a\xd0\x9fP\
\xd7Z@j\x8f\x90\x9c\xc1\xc3\xd3\x16\x14q~\x12\x0b\
\xb0\xc23!\xba\x06\x875\xbbN\xf8\x22+\xfc\x8cK\
x\x09\x0c\xfdx\x119T\x86\xd46@\xbd\xb6\x93~\
\xfd\xf8m\x94\xa0\x18 \x9d\xf2\xe2\xd7\xe1\x87\x1f\xbe\xaa\
\xf3\xa2\x81c\x22\xfa\xd0\xc1\x8a*F\x7f\xbeWf\x88\
#,\xa1i\xf6\x8eR\xcb\x9a\x94^\x11\xbd\xf5i\x9f\
\xcd\x13\xad_\xcfl\x1fBzz\xf4\xaf\xe3\xa2\x9f%\
\x1e\x13:\xba/Z\xceG\x0b\x9c\x99\x03\x5c'[\xa4\
\x08G\x94\x1c:\xd7\x02\xdb\xcb\x8a\x22\x14\x86Wk\x86\
\xe5\xda\xc5n\x19Xv\x16z\x18\xdb\xcc\xe8\x90jt\
\xedAP\xfd\x14\xbf\x15\xdf\xfc\x1f\x037B\x0ay\x1f\
z\x846\xc4GP\x8b\x14Y\x02\xf0\xb3\x0ds\x8fX\
\x84#\xca\x03K\xb8\x89\xab\xa7o\x9f\x04\xa8\x0b\x1e\x16\
\x5c\xc7E/\xb5.\x02<\xab\x132*L>,\xbb\
\xca\x19\x1f\x01\x12z\xf2\xfc\x18GByx[\x0b<\
XdJ\x09\xd6i\xf5\x9b$S\xe1\xdf\x86\xa7\xfa\x84\
\xc2\x8co\xe6\x081+e\xc1\x88\x92\xce\xd6\xd7\x0d\x97\
\xed\xe9\xab\xc3\xb0,\x07\xf0EV\xa8>\xb1\x9bB\xa4\
\xc0~\x97\xc9&\xa1zH!WB\x80\x5c\xba\xb6\x0f\
\x1e\xa9?\x98\x08V\x92*\x82\x19+\xb4\xe9\xe8\xf9\xb6\
{\xe3\x93\xd9\xb96\xb6W\x08\xc1U\x7f[\xdb\x07\xc7\
K\x17y]h\x16\x05l\xec)\xfd\x04\x1f\x8f\xf0\xf3\
\x15\xf5\x1bNo\xcc\xc4\xab_hE\x8f\xeb\xc8\x05=\
p\xe1\x99\xbc\x9c-\x06\x1f\xf3\x98\xc7L\xbd\xc4\x06\xbe\
>B!\xba\x1dQpS\x04FX\xb13\x844X\
/\x5c5\x0d\xf6\xef\x13\x85\xe1\xa4{\xb1\x9cXR\xe3\
\xa6\x0aa\x10\x9c\x87\xf3\xc9F\x088\x16\xa6\xcf\xec\x9d\
\xa9\xb9\x10\xc7\x0a\x0espR\x84t4}\xb2@\x02\
\x07\xcc\xde\x82\xf1QY\xd3y\xf0\x85\xd9\x9eacB\
\xaf\xb34\xd2\xbbGJ\xc6\xc0\x19\x85{\xae^\xf7\xb7\
$\xe0\x08-FG\x0e<\x15\x1c\x82\xc77\x5c\xb3\x0d\
\xbf&\xbb\xfahU{J\x09^\x1e\xdf\x82\x13\xe3h\
\x88\xab\xcc=\x22\x13v\xab,\xa4f\xf8\xfav\xe7\xd4\
\xc6\x1dD\xbdB\xb4#6\x84\x05X\xc6:\xd7v\xf0\
N\xcf\xa5c!i\x8b2)\x02lB%\xc80\x07\
\xa6#\xc2\xa2\xc8RD=\xbe\xb8\xe85\x9c(\x03\xbc\
\xf4\xd5\x87\x02\x14\xa9k\x9eA\xa7=t\x82\x89\x1e\xe7\
\x08c\xa9\xb2DV\xcdc\xb3\x98\x8d`Y\xb0W~\
\xaa\xad\xed\xbc\x06NxH\x02\x01\x7f\xe8'\xc7(\xd4\
^R\xbd\xe7\xdb\xd6\x0c\xe6M\xe3c\x98\xfd#\x84&\
\x9bF}\x95\x10\xa9C:\xf9\xbe\x8e\xd7`\xbc\xdf\xc4\
\x22i\x1d\xa0\xb8p\xc2M`\x10R4]\x02\xd9\xb1\
{\xf7n\xfb\xfc\x8d\xc80\xc1\x8a\x5c\x9b\xb4\xfa\xdd\xd9\
0\x07V/lJ*\xab;\xb4,\xb3\xc1\x0a\x9d\xa1\
9\xb8\xe1\x80\x9b\xf7x\xaf5\xa1%\xed\xe9\x1f\x05\xa3\
\xa1,w\xc5?\xbf\x80\x1b/\x8b\x10\xf5\x07\xcb\x9b\xea\
\x04\x8e\xbe((\x02u\xd6?cY|\xfa\x0a\xef\x8f\
}\xecc\xdb\x17\xc7xC\x1e\xaa\x91\x9f\x92\x10\x1d\xfa\
\xda\x16\x87\xc1Y;`<\x0c\x13\xf8\xe3\x1e\xf78\x93\
wS\x8e\xbe\x90)\x04\xaa`>\xc27.c\x09\xc6\
\xdb\xd6\x98A\xac\xb1Q\x94k\x84\x95\x22\xda\x8b\xbf\x18\
J[\x04\x15e8kg\xe5\x8c\xc1\xb5#\x8as=\
gf\xa6\x08s\x93\xfa\xd0\x06f\xaf\x00m\xeek~\
\xa8\x7f\x93Xn}\x19Yh$X\xd7y\x13\x10\xfc\
\xe0#\xc8\xd0@\x16\x8c\x11\x8d\x997\x5c\x0b\xed\x7f\xf0\
\x07\x7f\xd0R\xd5xH\xc6\x91\x8b1\x09\xa7s\xda5\
 B\x03\xc2i\xca\x011\x82 \xf3\xaad\xfd\x1fA\
\x13\xbe\x98\x18\xf7r\xce\x04\x15e\x18\x17W\xf5\x9d\x06\
_rO\x7f\xca\x06\x13N\xb0<F\xad\x07/\xf3\xdf\
\x06\x07#\x16\xd3\x0b\x18\xb1\x14\xd1\x7f\xf7-JO\xbf\
0fr\xad\x8ci%\xf4\xc4\x83\x9c\xa3\xd4\xf0\xc9#\
\x1d`\x18\xcf \xd1\x87'}\xfd\x80\xfb\xec\x91n\x93\
\x17\x18Q\x96\xf6x\x02\xa32V\xb6&z\xfc\xf6o\
\xffv[\x02\xc4\x18\xf0Kn\xe4\x8coF\x9d\xb1s\
E\xf4\x08LL\x89e\x10yh!\xdd\xa2\xe1z\x9a\
4\xb5\xd8\x13Rf;\xa2\xf3\x0c\x07\xc2^\x80\x08\x86\
\xdc{\xa5>\xae\x94I\x8c\x00\x22\x10\xfd\xbd\x07k\xef\
\xc5u\xc6G\x80\xe8\x22\x9cX\xab\xc9??b\x95\xfa\
0\x1a\x1e\x08\xa2\xbe \xdf>\x18\x85\xfeXq\xbc!\
L\x1bO(\xf5\xc3\x87\xf3\x079\xc1g\x9cv\xb2\xa8\
7\xd5\xdb\x0f\xd2SL\x8c\x89\x00\xc1s\xb8N\xb8f\
dK5\xdf\x08G\xb5C\xd1\xdayC\xc6\x82\xc9S\
\xa5\xe2d\xd8\xf3\x09\xf7\xfc\xe5\x01?<.\x1eJ;\
\x95L\x5c\x10!\xce;\xb0\xbf\xfb\xbb\xbf;\xad\x0f\xa7\
6\x02 B\x1ca`\x18\xe0\x08:\x8c\x0bm\xe5\x11\
\xed\xcb%!\x1aAi\x97:\x8a\xa1\xea\xc2h\x84\x15\
\x85\xc5rJ0\xe5\x10{\x9a\x82\xd1\xe3\xdc\x18(\xbc\
hPg!GaY\x80i\xd7\xb6H\x11%\xa4\x9d\
\x9e\x19\x13\x96>\xc2Ex5\xceWcx\x04\xc3D\
[\xf8\x83\x87p\x8d\x13-X8|\x92\x99\xa3\x8f>\
zR\x9fXkYX\xe6Ym\xc6\x1b\xe3\x07&}\
$Ka4}\x99+\x82\xf5\xfb\x8c\xa4\x8f\xf1A\xc2\
\x8a\x11\xe8\x1a\xd3\x14cc\xf0Q\x8fzT\xfb\xc1D\
E\xbb~\xbd\xa5G(QR\xbd\xe4\xbb\x22D%\x06\
c8m\xea<\x0b\xa9\xbcz'\xc2\x09\x0c.\xf0b\
\xcd\xc1S\xed\xdb\xfd\x14\xa8yB?\xca#\x14\xf8\x12\
^Y\x9cP\x18\xa5\x13\x94>QjOse\x85;\
\xbc\x8dG \x84\x04\x8e\xc3>\x18\xe1\xbd\xf7\xbd\xef\xdd\
%\xebs\x9f\x90\x85.\x82\x07\xd35>\xd0\xe3\xd9|\
\xfdSfKldH1\x0e<\xe8\xcf@|i\xe5\
u\xf5\x89\x04\xdf\x98P\xf0\xde\x97\xf9\xa6_\xdcu\xe7\
\xce\x9d\x83\xaf\xb3\xeb\xc8\xdd\xd4S\x02\xeb&D\xd9@\
\xe5\xc6S/Q!8\x13\x16b\xb9\x9c\xfb\x08\x93@\
*{j\xbf0\xac=\x93\x14\x86\x11I\xc9\xd7\xab\xc7\
\xb4\xf5,d\x07\xa2\x08L\x1f\xed\xf0\x87X\x8c\xabg\
\xa5p\x06\xbe1\x11\xa0k\x1e\x93\xedo\xf5Ii\x09\
Zq\x86\x83pw\xec\xd8\xd1>.\x956|\xc6J\
w\xd7\xffm\xd4\x22n9\xbf\xef\x8d'c\x8cM|\
\xa7\x04\xfd\xcds\xf5\x06y\xdb\x8d\x10j\x09]\x0aM\
\x16\xe8D\x87\xbe\xf5i\xb7fD\xde\xf3R(\xab/\
m\xaf)\x16\xe49\xb3\xf0d\x90xL\x9b\x99\xb4\x11\
\x8dXDQ\x869\xc3G-\x8cW\xb4C\x1cf\xe2\
\xca\x14\xe0\x03\xb0,\x01\xd3\xfa\x80\x83@Eh*\xcb\
\x5c\xa1\xec\x84\x10m\xe3p\x82\x0eV\x95\xd0I9)\
\xfa\xbb\xf7}\xb9\x0a\xb1{\xe2Q\xc1\x11x\xf0*B\
G\xe1<\xcc\xce\x01\x9ab\xdd\x99\x88}\x91\xcb\xa1\x10\
\x22\x9a\x19\x00c@\xa7:\x86)\xb4\xd6\xff\xdf\x09I\
S\xf3\xa8B\x1e\x94\xa6\xe8K\xb6\xfe!\xa6~\x05\xba\
\xf1\x94\x17\x93C[\xebX\xa5\x85\xa6h\x87Ph\xd2\
Ol\x1a\xc8\xa2 \x07\x0c\xc1\x18\xa1q\x84\x94EM\
\x9e\xfc\xe4'7e`H\x1f\xc4*\x94\x02Q\x18\x17\
2|\xaa\x1e\x1e0\x8d'8\x0cZ\x85V\x988\x0c\
\x81h\xc1\x88sp\xcf\xe8\x9c\x87\x01a.\xe12m\
\xe0\x12L)\xc2\xe4\xba=\xf0{cH\xf8!$\xfb\
i,3\xde@\x01\x09#\x0c\xa6\xbe)\xd7~\x99S\
_4&\x9c\xea\xaf\x1f\xfe\xbc\x18Q\xd9d\xfb/#\
/Z\xf3\x14\xb2!||\xa3\x07\x1d\xbc\xf8\xc5/~\
q\xfb\xcdq8\xf3\x7f\xdd{)\x82\xc5\xa6\x98p\x96\
j\xe6G\x84\xdfl5\xb1\x10\x98\x1c\x19`D\xf5.\
\xea\xdbl<\xc3?\x8fG\xe8\xfa\x22V_c\x11\x83\
@\x1fu\xc2$!\xaaG\x88~\xc6\xc9\x9c(T_\
u\x04H\x19\xae1\xdf\xf7\xf7\x7fo}\x1f\xfd\x8c3\
Ic\x9aA\xc4\xb0\xd0\x10\xa58S\xae\x18\xeeyq\
\x1e\xdc\x132\x18p\xa0\xc5\x87\xfd\xfc\x1ar\xc2Z\xc2\
\xa9\xfd!p\xc1\x17\x82\xec\x1f\x09\xd1\xf9\xa5\x03r\x11\
-\x12\xba\xf0\x89\xdfSO=u\xf0\xcf0u\xbf\xa7\
\x14\xd6>\xa1\x13\xfa\xe7\x82\xaf\x8bm!V\xa5N\xf2\
\xe0\x22l\xc5\xa4\xf7\x92\x97\xbcd\xf8\xf8\xc7?\xde\xfa\
#\x22}\x13\x8e0\xe71\xab\x94\xad6\x09\x9b\xc6\xa3\
\xb0>\x1c\x08W\x05o\xc5\xdbo\x09#\xc6\x82\xe7\x9e\
p\xca\xc3\xbc\xc0\xd0\x88thw\xc0KH\xf1 ?\
\xa2n\xe5\x9c\xf9\xc3x\x07O\xb1\x00\x8b\x02\xa3\x0c\xc2\
UG\x80\xfa\x11\x22\x9a\x93\x15j\xa3lgk\x15_\
\x9d\xac\x14x>\x86p\x15o\x8c\xa3\x977\xd5?\xc9\
O\x8f:\xea\xa8\x06+\xde\x1f\xe3Ag\x14[J\x98\
\xfc\xe5_\xfee\xe3\xa1\x8c|\xbb\xff\xa4\xc5\x13Zb\
\xb8\x0dx\x95m\x89\xfd\x98\x17;\xeb1\x9e\xff\x0bh\
\xffI\xea+\x8c>\xa0-\xedj\x9d\x0b \xeb\xd6\x86\
@\x8c\xf1(\xd9\xc7\x1f\xfe\xe1\x1f\xb6E\x1f7\x95\x81\
E\x88\xe0*u^\xfe\xfb\xbf\xff\xfb\xf6etV\x06\
V\x94\x8b\x06{[~\xcc\x9c\x80\x148\xb4#Zq\
\xcdJK\xd8{\xacM\xa2\x00\xf0\xc1+\x05\x0dR\x5c\
\x0c\xc6`\xd0\xa0=\xa1Lb\xe0\x83TvD\xf5\x01\
3\x02\x11VE\x80\xc0N\xd8J\xa8t/u\xff\xfd\
\xdf\xff\xfd\xe9\x91G\x1e\xd9\xfe\xe1\x06lB\x0fm`\
\xe0\xc5n\x82\x84\xc7\x8f\xdcS.\x9e\xec\xf0R\x9c\xbe\
\xc6\xecU\xc2P\xb6\x0fx@\xe5\xd7\xedk'\x05`\
\xa89c\xa8\x1f[o\x9f\x1f\xce<`\x8c\x95b\xe6\
\x8f\xb8#\xab\xa9\xdf\xd2\xf6\x89\xcc\xf6u\x94\x22\xca\x8c\
\xdc\xbe\xe3S!\xab}\x19\xe5\xb8\xe3\x8e#\xb06\xa9\
c$\xa9!\x98<\xc6\xb7\x872\xae\x88n\xe3K\xa0\
\x0d\x9e\xeb\x9aS\x06\xaf*\x1a\x0f\xbf\xb3,\xc5\xe7\x8c\
\xf5C\xb3~`\xe0\xc1u\xea\xea\xa1\xfd\xc0\xd3\x8d\xa3\
\xd4x/\xe3\x12\xd6|U%\xf4\x1a\x83^0+,\
\x0d\xb5\xef6\x9cv\xdai\xcd\x10\xd1\x1a\xfa\x9d\xc3\xbf\
3\xb8>\xbd\x5c\x86\xd5`\xa1\x01\x1f\xb5\xe5\xd1\xb2&\
\x06\x86o0\x9c\xdd\xbb\x9e_\x00@\xd0&\xd6\xe3\x8f\
?\xbe}J\x86\x00\x09\xa0\xdcjx\xc2\x13\x9e\xb0\xea\
[\xd0\xb4\x0f\x08f\x8cu\xf4\x84\x94u\xcf?\xd8T\
\x160\x17ne\x17\x83\x18\xac/\x81d|\xd2\xdb\xa7\
>\xf5\xa9\xf3\xcf\xd4\x18\xe7\xa0DL\xa1\xc9\x99Pd\
u\x18As\xe5\xfc\xed\xdb\xda\xfajw\x10`\xc5\xed\
&\x04\xd7\xb5\x95\xb1\xcb\x0b\xd7\x0c\x08\xe3\xf0:\x9b[\
\xd0q\xec\xb1\xc7\xb6\xfe\x14P\xcfJ\x9a\xf0)\xb3,\
\x7fW\xed\xb7\xb5\xef\x90Fh\xbc)\xfc[\xac\xba\xc7\
\x0f\x830\x1f\xec\xd8\xb1\xa3\xd1b<\xfc>\xe5S\x9f\
\xe4l}\x1c\xf0&,\xbbn\x8a\x88f\x08\x12A\xee\
i\xb4\xe2}\x03\x16k\xaa\x8c\xaai\xd5\x0b\xcb\x84\x86\
\xa1X4\x02C\x9c\xf1\x90\xf9i\x07\xfd+\xcf\x9e[\
Y,\xb4V\xe8\x03\x01\xb0.\x078\x18\x82_\xc6\xc6\
#\x09\x85E\x12>\x1a\x9c\xd5\x11r\xd1r\x96,\x0c\
^\xcc\xbf\xe0\x05/\x90P\xec\x22pJ\x8b'\xe9[\
a\xa8\x8d\xad\xb8\xde>uL\x80\xe8G\xef\xec\x7f4\
\xda\x8a\xb7\xd62\x0d6\xa3s&\xc4z\x8e0\xd4<\
\xd9Rf4\xc6X]\x1b\xdf{3\xbe}\xde\xa0\x16\
\xbdm<\x9c`\xa1\xa52\xabA:\x1cYG\xceQ\
\xc2\x5c\x11\x04\x87\xa9h\x8bp\xea\x97c\x1a \x8c%\
T\xd4\xa4\xda\x94a\xc24\x98[\xb2,\xe7x\x04\xe2\
\x82@\x08z\xe9K_*#\x9a\x87\x16\x1e\xb6\xb4\xb4\
4<\xf7\xb9\xcfm\xe3\xa2\x88(\x90\x85?\xe3\x19\xcf\
8\xa3\xe6\xab]\x98q$\xccPL\xbc\xe4\xa4\x93N\
jx\xc4`B\xc6<EEY\x04\xa0\xbf3c \
l<\x82\x1f\x0b6\x9e\x80|\xfe\x0c\x9f\xe1\xb5h\xdc\
U\xf3\xdd \x85\xa7h\xfd\xf0\x22Z\xc4`\xc1A\xbf\
6IBe\x99-\xb4EV\x95\xf8\xb4\x88PF\xb3\
\xeb\xe5/\x7f\xf9<\xa4\x85\xcf\xc8(\xe7\xa6\xe9(\xc0\
\x19\x22\x8d&j.\x16f\x08\x10S\x95\xd9\x0c\x95\xb6\
\x0d\xb5\x02\x9f\xf7\x8d\x12\x8cC \xe1\xc6c\xdc\x9b\xa0\
\xcd3\x95\x04\xec\x12\xe3\x09\x8d\xd5\xfb`,\xc5\xb1R\
\xfdb)\xd2\xbec\x8e9\xa6\xcdO\xfa:\xc7\x9b2\
W\xd4\x13\xc4\x81\xd7\xd5\xe2S&\xb3\xca\x9a\x8d\x81G\
_\xde\xf4'\x7f\xf2'\xed\x97\xefc\xc5\x89\xef\xc2\xdb\
S\x9e\xf2\x94\x81\x81E\xc1B\x5c\x19\xc2Y~\xa4=\
\xf3 \xfa\x1c\x11\x9ak0\xd0\x0c\xae\xefK\xf0\x1e0\
x%z\x85u\xf7\xf86\xffD6\xce\xf8\xdc+4\
\xa9\xc8\xa4\xe1:V\xee\xfa5\xafy\xcd\xfc\xc3},\
\x8d\x96\x01\x87\x84\x92L\xae6\x0b\xf5E\x1c\x04Q,\
\x01\xc7S\xb4\xb1\xdc\x17\xbe\xf0\x85\xcd;b\xe9\x95\xc1\
\xb4\xaf\xadc(\xa1)\xca\xb0\x1a?\xbc\xbeFB\xa8\
,\x95P\xd1\xe0\x1a\xb3\x84W{;\x83P\xa0\x9e%\
&\x8c:Ga\xb5%=x.\x12Z\x18\x89I\x93\
\x90O9\xe5\x14\xdb\xe0g1\xb6\xf2\xc0\xf6a@^\
\xa0\x0fz\x18\x98\xbe\xe8#@\xf7\xc6E\x88\x0c\xe6\xc4\
\x13Ol\xc9\x09\xba(@(Lh\xaa}\xb4\xb6\x86\
\xc0S\xc2\x18X\x09\xe5\xbdW\xcc\xb5\x1c\xaf\xd0\xc8\x1d\
\x09T\x16\xf4\xacg=\xeb\xac\xca\x7f\xe7q7B\x84\
\x98\xf5\x88\xa1\x5c3\x93-b]C\xe6\xc0\x08e\x05\
\xae\x10Q\xa9\xeeP\xa9d#Z\xfc\x14\xbb\xb5\x13\x96\
\xc5\xa4k\xe3^\xfd\xeaW\xdb\xf5\x9dO\xde\x99Ls\
&\xec\x08<!\x81P\xa3\x90z03\xf8\x08z`\
\xa3\x0b\x9f\xce\xf5\x0f:\xde\xe3jB\xe3QO\x7f\xfa\
\xd3[\x1c\x8f\x17\x90\x01\x03\xa2\x14\x824NZ\x9a\xb9\
Bv\xc9\xd3ja\xb8\x0b\x8c(\x93\x5c\x02S\xb8\xe2\
1\xf0%I \x1f0z%\xb8n\x15\x046nL\
\xb8\xb0\xbfs\xc2\x09'\x0c\xf5$k\x9e\x95\xf0\x88\xc4\
b.y\xf2\xc9'\xb7\xfd\x94<\xcfH\x88\x0br8\
\x22\x00\xc2\xb6\xab\xf9\xcaW\xbe\xd2;\xa0\xb2\x92\x96\x8e\
\x9a\xbcc\xa9!\x92\x17\x11\x10e\xc4\xed\x09\x99\xe5\x05\
\x7f\x0c#\xc2\xcf\xa4n\xf2\xb5\x98b\xd9\xe0\xb1D4\
0.\xab\xe7z\xb6\xd2\xac\xd8\x5cHY\xc9\x9e\xf0\x8d\
n2qM\x88}\x18A\xa3p\xc8\x80\x18\x12\x18\xbc\
\x89L(\xc0\xc1\x13\xa4\xf1\x14\x07/\x18\x0et\x805\
\x0eKsE\xa4\x13\xcd'\x93\xc8\xa4\xa4\x93\xdc\x9bg\
\xd4\xc2\xadyF\x84\x22\xc5\x83\xb8B\xd6\xae\xda\x87o\
1\xdf\x9eJ&\xf0\x08\x00SQJ\xda\x9c\xfd_\x9e\
TYzW\xca\xde\xc5\xb3\xa24\x96\x88\x09\xa1\xab6\
\xd5X^\xf3\x0c\x8c\xf7\xeb\x03\x82GS\x14\xc12\xcd\
c\xe2\xbcl\x07<|\x11*c\x93h\xd4F\xddP\
\xbf\xb7\xd1\xbc\xc0<A9\xbd\xa5Fx\xea\xd0\xee\xec\
\xc0[\xed\x1bY\xf4\xce\x8d2\x1eI\x0e\x14R/\x91\
\x0dV\xd4\xf0\xc1\x1dCp\x9d\x94\x19\xfc\xb12\xe6!\
$\xa1\x04\xb19\xd4ebA\xac\xff\x0d\xab}\x9a\xa1\
V\xce\xbb0\xce\x0adV\xceB\x03\x02\x9f\xf9\xccg\
\x9ee\xbb\x01\xe2\x1c\xb1F\x0aw\x9d\x98\xa9]\xd8\xaa\
\x15\xf7M\x84\xab:\xcf\xc7\x08\x0d\x0e}\xfd\x8a\x8d\x8c\
$\xf3\x03|\x14\x10\x1a\x08_\x1d\x85\x14m\x83\xb5\x08\
%\xc4\x12\xc1\x81\x97\xc7\xf2\xc4\xa7=\xedib\xf7\xfd\
\xd5\x11p\xe6E\x1eC@Q\x5c\xf0\x13\xa6\xd4\xf4a\
\x0f{X\xcb\xf8\xe2\x85\x0c\x92Q\xe0]v\xf4\xe8G\
?z\xf0L\x07\x8c\xcc\x95`\xb9\x8e|\xfbs/\xa3\
\xf6_\x8f\x8e\xbe\xe4\x1e\x80B6_\xc6#\x94w\x9c\
y\xe6\x99\xcd\x9d+\xb3X)D\xed\xff*\x8a\xa0\x06\
\xc7\xc6a\xb9\xa6\x8c\xab}\x7f\xcd\xef \xd9aE\x1c\
\xc6\xcb\xaa\xe7\x9b{\xb9\xe6\xeeV\xee\xfa\xd9D\x83\xb7\
\x84:\xdf~\xe0\xe2\xf0\xd9\x221\x99b\xa6BS\xb3\
\xba\xb2\xc8\xd6\x1f\xc3\xb6\x1d<\x1b\xa8\x8ck\xea\x97\x03\
\xc0W\x08\xba\x84\xd7\xaeM\xb0\xfa{#;F\x01W\
)u\xbe\xbf\xa4\xbd\x94\xdbh\x96\x99\xf9bX\xf1\xdc\
\x1e\x11\xc0\x03.^\xf5\xa9q+\xe5\xd1\xcbvak\
\xb2o[\xe3\xe4\x91\x12\x1e\xfb\xba\xb4\xad\xaa\x8b\x22\xd6\
\xd3\x18\x82\x84\x0a}\xf47\xa1\xca\x06\x9e\xf4\xa4'\xf9\
x\x1e\xcb\xdc\xc52\xe2\xa6\xac\xd3\x0a\xda\xc2\x8d\x17\xc5\
=Y(\xe1\xc5\xcb(60\x83\x83\xfb&F\xc7b\
3\xbf\xd8\xbf\x01\x97E\xf2D\x9e\xc0\x1a\xdd\xb3NY\
\x98U6\x1a\x09?\x16\x9e0\x0bW\x1f\xaf\xb5\x87\x7f\
8\x8dq\x8f\x06s\xa3\xb5N\xbd\xa1\xd7<\x11||\
e~\x14\x15dl\xbcKz\x9e\xb9\x04\x9c\x84\xa5D\
\x80\xde#\xfa\xeb\xe0v\x9e\x13\xe2f\xac\x8c\xcc\x1d\x19\
\x90XIh\xfa\x02j\xbbBX1\x7f\xd4\xd6\xc0Y\
\xe2xi|\x9ee\x99hM\x88\xc2\x8e\x091\xb0\x22\
\x84\x08\xcc=\x018GQ\x98BC\x04$F\xd7#\
\xc9\xa1\xbcl\xbex\xa3\x0c\xf8la<\xe79\xcf\x99\
\xc7\xe1d=\x89\xf3\xe8M\xc8\x00\x93q0\xae\xd0\x93\
\xb8-\xa4\xc9\xd6L\xe6\x95\x22\xb7\xd5:\xf8\x09\x83\x85\
\xfb,m\x94d\x830s*\x98<\x1b\x0e0\x93m\
\x81\xdb\xcb5\x8a\xe8\x95\xe0\xba\x85\xa6qI\x9d3 \
\x5c0\x05c\xea\xb9:\x81\x09\x0d\x880\xa9J\xe9\xfc\
\xfe\x91s\xdd\xbf\xb1\x90\xde\xb2\x18\xde\x8e8!\xa7\xc2\
\x95u\xc4r)\xedSvB\x95\x08'n\x0a\xae\xeb\
\x10\xec\x1e>\x0a*k\x9c\x9c~\xfa\xe9\xb6\xdd\xdb\x1c\
\x906t\x80\xfd\xecg?{\xea_\xa2\xd0S\x9e\xd2\
`\x80\x8f~0\x09E\x08\x15\x8a\xf0\xe5\xac\x8e\x01\x80\
g\x11[\xff\xdc>\xf8\x92o\xad\xa2\xdbk>\xe5\x0d\
{j\x12\xde\xee\x91\xa8\x1f\xd4\xaa\xa7\x93S\x0f\xb1<\
2p\xa0\x8d\xa1(\xc2[\xc2!\xbc\x0a\x1c\xe1-r\
u\xbf*,U\xbf\x1fI\xb8\x0d\xbb\xa8\xa4\x933@\
\x80\x86!\x0c*\x80R\x82B \x88\xb3\xdf^\x02\x9b\
\xb2|\xa9\xa7\xadi\xe7|\x9e^\x9c\xaf\xbd\xaa\x15\xcf\
\x03\xfc\xa37\xe1-\xd5\x83(\x02V\x08.\xc2\x22\xa8\
\x9e\x8e0\xe1y\x89y\x88w\xe8[\x82j\xfd\xc0\xf1\
\x841p\xd4\x11J\xe0\xb8\x8eb\xa2\x0c\x89\x829\xcf\
\x0f<\xfa\xb5MI\x81\xf9\xa8\xd2\xd2e/\x87\xe1\xc9\
\xaf'x\x09\xcd\xfbO\x1e\x0e\x85V\xca\x1f+\x00|\
^LFp\xb8\xdflY\xa8\x88\x0cf\xfd\x80\xb2\xa8\
\xde+\xb4'4\x11\x10&\xf5\xcb5\x85x\x81\xd9\xff\
\xe5%f\x22\xba\x18\xbfIM\xca\xcb\x95\xa6\x9eZ\xca\
\x91\xb6\xb6Y-\xc2\x22<\x0a\xa7|\x05<\xd6\xcd\xd2\
(]?\xcfLL\xc4<\x10M\xea\xaamO\xcd\x1d\
\xd7b\xa1h&\x04J\x02'\x1e\x06\x1e:\xd5\xa3%\
J\xd6\xbfp\x9a\xd3\xdao4y\x9eB\xe0\x84\xc8k\
\x13\x16%\x07\xf1\xb2\x18!\xda\xc0\x8f\xb1\xc2\x11/\xa1\
\xa8x\x22\x5c1\xa4\xc6\xd8\xa2\xa2\xc3zGB\x84>\
\x84\x840H2\xa6W\x08&MT\x5c}<\xbf\xe8\
\xaf/\xc6\xb3hb}\xeac]=\x1d\xfa\xa6-\xd7\
\xc6\x09Q\xb5\xe1\xe7'\xf1\xe7\x93h\xc5\xed3\xe4\xee\
\xfag\xbd\x02&z\xd4\xe1\x01=\xce=\x0eu\xd2\xf2\
>\xd77.\xf3W\xcfC\xea\x13J\xd3\x16/\x0b\x8d\
\xbd\x5c\xd4\xa5>r\xea\xe5\xd9\xd3\xb2\xaeGP\x5c\xac\
\xd35\x8bJ8r\xdf\xbb\x9ek\x9aO\xe8\xd2\x9e8\
\xe9:\x05<\x16\xab\x08+\x0a\xabr\xf4%\x16\xab.\
\xd7,\xcc\xf8Z\xb0}\xa3,oO\xc1\xdf\xee\xbe\x1e\
&\x1d\xe11-a\x81\xe3\x9ct\x1a\xb3\xc6\x07\xa7\xfb\
\x14\xb4\xc6\x93#0m\xf8\x04\xc3\x19\x0f\x09s\xee]\
\xf7|\xf6\xf2Y\x8b\xfe\xf0\xd0\xf3\xd4\xf7u\xbd\xfa\xe5\
\x9aq\xeb\x06\xf7\x88\xd8\x9fc\x03\xf0\xad\xb9'\x1e.\
\xf7^\xfb\xa98\xbe\x9d\xe5\x12\x8e\xdc\xdd\xe3O\xc2v\
\xaf\x10\xec\xbe\x94\xe0\xc89\x82\x0f-\xeb\x09s_\xf0\
e\xcc~)\x22D\xaeu\xdeHI\x9b!<\x8c\x13\
,x,Z\x06c\xd2V\xcc\x1f\x9e\x05SD\x84\xa5\
\xdfV\x15\x01O\xaf\x84\xb1\x22z\x85l\x86\xee\xad\xf6\
\xd904m\x15\xe0\xc5\xdd\xbf\xb7@\xd7B \x8fX\
\xaa,I\xa9\x10\xe5\xe7\xaa\x0f\x93\xcd$\xfe\x8e\xc3\xdc\
F4\x8dql\xd4\xff\x92h\xdf/\x8f\xb8$\x08\x1a\
\xc3\xec\x85\xa4M\xcc\x16\xd7\xa5\x93\xe6\x8c\xcap\x96\xa3\
\x14q}+\xa5\x9f/\xb62\xee\x92\xe8{\x89z\xc4\
F\x8c\x8e\x85\xbc\x88\xc1\xf4q\x06O\xc8`\xf9~\xd0\
\xcav\x83t\x96R\x14}x\x03e\x8d\xd3\xedE\xb0\
/Mu\x97\xa8\x22.\x09FM\xc8,_\x96\xe4\xfd\
)/\xa7e~\xa0$\x85\xa26\xab\x88\xf5\x8ce3\
\x86rq\xf1x\x89*\xe2\xe2b\xa4\x17\x96\xac\xc8D\
L\xf8\x14\xe1\xb0\xd8\xea\xd3\xcf\xfd\x15N\xf0-\xa2\xbf\
\xa7eQ\xfb\xbe\xe2\xbeD\x15\xb1\xafDe\x1c\xa61\
\xdb3\x9c\x15\xb3pt\xff\xfb\xdf\xbfmw[\x90Q\
L\xd6\x04\xc2S\xc6\xaeG\xc3Z\x82\x5c\xab\x1e\xac\xf5\
\xda\xd6\xc3\xb5Q\xdb\xc2M\xbf\x8d\x06\xfd_\xb5\x13\xae\
\xb0\x93\xechw\xfd\x1f\x83\xe7\x1dy\xc53\x0b\xc8\xcd\
\x86\xa5\xff+>\x16\xe1\xfd\xb1S\x04e$\x0ce/\
'\x8cm\xc6\x0b\x16\x09\xe1\xd2P\xf7\xff\x01\xc5\x18\x17\
\xb6\x98\x9c\xc5\xf0\x00\x00\x00\x00IEND\xaeB`\
\x82\
\x00\x00;\xbd\
\x89\
PNG\x0d\x0a\x1a\x0a\x00\x00\x00\x0dIHDR\x00\
\x00\x00u\x00\x00\x00\x80\x08\x06\x00\x00\x005[&\x16\
\x00\x00\x00\x09pHYs\x00\x00\x0fa\x00\x00\x0fa\
\x01\xa8?\xa7i\x00\x00 \x00IDATx^\xdd\
\xdd\x09\xb0eWU7\xf0{[\x86\x90\x04\x03\x09\x04\
\xd3\x04xJp\xe8\xf7\x1c0h\x9c\xf3\xa2((\xe4\
s@\x93\xc2\xa20 \xe8\x07A@\xf9\xf8\x0c\x96\xe5\
T*P\x88\x02\x1a(\xc4\x82\x00N\x04AM\x94I\
\xb0\x1f**\x0aN\xbc\xd7\x0e4\xd2H\xe8\x18B\xa2\
\x81\x84\xc1\xa1\xef\xb7~\x9b\xfb\xbf\xb5\xfbp\xdf\xd8\xef\
\x85\xf6\xdbU\xa7\xce9\xfb\xeca\xad\xf5_k\xed\xb5\
\xf7\xd9\xf7\xdc\xf1d2\x19\x9d\xcc\xe9?\xff\xf3?G\
\x9f\xf1\x19\x9f1\xda\xb7o\xdf\x08\xad\x9f\xf8\xc4'F\
\xa7\x9cr\xca\xe8\xd8\xb1c\x8dl\xf9\xd2\x7f\xff\xf7\x7f\
\xb7\xe7\xee\xff\xe3?\xfect\x87;\xdc\xa1\x1d\xca\xdf\
\xf9\xcew\x9e\x95\x19\x8f\xc7\xb3r\xaeSW\x1f\xd2\x7f\
\xfd\xd7\x7f\xb5\xfe\xf2\xace\xfe\x0fK\x9f\x94\xc8IH\
4`\xa4;\xde\xf1\x8e\x0d\x84\x8f}\xecc\xa3\x8f\x7f\
\xfc\xe3\x0dP\x82w\x04\xd8\x90\x0f\x08\x07\x10\xa3\x00\xca\
\x04\xf0\x80\xde\x83\x96\xe7\xcaH\x01}\xd8v\xfa8\xd9\
\x8d\xa0\xf1p\xb2\x12\x09@\xe0\x102k\x05.\xab\xcb\
\xfdG?\xfa\xd1\xd1\xad\xb7\xde\xda\xac\x12 ,\xf4.\
w\xb9K\x03\xfdnw\xbb\xdb\xcc\xdab\x81\x98\xc5\xab\
\xfa\xca\x07\xc4x\x81\xde2=\xcb}\x9f\x9f6\xe2\x1d\
\x02\xf4\xc9v\xbe\xc3\xc9FP\xe8!l \x00\xcd\x19\
\xa8\x7f\xfd\xd7\x7f=Z]]\x1d\xbd\xfb\xdd\xef\x9e|\
\xe4#\x1f\x19\xfd\xfb\xbf\xff\xfb\x08\xb8\xac\x96\xab=\xed\
\xb4\xd3F\xa7\x9ez\xea\xe8\xac\xb3\xcez\xf1\xc2\xc2\xc2\
\xff\xfe\xdc\xcf\xfd\xdc\xd1\xf9\xe7\x9f\xdf\xf2=\x8f\xf5j\
\x0bX\xac1@k#\xae^\xd9\xf5\xd2\x10\xe4\xf5\xca\
}:\xf3\xd7\xa7\xfe\xd3H\x15a\xb3\x06\x07k\xe5z\
\xdf\xf3\x9e\xf7\x8c^\xfc\xe2\x17O\xde\xf8\xc67^\xf9\
\xc1\x0f~\xf0\xea\xb2\xa6\xb3\x8b\xc4{N\x0f\xd7\x1f\xac\
\xe3\xc6\x12\xfa\x8d\x05\xda\xdd\xefs\x9f\xfbL\xbe\xe1\x1b\
\xbeat\xbf\xfb\xddo\x0ch\xe0k\xf7Nw\xbaS\
;\x03\x0e\x88I\xee\xd3\xe7<\xef\xf5?\x01\xcc\x19/\
\x9fF\xec\xd6\xed:V\x14p\xdd\xbf\xef}\xef\x1b\xfd\
\xe9\x9f\xfe\xe9\xe8\xfa\xeb\xaf\xbf\x9c\x9b\x8d\x95%\x80\xaa\
\xfb\xb3\x0b\x8c\xb3Y8K\xfc\xe7\x7f\xfe\xe7\xd1\x19g\
\x9c1\xfa\xf0\x87?\xdc\x5c1\x00\x95\x05*\x80c\xad\
\x14\x86\xcb\xe6r\x13\x84eL^\x97\xc0\x93\xfc\xc1I\
i\xa9,\x85\xe5$0J`\xc3\x15\x7f\xe6g~\xe6\
\xcc-\x03jhU\xee\x03\xca\x07>\xf0\x81\x17}\xe8\
C\x1fj\x80Q\x84\xbao.\xdc\x98[\x16\xdc\xc0\x04\
2\x80s\xc4\xed\xa7\xdd\x9c)\xd6\xc9>\x96\x9e\xd4\x96\
\xcaz\x8c\x83\x04\x9c\xe9\x09P\xca\xc2^Q\x96\xf7h\
\xc2\x8d\x15g\xfc\x03\x5c\xac\xd7x+\xff\xaew\xbd\xeb\
\x13\xaa\xec\x13\xa3\x14\xefx\xc7;F/x\xc1\x0b&\
\xff\xfa\xaf\xff:\xfa\xea\xaf\xfe\xea\xd1\xe2\xe2\xe2\xb8\xc6\
\xde\xd1\x17\x7f\xf1\x17\x8f\xf6\xef\xdf\xdf\xc6\xd9\x1e\xd4\xa1\
\xc2h_\x99\x93\xdd\x15\xef\x89\xa5\x12\x06\x01H\x84\x94\
$\x7f=\x81\xb0:\xcf\x12\xf0p\x85\x993\x02Q\xa4\
[Vuz\xda\x8a\xd5(\x93\xa4~\xac\x5c{u\xbc\
6\x16\x06\xf4[n\xb9e\xf4\xde\xf7\xbew\xf4/\xff\
\xf2/\xa3\xbf\xff\xfb\xbfg\x9d\x93\x1a{\x9b\xd5\xde\xff\
\xfe\xf7\x17T\x8d\xbf\xf0\x0b\xbfp\xf4\xd9\x9f\xfd\xd9\xa3\
3\xcf<\xb3Yrx\xd1\x9f\xb6(\x1c\x05;\x99\xd3\
\x9e\x80\x0a\xd0\x80I\x98\x04\x9f1,\x11&\xa1\xc4\xb2\
\xe2\xfa\xe4Eh\x01#\xedL\xcf3P\xb7(\xd4O\
)_ =\xaf\x02\xa7\xa7\xea\x07]\x00~\xff\xfb\xdf\
?z\xdb\xdb\xde6\xfa\xdd\xdf\xfd\xdd\x0f\xdc\xe3\x1e\xf7\
\xd8\xffy\x9f\xf7y\xa3\x03\x07\x0e\xac|\xd5W}\xd5\
E_\xf9\x95_\xd9\x00\xe61\x00{\xb2\x03J.{\
\x02j\x0f(\xe0\x8c[@r\x1d\x0b<\xfd\xf4\xd3\x9b\
U\x06t\x02\xbb\xed\xb6\xdb\xda4\xc5\xb8'b}\xc0\
\x03\x1e0\xfa\xac\xcf\xfa\xac\x19~\xd5\xc6i\xebY\xfa\
: \x9f\x96|\x167=\xee\x9cH\xd83\xfd\xc7\xcd\
\xdex\xe3\x8d\xfb\xebhV\xfc\xd6\xb7\xbe\xf5\x9eE\xc7\
\xa4h\x1c?\xe4!\x0fi\xb4\xf6^a\x9d\xfeN\x8a\
\xec=\x01\x15g\x04@X\xac0\xc2\x93\x07`\xdaN\
\x98\x84\xab\x0c\xa0\xb9\xc5?\xfe\xe3?\x1e\xfd\xe5_\xfe\
\xe5\xc4\x5c\xf4\x81\x0f|\xe0\xe8{\xbf\xf7{\xc7\xe7\x9c\
sN\xab\xafn)\xc5\xe9\x82\xa0\xac6\xad'\xc1\x80\
T\xcfO\xef\x95`\x0a\xea](W\xdc\xa9<\x80e\
l\xf6\x0c\xcd\xff\xf6o\xff\xb6X\xd6\xfb\xeco\xfc\xc6\
o\x1c\x99\x1ay\xae\x0eO\x93\xb2\xdbT\xb0\xf5\xc8\xdd\
\xf5\xfc=\x015Qk\xa8\x9d\x02\xd2\x84E0\xc0\xe4\
\xfen\xb8\xe1\x86\xd1\xbb\xde\xf5.V11]\xe1\x06\
\x955\x0d!8\x01O?&\x97@O\xdf\xa6\xb5\xcc\
\xdcog\xa9w\x0a(\xb1R@f(\x08\xa8\xd31\
\xfb.\xa1\x1d/\x19\xc7\xc3W\x94\xe7d\x03wO@\
\xed\x81\x000\xeb$H`\x1a\xc3D\x9f\x7f\xf2'\x7f\
2z\xcb[\xde29|\xf8\xf0\x1a\xf0<\xeb\x83%\
\xc2\x8dk\xd6\xdetL>\x8d\x90\x87\xc2\x1d\xaazg\
\xa93\xf7\x9b2\xd5\xee\xa9Q\x0c`\xf4cw\xea\xa1\
E\x9f\xcaN\x03\xae\xd6\xe7z\xfd\xaaw2\x01\xbb'\
\xa0\x02\x80\xe0\xb8I\xc2\xe1^\x81\xc9\xbd\xd6\xb4\xe2X\
Y\xe5\x98\x95\x1a\xbfJ \x8b@wd\xad\xb7\x1f\xe7\
baSwy\xfaz\x82\x1d\x02;\xbd?.P\x9a\
\xb6u'\x00\x04@\xed\xb9\xee]z,\xb9\xc0=\xa5\
\x94\xd2k\xac\xb6F\x1e\x8b\x9e\xe7~O&`\xf7\x04\
T\x02%$c'\x01Z\xddy\xf9\xcb_>\xf9\xcd\
\xdf\xfc\xcd6vJ\xc0&\x1c\x00*\x1b+\x0d\x88y\
efZ!M\x05\xda@u\xbd\xc5\xf4)cj\xd5\
;U\x1bQ\x9c\xf4\xa7=\xb4R,\xde\x05m\xa5h\
5]>m,/\x1e\x22\x80*?\x04rx\xbfE\
\x1aw\xbd\xd8\x9e\xbcz\xc3\x1c@\xe3\xe6\x00\xf4\xfa\xd7\
\xbf\xbeY\xab\xfc\x08&\xe0\xc4\xb5\x11j\x5c7k\x1f\
Zl=\xbbU^\x92~\xfa\x14w\x1aWX\xcfo\
M\x1fq\xb3U\xfe\x8e\xf2R6m\xa4\x0eZ%\xb4\
\x17\x98\xedE\xacgY\x04q\xdd\xbf\x1d\x92\x8f\xa6\xb4\
\xa7\xbe\xf6\xd3\xae3\x85M\xea\xe9\x9fe\xee\xf2\xc5\x9e\
\x81\x8a\x99\x9e\xb1\xdc\x0f\xf3\xc3O_v\x03\x1eo\xdd\
\xe0\xd9\xbcG\xf3\xca\x7f\xca8;\xac\x18\xc5*\xc0f\
\x81\x99)\x16\x1a+\x06\x98Y-\xc5\x83;\xa0\x8c\xc3\
\x00Uw:T\xb4f\x81-/\xfc\xa5\xeda\x9f\xbb\
y\xbf'\xeew\x08P\x0f\xe86\x5c\xe7<>o\x9b\
\x97\xb9A\xde\xbc\xf2\x9f\x9ccmP)\xc3B\x81%\
\xfa\x9d\xd41\x96'\xc0\xfb\xed\xdf\xfe\xed\xd1?\xfc\xc3\
?Ljqb<]jl\xeb\xd1\xf8\xcax\xcf2\
\xe3\xae\x81\xbe\xcd8`\x03\xca\xb6\xf6hO@\x8d+\
\x1b\x9e{\x92\x02\xfc0/u\xd6!\x7f\x9e\xe5\xadS\
\xb4e\xcf+\xbf\xa9\xa5v.\xf2T\xf4\x84V/\x07\
\xea\xd5\xdfsjQb\xa5V\x9f&\xf7\xbe\xf7\xbdG\
_\xf35_3\xfa\xfa\xaf\xff\xfa\xb1\xf5\xe3{\xdd\xeb\
^mx\xc9\x0a\x19\xa0\x81\xdb\x0f7\xb7\x07\xc0{\x02\
j\x08\xcf9\xe3M\xce=\xa0\xb9\x0e\x98\xf3\xc0\xeeP\
\x9b\x07\xd2vA\xfdd\xe4\xb5A\xad\xc4\x02U\xe4.\
E\xd7\x18\x1f\xdc&\xab\xab\x15\xaf\xffS\x0b\x13\x0d\xa8\
D\xf5e\xbd\xab\xb5\xfa\xb5\xf8\xe0\x07?x\xad\x96\x16\
\x97\xac#[\x09\x030~2\xc6\xba\xfe\x1f\x0b\xea\x06\
\xf2:\xee\xd1\x10\xdcM\xacT\xddy\xeet\xa3\xee\xe6\
\x95\xdf\x14\xd4(_\x81a\x9e\xda\xdco\xa6]\xa2\xf1\
l|\x13%\xb3\xeazQ\xb0hy\xb3^\xe4/\xbe\
\xfa\xd5\xaf\x9e\x94\xd5\xbe\xe7\x82\x0b.8\xcf\xae\x8b\xf3\
\xce;ot\xf6\xd9\xde\xe1\x7frF\xb0\x11\xb1\xbb\xf5\
lO,uH\x1c\xf0\xfac\xf8|\x1b\xf7\xb7\x8b\xa5\
\x02\x95\x0b\xad@\xa9-)JY\x84`\xb1\xc0\x8c\xe5\
\xb2j\x11\xb0<s\xef\x9bn\xba\xc9\x96\x9b\xfb\xd7\x5c\
|R\xc0^\xfb\x88G<\xe2\x7fUj\xf3\xf0X\xed\
^[\xeb\x9e\x80\x1a\x0b\xec\xcfCP\x87e\x08R\xde\
&\xd6z\xbb\x80\xda\xb9\xcbS\xb9\xd9\xbc\x82C\x9f{\
\xa08\xb8_\x96\x1a\x80=\x07n\xbd\xc7m\xf3\xf1\x02\
\xf9\xbd\xf5\x86\xe7\xf9\x0fz\xd0\x83\x9e\xb2P\xefm\xa5\
M\xf8\xdb\x86~\xaf_tO@E8\x0d\x0e\x03\xb4\
\x1e\xe3\xee\x09#\xf3\xbayL*Cp\xd6\x86\x9dY\
\x81\xb1l\x1at|\x8a;\xed\x85\x94\xeb\xb4_uo\
\x9bN5\x9b\xa5mu:\xa1\x9c~\xeb|GtD\
\x01\xd1\x83/\xf7\xe1/m*/)\x83VS\xa0\x02\
\xfdL\xeb\xd9\xac4\x8b)\xca\xa4\xbdy\xfc\xaf\x0f\xd5\
\xd6\x9f\xec\xc9<5\xcc%\xea3Y\xcf\xa4>\x00a\
\xbc\x0f z\xcb\x05<\xa1$@\xd1\x9e\xeb\xda%h\
'\xc3\xccZ\x80\x98v\xd2V\x04\xa5\xbd\x12\xf8\xad\xe6\
\x8fY \x98\x02\xb5u\xe9T\xc9\xa1\xd2\xb8\xcf\xd17\
\xa4\xbf\x1c\x00GO\xd1zf)\xb4c\x16 \xdd\x1e\
\x8b\x0f{b\xa9\x08\x9f2\xd5\x98\xe1\xbe\xbcB\xab\x89\
\xfb\x95\xf5\x06\xc6\x0e\xc0O\xd9\x09X\x82\xba\xb1\xf2\x1d\
mW`\xcd\xfd.\x0f\xd0\xc0\xd0\x9e\x88\xf2\x9f\xfe\xe9\
\x9f\xae,\xb0Z\x1b\xf5\xfc\xb8\xdd\x84U\xe6\xc6\xea\xef\
\xc6:\x7f\xb0\x14\xea\xc6\xda\xc1\xf0\xf4r\x85\xff7A\
\x0e\xba\xb6\x22T\xfd\xf6`\x06<y\xf8\x19>\xeb-\
\xcf5Z\xa7\x9e\xe9\xac\xf4\xed>\xa0\xf7\xca\xb0\x17\xd7\
{\x02j\x5c\x12\xebd\xad\x22\xc0\xa7?\xfd\xe9\xe3\xef\
\xfe\xee\xefn[J\x08\xa5\x17D\x18K\x9e]\x80\xb5\
g\xe8I\xa2G\xf5\xe5\x7f\xc9\x97|\xc9\xe8\xc7\x7f\xfc\
\xc7\xc7kkk\xcd\xea\x09.\xca\x93z\x11v\xed^\
hc[mUy\x92\xe9E?W\x0cm[\x11f\
\x0f^\xac\xb3\x07u\x08f\xcf\x87\xf2\xd5\xd7\x99\xf16\
\xce\xd2P!\xb6B\xc7v\xcb\xec\x09\xa8\x09\x1eX(\
\x00\x9c\x97\x97\x97\xdbY\xca<0\x9a;<\xf7\xab0\
\xea\x1b\xd7\x00\xad\x8d\x8a(g\xed\xf4\x02\x1aZ\x81]\
\x14\x99zp\xc1\xe6\x8cS\xeb\xd9\xb2\x8c\x02d*\x04\
\xa0\xbe\x81\xbe\xdf^\xb9\x5c\x97\xe2\x9d\x99<\xe7)\xd0\
s\x15z\xcbDm\xa1\xe0\x9e\x81\x1a\x81\xb3(\xee3\
\x80\xba\xe6\x92\x86\xa9\x17N_\x1e\xc0\xfd\x98\xa4]\xcf\
\x098\x87\xb6z\xc5\xd0'\x0bW\x8f\x029K@e\
\xc1\x9b\xa5\x001,\xb7\x11(}\x1dt\xa1\xa1\x8e\xb3\
\xa6\xe06\xfan\x0f+E\xf3\x9e\x80\x9a9\x19F0\
(P\xb2\x9b\x81\xd5\x11\xb2H4B\x18\x9e\x11%O\
\x1b\x84\x10\xeb`\xfd\xf2\x01\x94:\xb1\xa4\x08\xabo+\
\x1b\xd8X8+\xa5\x08\xca\x11\xf6VR\xda\xee\xcb\x86\
\x9e\xd08|\xd6\xf7?\xbd\xbe)e\xf4;\xaf\xcd\xad\
\xd0\xb2\xdd2{\x02*k\x00\x06`\x80a\x97Cm\
Yy\xe6\xa1C\x87\xae\x00h\xc6\x97\x10;\xd4\xe0\xbe\
\x8c\xb2@\xc9\xe4\xdfxi\x5c\x1e*C/0\x16Y\
\x9e\xe1Y\xb5\xb2\xf3\x8c\x87?\xfc\xe1m\xbfS\xacw\
\xbb\x02\x1a\x02\xa7\x9f\xf4=\x0f\xdcA\xde\xcd=]h\
\x18\xf2~\x22\xf4\xacWw\xc7\xa0\x12r\xdcZ\xc6\xac\
0\xcc\xd5\xda\xd5p\xcf{\xdes\xf4G\x7f\xf4G\xa3\
\x9f\xfd\xd9\x9f]\xad\x1dz\xd7V\xb9\xe7\x15c\xa7\x14\
c\xa7\x94`\xac\xd6x_i\x13\xad\xb3\x97\xd7v%\
\x9cZ\xf9\xf2\x0c\xc09\x8e{\xb3\xd2\x0b\x15cC\xa5\
\x00jy\x84+\xea\xe5\xfc\x15\x0f{\xd8\xc3\xc6\x99\xa3\
R\xb0\x08Y\x1big^^\x94)\xfb\xa4x\x18\xe3\
\xb4\xfc\x80\x13\x80\xd2V\xafh\xd3\xf7\xc97'\xbe\x08\
\x9d\xeb\x0d?\x9e\xefV\xda1\xa8\xbd`\x8d{\x01\x94\
\x00]\x03\xd4f\xb2\x17\xbe\xf0\x85\xb5j\xb6\xbaXB\
YD4E\xc8\xb4\x22u\xc2\xf0n1\x95\xf6c\xdd\
\x5c\xb1\xbe\x00\xc3{l\xe4\x82\x95\xcb\xf4\xc3p\xe1\x97\
\x02I\x94\xd5a\x0e=\x1cF\x00\x9cz\xceh\xa8\xfe\
o\x02b\x16R\x8c\xf3d5T\xca\xdd\xe2;\xed\xec\
x\xf1\x01\x13\x08\x96\xc2\x84{\x04c\xb8~\xc84\xba\
\xfa\xea\xabW\xdf\xfc\xe67/\xb2d\xa9\xaf\xb3[\x8c\
\x0c\xadT\xbbh @oS\x00h\xd9\xceA\xa0Y\
\x10\x19\xf6\xafN,6\xc1\x95< \x06\x14\x0aa\xe1\
~\x0a\xd8\x0c\x9c\x04e\xf8\xd3F\x82\xc2\xca\xbf\xb9\x94\
\xe2\xe6<W/\xb2\x18\xf6\xbf\x9b\xf7;\xb6T\x84\xd2\
\xe4\x08#.\x0ec\xdcT\xfd\xec\xf0\xe0\xef\xfc\xce\xef\
,\xba\xc7d\xaf\x9d\x1bi\xeaF\xcf\x86\x8c\x0f\x01\xcd\
=\xf0(Z\x81q\x13@\x80$\x09\xd8\xd0\x16\xf0\xd2\
\xde\xb0O\x1b\xcd\xa3\x80\xb5\x8a5V?\xd6\x1f\x8bL\
\x04\x1f \xe3\x15\xb4I.S\x85o\xeeW\x0c\xa0\xcd\
\xe9X?dc\xd7\xefw\x04j\xc6\x14\xc0\x12\x10\xc2\
1\xc7\xb5\x0a\x92\xfe\xfc\xcf\xff|T\x9b\xcc\x96\xfd\xfc\
0\xae\x8a\xe0\xe2\xfe\x9c#\xc8\x1e\x98(\xc8f\x5c\xae\
\x07f\xea\xa5\xfd\xfau\xdbatIhF\xdf\xdd\xef\
~\xf7\xf6&E\x0a \xae\xb5\xe9\xde\x01|\x89r\x18\
F\xb2\xb4)\xcf\x0f\xa9\x02\xb26\xd5\x8b;W\x97\x02\
\xb3\xc6\xe2{\xa5vG\x1c\xab\x05\x94\x1f\xcc\x8f\xbd\xb6\
\xca_\xeb\xfc\x04\xd2\x8e@\x0d\x88C\x81\xa1\xc3\xee\xfa\
\x1aGo8z\xf4h\x13\x06\x06\xc3,a\xb8\x1eZ\
FO\xffF\xcf\xe6\xf19\x04X\x19m\xb0\x96zC\
r\x01\x81&\xa0\x8b\xfbc1\x01\x14 \xf2\xa7\x02\xbf\
\xa9\xf2\x0f\xd7/\xd0/X\xa8\xb7*\x9f\xf39\x9f\xe3\
75\xb3y\xb56o\xbe\xf9\xe6v\x9f)\x92v\xb4\
W \xaeUd\xbe(:\xaf\xdf\xe2\x1c\xad\x1f]}\
\xe4K\xbf\xf4K\x7fP\xe4]\xd6\xde\xfaP_yr\
\xd9\xcb\xb4#P{0\x13\x1c\x10\x0a \xeb%\xf1\xab\
\xde\xf4\xa67\x9d\xadL\xa6\x22)\x83\x11\x8c\xf5)\xa0\
l\x17Lm\x0c\x01\xcd= \xcd\x8b\xfd\x16\x07\x0dR\
\xa2X/\xacYj\xad-\x1f-+\xdco=\xd9a\
+J=\xbb\x87\xb1\xd76\x95/\xf8\x82/hy~\
\xcb\x9aD9\xe4\x99\xfb\x02F=\xcb\x90\x8e\x02q\xa9\
\xd6\x9a\x9b%\xeb\x03\xf0\xfa\xa64\x5c>\x19dX\xd8\
\x09\xaf\xbd\xcc6\xbb\xde\x11\xa8\x08\x94h\x9fk\x84\xb3\
B\xaf\x99\xde\xf0\x867\x5cb|\x89\xf6G\xab\xe5q\
\xd7\xcaE\xf8=(\xae\xb7\xc3\xecz\x80\xa2\x8b\xe2T\
\xbfk\xf5\xfbS/\x06Z\xa0C\xa0\xdf\xf2-\xdfb\
=\xb8\x8d\x91\x04\xee\x19\x10\x8dw\xce\xee\x93\xe2\x8dX\
$\xda\xd1\x06\xec\xa7>\xf5\xa9\xe3G=\xeaQ\xcd\xfa\
Y\xa0\x17\x15\xea{N\x0e\xe4\xd1\xbb\xe7\xe4%x\xd2\
^<\xc7f\xe0\xec\xf4\xf9\x8e@E(KD\x1c\x01\
&B\xe4jY\x09\xa6\x08\x88\xb5`6J\xd0\xbb_\
u\x08K\x9ev\x80\x9f\xed!\xca\x13jR\x5c\xa5\xb6\
\x1c\xee\xfb\xe7\xea\xf7 \xa3\xa9~\x82xJm\x0a\xbb\
\xc8\x18\x9a\xe8\x93\xf0k\x93X\xeb7y\xea\xe1G\xbb\
\xda\xec\x95+\x80\xf4J\xec\xe3 \x8e>\xe1!\xb4\x85\
Gu\xb4\xa5\xafx\x0b\x80\xeaw\xaf\xd3\x8ez\x08\xa8\
\x18\x09\x91\x04\xcb\xedd?\x0ef$\x82Jy\xf7\x01\
\x84\xf5H\x98\xd7\xcep\x8bH\xea:\xab\xdf[\xb76\
\x02\xb4\xe7\xb1\xa4\xd6`%ot\x1e\xf9\xc8G\x9e\xf7\
\xe5_\xfe\xe5M\xc9\x04>\x84\xcd\x1a\xd3N_\xdf5\
\x1a\xa4\xa1\x07\x986\xb9\xe9)\xa0\xa6\x8d(\x8bs<\
Z\x94/}m\xda\xe8\x0e\x0b\xec\x08\xd4\xf4E\xd8\x01\
\x15\xf1\xc6\x13\xbf\xccvM\x88apH\x9b\xe7\x18s\
\xee\xcbj+\x0b\x05\xea\xf4\xc2\xee\xfa\xbc\xa5\xfa\xfdp\
\xdd\xe7\xb8\xa5\xda\xf8p\x01\xf6\xe1\xea\xffq5\xe6\xbd\
\xee;\xbe\xe3;\x1e\xf6m\xdf\xf6m\xcd-\xb2\x0e\x11\
8\xa51\xb5@\xb3\x14\x10BC\xd7\xfe\xa6\xd64O\
\x01\x92\xe7\x1c/\x82~\x1e\xab\xf7T\xfa\xcb}\xfa\xdc\
\xed\xf3\x8e@El\x9f0\xc1Z\x04\x10\xe7\x9e{\xee\
\xb8\x04\xbcZ\xd6\xd1~\xf8$\xf5\xae\xd2u\x04@s\
\xb3\x80\xe1g\xf95\x066eHd\x19\x81;O-\
\xfc\xe3\xd5\xcf\xc7\x0b\x98\x8fU\x1bV4n\xab\xfc\xdb\
\xca\x95\xdfZ\x80~\xe4\xf3?\xff\xf3\xdb7\x1c\xbe\xe2\
+\xbe\xa2\xfd\xfa;sR\xcaR\xeb\xce\xa3\xdf\xfb\xbd\
\xdf\x9b\x18\x12\x00\x8b\x8e\xd0\x15W\x89.\xcf6\x13z\
\x14\x12ohK\xea\x81\xad\xfcg\x95\x82?\xc3\xa63\
Q4Y\xe0!\x9eiVi\x0f.N\x08T\x0ca\
$\x07\x821P\x02]$\xbc!\xd3\x98\x8a\xa5x\xd6\
\x83\xbb\xb4\xb44z\xfc\xe3\x1f?\x16uf\x5c\x8a\xf0\
\xa3\xdd\xee)O\x04\xa9=\x87{BKT\x0a\xac\xb8\
s\xcf\xf5S\x1f\xd4\x1a\xbd\xece/\x1b\xd57\x98Z\
ye\xe2M\xd2F\xf8\xe8\x81\xdaH\xe6\xf3\xcai\x03\
-E\xe7\x155\x0c\x5cQ\x9b\xce\xc6\xbe)\xd1+\xf6\
Fm\xee\xc6\xb3\x1d\x81\x9a\x8e\xa3u\xfd\xe0/\x88\x10\
%\x1e9rd\x06N\xca\x07\xd4\x9c\x09\xc5\x01\xa8\xfa\
)\xc3\xc8\xae\x06u\xb9q\xc1\x85\xf6\x01\x19\xebQ6\
V\x12\x85\x88`Yw\x0f&\xc0\xb8]\xd6\xaaly\
\x906\x05\xb9\xee\xba\xebZ$\xac^\xe8\x0f\x1di\x7f\
3\xc1\x86\x86a\xb9\xd0D\x1e\x94\xcaPbL\xd7_\
<C\x14hXw7\xefw\xbc\xf6\x1b-\x8f\xe5a\
\xc4\xb515\xd1a4\x1f\xc1)\x87)\xc2\x8c\x8b\x8b\
B\xf8\xce\xc3/\xfe\xe2/N~\xf8\x87\x7fx\xe2U\
]\xedEj\x01N\xda \x14mDpq\xd3\xce\xf2\
\xb8r\x11\xb5\x038Y\xeaKys\xd6\x8b.\xbah\
\x8d5S\x80\xd4\xf3<V+/\xde! \xcc;\xaf\
W&\x0a\xd8\xcf\xc5#\x17|\xef\xf5T&\x8a\xb1c\
K\x0dH\x98\x0e@\xa64\x84y\xdf\xfb\xde\xb7YI\
\xc6\xcb\xa1\x16\xb2LL\xe6\xb9\xb2\xda0\xcfeI\xf5\
\xe3\xe4\xd5/\xfb\xb2/[\xf4e\x94\x9a\x07>\xa2\xea\
\x0b\x8enq.\xc0n)\xe1\xdcRm|\x02\x0d\xea\
\xc5\xc5\x06@.\xdc\xbe(\xf3\xc8,\xd1\x01\xb3\xc6\xec\
\xa5\x1a\x1a&\x02&\xf5b\x99Q\x16\xed\xa4\xad!\xcd\
\xfd}\xfaI^\xaf\xbc\xf2\xf0\xa7}\x16\x1aP\xb9d\
\xfdQ\x9c\xc8k\xa3>N\xe4\xd9\x8eAE$fb\
i\x04\x83h\xdaX\xfb\x88\xear\xbcZ\x0c,\xca\x93\
\x22,\xcf1\x9d<g\x9a\xad\x5c\x0e?c\xa8O\x07\
\x8cVVV\xe4\xbd&e\xe3\xba\xa6\x0ae_J\x03\
zx\xd4\xb8\xfe\xd8\xda\xe46\xbe\xf4\xd2K\xdb\xe2\x00\
\xc5S\xd7\xfe\xa6\x85\x0a\xa4\xfa\x1f>S,|\xc4\x92\
BK#p\x1bI\xfd$\xa0e\xec''<\xa3Y\
^^nD\x11\xa2 Q\xa8mt\xb9n\xd1\x1d\x83\
\xaaEc\x06\xa2XC\x00uf\xa9\xb5\xfe\xb9\xe8#\
\x1d\x18\x22(\xe50\xe6:\x02\x90\xa7|\x18\x1bR\x09\
\x8c!\xf3Q\x92*\x9b\x17\xe8\xf7\x1a\xd6\x13\x14\xfd\xca\
\xaf\xfc\xca\xc4\xb8v\xd9e\x97\xb5@\x85\x85X\x97-\
`\xaf\xfe\xab\xbf\xfa\xabK,\x1b\xc6M\xb2(\xd7\x00\
\xde\x8a\xa5\x0e\xfb\x1b\xde\x03\x8f\xb2S(\xcb\x8c\xe17\
\xb4\xc7\xc3\xf4\xf5\xf0\xa9\x9eg'\xba6\xbc\xa315\
 \x08f\x00*!8n\xc5*\x0e\xf7\x17\x8bL\xf9\
0\x15\xa0\xd4\x1b\x02\xea\x9e@\xb45t\x91\x18\x9e7\
\xc6\x0d\xf3(\xdb\xf4\x93\x04\xa3W\xbc\xe2\x15m\xadW\
\x9b\xac\xe6\x9b\xbe\xe9\x9b.\x05n\x9fB\xb7\xbe;\xa5\
9\xae\xccvn\x80\xc8\x22-v\xa0\x8d\xc2Di2\
\x9e\xe7\xec\xf9\xd4\xf34\x038Q@\xd1\xb9#P\x13\
$\xf5\x02H\xe0\xa1Q\x84\x01UB|\x5c3f\xe7\
\x09\xad\xb7F\xd7\xca'O\xf9\xb8\xa6\x1eh\xf9\x1b\x1d\
\xc6Pn\xf6\xd7~\xed\xd7&\xafy\xcdk\xda\xf6\x1a\
J\xc8jM\xbb\xb4\x9f%D\xb1@\xfa!\xe4\x13M\
\xe8$\x0fJD\x99\xc8\xc3\x01hy\xae\x9d{\x97\xad\
\xcf\xa1\x1cvJ\xc7\x96@\x1dv\x86PV\xc8\xbd\x11\
\x88iC\xc6-g\xab(_\xf4E_4.+>\
\xaa\xaeDh\x01+\xc4\x0e\xdb\xcd=Ep\xe8\xc3\xd1\
G\xa5=\xe0\xeb\xd5\xd7\x97]\x0f\x84k^\xfa\xcb\xbf\
\xfc\xcb\x93\xd7\xbd\xeeu\xad\x1d\x81\x5c\xfd\x8e\xb4}\x9c\
C\xfd\x086\xf7\xf3\x84;\xecg\xab\xc2\xe6\x11X\xab\
D.x\xc1\x17y\x89\xec\xc9.\xde,\xf2\xf1|(\
\x9f\xad\xf6\x97r[\x02U\xe1\x9e\xb1\x10 ?S\x09\
B!\xa0\x8cK\xac\xa1\xe6\x9b\xfb\xe3Z\xfa:\xf3\x88\
\xec\xdb\xdf\x88\xa9(\xc9\xbc6\xfaz\xae\xf5\x8d\x9e\xbf\
\xf9\x9b\xbf\xe1\x86\x8f\xfd\xfe\xef\xff~\xb3\xceo\xfe\xe6\
on\xefImMI\x22\xf4\xad\xb4\xbdQ\xbfy\x96\
\x08\xb7\xfa\xba\xaf<\xae\x97\x01H\x14\x8dQ82~\
Gq\xdd\xcfs\xbf\xdb\xa5k\xd3@i\xd8\xa0{\xc2\
B@,\x96p\x80kj\x02<LY\xd8\xb7\x90 \
h\x89k\xc3T\x18\x19\xb6\xebY\xf2\x94\xcf\x91\xfe\x9a\
D*%?\xf7\xeb\x9d\xb3\x90\x9f\x97\xf4\x7f\xf6g\x7f\
6.\x81\xae\x96\xb2-Q\xb8\xef\xfc\xce\xef\x5c\xac\xc5\
\x8e\xb5\xb8J\x82u=\xf4&\xeb\xb5\xbfQ>\x9a\xf1\
YV\xfa!\xe5\xe2\x82]\xfb\x0d\xabDV\x91W,\
8\xe3~/\x87\xf4#\x0f\xef[I\x9b\x82\xaa\x91t\
\x92s\xc6T\xc4\xf80\xb2\x85\x02\xe3\x95\xf9\xa1\xed\x1f\
\xcaq=\xa2?\x84\x10V\x08J\x1b\x1b\x11\xa7\xcc\xbc\
rQ\x8e\xad\x8c{\xc0\x94\xb2\x98/x\xaa\xa8w\xf1\
\xaa\xab\xae\x9a<\xe3\x19\xcf\x18\xd7\xbb\xd5C\xe5\x96\xdb\
\x22\x7f\x82\x19c\x1e\xd7x\xa2\x09\x9d\x05\xe8Gk\x18\
\xfa\x18p\xb5\xaf\xff\xbf\xfd\xdb\xbf\xf5\xbey\x95\xe5\xd6\
\x02\xcdR\xed\x8c\x98}L\x1a\xbf\x14*\x9e-r\xef\
\x81\xdc2\xb0\x11\xe0\xf0\x8c\x90t\x92gq\x13\x5c\x89\
)\x81=\xbd\xdf\xf3=\xdfs\xb0&\xf5\x93\x9a:L\
h\xa1:\x99\xea\xd4\x0aQ\xa3\xad\x007\xb0\xb6\xa3\xdc\
\xcb\xa4\x08\xdd\xf0H\xd9\xf5\xce\x9b\xd5/AN\x1c\xca\
\xa5\x8dR\xacI\x01<\xa9)\xc6\xe4\xb9\xcf}\xae_\
\xe0\x1dx\xf4\xa3\x1f\xdd\x9e\x97U\x1fG\xdfz\xfd&\
\xbf\xef_^\xee\xf5\xa9\x1fy\xa5\xd4\xef\x13\xa0\x91\x1d\
\x10\x8d\xa1\xdf\xff\xfd\xdf\xff*4T\x107\xa9)\xdf\
\xa4\xd6\x86'?\xfa\xa3?\xfaJr\xb3M\x86\xb1\x18\
.\xc8>\xf2\x1f\xe2\xb2\x95\xfb\xb9\x96\xaaA\xd65L\
\xf2\xb9\x08\x0d\x1b\xa7\x9e\xfd\xecgOX\xc4w}\xd7\
w\xad\xd5\xd76\x97\x04!\xca\xc4\x92Ymi\xebZ\
\xdd/\xaa\x17b\x87\xed\xee\xf6}4\xbaw\xf5\xf2\xd0\
\xe5\xfc\xfc\xe7?\x7f\xe2+\xddo\x7f\xfb\xdb\x8f\xeb\x9a\
Ud\xeez\x224\x89l\xeb\xf8P\xa6{\xfa\xe4\x01\
\x0a\xb8K\xd0p\xc9%\x97\xf82\xf8\xf8\x1f\xff\xf1\x1f\
m\xa1}T\xe5=\xf0\x07~\xe0\x07\x96D\xec\x9e\xcf\
\x93\xfd\xb6\xe8\x99\x87<\x8bL> \x5c'\x22u]\
\xc4\x8c\xea}\xe5j\xfd\xa4aR\xab>\x07\xfa\xb2\xea\
f\xc7C\x8dc\xa3z\xa56)\x06'\xe5\xda&5\
\xee6-\xde\xcc\xd2\x94\xd9\xe8\xd8J}VS\x8a\xd4\
\x0e\xd6\xd3[\x93\xb6cQ\x9e\xc7\xa2\xd1\xb9Q\xbfy\
\xb6\x99\xa5j\xbb\x86\x9e7Y\x11#\x1b\x8ar\xa4^\
pT\xd4\xdd\xbcE\xb9\xe0\x96\xcf\xf5\xff\xfc\xcf\xff\xbc\
]\x1a\x93\x9f\xfb\xb9\x9f; R\x07\xaa\xe3D,u\
n\xf4\xcb\xaa\x92\xa2\xb9\x88\x10\x0c\x01\xf7\xb5\xaf}\xed\
\x81\x9a\xdc/^q\xc5\x15\x8b\x17^x\xe1!\xcf\x8c\
\xad6p'hB\x947#\x0b\xb5,\x07\xe8\x04W\
\xb3\x86\xf7\xf8\x02M\x09z\x5cK\xc9\xf3\xae5^\x87\
U\xf4\xcfY\xeb\x89\xa6\xa9\xa7\xfbP\x96\x07y\x0c\xee\
\xd74\xcbu\xc9\xea\x1c\xf3f\xd3\x9dr\xc9\xbe'\xbc\
VC\xd9\x9aw\xbe\xea\x9eh\x9a\x0bj\x1a\xc5l\x18\
\xc6,!\xf9\x7f\x98\xfa\xb1\xd3\x95\xf5\x1b\x95\xb5\xda.\
r\x08\xe8\x7f\xf7w\x7f7z\xd1\x8b^4q <\
s>\xc2\xb3\xc3N]\xca\xe0\xbc\x1bB\xdb\x0a\xd3\x01\
0\x9eF\xbf\x04\xeaH\x10\xa5\x1dV\xe1\x19\x97I\xf9\
v#Q\x94\x9a\xce<\x92\x1c\xd2\xbeU-\xe3&9\
\xd4\x12\xe6Q{\xa3}\xabQ W\xeb\xd4\x97\xa0\xe1\
\xe0\xc1\x83\xaf\xec\x15\xac\x97\xffv\xe8\x9a;\xa6j \
\x96E\xdb\x92\x10\xf4\xcew\xbe\x935.\x7f\xfb\xb7\x7f\
{[?\x15\x14yUV+7M`_\xf7u_\
\xd7V\x93\x10$\x22\xae\x80`\x5coK\x0e\x96f.\
k\x07\xf1!|;\x84n\xa7\xec\xbc>\xa2P\xfa\x16\
\xe8\xa5L,6\xca\xb6\x1b\xb4\x91\x9d)]\x16\xef\xd1\
>\x05\xf4\x1d\xd5\xcf\x83\xbcf\xfc\xf5_\xff\xf5\xd5*\
\xb7D\x99\xea\xb5\xe0\xa1\x8a\x86\xd7\xea\x9d\xf2\x03x:\
o\x97B\x8f\xbah\xeay\xea\x9f\xcd\x93\xcb\xba\x96\x1a\
7\x90A[C\xdcr\xed\xba\xbf\xd0u\x11\xb2\x06\xc4\
W\xbd\xeaU\x02\xa6k\xbc6\xe3bj\x1c=Hh\
\xea+g\x9aS\xd6\xba\x9c\xce1\xbc\xd7I\xbf=\xe3\
\xb9\x8f\xe6\xf7s\xea\x08+\xc3\xccf\x02\xdb\x0a\xed\xfa\
\xc9\xd6\xd1\x04k,\xb5x\xdf\xef\x9el\xea\x17\x0c\x8b\
\x15\x85O\xc4\x1dd\x5c\x91\xf0\xe5\xd5\xf6y~\xd50\
/mG\xd9\xd6\x05\xb5\x07\x01\xc3\x88\x01j\xb9\xa8\x15\
\xcb\x80\xa5y\x87h\xd9_\xfc\xc5_Lj\x8c8\x9f\
\x1b1\xd0\x17\xb8\xcb\x01U\x1b\xc6U\x0c\x22|7\x04\
6\x8f\xe1a^\xfaq\x8e\xcbU\x86`(\x157\xcb\
\xc3\x10.o\xa2\x8c\xd4/\x15\x0e\xdb\xdc\xce\xbd6\xf1\
,\x9a\xa5@\x5c0K-9\xee\xcf0\xc4\x92\xeb-\
\xd6\x8aq\x94u\x96\xcc\xde\x9a\x85\x92\xed\xf45\xaf\xec\
\x5cP\x11\x81\x18BH\xd0\x84q`\x151\xcb\xd3\x0d\
]\x07\x80]\xae\xb6Y,A\x01Vdl!=\x82\
E|\xbd\xf0\xf6}\xbf\xa3\xda\x8c;\xcf\xf3X\x8fs\
\x14\xc7\xb9W\x00\xd7C\x85\x18\xd6\xa74\xda\x8eg\xd1\
\x9ek.\xd0\x19O\x00u\x1d\x9e\x94!\xc8i`\xb3\
\xe5\xe9\x84\xbe\xd5\xcd\x92^\xe8\xd6\xb6\xb6\x0a\xb8\xb5\x85\
\x85\x851p%}\xd7\xc7*'\xfaW\x17\x9d\x0c\x80\
,\xad\xba\x91]\x0de\x17V\xe0t\xd84\xa8\xe7?\
\xf2\x99\x07\xdezysA\x0d\xd3}\xe0\x800\x02\xaa\
)\xca[\x81[\xfe\x7f\xd1:j\xcdE\xfd\xdc`\xbf\
\xbci\xe8\xbe\x02tm\xa8\x83H\x9fP\xadz\xfbM\
u\xb4\xc9\xc21\x87\xf8\x1eh\x02\xf1\x1c#I\x014\
\xe5{p\xd5'Hg}\xb1\x82\x80\xa7]B\x04\x1a\
\xba(\x5c6\xa6)\xa3\x9ey\xb5|\xfd\xe9\xdb\x11\xc1\
\xf7\xfd\x0e\xaf\xa3\x98\xb1\xf4X?\x9e\xd1R\xaet\xd1\
\xf6\x19\xed\xa2\xc9a\x81!?\x83\xe4%(\x04y\xda\
\xfa\xe3\x5c\xc1\xe6\x95U\xf7\xdd\xc3\x8d\xe2\xeb\x01\xb7Q\
\xfe\x5cPS!\xe3\xdf\xd4\xed\xb6l\xdb8\x8b\xe8\x95\
\xfa|\xfa\x13\x09\xcc\x16H;\x01%\x84V\xde\xb2\xe5\
\xb00\xa4\xae\xc5s\xf3Ue\x08$\x02t\x96\x08\xc2\
\x91\xebhg\x0f`{8-\xabMeB_\x94@\
\xff\x14-\xd6\x0aD\xaf\xda\xbc\xb4\xd7\xbey!\x9aY\
\x10`\xf3\xa6Dyyh\xeb\x15*}\x0e\xcf\xa1\x9b\
\x02\xa21uB\x93?+\x02jo\x1c\x80\x94(\x91\
\xbe\xd0^\xefv\xdb_\x81V\xa0y\xc0\x96\xda\x9a\xc7\
>3<\x0d\xfb\xdc\xce\xfd\x5cP\xd3p\x84\x93s,\
\xafv\xbf_T\xeec\xd9\x96KL\x11$\x8bD8\
m4\xce\xbaV\x8f\x96\x9a\x8f\xd5^\xdc}\xa67q\
Q!\x92`2\xceD\xd3=\xeb\x01E\x8f#BC\
G\x80g\xf5\xc6x\x80\xb0HS\xaa\xda5\xb8V\x0b\
\xf6\xa3_\xfa\xa5_Z\xac\xb73\xe3\x1f\xf9\x91\x1f!\
0\x00\xaf\xd9\x89\x806}\xb1\xd4\x00,\x0f-\xb1\xc2\
\x8d\x84\x18P\x95\xc9\xf4\xc8\xf4\x8d\xb7*\xd0\xd6jM\
wl\x03\x9e><\xf7K@\x8b\x0fx\x8a'\xd2O\
\x19\xc7\xb8V\xb6\x0e\x5cy\xe5\x95k\xa5xk5M\
<4O\x917\xa2e\xee\xb3\x08\xa7?\x13\x8e\xfbX\
\x94k\x82\xc78\x22\x9d\x01Z\x8b\xe2\x93\xb2\xd4Ii\
\xe5\xa4\xdcp[\xbd\xb1bb-X\xd8\xae\x1de\xd5\
\xb7\x13\xe1\xb1\x8f}\xec\xe1\x22\xa2\xad\xe0Xar\xb8\
\x96\xa7n1:[\xd1\x91_\xd6u\xdc\xfa\xadr}\
}\xeb\xb8\x05\xcc\xacN\xfd\xfa\xac\xd1S\xbf`o\x9b\
\xb7\xd1\x1c\xbe\xb8?\xbb j\xdf\xd2\xa4\x94p\xb5\x14\
\xa1\xd1j\x15I\xdf\xa5l3\x1a\xf4\xbd\xd1\x91\xb2\xe8\
G\x0f:k\x1a\xd2\xaekJ7\xa9?Lj\xfdR\
>\x8b\x0c\xd6\x9a\x0b\xf4U\xe5\xd0\xab?\xeb\xbf\xb5\xb4\
:y\xe8C\x1f:\xa9y\xea\xa4\xe6\xfe\xb3 \xae\xf7\
d\xb9\x8ebG\xb9\xe7\xe1\x96\xbc\x19\xd3}\xa1X\x82\
\x06\x12\xc9z\x1e\xab\xf2\x9cE\xfc\xc2/\xfc\xc2\xe8k\
\xbf\xf6k'v\xe8\x11NYdc\xac\xb4\x7f\xf57\
~\xe37\x1a\xa8\x8e\x10\xf2\xcaW\xbeR`\xd5\xca\x10\
\x0c\x101\xea:\xc2\xed\x81\x93\xefy\xf2\x02h_\xa6\
\xfa\x9a\x94\x05\xae\x96eN\xb4\x9f\xa9U\xf8A\x7f\xf6\
#\x99V\x00\xbb,\xd8\x8b\x88V/my\xd1\x10\xa5\
\xd2\xe7f\x87z\x00\x02~\xf8\xc0\xf7s\x9e\xf3\x9c\xb6\
\xce\x1b\xf7\xae\xef\x9f\xfe\xe9\x9ff\xc1\xad\xaf\xf4\xe1O\
{\xcbsM.\xbf\xfc\xf2\x971\x00\xf2d\x00\xe4u\
\xa2\xa0\xae\xfb\x9f\xe4\x80\xe0\x0at@@\xdcf\xce\x04\
\xc5\xb58\x10d-\xb3\x16\xc7',\xc3\x8a\x931\xe5\
\x09Ox\xc2\xd8\xcbhe\xd5\xe3\xe6\xbc\xa2+\xb0\xaf\
\xa9\xbf\xbb\xbcX\xd0\x84qc\x1dW\x14F\xf4\x99\xbe\
\xd3\xa7{IYy\xfa\x95WoBV*\x08[.\
\xeb\x1c\xfb\xec\xb9\xdf\x8eJ\xda\xe3Q\xd2\xaf\xf2\xfaB\
\x9f\x84\x16\x9e\xc3\x87Fj}vbA\xc5\xfc0\x1b\
\xbf\xd3_+<'\xe5\xb9\x00'\x0a\xab\x98\xdf\xefx\
\xad\xe7\xd3\xebR\xe4T\x9fI0\x9f\x9fp\xc1\xea\x94\
2\xdc\x5c\xae\xf7\xcd\xe5\xa6/5,p\xdd\xbe\xcfo\
h\xc8x;\xec\x96\x5c\x92\xfa\xeba9\xf7\xeb\x82\x8a\
 \x04H\xbd\x0b0\x86\x11\xae\xb1\xd3\xa0O`\x84!\
\x08\xa1m\xf2\x08\xd4\x98\x82H\x9a\x8aP\xe5\x08\x99\x00\
\x7f\xe8\x87~h\xb5\x00^\xe4\x12\xb5\x07\x84\xbc\xc7t\
\x9f1\x16\x80C\x90\xab\x1d\xbf;]\xaci\xd2\xa8\xdc\
\xd7\xd8/\xb5\xbd\x0dRO\xd2\x07AkS\xdd\x1eL\
e\xd0\xc1\x22\xf0\xe69azc\xf3\x87\x7f\xf8\x87\xab\
\x05\xf2b\x81\xbdV\x16\xdd\xbe$\xb3^\xd2~\xe6\xb4\
\x11\xb0y\xe93\x9f\xf9\xccq\x8d\x8b\xcd\xa3\x01\x0a\x1f\
\xfa$\x17\xfc9\x1b\xc7\xd1\xa0\xbe\xe9\x1e\xcb$kA\
\x1d9gv0\xec{G\xa0\x12F\x12A\x10\x8a<\
\x8d\xe9X\x1ep\xa6\xc1@;\xcbG\x0c!)\xd7\x83\
\x80\x19u\xe4+\xebZY\xe0\xd7/\xcdG\xbf\xfa\xab\
\xbf\xda\xbe\xdc\x92\xba\xfa\xa2,\x04\xa6\x9dXq\xac\xd2\
\xd2\x99\xa9Q\xbd\xd1\x18\xfb\x8d\xa9\xa0K\x80\xa6\x1e%\
\xd2\x87\xf1\xcb\x8b\x05\xf5E\x95\x14\xcc5\xe1*c\x8d\
\x9a\xd0\xec|\x10\x5c\xe1G\x9f\x00V_\xd4^A\x9e\
\xbf\xdc\x9c\xd8\xb1\xa1-I\x19\xf5$u\xf4\x19+D\
\x9f\x9f\x89\xd4\xab\xb3\xf1c\x1e\xf3\x98\x06\xa2<\x07\xf9\
\xa8\x1b\x85K \x06<t1\x0cA$\xc0\xd1#\xa1\
\x93\xcc\xfa~\x5cK}@\xd92*\xf5`'o\xee\
\xda/@%\x84k\x90V\xb9F\x04\x22\x1d\x88\xd6\x09\
\xc2\x11\x8b(\x80\x18\xb7h)\x0bEp\xb4Ut\x8c\
x\xe7z\xb3\xa3\xbd\xa5z\xb6Z\xae{\x91P\xb5\x19\
k\x05\xa8\x84q\x09\xa0\xf5\x0erR\x81\xd6\xbel=\
\xc5<\x17J\xf8\xfe+\xa6\x16\xc7'\xde\x12\xb1\x06\x13\
\xfa\xef\xfb\xbe\xef\x1b\xeb\x87\x00\xd1 \x02\xb5\x01\xcd\x10\
\xc0BXV\x05Vc\xcaa\xda\x03\x98\xe9\xff\xa6\x8e\
|P\xab^N\xdcP\xd3\xb6\xb3)J\x0f\x0a%\x94\
(\x14\x05\xb5\xc3\xa3f\x03+\xa6'd\x90\xc0\x90\xbc\
\xc8\x11_\xfa\x8f\xd1xNN\xe4\xe7\x99\x14\xc3Ak\
\x94\x18\x7f\x99\xfe\xb8\x86\x03:6\x1b\x1a\xb47\x17\xd4\
4H\xa8\xe6r:\xd2\x01\x00io\x96\xb60\x058\
\xcc\xf8\xee\x81%A\x02\x032\x021\xa6N4\xcd\xb5\
\xb6\x94\xf1y\xb9R\x96\xa5\xea\xebX\xbd\xb1\x18c\xbc\
\x11T\xcf\xfbq\x1c\x13\x04Q\xc7!?\xc9\xf0f\xa3\
\xcaO\x04D\xc6A+3\xb5\x04\xf7\xf6\x02\xf3\xa6R\
\x86\xb3\xb4\xc1\xc5\xf99#P\xd1\xa2M\x0a`\xd7?\
w\x1b\x81\x16O\xef\xad!b\x01@h7\x16\xfa\xbf\
\x99\x02\xf9\xc2\xaawv\xc0\xecA\x01\x14\xa5\xa3\x80\xfa\
\xa9o\xe4\xaf\xd4\xaf\xf5.\xa2\x14\xe1Uy\xe5\x86\x00\
iO,a\xc9\x10/h\x8a\x22\x8b\x07\x0c#\xd6\xca\
\xb3/\x19\x0e\xea\x90=\x19\xc4xz\xaf\xda\x846H\
sAe\x99\x08\x04*\xc2Y( W\xea\xa5\xefo\
\xfd\xd6o\xb5\xe5\xae\x1a\x0f\xdb7\x8a\xaa\xd3\xc3\x05\xda\
\xbbK\xf3\x1fU\x8b\x10k\x15\xb0,-//\x8f\x16\
\xa6\xefQ\xe3\x02\x01\xcc\x82\xd5A,A\x0a\x12\xaa\xfd\
}O{\xda\xd3&~\xf5Fci\xafs\x14\xc3=\
A\xd4\xdf\x84,\xd6;\xc7\xf6;\x18m9w\xe9\x82\
\x5cS \xed[\x96\xab\xd4b\x06\x9e\x80\xc5\xa9\x93q\
\x9e\xe0\xebX\xd06\x05\x11\xf0\xd5\xab/4[\xaaH\
\xe7\x00\x00\x1bcIDAT\xda\xde\xd2\xacK?h\
\xa1dR@\xa6\xc8\xea\x99>\x95G\xb8\x88\xa5+\x0b\
\xec\x8c\xd5\x00\xd57>\x94wM\x86b\x8az\x1f}\
\xac\x00\x1d\x97gy{\xc9\xe3\xbc)p\x87\xab\xee\x05\
\xb6\xb9\xd4\xfb\xd5%sV\xabK\xda\xd5\x06\xbe\xb4\xcd\
\xc8\xb2\xa3b\x08\xe6\xec^g\x0e@\xe5p\x8fh\x8c\
q\xa3\xf5\x09\x1d\xdfJ\xb8\xc6\xfc\xd3\xdc\xb0\x88h\xd3\
\x8cj|\xb6\x83@^\x015)B&\xf5\xb1\xe5k\
\xfc\xe4\x22\x16G\xc8\x04\xaa]\xd7\xb4\x93\x00\x10\xab\x8f\
\x0a0\x0e\x98\xe7\xa5\xdd\x12\xe4\xac\xdd\x02\xb5\xedk\xd2\
_\x8eR\xb66\xe5(\xc1\xb5\xb9n1\xdc\xa6\x0a\xc9\
W\xee)Oy\xca\x84b:(R}D\xba\xd57\
\xedR.}\xa8\x8b\x0f\xed\xc8O\x1fi7\xf7h\x0b\
}\xfa-\x8b\x9e\xfc\xc1\x1f\xfcA\x93Yx\xc3S\xbc\
\x13\xbe\x00\x10\x19x=y\xd9e\x97]S\xe3y\x9b\
\x1f\xa7]|\xa4_sW\xfb\x96\xc8\xb9\x14f\xb5\x82\
\xb7&3\xf2\xc2\x87km\x0e\xb1\x0a\x869\xb7\x82C\
P\xe3n\xb87s\xac\x0a:&\xf5\x93\xfb6\x0f\xbc\
\xf6\xdak\xdb\xf6\x0bDa\x92@\xcc\xd7\x10'\x0f\x81\
\xe5^'Oz\xd2\x93\x0er1\xda\xc64\xa2\x00\x9a\
1\x0ea\x01\xd5K\x00\x8c\x84Qg\x8c\x13\xbck\x82\
w\xe8\x03\xe3\xe9\x07\x90)#\xaf\xbf\xae\x1d\x05\x13\x0a\
\x89\x17C\xc6\xe3\x1e\xf7\xb8\xe3\xda\xef\xcb\xa6_\xb4k\
S\x1f\xcei\x13\x88Q\x84(C)\xcd\x0d\xdc(\x85\
q\xc6\xa7\xeb(\x12\xde\xe4\x01\x1a\xa0\xb5\xe8\xb1\x1a\xe5\
\xd4\xb6k<\x92\xa1k\xf3\xf7\x92\xf5\xc3+x<\xa7\
V\x98\x0eTT\xdf\x162\x02,e!\xbf!VC\
@\xdd\xcf\x05\x15!\x84Q\xc1\x82\xdft6\xad\x17\x90\
\xa8@k\x9e\xf7\xbc\xe7q\x9f3\x81\xf7\x9a\x07`\xc2\
(\xf7;y\xc9K^\xd2\x18\x8e\xb6\x02R\x1b\xdav\
\xc8'\x04\xc1\x95\xc5\x00\xf5\x08\xd0\x19\xb3\x11\xbcs\x0f\
\x02\x01G\xd0\x01$\x00D\xeb\x05Vh\xd6\xa7\x1f3\
\xd7\xe6\xb8\xd6f\x94O{\xac\x91R\xa2\x9f`\x09\xdb\
\x912\xdat\xdd\xdf+\xc7\xda\xbcG&d@\xe2\x03\
\x88\xac(\x1e\xc8\x19\xaf\x5c.\xde(\xa5\xf6\xf4\xe7\x1c\
\x05\x8a\xb7\xa9!k\xa2\xac:\xda\xf2/\x96\xe5\x1d'\
\xe4\xef\x7fg\xe5\xeb\x0f\xb8\x9bY\xea\xdc\xb5\xdf\xea\xd0\
\x7f\x83\x9bz\xac\x8a\x12\xcbm\x8c\xfd\x0a[t\xc9\xaf\
\xf3\xef%\xa0\x16\x08\xe8\x04c\xc5x\x8b\x92\x81\xc4\xe7\
\x9bh\xd7\xb2\x5c\x13,\xa6\xb9\xf3\x12ds\xe7\x82\x08\
\xca\x81x\xed \xb6\xa2\xc7\xb11\x970\x8c\xc3\xf1\x16\
\xfa\xd26\xa6\xf4\x876\xd7\xcai\xd7\xbd|\xa9i\xe9\
4\xb1Nc\xa5>\xd1$\xa0\xd2&\x81\xa0S\xd9\xd0\
\xde[\x976\x95A\x97r\x11\xa0~\x1c\xca\x8a\x98\x05\
4\x19\xe7\xd0\x87\x1e|\x93\x05z\x9c\xf1:\x9d\x03\xaf\
\xb8\x17\xc5'0R7m\x87\x17\xfd)G\xc9k\xf9\
PT\xbd\xa8\x8d\xfaV\xc5A\xfc\xa8\x13^g\x8c\xce\
\xb9\xd8\x879\x8c\xe4\x88[\xac7\xf2\x07\xaa\xc1\xc5\x8a\
R\x17}d\x83p\x04\x19\x80\xa8U\xa3\xb65T\x1d\
 k#\xc2\xc3 \xc2\x11\xe8\x8f\xee\xca\x9d\xb4r\x18\
&D\x81\x17&\xb4\x15&D\x8e\x84$\x02\xd5\x8e\xb6\
\xb5+\xe9\x8f\x12H\xb1\xf4\xf4\xa7\xac<\xed\xeb7\xe0\
+K\x18,'e\xa3L\x9e\x01W]\x87\xe7\xdaH\
}\xcf\x81\xa7\x0c\x00\x95\x11\xddG>\xe8\xf2\xd6)\xab\
W\xcaI\x01\x08\x7f\x80q\x06N\x05E\x93\x0a4\x97\
\xf1\xe0>\x8a\x99\xf1\xd6=y\xa0\x8f\x01\x04lm\xd6\
\x0a\xd5\xa1\x9a\x9b\xaf\xd5\xdcy\xd93}\xc5\xad{\x8e\
\xb6yi\xae\xa5N\xdf\xb4<\xdd[\x0d\x9b\xcb\x024\
\xc2\xcc\x09k\xa7{#B\xf2L\x8a\xe0uL@\xf2\
\x0b\xc4\xe5*?\x11y\x86\x98\x9e\x10\xcc\x10\xa0\xf2\xc2\
y\xc2b\xa5\xeeS.\xa0\x85\xf8\xf47\x8f\x99>\x0f\
\x08\xda\xd0\x07+-\x81\xbe\xc1\xf5V\x92\xbaI=\xe8\
x,:Wj\xfc\x1fg\xb1 \x96\xe3\x8cnu\x95\
C\xa7\xe9\x97\xb8\x22^I\x9b\xf8\x95\xc2_\x94\x89W\
\xa9\xe8\xfe\x06\xb2\xe2\x1d\xd5\xd1f\xfd\x9e\xf69\xca\xd4\
\xc2\x88iV\xebc\xb34\xb7\x047[\xc4,\xd4'\
l\xae0\xa7D\x00a\xdb\xd1P\x91\xf0A+/\x92\
\x0e\xa2\xa9!\x92\x10\x02\x0a\x06\x05A4\xb4'F\xd9\
\x80\x15&\xf5\xe3\x17\xe84<\xcf\xf5\xa1\xbd\xad\x82\xd1\
3\xcbZ\xd4%`\x1e\xa2\xe8\xbcO\xafP\x9b\x09\x86\
@S\x9e\xe7@'\xa1\x96\x85.\xfb\xb9D<I\xca\
\x04\x5c<+\x8bf\x06P\xb2\xbcz\xa8\x88\xeeS\x9e\
\xfcX\xa7\xd8\xa3\x82\xd0\xb3\x05\xa2q\xe1\xbcYE\xc3\
G<\xaf)\xdf\xd3x\x0e\xc3\xc2fi.\xa8\xd6d\
\xab\xa1\xe5z\xc7\xf7N\x82\xc1\x8c%\xb6Z\x91Y\xad\
]\x83\xcb\x5c\x07f\x1c\x9eK\xd1\xeeX\xacg\x98\xcb\
X\x86\x18\xc0b(\x82p\x96\x97\xb1\xb5~\xfe\xd8\xc6\
\x1de\xa2\x95}\x1f\x9b1\x93\xe7\xfa\xaa\x88\xfb\x16\xca\
$\x11F\x09\xf9\x5c\xd7\xe9{\xa3\xb6\x02h\x14\xae\xf7\
\x16\xbc\x89y\xa9\xd4\x83\xd5\xf3D&\xe4\xa1\xffR\x88\
\xd9\x8a\x19^\x81\xed\xb9\xf2\xfa\xd1\x86{J\x22\xa0\xab\
\xed\xa3\xc7\x04a\x19{+\x12?2]+8\x9fr\
m%\xcd\x055\x81\x0f\xebtX\xf9\xa8\xd7U\xd7T\
\x87m\xe0\x06\x1c\xc1\x05\xc8h\xa6\x0e#\x880\xadL\
\x98\x1f\x0a\xb4w\xd9\xca\x0b@L\xb8\x03\xbes\xdf\x9e\
2\xc36\xe61\xa9^)\xde\x19\x96\x0c\xf5O\x09\xdd\
\xa3#}\xce\xab\xd7\xe7Q*\xc9\xb8\xafOu\xcb\x9b\
x+\xd4\x5co\xc0\x18\xd2\x13\xda\x015-\xd3\xbe{\
\x81\x0fg\xf4\x003\xc3\x94>(]\x5cv\x05V\xe3\
\x9a\xd2\x1c\xf4\xb3Kt\x17\xa8\xefc\xa9\xca\xf08[\
IsA\x9d\xba\xc0#\xa5i\xe7c\x8e\x0b\xadWk\
\x17\x1bk\x11\x87\xd80\x85\x89^Pq\x95)\x93\xb1\
\x07\x13\xd1\xd00<\x14\x08\x17\x5c\xcb{\xf6\x09\xaf\x85\
x\xed'\xa9\xd7\xdf\xaf\xc7 \xe6\xfb>\xf4\x13\x1a\xa3\
`\xeb\xd5\xed\xf3SV[Ry\xae\xe5\x1a\x92Z[\
\x01\xaa/\x1f\xfaR\x9e\xfb\xac\xb2k\x8c$\xf2P\xaf\
w\xd5\xda\x024\xcbt\xed\x99\x88\xf9\x9ak\xaeY\xf5\
\xcf\xca\x15`\xde\x0f\xcfu~g\x5c\xfef\xb4\xcf\x05\
\xd5\x9e\x9e\x22\xe8H\x81\xf94\xda\x02dn\xd1\x94\x03\
\xc8\x8e\x10\xaeCD\x85\xa1\xb8\x97<7\xa7\xf3v\x06\
S\x01$\x8a\x818u#p\x1a\xe9\xedJ\xf5\xbf\xa8\
L\xdaUN]m\xa6\xdd\xcd\x18S\xb7\x16O&\xb5\
\x90\x7f\xc0w\x88{\xf7\xbfY\xdd\xfey?\x9e\xf3\x22\
\x82\x18)\x0a\x19\xe0\xdd\x93K\xf2\x81C\x8e5\x9fo\
\xaf\xf1\xd0\xef\x99\xb36#7\xe7\xf0\xea<\xa5s\xb9\
<\xe4\xa2\x19Cy\xc9\x05\x1e\xa7\x94\xe9\xb9\xe4\xbf\x95\
4\x17To9\x8a\x98\x9aj\x1eY\xa6\x1d\xa64\xd6\
j\x11\x1dmA@\x08\x0b\xc8\x5c\x95D\xa0a\xa2\x5c\
\xea\xcb)\x04\xe0\xe4\x0d\xb5\x1f\x83\x01\x19`\xd9'\x9c\
\xb9d\xca+#m\xc5\xd2(!\x1al\x94\xae5\xe3\
5/\xf0Y\x0b\x81\xa5\x9d\x8d\x84\xa3\xae\x14EBK\
\xf1\x7f\xb4\xa6]c\xa0\xe69z\xe3\xa6\x95\xef\x15\x0e\
\xbf\xe4(\xaa\xd7\x8e6\x9c\x1dx\x06\x98\xd4\x07?\xda\
5\xbc\x15\xfd+\xf57\xd8cuk\x9b\xcb\x02\xa5\xac\
5\xe1\xb7f\xfe\xde*n\x90\x1a\xa84h\xa8y\xb5\
k\xe19:\xa8\xf7\x9e\x17b\xa4Vd|\xc3\xa1\x8d\
\x05\x84\x830\x02\xee\xdd\x10\xb7\xe7\x19\x8bS\xce\xce\xc3\
Z\xeazL,\x15\xd1\xd1JL\x13B\xc6\xacX\xa1\
\xb7=Ug\x5ce\x8fj[~\x94'\xb4\xca\xd3O\
\xea$\xe0@\x8f\xf6y\x17\xed\xd7\x7f\xe1\xb4_\x95Y\
j\xd3\xb7#\x82GS\xae\xb5\xaf=\xf5{\xe0\xf1H\
\x90\x04\xbf\xb0\xb0\xb0\xdf\xc7\xba\xc2o\x94+\x8a\x8c\xb6\
^\xa9\x95\xa3\xa0\xb5\x88\xe0\xfb\x12k\xf1x\x94@\x1f\
\x99\x12\xaa\xd7\x8f\x95d\x5cr[\xb6\x09\xc0\xf4\xa6\xfe\
\xd8\xfe\xaa\x92\xff\x8a 2\xfc;\xa3\x1d\x0d\x91A{\
8Ms-\x15(~\xcd\xe6\xf7\x1d\xb5\x15c\xa5\x96\
\xac.,k;\x00\x5c\x0d!PB\x5c\x5c\xa7{\x1d\
\x10\x5c\xf2\x8a\x90\x17#\x0e\xb3\xb1H`G\x81BD\
\xafT\xf2\x04L\x15a\xee\x0f\xa0}yy\xee\xfb\xa9\
\x14Px\x10\xfd\xe8?\xca\xa0O\xe5\x1c\xb1\xae\x80\x22\
>\x90\x12\xe9\xe6yoy\xca\x02T\xf2b\xdd\x98\x1f\
\x0bk\x99\x95\xa2\x18\xfd}\xe8\xe31\xf0_S\xb5\xe6\
\x82\x03lh\xa7\x80\x19G\xd1\xa1o`[\x8cA{\
)\xe4\xc4\xec\xa16\xa6]nEO\xda\x8a\xa7\x99!\
\x8e)\x8d:,\xc0\xbb7`[\xb7\xb4\xb0\xbc\x5ck\
\x93v\x0cV\xe0\xd3\xd6I\x8b\x88\xe3\xd6f\xdd\x17\xc8\
\xb3g\xb5\xd5\xe4`iYk'k\x96\x04\xc0\x0d\xca\
\xeb\xb5\xcc\xb5<\x8c\xe8\x9f\x85Y\xab%\xb3b\xfa\xb8\
\xb7/\xf2\x0a\xc4v\x94\xf0\xdaY\xbf\xfaw\xad\xbck\
G\x09\xe0ShD\xbbz\x8e\x12\xfa\xec\xcd\x8bv=\
K\xfb\xce\xa5(\xad\x9c6\x7f\xe6g~\xa6m\xc8\xc6\
\x03:\xc3C\xf8p\xce\x81\x87\x04k\xeaX+\x9f\xee\
{\x9e\xad\xfbj[\xbb\xfaqD~\xfa+\xa5\x9e\xd4\
\xb2i[c\xae=O\xab\x80M$\x1f\xf9\xe9\x7fH\
\xc3\xccj]\xf4BE\xb0<@ .\x9f\x00(\xf7\
3[\xd8\x8e@\x09\xb3\xdc\xd3q\xc4\x95\xa0VK\x01\
\xechh\x9dZ\xf3\xa5}\xe9p=BzP\x11\xfe\
S?\xf5S,o\xd6g\x00\xec\x85 \xaf\x16\x03,\
z\xafze\x15\x00\xa2\x08\xeeS\xde5\xc1i\xb3^\
B\xdb\x9ay\xacv \xaeR\xd4\x94!\xe8\x5c;{\
M\xa7^\xed\xb7jS\x0c2\x89\xd5\xf7|\x04\xcc\x08\
Z\x99\x18\x08p\xcd\x1e\xec\xbc,\xab\xb5\xfc6\xeb\x83\
\xd2EA\x9d\xf3\x8c\x5c\xcb+\x1e\xab\xfd\xca\x13\xabR\
\xbc\x05\x19\x0e\xfbYO\x96m%\xbc\x08wj)\x9a\
\xc8\x05#\xc8\xeaI\x09\xe1\x22\xe3c\xbd?\x9c\xd4j\
\xd2U\xe5\xba\x16\x8a\xf0vT\x95#U\xe7HY\xf0\
\x91r\xb7\x97q7\xb5\x1b`IpEA\xb4\xcd\x0d\
I\xd3 \xa0\xf51\xec\xb3\x15\x98&\xae\xd4\xd6\x92\x02\
l\xa5\x98Z\x96\xad\x0e7\xebp\x8d!g\x11\xe6\x13\
\x9f\xf8\xc4\xa5\x0a&\x0e\x945\xad\xd1j\xae,)\xfd\
\xa8'\x11\x8cq\xbb\xde<\xed\xf3\xcc2&+@k\
\x86\x88X_\xfa\xa8\xf2\xcb\xdc/\xf7N\xc0q\x81=\
\x1f\xaeC'@SV\xbe-8\xe5y\xcc9\xf7\xd5\
F\x82\xd5\xb7\xbd\xedm\x8b\xb5\x82\xf4\x86\xf2\x88\xf7\xa9\
>\xce\xd5_\xd1r]\xc9\xf0\xfd\x15\x90]W\xdbn\
\x1fW\x9en\x9f\xcf\x08\x18\xe2\xe0\x00\x0f\x06\xd2\xc7\x02\
3&\x07\x17\xc7\xed|\x88\x00h\x9akL\x02\xc4\x18\
g\xfbcu6\xb6C\x80 \xaci\x12F\x8d1\x0b\
5\xd6\x94!/\x8c\xeb\x83\xc5\x8f\xb1\xbb\xcfv\x0c\xab\
)\x885O\x8dv\x0b:\xe4\x0d\x13\xc6\xfb\xc3s\x82\
(\x01,\x8b\xfc\xd0\x11\x81\xa1+\x00\xc97\xc6Q\xa0\
\x0aJ\x0eYd\xd7o\xdaR\xb6?\xe4\xeb\x1f\x1d\x15\
]6k2\x97\x8c\xf29S\x08G\x5c\xa81\xcf6\
\x17\xe3\xa9~\x13/\xf4<\xf4\x80\xf6@\x03_;\x94\
C$k\x0bO\xc5*Kdh\xafT-\xd2[\xec\
o\xcf\x8b\x8f3J\xce\x8b\xc5\xf7\xb8\xa6u\x8fgD\
he\x08\x89z\xf5\x9f\x85\x8a\xa1\x0c\xfb\xfb\x19\xa8\x98\
\x0fA\xb4\xc2\xa0\x1e\x90U\xf0\xdb\x10\x87(\xac\xdc\xe3\
\xd8\xb8K\x83\x08\xd5tG\x9d\x94\xe7\xa6\x10\xe0\x19\xc2\
h\x98\xe7\x98\x0c@C\xa1\xf4\xa0\xaaSJ\xd2\x82\x0c\
/\x98\xd5\x97\xe4\x07Pgm\xb2\x08mR$\x01\x86\
w\x92I\x11v\xe8J\x1f\xea:\x80\x07T\xc9}\xdc\
Y,]\xf9\x0a\x10\x8fV\xd4{\xef,\xa2\xcc\x1a\x9f\
^\x0c\x01\x95\x1d\xe0\xb5\xa3o\xc3\x89r\xe4\x04\x5cV\
\x8f\xa7\x92a\xfb;\x95\xa9\xa5\xb6m/,\x91u\xca\
\xb7\xf8 @\xd2\x86{\xcf\xd1\xb8Y\x9a\xbbG\x09(\
q\x99:\xcf\xb5Eg\xd7\x84i\xee)!\x88%F\
!\xdc\x03\x0f\x03\xaei\x96\xb2\x9ek\x17\xa3\x04\x18a\
\x84\xc0\x08<g\x13mZ[}\x1d\xac\xd5\x96\xe50\
\x13\x01\xb8\x07\x88r\x04n\x9f1\x8f\x22_\xff}{\
\xbdr\xcaG\x8fr\xaeY \x10\x1cY\xf9\x09/h\
-e\xd9o\xbd\xd75>\x09w++;\xda\xd7&\
Z\xd0\xec\x90\xc7r\xb5\xc5\xfa(}<\x099D&\
\x89\x923'\x8e'Q\x9f<7\xeb\x7f\xae\xfb\x05\x1a\
\x22$ \xc6\x8a\xe3\xcf5\x9a\x8eu\x12\xa1!\x96;\
\xb1K\xdf\x06\xab#G\x8e\xcc\xfe\x88`\xea\xc6\xb9\x96\
6\x7fcU\x12&c%\xce\xda\x8a\xa2\x94;7\x1d\
X\xae%\xb3V\x96 (F\xe8)fo)\xefq\
\x06\x0d\x96r\xc6|\x14\xa7o\x93\x90=c\xd5\xda \
\xd4\x9a\xb6\x8d\x8b\xee\xf6\x19\xd9^\xd12n\xf2L\xca\
\x13\xac\xe7x\xcf\x98\x89N\xf5\xb4\xa5m\x06P\xe3\xa5\
\x1f\x13{A_\xc5?\xf9b\xbf\x86\x85\xb1\xd5(\x9e\
N\x8c\x92D\x86\x01V\xfb\xe4\x87?\xf2Gg\x92\xfc\
$\x9e\x09O\x1b\xa5\xb9\x96\xba^\x85\x08\x93\xc6\x02\x09\
\x13\xaeY%-\xb7I\xbb\xb6a\x1e[YY\x19W\
\x80\xf3\x86\x1a\x0f\xd6J\x00\xed\xedH\xb9\x94\xeb\x0a\x94\
\xd7\x97e<\xb4\xc6\xb3I\x1d\xfb\xfc,\x03\xc0\x14\x03\
S\xda$$L \x9e\xa6\x1a\xcf\x80\x8a\x11}\x11\x1e\
\xa1\xa2\xa5\xca]Wu\xee&\x8f\x00K\xe9\xc6\x22G\
\xe5\xfa\x14K\x91W\xa0\x1c-K\xdd\x0f\x1c\xfdp\x87\
%\xd8#\xf5h\x81 \x95\xcdX\xa8Lm)\x19\x1b\
\xab\xe5\xa3\xc1\xc1=Z\xabE3E\xf7\xaa\xd2o\x87\
j\x0agY\xf2\xaa\x92\x8b \xf2H\x95](~\xb4\
}\xb0\xf8<Rn\xf7\xb2\xe2g\xad\xf6/\xb7@R\
\xff\xb1<\xf4\xa3{\xbd\xb8\xe38\x866\xb9Y\x17\xd4\
\x00\xe8\x9c\xeb\xb4E\xe0!\x82+\xf3\xa1\xac\xdar1\
\xaa/|\x89\x8e#\xf8\x87*G@\x84Um\x9cQ\
 \xb7\x7f\xc1(\xc0\xc7\xb5\x847\xa9\x80\xeb\xda\xda\x10\
\xf6\xbf\x04E\xda#$\x89\x00\xdd\xd3\xe2\x0a\xbc\xc6%\
\xb8\x83\xa54\xcba:.\xac\x84\xfe~VD\xb3%\
\xd6\x0f\xa0*\xb7\xe0>\xd6\xda\x1eV\xd2n=?Z\
 \xdd;\x96\x08\xb0\xa2\xf3HY\xcdB_N\xff\xc6\
3\x1f&\xe9\x15\x0a\x08\xa1M\x10c/\x91\xcf\xcf\xd6\
\x22\xcd\xdatQ\xfe2\xcf\xd5\xd1G)\x9cv\x17\xcc\
W\x05\x97dU\xe3\xfe\xe1\xdaZz^M\xc5\x8e\x1b\
\xc6\xc8Y\xca9\xf4l\xf7<\x17\xd4!\x88\xe9\x08\xb1\
\x01Y\xe4\x0bPS\x08_\x10cM4\xcft\x01p\
\xc6_\x8c\xc5\xe5\xa5\xae3k4\xff\xaa\x8di\x17W\
;\x07kzq\x91\xe0A\xbe\xf2\x01U\xbf\xf2kz\
\xb3L\x18\xda\xe7\x11BO\x01\xf4\xd0\xac\xad\xca3\xae\
\x96\x0b>Rm.\xf4\xfdE\xb1\xa6\xe3\xe1\xf5q\xfd\
\xfa\xc1C\xb5\xb3L\xe8=\xdf\xea\x88\xe4\x95\xe5\x12%\
y\xfa\x0f\xc8~~X\xf3\xcf\xd5\xe9\xc6\xb0EV\xab\
\x8fD\xbc\xda\xc7\x0f\xe5N*\xcf\xb2(\xf8\xab%@\
\xabE\xe3\xfa\x94\xde\xec\xd7\x0d\xca\xc5#\xcc*\xec\xe0\
bC\xe7<\xd4\x98\xdc#\x1a\x03\x18\xac/uMj\
b\xbe\xc6\x9d\xfc\xd8\x8f\xfd\xd8\xb8~\xca\xb7\xe8\xdb\xf5\
\x82\x16\x0c\xc6\x15\xb2V\x82\xce\xf8\xc0e\x8b\xa0\xcbm\
-\xd7\xcb\xf7k\xec\xaa\xc8\xf8\x1d\x17\xe7\xcc\x05\xfb\xf6\
=fY\xa46$\xed\x09\x90\xb4\x93{VWy\xcb\
\xb1\xd0\x94u/\xb9/\x00/\x06>\x80\xdc\x03U=\
\xa9\xb3\xae\x06FmL\x1fs\xc1\xf8\x8ee'\xe2\xb6\
\xb8RJ\xb9Z\xfb\x87\x16C\x1by\xb0V\xed\xc6\x9b\
\xc9\xa3\xacx\xf8\xc9\x9f\xfc\xc9q\xed\x1c\xd9_\x9b\xd7\
\xdb\xban\xfd\xfa\xaf}\x87Xy\xed\xf2\x02\xa1\xb5\x11\
\xb4\xc34\xd7R\xb5\x15\xad\x1d\x02\x9b~tn\xebE\
-\xf8_[\x83\xff]\x8b\xd0q\xcdc=>T\xd6\
zIY\xe2\xd5\xf9\x03\x82\x08\x06\xc0SW\xdc\x02*\
\xf9\x18\xaev.\x16D\x08&\xf4\xa7\x8cq\x8b \x05\
?\x15\x5c\xd9\xe6r\xb0\xea/\xa7\x7fe\x80\x91\xd7Q\
\x14-S\x86\xd0\x8c\xc6\x04\x1c\xf2\x1c@\xe4\xb2\x09\xd2\
\xa1};\x19\xbc\xd1\x09\xdf@\xaa2+\xc6s4\x10\
8:\x1dh\xe6Fk\xfc|\xa1_\xc9e\x1d\x9c+\
\x96\x0c\x19\x80\x05j\xbc\x94\xbc\xdau?\xf6u\xb3\xca\
\xbf\xbe\xf6}Y\xe4\x9f\xf8\x11\xf4U\xf5US\xc1\x9a\
\x00*J\x18\x1ewz\xde\xd0R\xe75J0\x88\xb5\
\xff\xa6~Mn\xc9\xedb?=0\x99O\xd4\x5c\x96\
\xb0\x16W\xc22\x95\x97B4\xc1pi\x84$0\xb0\
\xe9\xaaV\xab\x8e\x89\x1a\x09Q\x1f\xb1p\xc0\x98\x88\xd7\
k\xafeu\xb4\xe5\xb9r\xc0\x00\x10@\x13\xb4x\xdd\
\x95~\xe2\x15\xe2%\xd0\xe4\xb9>\x93\x87\x16\xed\xe8\x07\
\x98\x0e}\xd7\xb2c[E\xca8\x1f\x05\xf1\x5c\x84[\
.\xf4\x09\xe6\x91\xe8\xe0a(\x07\xba\xb2\x0d\x05\xad\xfa\
@\x03\xb9\xe8S\xff\xbc\x13/\xe7\x07\x5c<\x9a\x99B\
\xc5#\xd7\xb0\xe8D\xbdQ\xb8\xf5\xce\xf3p\xe9\xf3\xb6\
\x0dj\xc0\xb1\xe8^\xd3\x96\xb5\x02\xf3j\x8b\x04\x08\xc0\
0&\x0b\xa4C\x18\x0eQ\x84\x84\xe8\x8c\x17\xc0T\xce\
A\xc3\x09\xae\x82\x87\xb16\x09\x06\xf3\xca\x10\x8a:\x96\
\x02K\xc8\x8dn\xa0\x12\x14K.\xd7<6W\x0d\x88\
\x04g\x8c\xcd\xbd\xf6%mH\xeax\xee,y\x0e\xd4\
\x0a\x88\xc6\xd5\xeeM\xb1p\xf5\x8b\xa7\xf6\xee\x14\xed\x0e\
u\xa2\x8c\xa5|/)\x1e\x8fj\x03=\xac\x15\x1f\xea\
\x01\x9fe\xea\x93\xb2\xe9C|a[-\xc0\x01\xa7\x8c\
 \xac\xb6\xc6\xb4/\xdcTpy\xbe-C\xf1&\x8d\
\xb8\x13HsA\x8d\x10z&\x098B\xa6\x85Vn\
\xca\xfd-\x96k|)kA( \xd4\xb5\x11\xfcH\
m\xe6\x96\x87)\xcc\x01J\x0a\xa3\xca9\x08E\x99r\
\xd7\xd7\x861\xdal\xbcL\xa4i\x81\xc07\xf9\xcb\x22\
\x8e\xaa\x8f\xae\x12\xce\x11\xaeW\x1b\xe8\x02\xa8T\x0a \
Zn;\xceB?:\xa6}\xdfdA\x83\x22d\xfc\
\xa2 \x04\x5c\xc2=\x9c \xa7\x82\xa3\x15sd\xf7\xa1\
O}t\xfa\xd5\x5c-\xd0?\xae\xea\xefW\x17\xcf\xda\
w\xa4\xbfx\x19\xcf\xd1\x1byy\xebE9\x04\x97\xf2\
j\xcc>TF\xb1V[n\xf7W\xbb\xe7\xe0%m\
4\x82+\x05\xe8\xfe\x9cg\xeb\x9d\xe7\x82:l8\x16\
\x97Nt\xee\xe3\x88\x5cN\x85\xfc\xef\x8fk!\x00o\
$\xea\x13m\xef\x12\xddb4\xe0el\xc3T,I\
?\x19g\xab\xdc9\x15\xb5\xb6\xc5\x0a\x80\x12\x86\xba\x01\
d\xba\xcde\xbfv\x08[\x94K\xcb)\x8b2\xda!\
t\xe3`\x01\xee\x83!\xad\xbe>b\xdd\x80K\xe4\xcb\
\xea\x92\xf0Q\x0as\x81\xf2\xda\xa8\x15$;)\x9be\
\xbaG/%\xd0\x87(\xd9p\x11\xf7\xaa\x0d\xe0\xa1A\
\xb9\xf0\xab\xdf(\xb52\xd6{\xbd\x101\x1e\xa3\x81\xcc\
<_XX\xb8B\x1f\xb5\xf5\xe6|\xf7\xf8>\xd1\xb4\
)\xa8=\xa0:C,WS\xc4=\x0a\xe3\xe5\xa2\xae\
\x13\xf4\xb0.\xbf\x02\xab_\x97\x1d\xab\x10\x7f\x89\xf0\xb9\
\x9a\xa1+\x94\x9f61\x936+o?7\xa5m}\
`.`\x00\x11X\xa6\x18\xea\x10\x5cY\xe9r\xd6m\
\x95't\xc9\x9c\xb7,\xb5\xfd\xb4Q\x1b\xe9_\x9d\x02\
\xf5\x82\x80\x1a\x85S\x8e\xc5\xf36\x12\xd7Yc\xf8\x1a\
\xeb\x1d\xd2\xaeo`f\xebiO\x7f\xab\x5c\x09-\xfa\
B{\x14\x16\x80\xac\xb3\xe6\xb3\xbe\xd4\xd2\xfe\xcb\xcep\
\xa4L\x05\x95\xef\xa4T\x15\xa3<\x8b\xd5ghH{\
;9\xcf\x05\xb5o\xa8\x075\x16,0@\xb0g\x80\
#<+*~gZ\x16\xdc\x16\xa9C\x5c\xdc%\x06\
$\xa0\xc6\xfa\xb4\xe7\xa0\xe9@\x0d\x90\xca\xc8g\x85\x04\
\x971\xcdNCV\xec\x99\xc8\x97\xa5\x12\xa0\xfa\x0e\xfd\
\xa2\x07p\xca\xc4;\xc4z\x80\xe7\x00\x8c<\xe5\xf1`\
\x9c\x0d\xd8\xaek^\xbcD\xd0\x14%\xb4h\x1f-9\
\xf0\xd0\xf3\x94\xbe<\xd7fd\x15\x80\xc9\xc3\x90\xe4G\
c5\xb5\x99\xf8\x95\x83\xfe\x8b\xc7\xeb\xd1\xa4\xbdD\xd0\
;\x01\xb2\xaf\xb3)\xa8\xf3:@LY\xc9M\x08\xae\
 \xe1\x5c\x1aV\xee\xa5\xfdp\x98P0\x86\xa9D\x82\
\xbdU\x04H\xedj'B\xa8\xb6\x8erw@\x91\xdf\
\x0b,\xc0\xfa;\xeaD\xb7\xc6Y\xd6\xa4mG\xbc\x02\
E\x10\xb5\x12b/x\xd7\x96$Y\xb7\xeb\x80\x83\x1e\
y\x94D>pE\xdb\xfd0\x01$\xbcJ\xea\xc5u\
\xf7^`(' \x87\x07^L\xfd\xf0V{\xa6|\
\x06\xb6='#V[|-i7\xe3\xf1\xb0\xbd\xed\
\xdco\x0aj\x0fB\x98`Q\xe5z\x0f\x8b\xfaj.\
z\x1f\x824\xd7*\x8d;\xca\x85b \xda\x1a\x8de\
\x1d\x12\x8d\x8f\x80\x80'9\x97@\x8f\x8a6\x09\x8d@\
\x95#\x98\xa96\xb7k\xf3\xd8|\x0e\xaf\x80X3\xe7\
\x94bM\xfa\xe2\xea\x16\x16\x16\xce\x02\x10\x1a\x9c\xb5\xa1\
MS\x17\xcf\xb5-y&\xb9\xaf\xf6\xae\xe6zk\xd1\
\xe4\xea\xaa\x7f\xdc\xf3\xf0\xa3\x1f\xd3\x11\xdeB^\xbcP\
\xdaJ_9+\x13`\xa3\xa8\xd3h\xbb\xb5\x81&\xf2\
\x12\x7f\xf0\x0c\x8e\xc8\xb8\x11\xb0\xc34\x17\xd4\xbe\xe1\x1e\
T}xF\xab+\x1a}\xb7\x1f%\xd7\x02\xf6\xb9\xac\
\xc6\xaf\xd6J\xcb\x9b\x0b\xc5\x94z\xce\x98\x0a\x88\xea\x13\
\x8c#\x82M\xb9\xb2\xf0\xeb}oA~\x14A\xbd\x94\
s&\x88\x8a\x18\xf7\xb1\xc4\x02t-\xd6\x14\x05r\xa6\
\x14\x05\xcc\xcdU\xbeE\xc0\x01\xb7\x14o\xad,\xd5\x82\
\x7fk_\xdb\xa1K\x99\xea\xffR1B\x05d\x97\x02\
.\x80)\xab\xdd\xd0\x81w\xbb2\x12D\xe1/\xf2\x0a\
\x80h\x08\xaf\xbd\xfcX\xa5@\xb0\x22\xdeES4\x16\
\x5cn\xd8^\xa9\x99\xfb\xcf,\xa15\xb0\xc3\xb4)\xa8\
\xda\xed\x09\xc3\x00\xad\xfb\xd6o\xfd\xd6g\xd2\xec\x0a\x8e\
~P\x98oE\xc8\x87'\xe5)C(\x8e\x8c\xbd\xda\
Ap\x04I(=\xf0\xe5J/\x16\xe4\x10\xba\xf6\x03\
(arO\x01\x820\x1c@\x88\xf2D\xe0\xfaP\x8f\
\x9b-\x8b<\xac\xbf\x08\xba\xfa[\x13\x0ci_\x8au\
\xbb\xe6\x16\xb9r\xeb\xd6\xda\xc6\x03\x1a\x80\x13kN\xff\
\xac\xc9\xaf\xdeJ\xa9V\xb4\xafo\xfc\xea7`&6\
\xf0,\xfc\x87Vu\xbc\x9f\xa5\x98\x15\x7f\x1c\xb0~\x5c\
}\xaeM7\x1f\xcc\xe2\x80F\xe4\x0e\xd3\x5cP\xc3\x88\
6\x11\x1cK\x08\xb8\x9e\x975\x1c\xaa\xd7Rk\xf6\xdb\
\xf8\xff\x15\xc2\x8a\xd00\xa8L\xc6\xad0\x94\xf1B\xd9\
\xbcKL\x84X\xbb\xe7\xd6\xaa\xcd&\xcc\xde\x9dj+\
\xd6@X<B)\xd4\xd8\x82G\x22^\xf4\xa9\xa3\x9c\
\xbe\xa6K\x81\x17\x18\xeb\xa3\x10\xe5R/\xc9\x96\x14|\
(\xab/\x87D\xa1j\x19\xaf}(R{\xe9S\xff\
\xbd\xb5\xb2*s\xd8\x1a\x0a\x96\xf1\xc0\x9d\xf3 \xea\xe8\
\x0f\x90\x14\x16\xadi\x1bM\xe1\xc3\xf8]\xb4\xd8\x16t\
\xa0~\x08\xd5~^R[\x85.\xa1X\xea\xa6\xbf\xde\
\x90\xb6\x8b\xed\xbak\xbf}Ca*g\x0c`\xa4\xbe\
\xa3\xbfT\xf3\xd2\xc9K_\xfa\xd2\x16\xcdy\xafH\x88\
\x04\x0cP\xe7$u\xc3\x1c \x135+\xb7\xbc\xbc\xfc\
\xc1\x8b/\xbex\x89R\xa8\x9frQ\xae0\xa8,\xc6\
-\x8es\x83Yp@\x8f\x943\xf7\xc9Z\xfdP7\
\xf9Y\xf3u\xaf\xffx\x8a\xb4=u\xe9\xad\xdd^\xa9\
z\xe1j\x9f\xd0\xa3X\xe5\xa1&V\xc1$\x16\xec\x19\
\xfa\x81+\xe1\x11\x0f\xf1<\xda\xd2\xf7J}:\xcf\x0b\
\x01\x1b\x09j\xcf\xd2Z)\xe8!e\xa5\xf0\xdcnv\
\x9a\x10\xba\xd9\x81\xd8\x8c\x85\xce\xd1J\xc1O}\xe0\xbf\
}\xe8\xa34\xb8}\xcf\xa0\x08o[\x1dK\xf8\xedp\
\xed(\xcd\x9fm%U\xae\xac\xb5\xe5\xfb`E\xbd\x14\
h\xe1<\xed6\xe7e\x81\xb1\xd8\xf4\x1b\x1a\x08\x85\xd0\
B\xb3\xe7\xea\xe5^9cW}\xc8q\xf6\xd5\x16\xfd\
\xd4\xb7\x8e\xda\x8f\x9f\x95\x8bK\xd4GV\xad\xe4\xc7\xba\
\x00\x13\x1a\xb4\x97\xbe3\x9c\xe8S\xf4\xfa\xe4'?\xf9\
`Y\x7f\xfb\xf0\x87s\xf8-\x859n\xdbl\xe4\x81\
g\xf2QN\x9d\x87<\xe4!\xb3\xef9\xa0I?\x9b\
a\xb1\x95\xe7[j$\x8c\xe5\xaca\xae\x07\xf3\xd6x\
_\xfd\xeaW\xfbN\xe0\xb1\xb2\xa4\xf6\xa5\xcc\x00\xeb\xdc\
\x83\x19\x80\x9dK3'\x94\xa1\xde\xc5\xb6]\x89\xda\xcc\
\xfai\x00\x8d0{f]\xeb\x97\x10r\xf4\xcf\x03\xf0\
\xb3\x9e\xf5,\xd6\xd8\x04X\xe7\xd5\x9f\xf8\x89\x9fh\x9f\
\xe0\x19\xb6\xa5\x8d\x00\xeb\x19\xbe\xe4i\x07x=\xef\xe8\
\x92\x9f\xd7k\xbcS\xbd\x0b>\xe8\xdbG\xe1\x0d\xb8e\
m\xed(y\xb4\x0d\xe1\x00\xac\x99\xc1l#\xbc{\x1f\
\x1a\xb1\xd9= 1\x10\xd7\xbd\x92m\x05\xc0ye\xb6\
\xec~\x8b\xe8Y\xc2\x9c`\x02\x83\xdcN\x8dq\xc6\xb1\
}5V\xbc\xa0\xc6\x8a{\xd6\xe2\xf5\x8d\x05\xd4\xa2\x0e\
\x95I\xe2Z\x8a\xb9\xb5:\x16k<~K\x8d%\x0f\
66\x1ag\x08\x90K\x94\x12p\xa8\x1fw\xe4Z\xe2\
\xc22v\xba\xee\x932@\x90\xb8Q\x11o\xb5\xbbX\
n]\xe4\xbb\x94q\xd2s<\xb8w\x04h\xed\x09d\
\xd2\xffq\x8d\xd7M\xf2\xd3\xaf\x80\xa7vn\xb4\x17\xfc\
\xe5NmeY)\xc5\x5cF\x872h\x8fg\xd1V\
\x0dYGk\xec\xde_\xdf0\x1c\xdbQ\x91\xbd\xd1\x94\
\xd4X\xbd[iK\xa0\x0e;\xeb\x99&\x1c\xf7^\xbd\
\x15sO\xaeq\xe2\xc9\xf5~\xf4%\xf55\x91\xbb\x96\
\x15\xdf7\xcc\xd1\xda\xd2\xe27V r]\xed\x7f]\
\x12\x98\x88\x98%Li\x83\x80il\xc6\xca\x1e\xb4\x1e\
\xd4\xa1\xd0\x03d\x00\xd7\xa69oE\xc8\x8bVq*\
\xb2\xbd\xa4\xe6\xa8\x97\x0e\x95 |\x11\xbe6<7f\
\xf7\xa9\xef7\xf9\xfa\xe7]\xd0+\xe2\xf7\x9bU\xdf3\
\x14\xc9\xd6>\xad\x89\xd9\x00\x8bgu\xca0\x00\x01X\
-\x9e\xdc\xdb\x1a60\x19\x03E6\x94d\x1a\xa3\xaf\
D\xe7\xc7\x11\xb1\xcd\x9b\x1d\x81\x8ay`\xd2BD\x00\
\x850L\xee\x1d\xf5B\xf8\xf1\xe6`\xc6Ge\x94g\
\x85\x96\xc3,\xed%:\xcc:o\xa6\x06\xca\x0d\x83\x9f\
\x00\xe1\x1c\x01;\xf7\xd7x\xf6\xbc\x07\x0d\xa8\x04\xe9\xbd\
\xaf I\xe0$\xa9\x07D\xc2\x1e&B\xd6F\x1f\xac\
\xf4m\xa6>\x05`Yx\xce\x98o:$z\xf7\xed\
a`\xe2-\xd10P\x1d\xea\x08\x88\xb4\xa9\x8c\x84_\
\xfd\xf1h\x8e\xf0?\xa4m;\xf7;\x025`b\x8e\
\xd6\xd2:L\xc8\x97D\xc6\x22P\x93\xf9D\x82\x84\x88\
\x19\xca\x90\x17\xc5\xee\x09\xc53\x8a\x81)u\xa5X\xce\
P\xa8\x9e\xf5y=\x00\xad\xe2\xb4.\x97\x9eEzJ\
\xe4>\xcf\xd4O\x1b\xe1\xa5o\x07M\xee\x87}g|\
\xa5\x18hV.\x9e*.<\xab\x5c\xa9\x1b/\x12\xe0\
\xb2+B\xbd\xcc\xdb#\x03J\xa2\xfc<\x9e\xc2\xdbV\
\xce;\x02\x15C\x18\x8b\xabBHoa\xd1\xc2\x08\xcf\
\xb9g.\xe1?\xe2\x1d\x9ea0L\xca\x1b\xba\xd8\x1e\
\x08\x8c\x0d\x05\xde3KH\xbc\x02 \xb5c\xec\xa3d\
\x14,\xe3v\xca\xcfsw\xc3\xbeS6\xf4\xe2=J\
\xd7\xbb\xeb!\x90C\x9a\xd4\x8f\xa5f\x0a\x932\x91\xcf\
V@\xdb\xac\xcc\xdc\xc5\x87\xcd*\xe5y/\xd8\x5c;\
\x87\xf9\xf5\xce=\xd8\xf3\xae\xb7\xda\xffz\xe5\x22\xbc\x02\
\xf6j\xc2+\x85\xf3gGs]\xeezml\x96\xdf\
\xf3\xdb_\xab7\x8f\xa7>o\xb3\xb6O\xf4\xf9\x8e,\
u\xd8)\x82io\x98\xeb5}\x1e\xc3\xc3\xfa\xbb}\
\xcf\xa5\x02\xb3\xc6\xd4K\xeb\xed\xc7%\xde\xec\xf4\xc1H\
h\xda\xed~\xd3\xde^\xb7\xbf\x19\xdd;\x025 j\
|\x08\xe8<\xc6no&\xb9_\xc9\xf8\x96\xf7\xae\xa1\
\xcb\xb3a\x84\xbb\x99\x90\xd6{>\x94\xc3<\xde\xe7\xd5\
M\x907\xef\xd9n\xe4\xed\xd8\xfdb\xa8\xb7\xc2\xdc\xf7\
\xf9!\xb0\x8fVw\x83\xe8\xcd\xda0N\x0aD\x04]\
\x825\xe3}\xe6\xcb\xbb\x01h\xaf\xa4C~oo\x05\
\x9e'\x8b\x1dYj\xdf\xd0<&\xd6\xd3\xc4\xe4\xcf\xab\
3\x8f\xb8\x9d\xe6%\x125\xc5\xf0uR\xd3\x8dLa\
X\xeaz\x81\xd0v\xfa\xc3\xc3\x90\xcf\xad\xf2\xb5\xd5r\
\xdb\xa1\xe78L\x86\x84\xed\xb4\xa1\xad\xd6\xeb\xc7\xde\xad\
\xd6\xd9n\xb9L\xa3\x08\xcf\x5c\xd9\xdc\x98\xf5\x06\xec\xdd\
\x00\x15MC\xd9\x05\xaca\xfe\x90\xfe\xff\xef@\x1d2\
\xb8W\xf7\xa6U\x82#\x0267d\xa9\xbb\x1d\x01\xf7\
\xc0\xf6@}\xbaA\xfd\x7f\xa9\x9b\x80h\xf2\xe9\x0d\xfc\
\x00\x00\x00\x00IEND\xaeB`\x82\
\x00\x004\x04\
\x89\
PNG\x0d\x0a\x1a\x0a\x00\x00\x00\x0dIHDR\x00\
\x00\x00\x81\x00\x00\x00|\x08\x06\x00\x00\x00N\xac\xd3\x97\
\x00\x00\x00\x09pHYs\x00\x00\x0fa\x00\x00\x0fa\
\x01\xa8?\xa7i\x00\x00 \x00IDATx^\xed\
\xddy\x94%IY6\xf0{\x07\x10\x196aXd\
@i\x81A\xa0\x1a\x04\xd9\x11\xa5\x9a}\x07\x95\x9d\x01\
\xc7\x05AT\x96s\x10w\x91\xed\x1f@>\x0f0\xac\
\x07\x18`T@\x05\x19\x16e\xd1j@AP\x04\xe5\
\xd6\xb80@+20(\x8b\xec\x0at~\xef/\xe8\
\xa7NLzoU\xdd\xea\xean\xe86\xce\xc9\x93\x99\
\x91\xb1\xbc\xcb\x13o\xbc\x11\x19\x199\x1d\x86a\xf2\x7f\
\xe1\xc4\x96\xc0I'6\xfb\xff\xc7=\x09\x9cP \xf8\
\xda\xd7\xbe\xd6\xb4\xfe\xd5\xaf~u\xf2\xa5/}i\xc2\
\x0a\xe6\x10\xff\x8do|cr\xf0\xe0\xc1\x16w\x22\x85\
\x13\x0a\x04\x17\xbd\xe8E\x9bn)\x19\x08>\xfa\xd1\x8f\
\xb6\xf38\xf4\xc0\x18?;\x1e\xefO(\x10L\xa7\xd3\
f\x05\x9c/\xb8\xe0\x82\xc9{\xde\xf3\x9e\xe1s\x9f\xfb\
\x5c\xbbg\x05\x02\x90y\x8a>\x9e\xad\xc3\x09\x05\x82(\
\xf2b\x17\xbb\xd8\xe4\xc0\x81\x03k\x7f\xf5W\x7f5\xf9\
\xf4\xa7?\xddt\xae\xab\x18+z\xdc]\xcc\x03\xc7\xf1\
\x10w\xc2\x81\xe0\xe2\x17\xbfxk\xf9\x1f\xfe\xf0\x87W\
?\xf8\xc1\x0fN>\xf9\xc9O\xae\xcd\xb3\x00c@\x1c\
\x0f\xca^\xc4\xc3\x09\x05\x02B\x00\x80\xcf\x7f\xfe\xf3\x93\
\x7f\xfa\xa7\x7f\x9a\xfc\xeb\xbf\xfe\xeb\xe4_\xfe\xe5_V\
9\x83\x17\xb9\xc8E\x9a\x8c\x16\xf9\x03\xc73(N(\
\x10P6\xb3\xffo\xff\xf6o\x93\x7f\xfe\xe7\x7f\x1e\xfe\
\xe3?\xfec\xf2\xf7\x7f\xff\xf7\x93O}\xeaS\x0d\x04\
cE\xe7~\x1c\xbf\xa8E}\xbb\xc6\x9fP \xe0\xfc\
}\xf9\xcb_\x9e|\xfc\xe3\x1f\x1f\xce?\xff\xfc\xa9\xeb\
\xf3\xce;o\x02\x0c,\xc4\xbcp\xbc\x03\x00\xcfK\x81\
\xa0\x17\x88k-\xcb\xf1\xad\x12\xd0\xf4\xf5\xaf\x7f}\x83\
\x9cx\xfch\x14\xcf\x1f\xf8\xcaW\xbe2\xf9\x8b\xbf\xf8\
\x0b@h\xe9\xce=\xf7\xdc\xf5r\x10\x07 8\xe9\xa4\
\x93&\x86\x91\xba\x0b\xd7\x0e\xe9s\xad\xfc\x1c\xc7\x9ag\
t\xe0/<\x1e\x0e=K\x81\x80\xa0\x084\x15G8\
\xe2\xfe\xfb\xbf\xff\xfb\x98\x0b\x08}\x99\x0b\xa0\xf4\x004\
  (~@)\xbe\xf1 }Y\x83\x95\xbf\xfb\xbb\
\xbfk]\x82<\xba\x8b\xcb]\xeerM\xa6\xff\xf3?\
\xff\xd3\x80#\xe0\xefX\x074\xa7!\xa2]\x17\xe6,\
\xbe\x07\xff\xb2t.\x05\x02\xc2D\x84\x8a{\xf3\x09\x0c\
\x11\x16\x02\x8eUk\x89\x80\xd2J\x0c\x05\x05\xc0pM\
P\x7f\xf37\x7f3\xbc\xff\xfd\xef_'8q\xba\x04\
C\xc5\x0f|\xe0\x033\xf7Z~\x02~\x03\xaa\x9e\xdf\
e\x85|$\xd3\x93\xfd\xe1\xd2\xb64\x08\xa0O\xc5\x04\
\xad\xa58z\xe1\xe7\x1a\xe3\xfd\xf5\x91\x14D\xca\xce\xb4\
0\x05\xf7\xb3\x83\x94\x89fV\xe0\xedo\x7f\xfb\xe4\x13\
\x9f\xf8\xc4J\x14\x8cF\xf1o{\xdb\xdbV\x80\xe4;\
\xbe\xe3;\x1a\x10\x94\xf5\x9d\xdf\xf9\x9d\xad\xe8\xc4\x1f\x0d\
\x1e6\xab\xa3o\xf9\x91=>\x80\x00\x7f;\x0dK\xe5\
\xcc0Je1A\xcc\xe4\x17\xbf\xf8\xc5\xff5\x17\x7f\
\xb4\x01\x80\xa6\xd0Gi\x04\x83\x06\xd3\xc2\xee)\xb6Z\
\xfcZ\xcd\x12\xaeKKxx\x90\xc7\xf5[\xdf\xfa\xd6\
\xc9\xfb\xde\xf7\xbe\xa6x\x02M\x97\x17`\xedT\xc0\x87\
\x93\x0f\xfd\xfd\x91\xee\x0a\x00\xc8\xddY\x5ct1N\xbf\
\xdd\xba\x97\x02\x81JT\xaar\x81\xc0.q\x89K4\
A\xf63n\xc7\x02\x00=\xc3hD\x03\xe5j\xd9\xac\
\x02G\xf0\xcdo~\xf3\xea\xc7>\xf6\xb1\x15q\x9e\xa3\
\xd93J\xe7'\xfc\xc1\x1f\xfcA\x9bF\xd6\xb5I#\
\xc4\xaa\x04\x14\xdb\x15\xecn\xa5\xeb\x15\x1b\x1a\xc8\xdb\xa1\
\xfbr\x04\xb4}\xdae\xea_\x0a\x04\xbd\xe9qm\x1e\
\x1e \x10q\xc9K^\xb2\xd5{,\x01\x80\xa6\x04\xd7\
h\xa1\xcc\xcf~\xf6\xb3\x93s\xce9gx\xd7\xbb\xde\
\xb5\xf1\x9c\x10=G\xbbV\x05\x10\xaf\x7f\xfd\xeb'o\
|\xe3\x1b\xd7X\xb6\x086\xfd\xed\xd1\xe6k\x5c\x9f{\
4\xa3\xcbu\xf8KW\x90\xf8^\xf9\xe32\x16\x01c\
)\x10\x04\x81Z\x0f\xe5{\x09\xf3\xef\xff\xfe\xef\x93/\
|\xe1\x0b\x1b}\xf0\xa2\x8a\x8ef|L<\x1a)\xb7\
f\x05'g\x9f}v\xeb\xfb\xb5r\x96\x22-\x88\x10\
\xdd_\xeaR\x97\xf2>a\xf2\x867\xbca\xf5#\x1f\
\xf9H#W<\xe1\x12x|\x8c\xa3\xc9G\x94\x983\
Z\xd1\x02\xb4\xba9`u\x9d\xc6\x89\xb6q\x9e\xed\xd0\
\xbb\x14\x08\xd2*TJheZ'\xcf|\xe63\x87\
\xd7\xbc\xe65\xb3t\x11\x08\x8bu\x90\x1e\x91\x84\x99\x80\
\xc8\x10\xaa\x1ci\xb7\x8b\xd8y\x0c\xa5<\xe7\x8c\x00\xa4\
S\xb7\xee\xeaC\x1f\xfa\x10\x00\x0c\xff\xf0\x0f\xff\xd0\x9e\
\x8b\x07\x04uSp\x00a\x94p\xd9\xcb^v\xf2g\
\x7f\xf6g\x93W\xbe\xf2\x95\x03\xeb!}\xd2\xb1z}\
\xeb\x8b\xc0{~\xe6\xd1\xd7\xc7\x8d\xf9\x1c\xdfK\x0b\xb4\
\x14\x9cz\xa5\xe9\x15mb\xeb\xcc3\xcf\x9c\xfd\xfe\xef\
\xff\xfe\xa0\xf1\xc5\x89e\xf1\xf0\xe3\x88u\x88\xbe\xb6\xa2\
\xab)`\xbb\x07b\xa4%0}'\x01\x9eu\xd6Y\
\xb3[\xdc\xe2\x16\xc3O\xff\xf4O\x0f\xde\xcf\xa7,\xcf\
\xa5\xcb=!J\xef\x880\xf3\xac\x07\xc3vi\xe9\xf3\
\xca\x9f2\x08\x11\x10=\xa7\xc8'>\xf1\x89\xb3\x1a\xf7\
[%2\x94\x85\x18\xaaE\x0f%\xa8v\xef(E\x0f\
\xe5\xd7\xb4#q7\xb8\xc1\x0d\x86\x17\xbe\xf0\x85\xc3\x7f\
\xfd\xd7\x7f5\x85x\xd3\xa8<e\xeb\x97\xe7\xd5\xbd,\
\xdd\xe3\xf4\xe1!\xf1\xe4d\xd2\xcaY\x1ce\xd70v\
\xf2\xb3?\xfb\xb3\xc3]\xefz\xd7\xe1U\xafz\xd5,\
\x0bc\xc2{\xca\x18\xcbw\x5c\xd7\xf8~\xdb\x00\x18g\
\x0c\x01\x04\xfe\x84'<\xe1\xe0\xf7\x7f\xff\xf7\x0f\xf7\xbf\
\xff\xfd\x87r\xae^\xc5\x09C\xb4<\x08\x0a\x92\xfb2\
\x084\x0c\x8a\xef\xaf\xc7umv?f\x9c\xe0\xd4G\
q\xcfy\xcesf+++M\xf1e\xb9\x9a\xa2O\
>\xf9\xe4\xa1,DS\xbe\xf8\xb2\x0a-\xde\xd9\xfd\xa5\
/}\xe9\xa1Z\xd5\xf0\xc3?\xfc\xc3\x17\x181\xa4n\
\xf4\x05\x04\x11\xf2\xb8\xee\xcd\xe8\xcc\xb3\xb1'\xef\x1e\xbd\
,\xa2\x86\xa2\xe1\xb8v\x8e\x0c\xebM\xe7\xe4\x0f\xff\xf0\
\x0f\x87[\xdd\xeaV\xc3\xednw\xbb\x06\x00\xf9\x1c\xf4\
 \x9f\xeb\x9d\xd0\x83\xae\xa5A\x10\xc2d\xae\xf9\xf7\x0d\
E\xff\xda\xaf\xfdZ\x13\xacV\xf4\x1b\xbf\xf1\x1b&d\
\x9a\xd0\x02\x820*\xce\xe1\x1e\xf1\xb1.\xdb\x11\xe0\xbc\
4c\xc6\x95\x07\x08\xbf\xf7{\xbf7\xbb\xde\xf5\xae\xd7\
Z7\xa5\xa6\x95\x97\x89l\xf7\x94\xee@s\x9e9{\
\x9e\xfb;\xdc\xe1\x0e\xb3w\xbc\xe3\x1d\x8dGeRN\
,\xd9\xb8\xdey\xb4\xcd\x8b\xebA\xa0\x0c\xf2\xa4H2\
Q~\x0f0\x0d\xec\xdd\xef~\xf7\xe41\x8fy\xccp\
\xadk]k\xb8\xf1\x8do\x0c\x00\xe7\xa4\x5c\xf9\xe4\x89\
u\xda)M\xdf\x5coU\x5co'\xa8<\xfd\xbc~\
\xf52\x97\xb9Lkq\xa7\x9cr\x0a35\xad>j\
(/\x5c\x9f\xd5\xde\xd2\xdd\xfb\xde\xf7\xde\x7f\xdb\xdb\xde\
v\xdfw\x7f\xf7w7!\xea\xb7\xe2/dh\xa9L\
Lp\xe6\x0e7\x10(%\xd5\xc4\xcf\xec\xe5/\x7f\xf9\
\x8a\xfe\xf3\xfb\xbe\xef\xfb&W\xbe\xf2\x95\x9b\x0fS\xad\
\xbc\x0di\xcb\x1a4Z\xf4\x9fB\xdf\x0a9\xbb\xe2u\
%\xb5\xde`\xe5E/z\x11\xcb1-\x8br\xa1\x06\
\xb3\xed\xfev\xc4\x94|\xc9\x1b\x85s:\x1d\xba\x1f~\
\x09\x99p\xb8\xdf\xfb\xde\xf7\x0e\xc5\xc7\xfa;\xdf\xf9\xce\
\xe6\xdf\x94\xc5]\xbf\xd7\xbd\xeeuO|\xb2\x14\xe4\xae\
\x0c\xe5\xe1{\xa72\x9c\xaap\x99\xa0\xa5\x01\x80 \xaf\
\xca\xf5\xffW\xbc\xe2\x15-\xd0\x98\xb0\x08\xd5%4A\
^\xf3\x9a\xd7\x9c\xdc\xe9Nw\x9a\xdc\xef~\xf7\x9b^\
\xff\xfa\xd7o\x8cHO\xe8\x9c.G\xca\x01\x84\x9dx\
\xe0=\xfd\x84\xf1\x8f\xff\xf8\x8f&\x85\x06\x1e>\x85_\
\xe3\x1a\xd7\x98|\xef\xf7~\xef\x14\x00\xbe\xeb\xbb\xbek\
\xa3\xde(#\xde?\xbaX&\xbcha\x05\x86\xc1\x9a\
\x03\xf1\xd5\x02'7\xbd\xe9M\xa7\x14\xd4;_h\xef\
\x95\xba\x95\x1c),\xc0\x936 p-\x9e\x5c8{\
\xfa\xfe\x9a\xd9\x1ctG5\xb9\xd5\x80\xfc\xc8G>r\
\xbd\x1a\xd5^2e!\xf0#\xa0\xd5\xf0\x1c02\xc3\
)~)\x90\xce3Y\x9b\xc5\xc5\xe9\x82\xda\xcf|\xe6\
3\x0d\x08\x80\x81\x18\x8a,\xefz\xed\x8c3\xce\x18\xae\
v\xb5\xab5\xb3\xaa/~\xf0\x83\x1f<\xfc\xf1\x1f\xff\
\xf1\x9a\xa1\x9a\x16&]Z_\xeab\x0e7\xabw\xd1\
\xb3\xb1\x094\xcc\xabUC\x8d\x1etE\xd0\xea\xeb\xcb\
\x10\xdf\xf7\xa3\xe3\xfa\xf1\x09\x10\x19\x06;g^\x040\
\xe4\xcd\xb1\x88\xb6q\xbc|\x89K\x19\xe8\xd0\xaa\x95\xcf\
\xb1.\xcb\xb3\xf6\xe3?\xfe\xe3\xc3\xd5\xaf~\xf5&\xbf\
R\xf0\xf0\xa8G=j0\xcaQ\xbf\x83\xec\xd3\xad\xa6\
+P\xdeX\x16\xe3\xfa\x17\xdd/%\xf8\x084\xce\x8b\
B\xe3# .\xd7oz\xd3\x9b\x86\x1f\xfa\xa1\x1f:\
\x18\x07\xac\xba\x8d\xe1\xb4\xd3N\x1b~\xfb\xb7\x7f{\xd0\
\xc7\x85\x98\x98o\xf7;\xf5\x0dz\xc6\x01LY\x11\x94\
k\xca\xfc\xcf\xff\xfc\xcf\x16\x1f\x1fE\x9e\xf4\xc1\x84\xe7\
P?z\x1c\x01G\x0f\x0c\xe5\x1c.\x08\x22\xbf\xf0\xab\
|u{\x83i\x08\xfb\xf8\xc7?~\xe0`W+n\
N*\xb9\xdd\xe7>\xf7\x19\xbc\xef\x90'CB\xd7)\
\x0b\xadq\xd2\x8f\x1a\x08RQ\xdf\x12\x5cc\x86\x90\x10\
H\x90\x1c\xb3\x1b\xde\xf0\x86mX\x96\xe1W\xf9\x06\xc3\
\xdd\xeev7\xceM3\xd7I\x1f+\xa2\xb5\x12L\xd0\
\x1de\x8d[\xa9:r\x8c\x19\x07\xd0X\x00\xe5\xbbV\
\x1e%\x8ei\xcf}\xca\x0a\x88\x95\x11p$N\x19i\
}}+\xeei\x11\xdf\xd3\xea>\xcf{\x07N\xf9\xd2\
\xa1M\x17j^\xe2&7\xb9\xc9Ar\xd2p\xaa\xdb\
i\xe7;\xdf\xf9\xce3\x8dF9\x00\xb0U\xfd=-\
\xcb\x5c/m\x09\xc6\x82\xec\xc1\xa0b\xa6\x0a\xc3\x1c\xc1\
\xe7=\xefy\xb3\xea\xcf\x9aY+\xe7\xac\x9d\x81\xc2\xb0\
\xedIOz\xd2\xe0=>\xe7MZ\xf9ba\xe4\xef\
M\xb9r\x09\xa2W\xf8\xbcky\x98p\x0a\x97\x9e\x02\
\x034e\x84\xd6^\xf9=?Q\x9a<Qz\x84\x8f\
\xc6\xb4\xdcE \x08\x9d\xa9\x07?}\xfd\xf2\xc5\xe2H\
\xa3\x85?\xf0\x81\x0f\x1c\xcag\xd9\x18\xc6f\xde\xe2\xe6\
7\xbf\xf9\xc1jHm\xd2\x8al\x94\xfd-\x07\x02\xc2\
\xeb\x01\x90k\xad:\xad\x87\x82\x9f\xfc\xe4'\xcf\xd2\xbf\
A\xf7\xe5/\x7f\xf9\x06\x06\xe3\xf5\x1a\x82\x0d\xbc\xef0\
\x19\x05bV\xf91\xeb)o\x9e\xe2\xfb\xb8(\xbeo\
\x8d\x14A\x81\x01\x04%8\x00-`s\x1f\xab!o\
L\xbf\xeb\xde\x97P\xfef\x00\xa0(e\xf5\xf5\x93K\
\xc0\x89\x0ei\xf4\xfd\xcfz\xd6\xb3\x86\x1a9\xb5y\x09\
ra\xfa\xf5\xff@p\xdd\xeb^w\xf8\x9d\xdf\xf9\x9d\
\x19\xda\xa5'\xc7\x80`;4H\xbb\xcc\xb1Tb\x05\
\x8f\x15\xd1\x03!\x02\x03\x04CG\xc20_\xff\xb8\xc7\
=\xaeY\x00\xccb\x1a\xa3\xc6\xea\xe2\xbe\xe7{\xbeg\
\xf6K\xbf\xf4K\xc3[\xde\xf2\x96\xa6\x08\xe5\x87\xe1\xb1\
\x02\xc6u\xcfcT\x9e\xbe\xef\x9c\x97f;q\xea\x22\
\xf0\x00\x050z^C\xe7\xb8\xac\x80$y\xf3<\x0a\
\xadw\x13k\xfa\xf9SO=\xd5\x22\x96&\x07\xe6\x1f\
\x08\xf8\x02W\xbd\xeaU\x87_\xfd\xd5_m\xdd\xa5\xbc\
\xcaI\xf7\xd1\x03\x00-\x8bh\x18\xd3\xb4\xd5\xfd\xd2C\
D\xc3\x0fA\xc1}po\x98\x83P\xd7\x14\xea\xdep\
\xf2\xaf\xff\xfa\xaf'/}\xe9K\x872o\xadU\x18\
\xd2\x18\xbee\x02F\x9a\x1f\xfc\xc1\x1f\x9c\xfc\xd4O\xfd\
\xd4\xa4f\xea\xa6\xe5\x1c5\x00a\xde\x5c\x84\xe1\x0ee\
\x18Rn6\xf4Qg\xd2\xa4\x8bQ\x8e:\x01# \
\x8a\xa2\xd0\x8fF\xe3kgs\x07\x86Y\x0eq\xea6\
\xf4\x0d\xbf=\xcf\xa1c\x11=hW\x8f\xf9\x09g\xde\
\x7f\xcd\xa1\xcc\xea=\xc6\x8a!\xa0|\xe8\x11\x5c\xa3]\
\xda\xea\x1e\x0c\x07\xa7\xe5Omt\x89dE\xe9\xf3\xea\
\x5cT\x7f\xaf\x9b\xad\xae\x97\x9a,\xea\x0bS\xf9<\xa1\
`\x86R)\x9a \x8c\xfd)\xb8\xd2Nk\xa9\xf7\xac\
f\x12W\xf4s\xac\x85g\xd6\xf3\xe9\x0e\xd6\xd7\xd7'\
\xbf\xf5[\xbf\xb5\xae\x8bx\xd0\x83\x1e\xb4\xff\x96\xb7\xbc\
\xe5>ca\xca\x17(HH\x9d\xf3\x98\x17\x97\x09\x13\
&\xf7\xb5\xaf}\xed\xe0\x03\x13u\xa9#\x9e\x7f@\xa0\
,\xe9\x03\x02\x93H\xae\x81\xa0\x04\xff\xff\xaa_~\xec\
=\xefy\xcfi\xcd\xd65\xd0\x02J\xea\x1d7\x82\xc8\
\x86\xb2\xa4\x93^\x1a#\x93\xea\xfb\xd7\xace\xa8\xa9\xdf\
u2\xc13p\xea\xfe\xd4\x857\xe5\xde\xe5.w\x99\
<\xeca\x0fk\x00PN\xe8B\xaf\xd0\xcf1\xb8\x9f\
'\x83\xd0\xb1\xd4\x19\xa1\x87s\xf4&Z9\xe9s\x09\
<}\xb9x\xfd\x9a\xb7y\xd5\x0f^P\x046\xd3W\
\x937\xcd!r_\xb3_\x1b\xddD\x09\x7f\xf0\xa6L\
W\x92\xfe\x1a\x18\x08n+\x93H\xc8\x84\xfb'\x7f\xf2\
'\x83rR\x97z\x98_]\x90\xba\xc5\xf7\x878\xa6\
9q\xd2\xdf\xf7\xbe\xf7\x1dX1|\xf4u\x87\x86\xf1\
\x19\xad\xba\x8d\x0cKM\xf4<\xe3\x19\xcf\x98\x95uk\
\xe52\xfb}\x9d\xe8qoT\xb0o\xdf\xbe\x83\x05\x94\
5eF\x8e\xce\xf8\xce\x11Y\x1f\x8e\xbe\xe6\xe5=,\
\x00(p\x0c\x82\xc4!\x1c\x9a)\x85P\xc4\xf3\x13\x8c\
\x18\xcc\x83c>\x8a!\x9cBy\xf3\x19\xc4Q\x88>\
\xf3'~\xe2'\x86\x9asX\xeb'\xa5\x22\x90y\x80\
PG\xea2\xedZ\xadj\xf0\x06\x91\x13J\xf9\xfd\xa1\
>\xf5\xf4\x80\x10\x87.\xe7\xca7{\xf4\xa3\x1f=\x18\
\xc2)7\xfd\xb2z\xfb\xa3\x07\x824\x0e\xf4\xf2qL\
\x92\x15\xd0gQ\xb43\xe7\xcf\x04\x1aZ\xf2\xb2\xea\x07\
~\xe0\x07\x86\x02\xed\x9a\xbc\xba\xb1\xf0\xab\x9e\xcc\x01\xcc\
S\xden\xc5\x1d6\x08\x16\x11\x02\x1c@@H\x98\x89\
\x83\xc5\x22\x98Z\xd6\xf2)\xdfK\x1c\xc2\x01\x00\xc2\xd7\
*\x08\x89r8KZ\xf3o\xfe\xe6o\x0e\xb3\xd9\xac\
\x09Hk#\x18\x02\x8br\x9c\xd5\xe5\x1c\x90x^+\
\x85\x86\xeb\x5c\xe7:\x1b\xad/J_tFGZ\xa7\
\xb7u\xfb\xf7\xef\xdf\xf0\xf4us\xf8P\x8f\xb3\xba\x80\
:`w\xad\x9b\xd3\xfa\xd1k\x18\x8c\x1f\xe5\xe1\x07\x7f\
\xca\xc7\x93\xeb\xf0nx\xf8\xdc\xe7>\xb7\xad\xc7p\x04\
`\xe9\xb2\xe2\x00\xee\x96\x138O_G\x15\x04\x19\x22\
Y\xcf\xf73?\xf33M\xe1\x99\x19# \x80\xd0B\
\xd2E\xb8\xd6\x8ak\xfe\x7fx\xc0\x03\x1e0\xbc\xfa\xd5\
\xaf^\xf3\x9a\x1a#\x19\x8aF1,@\x84\x18@\xd4\
'f\x0f\xe0c(\xafo\xf9\x9b\x81\x00\x1d\x8e\x9f\xfc\
\xc9\x9f\x1cL?\x07X@\x10P\xebn()\xdd\x9d\
\xba\xcd\xfa\xd5B\x8f\xb5\x1f\xfd\xd1\x1f\xddP\xfa\x15\xae\
p\x85\x8d\x892]\x8d\xeeO\xd9\xe6L\x00\xc1a\xbd\
\x03k3\xcf\xba\xa8\xef\xdb\x1a\x04\x84\x17k\x10\x06\xfb\
1t\xad\xff\x9f\xd4\xec\xe1\x8c\x82(\x9bp\xd2-\xb8\
\x07\x08\xa63&\xda\xb3\x9aU\x1b\x9e\xf2\x94\xa7\x0c\x9c\
He)?\xc3Q\xf5Q\x0a P\x98\xfb\x12\xee\xdd\
\x1f\xf2\x90\x87l\xb4\xeeE\xcaO|\xe8p\xefux\
\xcaQG\xac\x99r\xfb!\xa8:k\xd8w\x8e\xd6o\
b\x0c\xb0\x03\xe8\xde\xc7`\x0dz\x1f\x80%\xacQ\xc0\
`uV\x80\xa6\x8e\xbe{\xe9\x01\xf0mi\x09z\x10\
\x84\xb1\x080\x0a\xacW\xbe\x93\x1f\xf9\x91\x1fi}&\
\xa5\xf7B\xa3\xfc>.c\xea\x1a\xb2\xcd\xeeq\x8f{\
\x18n\xb6\x95\xc1\xca\xd4\x87RF\x0f\x0c\x0a,\xf3|\
\xdb\x87?\xfc\xe1\xdb\xee\x0e\xd25\xa1\x07\xd8\x08\x9eb\
\xe2g\x00XZ?\x9e\xbc\xd4\xa9\xa1\xef\xac\xde\x94\x1e\
\xa4d\xf9\xd0\x19\x1f\x04\x98\xd2\xe2cat\x07\xae\xcd\
\x14\xfa0\x96\xa2\x8d\x5c\xd0\x1e9\xc5\x02\x1c-\x10\xec\
x\x88X\x8cl\x19J\x08\x1bi(+cag\x0c\
\x17\x00&\xbf\xf8\x8b\xbf\xb8R\xc2\xe5\x85W\xf2o\xa6\
7l\x22\x14G\xb5\xceV\x06\x81\x08\xe5S\xac\xfc\xe9\
\x9f\xfe\xe9\xc4dJ}L:\xab\xd5L{\xab_m\
\x16\xc0\xb0L\x19\x86\x5c\x14XV\xe6\xcb\x86\xabBO\
K\x8b\x98\x13\xe4Ip\x9d\xd6W\xe54\xb0\x99\x83\xc8\
\xb0\x8e\x02_\xf2\x92\x97x\x0f\xd2h\xf1\xcc\x90\x16o\
\xfc\x11A\xbe\xd4\x8b\x0ee\xe0\xa9F\x02\xc3\xcf\xfd\xdc\
\xcf\x9dToZ\x1b\xc02\x9c\x1c\xd38\xbe\x9fC\xf2\
\xaeD-\xb5\xd0t\xa75b&\x872(\x19\x08\xaa\
\xb5O\xaa\xcf\x9e\x9e~\xfa\xe9\xe7z\xef\x1f\x85\x13^\
\xe6\x05\xa4I<\xa5\x88w\xe8\x12j\xa41)\xa7\xaa\
Y\x04\x13;\x01\x97\xfc\x87\x14\xf0e\xf9\xb7\x1b\xb4z\
\xcaL\x9d\xa1YY@&P4\xdf\xc6K\xb0W\xbc\
\xe2\x15\xebY\x99\x8c\xa68\xab\x14\xee@/\xcb\x81.\
\x01\xcf\xe6\x1c\x1e\xfb\xd8\xc7Nk]f\xebV\xe4S\
\x0f\x80\xf4r:Z\x00@\xd7\xf6%\xd4\xd8\xd8<`\
d\x1c\xc2\x8c3\xc1\xc4\x9c\x02\x02\xa1\x13j\xcd\x1d\xec\
\xad\x85\xaa\xebZ\x86\x10'\xcfuL\xa3k-&}\
\xbe\xfb2\xa3+\xb5\xfa\xa6)EYB\xce\xae\xab\xd5\
})\xad{\x1em-\xc3(\x044QH\x94\xe3\xac\
lt\x9b\xbf\xa8\xf5\x11V\xff\xac\x00\x1f\xba\xf8\x0d\xea\
\x92_ZtS\xb0\xe7\xce,\x00\x00\xd4\x0a\xac\xf5\xdb\
\xdf\xfe\xf6m\xa6V|d\xb2\x0cX\xc74\x1f\xee\xfd\
\xae\x82`;\xc4h\xd51\xedZ\x18\xe6\xad\x96)k\
\xb0\xb7&U&5w\xdeZ\x84\xf8^0Zh\x14\
lf\xcf\xbd\x96U\xdf\x156\xa1\xbb\xce\x8c\x1f:\x0e\
)\xad\xd9\xe5(t+\xfa\x02\xd8t\x05\xce\xeaT\x16\
\xba\xa3\xdcj\xfd\xfa\xf3\xb3c\xee\x01\x1b\x10\xd0\x14\xd0\
JK\xf1Z;E\xd7;\x92I\x8d\x1c\xac\xb2\xda+\
\xadg@\xa0\x0e\x0d!e\x1dM\x0b\x10y\xec*\x08\
6c\x80P\x1c\x04\x15\xf3N\xc9\x94'\x9fu\x88\xf5\
\x22iZ\xad\xa4M9\xc7)\x8a\x02\x08-\xa0\xe8\xc7\
\xd3\xf2\x9a\x9aM\xbf\x1aE\xa8\xa3@\xf1eJ\x94/\
un\x05\x04J\x09h\xe4\x8b\xb9v-^9\x94^\
C\xc2\xd3(\x8e\x05P\xa7|\xe8\xcag\xed\xe8\xf7.\
 |\xff\xd8\x8f\xfd\xd8\xe4\x17~\xe1\x17\xa6\xf2\xe86\
\xd0\x1b\xb0\xa6\xce\xd0\x96\xfa\xc7\xe7\xadh\xdf\xe9\xf3]\
\x05\xc1fDl\x06\x90\xe4\xabW\xa8\x93r\xf4\xbc7\
h\x1f\x8d\x0a\x84OH\xccj\xfae\xf7\x94C\xf8\xcc\
3\xd0,\x08\xdf\xf4\xd0\x16<\xdc*z\xac\x04\xf7\x01\
e\xd5\x7f\xad(\x1f\xd0\x80\x94b\x01\x12\x00z\xbak\
(\xcc\xd2\xb5u\x8e\xac\x15\xda=W\xd6\xb7B8\xa2\
\xa3\x83\xed0\xd9\x83\x830\xefx\xc7;\xee+\x81\xfa\
\xb0b\xf8\xdb\xbf\xfd\xdb)\x81*G\xbf\x1f?\x22N\
%0T\xba\xb6\x07\x9d\xbcc\xa0U\xbe\xaf\xa5%.\
+\xec\x94\xd5\x03\x01\x08C\x0fZ\xd4\xcf28\xa4\xf3\
<\xc0L7\xe2\xc3\x9cZ!\xfcv\xfe\x0e\x00P~\
\x00\x10\xf9\xb8?\x96\xe1\x88\x80`;\xca\x1f3M\x88\
\x11j\x8d\xbb\xf7\xd6PpV^\xff\x8aY\xbb\x9a(\
jJ\xd6\xbfF`L-`\x94\x158%}\xeb\x22\
\x93\xbf\x13zB_\x0f,\x8a\x17\x9c\xcb\xac\x9fW\xf3\
\x13\xa7\xb8\x8f\x85@\x87\x03\xadF\x04\xf5N`\xf2\xd0\
\x87>\xf4\xed\xe5\x0b\xec\x13\x1fK\xd6\xd3\x13\x90)g\
\x1e\x9dc`\x87\xae\xdd<\x1f1\x08\xa6\x05\xcec,\
\x0c\xf4\xad\xcc5\xb3\x1e'\xabV\xdc\xee\xad\xd9\xbeu\
\x0e\x15e\x13\xaa\x96\x14E\x18AD\x01\x84\x9e\xeb\xb1\
p6\xab\x7f\x9cv\xab{\xfd?E\x96B\xcf\xae\xbe\
\xff\xe6\xd2\xeb\xe3\xd1\xcd\x02\xe0\x01]\xac\x05\x0bP\x13\
U\xeb5\xf2\xd9\x07\x9cY=\x15z\xa4\x8d\x9f\x91\xb8\
^f\xe3\xb8\xadh;\x9c\xe7G\xcc\x12\xf4\xcc\xce#\
0\xad'H\x97\x9e\xa2\xe3\xe0q\xb0\xea-\xdc\xde\x12\
\xd4P\xef\xe1\x8d\x02\xce.A\x9eV\xc2\xbe\xd6!\xc0\
\x9cW\xca\xf8P}\x13p\xba\xb4<\xf0\x8c:R_\
/\xc8y4l'N\x19\xa1\x11\x00)\xae\x9c\xd8\x87\
\xd4\x14\xf6\xe9Z\xf7\xa1w\x18\x9f>\xd4\xca\xcf\xbb\xf6\
\xb5\xaf}s\xeb'jV\xf3\xdc\xbb\xdf\xfd\xee{\xf9\
2,\x1ck\x16\x070\xe0W\xbf\xf2\xc5\xf7\xf5\x88\x9f\
'\x9f\xd0\xb1\x1d\xba\x97IsD@\x10\x02\xa2\x840\
5&,\x8c\xf6L\xbb&P\xa6\xdf\x88\xe1\x11\x8fx\
\xc4\xf46\xb7\xb9\x8dO\xde\x06\xbe\x00\xe7\xaa\x80\xd2\xbc\
l\x16\xa0^\xd2<\xe4JW\xba\xd2\xc6(c\x5cG\
\x0f\x84e\x84\xd8\xe7s\xedHW\xc4\x815\xe1\x03\x00\
\x80Wt5\xda\x8a\x9eSj=\xe5\xd40\x97u\x90\
\x1e\x1f\x02\x90\x02\xcdf!u\x8e\x01\xb0Y\x9e\xddx\
v\xc4@\xd0\x03`+B\xc34+\x90\xee\x80\xd0\x98\
V\xe7z\x9dL\x09\xd3\xf8\x0c\xca#tG\x1c4\xd7\
\x8b|\x82\xad\xea_\xf4<\xca\xefA\xc0Z\xa9\xb3\xbe\
H\xda\x00E)\xbf\x81\x12\x1f\xe8p-\xe0\xc55\x1e\
\x12RV\xee{\xab\x10K!M\x00\xdb_/\xa2\xf3\
p\xe3\x97\xf2\x09\x10\xd9\x07\xad \xder\xe2\xe3\xb9\x9b\
\xca\xa5\x14L\x10F\xcfl\xd2\xc6\xa3\xef\x9f\x01B\xcc\
c\xba\x06\xf9\x0d\xc1\xd4\xc5J\xc4\xf3&`\xf5\xa9C\
]\xe2\xa5Q\x9eV\x1a\x87\xb1\x17\xe8X\xb1\x8b\xee\xd5\
'_,N\xeaO\x99h\x14\x07\x14\xae\xd1\x91ik\
\xf1h\xa1\xfc\xcc[x.(\x93\x85H\xd7\xe5^Z\
q\xear\xa0\x1d?d\xa8Li\x94\x992z\x1d\x84\
\xe7\x0b)f\xc9\x9b\xa5,\x01\x81!>\x0e\xcd\xb8\xe5\
!\x92\x920\xa2\x0f\xe4\xd0\x99\xd1\xcb\xd8\x18m\x84\x92\
r\xe4\x8f\x00=\x0b\x80\xc4;\xd4C\x90\xe2\x038\xe9\
\x02\x9a\x9c\xd3Z\xb4\xd0\xfeZ\xbe\xa4\xd9\x8e\x5c\xd0\xad\
\xce\x80*`D\x0b:\xd2R\x95\x95\xaeAZ\xd79\
ROxL\x19\xe2\xc5\xa1)\xbc\xa5\x0cgJN\xc8\
\xee/\x86\x95\xf8f\x11\x8d\x86\x04\xe5\x05\x18\x1aI\xe6\
*\xc4\xa7\xbc\x8d\x82\xb6y\xb1\x14\x08\x10\x8f\x91 W\
\xa5\xb1\x04\xae{\x86\xcd\x8a\xd5\xd7\xb4\xb3z\xdd\xbar\
\xeb[\xdfz\xeaM\x9f\xe7aD\x19\x94\x16$c(\
J\x90&-/qi\x95\x9e\x8dA\x10^\x03B\x82\
A\x0f\x1a\x1c\xa9W\xbe\xcd\x02Z\x12\xa2D\xf7hI\
\x99)\xc3s\x87\xe0\xdc\xd7\x11e$\x8d\xb3|\xe2\x13\
\x87\xaf\xc8\xd23\xb2\x8d\x15\xb3B\xa9\x96\xa7YU\xd5\
^4\x91S,\x1b:\xd2\x05\xf6\xb4\x8e\x1b\xe4\x06#\
\xdb\xb8X\x0a\x04\xca\xc3lZ\xaa\xfb\xbe\xa5y\xc6\x5c\
ZjU\x1f\xa6\xce\xea\xeb\xe4\x15K\xb6kg\x8dF\
J\x8f\xd4\x5c[\x0dl\xaf\xe1\x1a\x0a6\xa0\xb0 )\
?\xe8&0q\x11\xb4\xb2z\x05\xb4\xc2+$]\x14\
\xd5\xbfX\x8a\x02\x92v\xde\x99\x80\x01A]\x01\x10z\
\xc4\x0b}\x9dQ\xa6\xf8^\x06I\xd7\x03\x95r\x95\xcb\
J\xfa\xe6\xb0\xcc\xbceo\xcd\x81\x14b\x1d\x03\x0c#\
\x8a\xb5\xb5\xb5\xc9\xfe\xfd\xfbg\xf5\xaa}o\xbdzn\
\x96(\x93Q=\xc8\xe6\xc9d+\xb0\xb7J\xbb\xb0\x14\
\x08b\xea{e\xc6\x12\x04\x89\xd6\x10\xd6\xaa\xd9\xd9\x0b\
^\xf0\x82\xeb\xf9\x8e\xae\xbe\xa8\x9d\xd4\xc7\xa8M\x81!\
8J&h\xcb\xc2+\xbd\xf5\xfd\xf63\xf0\x19v\x03\
CL\xbb\xb4\x98\x8a\xf5\x09\xed\xbd\x12\xa2\x1c\xcf\xb4\x18\
\xf5\xf0#\xea3\xf5\xe1\xc0\x81\x03\xcc\xcfI\xca\x99\xd7\
\xa7\xf6\xc2PO\x80`\x93\x0d;\x9e\x15\xedSCP\
\xe0\x8e\xb2\xc2\xcb\x18\x88\xf2\xab#\xe0%'\xf7\xcc9\
^\xfdi\xa5\x14\xbb\xae\xaf\xafo,\xce\xa9%s\xf7\
\xcc\x947\x13/\xbd2\x8cv\xd0[\xd6\xc0Z\x8b\x99\
\xb7\xa55\xf5<\x8d\x83I\x0f\xe4NF\xd2\xb9N7\
\x83\x9f\xd0\xb5]0,\x05\x82\x0cqbv\x11\xdd\xc7\
Y*e+\x95Z\x0b\xb8b\x9f\x00D\x9a\xec\x91\x0e\
\xa1\x90\x8eYg\x81p\xb4\x0cK\xcdt\x07\xf5Q\xc6\
\xfeZel\xa5\xf1\x06\x08\xa2$\x8cm\xd5\x22\x09\x84\
\xe9\x96\xb6@3\xd4K\x1e\xdf\x1dl8\xbf[\x09\x85\
p\xc3OMYk\xb1\x07\xcb\x12|\xa3\x8e\x93\xf0\x82\
\x07\x0a\x0e\xf0\x03D\xe7(>i\x02t\xb2\x02H\x07\
\xff\xa8^C\xafPf5\x96\x1bGa\xf2\x06|\xea\
!\x0b\x1bk\xa0\xb76\xe3\xf6\x9d\xc6P~\xc2\xac\x96\
\xc0\xef\xb51E\xfc\x93\xd4\xeb\x1c+\xd2\x83Z\xfcV\
<K\xbf\x14\x08\xd2\x02\xe2\x05g,l\xa1\xa4\xc5\x15\
V\xf7\x16\x00\xda5aRf\x8d\xe3\x9b\xe21'\x84\
(\x04\x12LZ'&j.`\xd5\x82M+\x8b=\
\x1f\xb7\xaa\xbe\xcf\xee\x99\x1d_\x1fjQ\xed\xbd\x83\xfa\
\xd0\x92\x163N;\xbe\x97V\x1e\xb4\x01\x10\xda\x05\xf4\
QT\x0f\x82\xe4\x15\x17\x81\xcb\xdb\x1f\xd2\x04,i\x08\
dQ\xbc\x9c\x9a.\x224\xa6<\xf4\xb3\x86,\x90-\
\x81\xaa\x91LK\xc6+5M=\xdc\xecf7\xdb\x7f\
\xa3\x1b\xddh\x1f0\xc8\xa7L\xbc\xa5\x1e\xe7^\xf1\xdb\
\x01\xc2R P\x01\x02cZM\x84\xf0d}\xe8Q\
G\xfb\x9b\x08\xa2\x983\xc2\xc3$D\xa7\x15\xc9\x87(\
\x81\x82\x03&\xf7\xac\x02Pi\x8d\x0e\xf58\xa4W\xa6\
C\x08\x83\x11t\x1f\x17\x81$\x8fg\xfd0Sy\x9b\
\x05e\xc6\x91\x8c\xd2S\x0f\x1e\x02\xca(5\xe59\xf7\
]@\x94\x13\x80\xe3;]\x89V\xac; 7u\xd9\
=Eyd%M,\xe5\xde\xbd{\x1bx\x95\xadn\
\x0d\xediO{\x9a\x9d_V\xeb]\xc4\xc7\xcba\xbc\
jML\xb5g\xf2\xc6y\xc5\xdfX\xf1\xe3\xfb\xb1\x0c\
.\x1a\xa5x\xa00\xcc\x87)\x8cE\xe8\xb9\xf6\x1c#\
\x87\xb6\x89\x1d^\xf7\xba\xd7M\x98N\x1e\xad\xb4\x88\xca\
\xca\xa0B\xac}u\xda*\x9a\xa05\xe6\x16\xc3Z\xbd\
|\xae)0\xadN9\x11\xb4\xeb1\xd2\xc3Dh\xcf\
9\xa0\xf1<y2\xf4\xea\x018\x16B\xee\xc3k\xf2\
\x02ch\xc1S\x9e'}\x80\x99\xfbX\xcaqyc\
%\x03;\x10\x04$\x01\xaf{\xf2So\x0d\x09\xa7\xc5\
\xcf\xe0Y\xd2\xe1\xc5\xfa\xca\xda\x83\xf9\xb3e\x11\x86\xfa\
D\xce\xaa\xac\x0d\x07S>\xb4\xa3\xc39\xddn\xe2{\
\xb9H#\x90\xd9\x85,A\x14\xa4b\x89\x14\x12!\x00\
\x88k\xde|\xed\xe85\xfc\xe5_\xfe\xe5\xc4\xfe\x02\x96\
ZI/\xaf4\x11L\x14\x1fBz\xb0\xf5B\x94~\
\xac\xcc<_\xf6<\xaf\x8ee\xcb\x90>\x00\xcc\xf5N\
\xcb\x18\x83&\xe5\x92-\xc5\xf6 \x92\xb6\xb7,\xe4\x99\
\xaeI\xbe<\xa7P\xbb\xb4[\xa9mCn\x1b\x5c\xd8\
\x17\xaa\xa6\xd6\x1b\x18Xa\x81.\xd2\xa852\xf9\xd5\
\xd9\xcb:\xf4]\x08\x04\xa9\xccC\x07\xe4\xf1\xb6-\x94\
\xb0\xac\xbb\xd6\xd5\xb55\xff\xe5\xc0\xadW+^\x91\x1e\
\xe1P\x97\x0a\x82Z\x84\xa8<\x8c H\xdaT,\xaf\
\xb4\x01\x8e\xf8\xad\x94\x98\xbc;Q\xca2yz\x10$\
\xdf2u\xcf\x13t\xcat\xa6\xfc(I\xf9\x91w\xea\
H\x17\xc0*\x88KWC\x96q|\x9d\xf9\x0b\xba\x89\
\xd2\xc9z\xf9bC\xcd\xc7L\xec\xb2V[\xf7MM\
4\xf1\xc7\x92_=\xbde\xefe}!\x10dl\xcc\
\x8b\xadM\xa6\xd6\xaa\xecU_\x0b\xd9p\xaa\xe2\xce\x87\
Bf\xb1\x18X\xa1\xf8\x10\x19T\xf7\x8cz\x1e\x10\xf4\
\x04\x8c@\xd0\xcc\x9d|\xdb\x01\xc12\x8a\x9c\x97v;\
\x8a\x9c\x07\x80ye-\x8a\xeb\x85;NC\x09=\x08\
\xfa\x96\xd9\xa7E'\x85\xc7\x8a\x92\x918\xdde\xd6W\
\x02\x11}(\xc3\x82W#3\x96\xa1|\xa0\xf3\xafr\
\x95\xab\xd8\xe8bRo4\xf9d\xe7\xef\xd9\xb3\xe7}\
\xf5\xb9\xff=\xad\xe8V\xceX\xd6\x17\x02\x01\xa5*\xcc\
\xfey\xf6\xce+\x00\x0c\xf5]\xbd\xfd\x0991\xa7\xaa\
\x14a\x19\xdbB#\x22\x14\xcaO\xe8A\x90\xca\xc6\x82\
\x8f\x90\xc6\xc2\x1a\xdf\x8f\x05\xf8\xadp\xbf\x13\x1a\x93\xa7\
\x17\xbc\xb8\xde\x7f\xe8e4\x96O\x80\x93VL\x07\xc0\
\x00\x18t\x91\xd5J\xee\xe9\xa2\x9e\x9dJ\x87\x19\x92V\
\x17qjY\xf3S+\x9d\xcf\xf96\xa6L\xd5\x13\x9a\
.\x04\x02\xad\xd7\xd0\xa4\xbe\x93\x9f\xd6:\xbf\xd6\x05\xd4\
w\xfemo!\x9e\xbf/n8r\x8e\x848Q\xf1\
j\xc3\x90J\x10\x96~/\xfd\x9d|!\xa0\xf26\xe7\
g\xb7\x14<\x06\xdcN\xca\xed\xe9\xdfI\xfeEyz\
\x00\xa5[LC\xf1,G\x143\xee.\x80\x80e\x8d\
\xa3\xab\xd1)Gw\xed\xaca\xd2\x1dg\xdc\xfe\x06\xe6\
g\xeaU\xfc\xd4\x8c\xad\x11\x9a!\xa5\xbc\xe1\xaf\x97\xd5\
\x85@\x00I\x94*\x83\x8c\x90f\xe7\x90Z\x1c\xd1\xfc\
\x02\x16\x82O\xe0\xbf\x01\xb5c\xe9zM\xcb6\xbf\xa0\
\xf7\x03z\xc6\xa06D'>Br\x9f.\x03\x13\x01\
\xc6\x22!\x1e\xcd\xf8\x9e\xd6(\xafW\xe2\xe1\xd0\x12\xbe\
\xf1\x9c\x86!\x8e\x92\x85\xc8\x82\xec\x1c\x029\xa9\x9f,\
\xd3\x0dK\xe7y\x0d1\xd7K\xe9+\x16\xb2\xd4J\xed\
\xf5\x9a\x8e\xde\x9b\x09\xba\xd0)\x1d\xcb o\xaf\xfc<\
\xff_\x8ea\x1c9\x8a\x0dr\xcce;\xaa\x8f\x99\xb2\
\x02\xfc\x84\x9a\xc9\x1ax\xa85\xb1\xb3^\xddE\x9b\x05\
\x93'(\x8fy\xea\x1d?\x04\x04\xf1\xd2!\xca\xe1:\
\x16#\x84\xcd;o\xa5\x88\x08u^^q[\xe5O\
\xbe\x1e\xc8\xcb\xe4\xdb\xac\xde\x08\xdf9\x00\xe8\xe9\x1d7\
\x82X\xd1\xa4\x8f%pfuk\x03\xb0\xf5\xda\xf0z\
\xa5\xac\xf6\x8aabvS\x09X\x9c\xfb.\x9a^\xd3\
\xa5\x84\xa7\xd0t\xd1\x1e\x19\xfdp.\x0a\xea\x19\xe3\x14\
\x9a\xc5\xaa\x8d*y\xa1\xd3\xaa\xbcm\xbfZ_\xe5\xb6\
\xef\xf2\xf5O\xd2\x04\x10@\xa4K\x01\x04D`\xdau\
\xe6\x05\x00\xab\x98i\xe0\x91'V#\xc2\x89\x000\x14\
\xdf\xa3W\x94\xeb^\xb8\xee\xa5S>^\xa0\xdfY\xdd\
iU\x8b\x14\xd5\xc7\x13\xd6\xd8)#\x8f\x84\x1eL\xe3\
\xeb\xd0\x9e\x96-O\xe2b\xce)\x18\xef\xee\x05&\xdd\
\xabb\x8e9\x19\xe2\xa9\x9c\xbd!-\x1f\xed\xcc=~\
<g\xee\xeb;\x86\x95Z\x99=5a\xd4\xfb\x05\xca\
K\xb9\x01V\xee\xc3\x934=?K\xcd\x18\x22\x14\x03\
\x14m&\x0e\x18\xaa\x0f\x9a\x96)Z\xab\xb9\x83U\x9b\
1\x17C+\x14\x8dqD\x9b\xea,\xa6\xda\xaa\xa0\x08\
\x03q\xae\x11\xcf\x19\x15\xe4I?'-\xc6\x9d{\x0b\
!O\x84\x9es/\xec0&O\xe2\x09\xc0u\xba\xba\
V\xd9\x82 \x1f\x1a\xa4O~e\x12\x9e\xfc\xbd\xc2\x15\
1\xbe\xa7<G\xe2]\xab?t\x91\x878\xb2\xb3L\
.\xc1\xbd@\x1e\xde|\x02\x88t\x1c\xf2\xe4\x07\x14\x0a\
\xf7\x15S\xbdx\x9a\x9aQL>\xb2c\x1d\xfa2\x95\
\xa7\x8c\xed\x84\xa5@\x80\x10B\xf2z5\x81\x12\x0b\x0c\
\xfbj\x8b\xfbI\x0dMf\xf5V\xb0\xf9\x0cP\x5c~\
\xc4\xf95\xba8\xb5\xb7\x0c!\xcc\xd9\x94\xa9\x83r\x09\
:\x96\x00s\x0eJ\x91\xcesG\xdf\x9a\x09z\x0c\x88\
\x98?\xb4IK\xf8\x94I\x90\x99^\xddJ(\xac\x06\
\x90+;\x00p\x0em\x9b\xe5W\x7f@\x10\xf0\x06\xd0\
\xf2\xa1\x81\xb2\x94\xcd\x89\xe3{\x09\xca'\xdb\xbc\x8bQ\
\xbfa\xba2X\x07\xf9\xea\x0b\xee\xa16\xf6\x98Z\x9b\
QoZ[> !'\xf5\xf6\xbc\xb7\x87\x15\xc6 \
\x18\x836\xe9.\x04\x82q\xa6$\xca9\xa6\xca=\xf4\
\xc5\x07\x88\xd2\xeask\x9f\x89\xaf\x95bW\xed\xd6Y\
\x13\x19\xa7\xda\xbaM\x90\x96\xa2\xfb.\x87\x80\x08\x1d\x03\
\xa5\xa8\xf5\x1a\x91\xacX\x5c\xea\xc5\x13T\xa7\xe5K\x87\
\x01i\x13\xd0\xda\x03J\xbc4\xe2\x08/\x1bS\xfb`\
\x95S\x0b\x08\x8b\x84\xb0Qh]P\xb6t\xbe\x8f\xac\
\x15\xc5\xcdA\xd62\xf1\xdb\x9b\xd0q\xdd\xca\xa0`4\
\x07\x08\xca\x01F\xad\x9b\xc2|\xcenb\xa7\xeaX\xa9\
\x89\x9c\xfd\xe4\x19\x9a]\xb3\x14\xac\xad\xe5\xe9\xde\xc2:\
W\xc3\x9a\x18\xa9\xd5\x86\x16'\xf9\x94?\x8d\xa1\xafK\
\xddd\xb4\x95\xfe\x16=_\xca\x12\xa4\x10\x02A|\xcc\
Q\x88\xc0p\xed\xc7\xbb\xcfL\x95\x09\x0bV\x01\xa2\xa1\
YzGZ\xb5kV\x00\x83\x80Q\xd6e\xa5\xb6\xae\
\x9b\xcakX\x93~L\xd9\xc9\xdbw\x0dc%\xb8G\
W\x80\xc5\x815\x92y\xeaS\x9f\xfa\x8d\xda2\xfe\xa4\
tQ\xca\xdb,\xc4\xa7X]]\x9d\xd4w\x03\x8f/\
O\xfb\x0b\x05\x82/\x15\x0d_,:}\xec\xf0\xa5:\
\xbeX\xf5\xf5\xd7\xe26x\x1b\x0b\x9br\xc9\xc0P\xbb\
\xd6X\xb4\x8d*\xeb\xc3\x94}d\x01t\x99t\x0b\xc8\
(\x18\x88Y\x86j\xfd\x96\xdeO\xf7\xec\xd9\xd3\xc8&\
c\xe5\x03\x8b\xfcd\x92\xb8\x1e\xa4-\xf1(\x8c\xe9\xca\
\xe3\xa5@\x80`\xca\x89\x82\x08\x8c\xd0U\xeep\x8fp\
-\xa8\x1c\xbei\x09o\xb0\xca\x08\xaa\xfd3\x80\xc9\x8b\
\x90\x11\x00D5\xef=%ps\xde\x98Rv\x84\xa3\
l\xd7@\x92g!<\xc0p\x9fk\x16\x85\x00\xd1\x02\
L\xbe\x00*\xab\xd2\x16\x94\xf4\x00\x1a\x0b'\xf7,M\
\x00\xce\x5cW\x17\xf7te\x0a\xb1d\x8b\xf2\x8aW\x07\
\x9as\x0e\xed\xca@C\xed\xc5\xa0\xeb\x9cz\xdfB\xa9\
Q\x9a\xf4\xea\x05\x062\xf6'w\xd6\xa7@8\xa9\xbd\
\x93\x9a\xf9O\xb7\xa2,\xe5\xa2\xc7\xa1\x8cXHiv\
\x12\x96\x02A\x04B\xe8P\x15\xd3\x8e\x09\xc2\x87\xce\xb4\
F\xd3\x96>\xc2\xac7\x8c\x95\xfc\x9b\xf3A\x00\x12\xb3\
\xa5u(\x8f\xd9\xd7\xf2{S/\x8d<\x18\x04\x8a \
\x18\xd3B\xca\x1b\x9f\x03\xc48`\xee{\x8b\x93\x15\x9b\
7\x00\x00\x13\xaaIDAT\x91\xf4\x8b\x04\x15\x9f#\
\x0aO?\x1b\xb0'\xdf\xa2r(G}\x8e\xf0\xe0Z\
<Z\x98w\xca5}\x1bY\x8aW/\xfe#\x1b\xe5\
\xfb:\xdb\xd0O\xf7\x98\xe7}K\x8e\xecC\x13\xb9\x8f\
\xe3\x16\xb5\xfc1\xffK\x81 \x15\xf5JAx\x1c\xaf\
\x0cq0\xe6\x9a7[\x0an\xcb\xa2\x00E|\x04\x98\
\xd6\x0d\x18\x11\x04ay\xeeH+R\x17!Pl\xba\
\x9f\xd4/\x8d\x90{\xb4d\xb8\x94xeK\x97\xd63\
\x16@\x7f\x1feE\x81hFK,_\xdf\xd2\xc6\x00\
T\x0e\x1a\xa5\xc5[@\xad~A\xfax\xfdyF\x9e\
\xd2k\xfd\xe2\x92\xdf\xc4O\xfd)\xa6\xfdi\x05p\xe2\
\x88\x93#@*+\xe5\xa6+\x08\x8d\x9b\xf1\xb7\xe8\xd9\
\xe6\xab,F\xb9\xfaV\xe9Q\x98\x8d\x12\x983\x82r\
x\xe6\xc08\xe5!<H\x0fp\x94A\xf0}z\xe9\
\x08$}\x9d4\x84\xc5\xca`<\xcf\xd0\x22-\x0b\xa4\
~\x87r\x02$\xf9\xe2<\xc5:I\xdf\x1f\xd2\xf4!\
4\x06\xb0\xeaK\xb9\x9e)[Y\x01\x0b\x85\xf4\xf4\xa3\
1\xd6C:\xcf\x95%\x84\xae\x00Iy\xe4\xe3^C\
\x90.\xa6\xde9\xc3q\xe7\xc8T\x9e\x80:t\x93\xc7\
\xe1\x00@9KY\x82\x0bIl\x93\x9b\x80\x22\xe7$\
\xc5\xc48\xae/&f\x8f\xef \x10\x8e<\x04d\x01\
+A\x12\x9ct\x19B\xc6\xa2h1\xd2\x1f\xc9\x10\xc0\
\xa9\xc3\xea t\x02~\x14\xaa%\x8b\xe7\xf0\xf2\xea\x85\
\xb4\x5c4\xa35\xa1\x97\xd1Vr9\x92<)\xfb\x88\
\x80@\xc1\xbd\xb2\xd3R1;~\xd6\xdf\xe7\xb98J\
6\xdbXo3\x9f_/\xae\x1e\xee\xcd\x18\xb3\xa9,\
\xe9<\xd7\x0a8\x7f\xb5JyJ\x19\x09\xbdPCG\
_\xf6F\xc2%/b\x099v\xb5\x9e\xf2\xf9\xf5\xfe\
\xe4\xe1\xca\xa5`\xcaf\xf5\x00\x81\x8fS\xe3\xf9\x17\xd4\
\xea\x9fG\xf4\xc3\xcbX\xc2T;n,\xbbA\xe3\x92\
,\xb5\xe4G\x04\x04\x98\x8b\x99T\xc9\x18\x04\x8b\x08%\
d\xad^\x8b\xd6\xea|\x80Q?\xc50\xd4;\xabF\
\x19{\xaa\xbf\xdfS\xc2\xdeS\xf9\x0f8\x0a\x14\x07j\
E\xcd\xd7\xbd9\xe3\x88\xa6\x0f\xef\xcb\xef\xc1\xb8\xa8\xde\
\xed\xc63\xc5\x94]\xa3\x9dW\xbc\xece/;\xbdv\
L=\xabh\xdeSu4\xba\xaa\xfe\x03E\xfb\x81R\
\xf6\x81\xfa#\xdb\xad\xeb\x7f\x86k\xab\xab\xab\xfb\xd25\
\xa6+P\xdf\x18\x00\xa1!\x00\x1e7\x98\xdd\xe4c\xcc\
\xef\xae\x83\xa0'\x16\x10\xc2p\x800&\xa0\xbf'$\
-\xc9\x88\xc1\x02\x89\xda&v\xbd\xdeI\xac\x94\xd9=\
C?\xc9\xd9\xa4\x84\xb2\x00{J!\x84\xde\x96\xb7\xd5\
\xf3\x87\xf5\x82\x1d\x0b\xd0\xb3\xddhe\xca\x00\x84\x9a\xd1\
;\xbd\xea=\xbb\xfa\xfd3\xc4\xc5\xd1\x03\x84\x02\xe6\x1e\
\x00\xf6\xcd\x85a\xa6%_\xe6\xfa\xd1\x9d@\x16Q\xf6\
X\x1e\xf3\x9e\x1dI\x00\xa8\x7f)\xc7pL\xf0\xa2{\
D\x03\x80#\xca\x1f\x9f\x93\x970\x1c\x00@P\x84l\
\x82\xc9\x87\x1f5\xeb\xb8\x02\x14L}\x9cK\xf9\xa4K\
\xebr\x1e;F\xbd\xc2S\xefn\x81@y\x94^\xe7\
\xd3\xe2\xa3P\xba\xae\x8a\x13\x876 \x06\xd0Z\x14\xba\
^o[\xd7\xc6\xfe@h\x09\xef\xbbA\xdb\x22]l\
'\xfe\x88\x80 \x15\xf7\x8a\x17\x97\xfb1ac \xbc\
\xf1\x8dolK\xd8M\xb7\x02\x05!s\xb8\x80\x81E\
P\x0e\xab\x10\xe08\x13\xba\xf8>,\xaao\x5c\xffv\
\xef)Z8\xa4\xb4ke\xc8\x1a%\x9a\xf3\x07\x82\x0c\
\xdb\xec\xbeZ\xbe\xc3\xaa\xff\x18\x00s\xc2\x98\xce\x94\x99\
\xf8\xfe\xf9\xbc\xb8\xed\xd2\xbb\xddt\xbb\x0e\x821\x83c\
\x86z\xc5\xf4-\xc15\x01\x1eZ\xd0\xfa)\xeb\x1a\xf9\
\x06q\xf8\x9cy\xe3Z\x1f`P:\xe5\xcb7\x1e6\
\xedb\xcb\xfa\xe6\xbb\xdeC\xd2\x8cwo\xf8G\xa9\x94\
\x0d\xa0\xea\x0b8\xd1\x0c,hs\xed\xddE\xbd]]\
\xb5(t\x1e({\x19lWi\xbb\x9dnWA\x10\
\x1f\xa0'r\xcc$\xa1\x09\x04B\x90\x14H\xb8\x00\xa0\
%=\xfd\xe9O\x1f\xea-\xe4\x95\xb42B\xce\x9b\xb2\
([>J\x10L\x0c\x09\xcaI\xbc\xb3\xee!#\x89\
\x8c\xdb\xd53\x0ec\x10z\x0e\x5c\xd2\x1e\x02\xef\xc9\x94\
\x99\xb2\x94\xcb\x02\x1d\xb2N\xe7e\xce\x80\xb2\xd1\xeay\
\x86\x8d\xa9K\xbc\xb7\xaa\xba\x05\xbc+\x0f\xbf\xf2&\xbf\
\xba\xc8\xae\x07\xef\x180\x9e%\xee\x10mcvv|\
\xbf\xab \xd8\x8a\x0a\x8a\xd6\xa2\x03\x84\xb4\x1a\xf7\x04S\
/z\xd68T\xf9\x9aX\xdf\x9b\x91\x02\xe5\xc49\x14\
\xef\xc8\x0ce\xffj;4\x10T\xba\x09q\x9b\xf9'\
\x11n\x04\x1dKSu\x9e\x1c\x90zFi\x80W}\
\xff\xb4\xde.~\x08m\xe2)\xbeW \xd0\xa074\
\xb3n\xcf\x7f\xfe\xf3\xbdY]\x93.r\x08?\xea\x17\
w\xac\xc2Q\x05AZ\xb03\x05\x09\xce\x0e/\x99\xf4\
\x9f>n\x89\xd2\x08\x0c8\xa2\x9c\xb46co\xd7\x00\
UK\xac\xda\xc4L\xccr\x94A\xb0\xaeS\xcfv[\
O\xc0r\xa8\xbb99\xf7i\xc1\xac\xce\xa1\x1f\x81\x9f\
Nq\xea0/\x90\xd6\x8dv\x16\x01m\xca\x88\xf3\x88\
\xaf\xfa6`5\x1bb\xcb\xe7y\xe8\x0d\x9d\xc7\x02\x08\
G\x15\x04\x19J1\xf5\x04\x18gOK\xaa\xbd\x0c\x06\
K\xd4\xc4\xf3\xae\x09U\x8b\xa2l\x81P\x09T\xeb\xa1\
p\xf7~\x1f\xe7%\x958\xf9<'L\xd7c?\x81\
\xc0\xb7\x13\xd2\x82\x95Ue\x5c2@\x8a\xb5`}\x80\
\xee\x8c3\xce\xb0\xa1\xd6::\xd0\x19\xde\xd4\x8bfG\
|\x87\xd0_\x96`\xdd?\x9dtqx\xc07k\x22\
l\xc7Rm\x87\xfe\x9d\xa49\xaa   \x82\xa1`\
\xca\xd2b\x08\xb9\xfa\xcc\xb5\xb2\x02\xed\xfb<\x0a\x8du\
Hk\xd1\xf2)G~~\x03\xf3_\xcao;\x88\xd9\
\xd4\x8a\x12\x94I\x90\x82\xfc\xb9N\xbe\xed\x80 C\xcd\
\xe4\xa92NF\x83Cyh\xcf\x9c\xbe\x1dD\x9e\xf0\
\x84'\xec\xb5e-e\x02\x9e\xfch\x0d\x0d\x01.\xfa\
\x94Q\xdfo\xae\xd4\xd0w\xb5>\xe1[\x93FY\x09\
\xa1w#\xe2(^\x1cU\x10\x10\x22E\xa6\xd5j\x05\
\xccd\xfd\xc5d\xd5\xb4\xb0@\x90ZI\x9c\xa6\xb4l\
-\x90)\xf6n\xbd\xfer\xb6\x0e\x00\xbe\xb0!\x5c\xad\
\x10\x08\x84t\x03\xae\xb5\xc6\xbe\xbfNk^tF[\
\xf2\xcb[t6\xcf3\x0aR\x17\x90\xbaG\x17\x00\xfe\
\xca\xaf\xfc\xca\xf4\xe7\x7f\xfe\xe7\xdbv{i\xfd\x19:\
*/\xf3\x1b\xca\x95\xc7g\xf75\x09\xd6>\xc1W\x8e\
w\x1e\xc7:\xec\xfa\x8c\xe1V\x0ca<\x13@\x04\xe1\
\x83\xca\xfd\xf5\xd71\xc0\xe0t\xc5Rh\x8dQ\x08\x00\
h5\xfelV\xbb\x9c\x9ek\xb3\x06BgV\x85\xfe\
M[o\x118\x98V\x18\x11>\x85P\xe2f\x01\x0d\
\xe9\xdb9s\x95\xf7d\xab\xa1c\xb9\x024@`\x91\
\x94i\x01M\xcd\x0cN\x8b\x86\xa1\x94\xdb\xbe\x0fL=\
\x19\xd2\xaa\x13\x0d\xc0*\xae\xf8]\xb7\x97C\xfd\xf2o\
\x9and+\xda6\xa3\xfbp\x9f\x1dUK\x10!\x12\
\x88P\x9b/\xac\xd5\xc4P\x9b\x1b\xa0\x00Jg:\x99\
\xd1\x98f\xa0!\xec\xfa\xc8r\xbd6\xb6<\xf7\x8c3\
\xce\xd8K1\xf2P\xbe\x03H\x08Q\xb9\xcaH\xcb%\
\xf0\x00%uo&\xb0\xd0 \xcd!\x10\x5c*`\xec\
=\xfe\x00V\xdd\x80\xe6\xada\xfd\xccbZ[\xf5\xaf\
[C\xa1~@Q'^\x04\xe5\x04\xa0U\xf6\xcak\
^\xf3\x9a\xb6\xfc\x8d\xa5P\xf61\x0d\x84\xb7\x9b\x07\x86\
\xd2\x07\xa6\x5c\xcaa\xe2)\x8b\xc9\x14o4P\xbb\x7f\
k\x9a\xed\x87W%\xa0\xf6#\xac\xea\x22\xda\xcf\xa4J\
\x90\xed\xf0\xac\xbe\xc3\x9f\xd5\xac\xdb@\xa9\xcaPVL\
/\xcb\xe1p\xaf\x1e-?\x80x\xe63\x9f\xd9\xfeP\
V\xc0h\x87:\x1c\x05\xaa\x8d#\xf58\xa3%\xe9\x0a\
t~os\x0e\xe5\xe1\xa7\xaf\x13\x08\xd4\xe5p\x9d\xfa\
\x01\xa2,\x9b?\xa2By+\x0f/)W\xbd\xf8\x09\
\xbf\xb5\x9f\xd3\xd0\xaf\xc1L\xd7\xc5R*\x17\x1f\xe3\xf3\
n\xea*e\xed*\x00\x08%\x05#\x9e\xe0\x080\x8a\
\x8a\xb0\xac;|\xf2\x93\x9f\xbcVf\xf4B\xbf\xc3\xab\
\xee\xa0\x09\xccA)6\xb3\xaa\xdf\xe2x\x87\xd0Z&\
\xe1D\x19\xca\xa7 \x87\xeb\xdc3\xd3\xea\xf1\x02\xaa\xfe\
2\xb2\xa1\x04\xe0\xea\x95\x11@\xa8\x87\xe2=\x13W-\
w\x83\x86\xfc\x1bQy\xf8\x08\xf0\xd4\xd9\x83@\xbc\xe7\
\xe8s\xd4;\x03\x9bp\x0de\xb1Z\x99\x80P-~\
\xa3\xfe\xb2\x1c\x8d\xbfz\xb94\xab\xf9\x83A\x1e\x00P\
.\xf9\xb9\x8f,\xc7\x0d\xeaH\x80`W}\x02\xc2\xea\
\xfb8\xe6\x8f)\x0fC%\xe8\xa6,\x93&e\x0eW\
-\xc1\x96F\xc0\xac\xbc\xcc\xa8k\xdf\xd3\x19\x01T\xff\
\xdf\xfe\xa2\xce\xac*\x9f\xb9\x8f\xc9w\x16\x08Fp\xcf\
\xaf\x90\xbfV\xeb\x0eZ\xa62='du\xb9\xee\xe9\
a\xba\xe3\x10*_\x1au)\x8brY\x1eqQP\
\xeal\x15\x8e\x824\x9c]\x1bF\xd4u[z\xefw\
\xb9\xfc\x04|g\xb9X&\xb9\x8c\x16t\x0b\xe6:j\
9Y+-Nq\xba\x91\xf06\xaek7\xefw\x15\
\x04\xe9\xc7\x09Y \x5c\x81p\x09\x88\x82\xfc\xcd\xbcL\
\xe6j-\xc8h\xcf\xc4\xfb\x08CK'\x00\x9f\xb9Y\
\x1bP\xca_/+\xb0\xd7\xaaa\xf3\x09QT@\xd0\
+\xc35aQ\x1a\xa5\xa2\xc3\xd6s\xe5D\xbe\xa2\x16\
k\x9eV\x1e\xf8\xcd\x99\xdd\xccD\xc6\x9a\xa8\x1f\xe8\xf4\
\xcb\xc0\xe2\x1b\x03\xf5\xe4\xa3\x18#\x11\xf5\xa7uJ\xd7\
\xd7?VP\x1cF4\xd4\xca\xe2}\xfc\x83\xda,b\
\xf0\xd3,\xfc\xa2Op\x0e\xfd\xa6\x94\xab\xdb\x19~\xfd\
\xd7\x7f}\x0a@d\xd5\x97\x9bt\xe26\x03`+x\
\x87aWA\x10\x22\x81\x80 \x84\x98N\xcf0\xef\x0d\
\xa1\x0fY\xb5\x06\xca\xc2t\xd2\xcbS\xad~('\xeb\
\x5c\xff;0\xe6\x96\xce\xe4Q,J\xf8\x8cP\x220\
g\xe5\xb1\x02\xca\xd9SK\xbak\xb9\xf9C\xe4C\x03\
_AkT\x1fs\xeb,P\x9cV\xe7\x9c\x95A\xee\
\x01\x16X\x94\xa5\xec\x00{,\xe7\x80B\xbct\xb16\
\xce>\x15\xab\xd6o\xe9\xfd\xac\xb6\xf6k\xdb\xfa\x01\x12\
:c\x99t_\xbe\xe5\xac\xc5\xa5Cm\x8f\xdfVH\
\xa5.\xe5E\x8e\xe2\xd2\xa8\xc64\x1c\xf6\xbd\x8av\xf3\
\x08\x92\x95I!ql\xdc\xff\xf9\x9f\xff\xb9\xef\x0f6\
\xfe]\x5c\x0cn\xf8\x04\xa5\xe8\xf6\xab\xfa\xfa\xb7\xc1Z\
\x1c$g\x8a\x08}\xcaN\xdfO(9(9\xf5H\
\xef\xf0,\xbe\x82\xeb\x80\xd1Y9\x00\xe9\x90\xc6su\
x\xd6\xcb\xc2\xc8\x82\x92\xc4\xc5\x8a\xf4\xe9\xc5\xa7\x1ee\
\x02l\xca6\xfe\x0f\x1f\xa6\x8a\xab\xb5\xcfjb\xe9`\
\x01b\xc39\xc5\xb3\xa1%G\xb1v}\xbd\xc0\x06\x9a\
\xf1\x01\x02\xd8\xc8sL\xdbn\xealW\x01@ \x19\
\xae!2BpM\x10~%O\xf1\x04\x11G\xa9\xcc\
\xffPc~c\xe6\xe6\x00\x86\xb9\xb4\x5c\xf7\x19U\xf4\
\x00H\xba(\xd83JM+\xf7\x9c\x00\xd1 .@\
\x09\x18\xfa\xfc\x11x\xe8\x95\xcf\x01\x04\x94\xaf\x0e\xdd\x95\
\xf2\xc5\x8f\x15\x12\x1aRg\xcaN\xbd\x89\xb7\xe7\x93\x91\
\x0e\x9e\xabU\xb7\xdf\xe9\xc6\x11u]\x13O\x83\xcd@\
\x94\x07\xc8=\xad\xe3:S\xc7n\x9cw\x15\x04\x08\x22\
H\x04C\xb4\xbe\x5c\x9c\xd1\xc0\x8b_\xfc\xe2\xa1\xbe2\
j\x1er\x99\xc8\x0d\xaf\xbd\xbe\xab\x1f\x1e\xfd\xe8G\x0f\
\xf6<\xa0\x0c\xf9\x83\xfe\xb42\xe7\x08\x7f\x9e0\xa2\x84\
\xa4\x8f\x12\x09\x12\x80\xfa\xd6\x15\xeb\x904\xb1\x089\xa3\
W\xebW\x8f4Z\xb4r=W\xce<\x10\xc8#\x8d\
\xb3\xfaBc@\x13\xb9\x00\x85QKmi\xdbF\x0e\
\x80\x00\x04\x1aDu+\x03Y\xd4b\x9a5\xf5\xf7\x8d\
)\xb4\xec\x86\xc2\xe7\x95\xb1\x14\x080\x1af\xe7\x15\x86\
\xe9\x9ea\x02#\xf4z\x97\xde\xba\x01V\x00\xe2\x99@\
\xc3&\xfd\x7f\x8d\xe5\xdb\xaf\xe3\xe5\x8bb\xa2(\xcc\xa7\
5\xf4\xf5\x86\x8e\x9c\x93N\x19\x04\x98n\x88\x02\x1d\xa1\
#\xe9r\x8e\xf5\x90>\xdd\x8e\xb4\xca`\x05bU\xc4\
\x05Px\x5c$\x83yt\xc5\xca(#\x96\xc1gf\
\xf5\xdeaV_\x225\x99\x90\x05@h \xe6N\x0e\
\x1c8\xd0\xe4\x91F\xa4\xdc\xd4\xbbY\xdd\xf3t\xb2\x9d\
\xb8]\x05\x81\x0a\x09/\x0c;[!d\xacO\xf9\xfa\
@\x13B\x985\xa1R\xe6q\xe6\xc3K\xcc\xa6\xd5D\
a\x84\xb7,\x08zA%\xaf\x16\xc5\xa4S\x00\xfa\x08\
1\x8aI\xebO\xddL\xfe<!+\xc3\xe8B\x19\xdb\
\x01A\xeaQ\x16:R\x9f\xeb\xf8\x0a\xde\x95\xfc\xee\xef\
\xfe\xee\xac\xbew\xdc\xf8\xd3:kP]\xe3\xec\x89O\
|\xe2Z\x1a\x86\xfab\xc9\x02\xb2y\x8a\x9dG\xf7\xbc\
t\xf3\xe2\x96\x1a\x1d,3D\xe1\x01\x13jmy?\
\xd4Xy\xbdZR\xdb\xdf\xc8\xf0\xcbN\x9c\xe5\x03\xbc\
\xbd\x80\xb0\xcf\xd89\x0a\xcf0\xb0\xf7v\x97\xad\x93\xf0\
x\xe1%<\xb3\x85m\xe3&\x1e\xb7\x03\xc0x\xdb\x8e\
~$\x13\xc0\x18\x9e\x1erF/S\xe7\xabU\xff|\
f\x81x\x15\xcd>\x0b\xf3\xfcp\x02E\x195\x18y\
8\xea+lS\xe06\x04\xbf^m\xf2a\x13/\x9f\
\xf3[\x97hd\xb1V[\xd1\xec#G\x87\xbc\x02\xba\
\xc9q,\x97\xf1\xfd2t.\x05\x82\x14\x8c\x88y\x81\
0\xcd\xa7\xb3\x06\x84\xae\x9f\xf7y\xba\x8d/\xdd\x13f\
}\xba>\xa9=\xfc\xa7\x96ak\xa1\xbe,\x02\x841\
c;eJk\xb5\xf5\x9e\xff\x05\x94\xd2mU\xdf\x96\
}\x13\xbe}\x0f\xcc\x07T\x1f\xbc\xf1\xe2F+\xab<\
\x83\x16\xa7\x1b(S\xfc\xe9\xda\xcf\xe0\x14<\xd8\xad\xcd\
\x19h\xfds J\xe8y\x8f,\xc6\xf4\xceS\x16\xb0\
S\xbe3\xebb~\xa4\xe62\xf6\xd6\xfc\xc4Z\xc9g\
\xb5\xbeUh\x9bSr\xa2k\x18\xbd\x9a\xdd\xc8\xd4'\
\xbd\xe1\xe5<\x1a\xe6\xe9b\x99\xb8\x1d\x81`\x9e\x10\xc4\
\x01\x01a;0R\xfb\x1e\xb7\xedo\x09\x84\x02\xfc\xe7\
\xb0\xf6\xda)\x90\xefmE\xe4\xdd\xbb\xd6\x97\xf1\xb0\xf8\
\x08t|\xee\xeb\x9dwM!\xe6\x07\xfc\x95\xbc\x949\
\x9cu\xd6Y,Q\x9b\xf0A\x1b!\x1e\x9a\x1c\xd2-\
\xb5\x22\x0e\x81\xa0\x99\xf92\xd5\xe7W\x94}\xff\xda=\
+Rc\xf7\xf6\xf9< \xb1$\x09\x8b\x1aBO\xd7\
\x18\x08\xea\x8e\xd9N\xeb\xc6w\xed\xd1\xd0\xf6t\xa8\x7f\
D\x0c\xb5\xe8\xa4\xed\x1bm\xa6\xb1V05kf\x12\
Iz\xa1\xafw\x0c\xbc\xbe\xee\xa5\xae\x15\xba\xec\x91\xbe\
)f\x14\xb2\x83nq\x04\xfb\xecg?\xdb\xdc\xf8\x1a\
\xba\xebu\xeb\xc1g<\xe3\x193\x0eO\xfa\xb7\xf4\xc3\
\xa9\xdb}\xef\x07(gQ?\x97\xfa\xc7t(\x8b\xa2\
\x9cMI\xd7[\xbd6\x1cEC\xe6\xeb\x0b\xa0\xcd/\
16wp\xca8g\xd28\x97`\xdbu\xb5\xd2\xa1\
\xd6-\x0c\xfe\xc5\x80.t\x87\xc6q\xbd\xa13\xf1c\
y\xf6\xf1,\x95\xf2\xa4\xc1#k\x18\xa7\xd4[\xc5_\
\xfe\xe5_\x1e\xbc\xbcBC}\xc6v\x1e\xa7\x9a\xcf\xa4\
\x0c\xbc96\x93\xcd\xb8\xee\xed\xdc/\x0d\x00\x85\xf6B\
\x08\x00\x9c1\xc8\xa42\xc5e\xf6\xdb\xf8\xbf\xf6@\x9c\
\xbd\xf0\x85/\x9caV\x1a\xe65\x84\x19:f2&\
B\x09\xb0\x16\x09\xb4\xaf\x7f\xac\x0c\xcf\x94\xa9\x8bQW\
\xed\xc1\xbc\xf1\xa6\xd2P\x8c\xf2)\x1d\x10\xa2pg\x07\
\xef\xdc\xb0\x8d\xf0\x9dk\x87\x90\xa1\xfa\xe9\x8d!\x1fs\
\xdc+@\xdd=\xad=]\xf3\x04\x1f\xa0(#\xd7=\
\xb8\xe2\xb8\x9a'8\xf3\xcc3g\xf5\x8de\x03pm\
T\xd1\x96\xdd\x01J\x1aN\x1aK\xca\x99W\xdf2q\
\xbb\x06\x82\x08\x88\x02\x10^V\xe0\x82\xfa\x03\xba-k\
^\x95\xa1NZ\x00f\x82~\xc4je\xbdP\x83\xf4\
ELF\xf9c\x10\x04`\x04j\x9f\x224\x95\xd3\xb5\
VN]S4 \xf4G,\x01Pd\xcc\xee\xba>\
&\x1d\xfe\xe8\x8f\xfeh-VKy\xea\xea\x85\xdf\xd3\
\x1b:C\xcfv\x15\x10\xbe\xa5\x07\xb2Ll\xa1\xdd\x0c\
c\xad\x9cj\x16\xa9\xac\xe89\xfd\x08\xea\x98\x82 \xc8\
\xef\x99\xa4PB\xc2\x90\xd6^(>X\x1f\x88\xb6)\
`\xbf\xb6\xa1l+\x88\xfa\x962V\xe2\xbc\xfb\xed\x0a\
\xb2O\x17\xf0\x10\x12\xbaX\x19\xa0d\x89\xf2*\xd9P\
Ukw\xcf\xf4g|\xceJ\x00J9i\xb3\xfa\x08\
v\xcd\xd0\x15\xed\x99\xfc\xcayl\xa9\x96U|\xe8\xed\
A\x84\xdeX\x854\x0a2\xab\x89\xa3\x99\xff\x1a\xb0\x0a\
\xfe\x15\x95UR\x00\x83\xbf\x9e\xf7\x00v'r\xdb\x91\
%@\x80\xa3\x17:\x22\xea\xe5\xd0\x9a\xad\xd6j\x9f\xbd\
6\xfd\x19\x86\x9c\x11>O\xd9\x8b\xe2v\xc2\x0cA\xa6\
\xdfD\x9f:\xc5Y\xd7Wk\x12[w\xa0\xa5\x03@\
\xae\x9d\x01#\xdd\x845\x04\xd2\xc7j\x01B\x04\xbc[\
\x00\xc0[\xf8N\x99\xea\x0b\xd0\xe2\xd7\x00qY\xb2s\
\xac\x8b\xa8\xf5\x8c3\xa3-y\xe5\x01\x08\xe7\x00h'\
\xf2J\x9e\xa5@\x80\xf0\x10\x11!\xb9g\xaa\x8c\x06\xea\
7\xf1CMt\x0c~w\x9f\xf8\xf4\xf9\x94\xb2H\xe1\
\xf3\xe2w\xcaT\x0f\x04\xddC\x04\xe5\xef,\xb5\x0bk\
\xb3\x02&\xad\x9cY\x01\xa0\xd0E\xb0\x0a\xd60\xf2\xca\
\xfb\xba)$\xdd\xccn\xd2\xa9\x8e\xde\x1a\xa03\xf5\x02\
\x1d\x99\x1e\x9a\xb3\xb0&qR\x8bY\x87Z\x883\xf8\
\x0a;\x16*\xe9\xd3\xc0v*\xb3\xa5\x86\x88\x04l\xa8\
bX\xa3\xc2\x04\xcc \xdcfK\xb7\xbb\xdd\xed\xa6\x86\
\x83\xee\x0dm\x04\xd7\x86G[\x85\xbe\xcc\xad\xd2.z\
\x9e2\x0cS\xd1\xa9nCC\x1f\x8c\xd4\xe4K\xdb\xca\
?C\xd2\x0c\xe1\x08\x15\xad5|m\x0b<B\xb3\xc9\
+\xe58\xe3q<$\x1b\xdf/\xa2i\xb3\xf8\xbe\x0c\
\xf2\x15\x0c_\xc5\xa3\xcb\xbc\x82\x1f\x86\xdb\xa6\xbe\xde2\
Zm\xd5d\xe9YB\xd2oV\xcf\xa6\xcf\x96AO\
,\x81<\x84\x1b\xb3\xe5>\xa6,#\x84\xfe\x19\xe6\xc6\
}\xd8\xbcz\xfb\x966\xef\xf9v\xe2\xd0\xd5;\x9d\xa9\
W\x9c\x7f8\x94Y=\xaf\x04\xd2^\xda\xc41t_\
?\xc0>\xaf6\x9dh\xe0N\x9f\xdb[\xbb\xdd\xa0m\
+\xfa\xe7\x99v\xfc\xa0\x87\xa5\xe8e\x98\xee\xae\x97\xf3\
V\xe5/z\xbe\xd4jc\x82H\xd0Bz\x14C\xa3\
\xc0RhU\x9e\xc7\xab\xd6\x92\x1cG#\xa8\x17\xb3\x09\
\xa1\x11\xed&\xa9\x0a\x04\xd7\xac\xd6\xb5.M\x14[\x13\
5\xebe\xc1\xaeiES\x84\x8a\x0fy\xd3:]\xe7\
8R|DN\x14O\xc9\x02:3\xb7\x10_\xc0\xfb\
\x07\xf4\xb1p\xf8\x154\xc2\x9d\x86\xa5A\x10\x013\xb5\
\x88&4\x04@\xab8B\xe3\x07\x08\x88D\xb8V\xe8\
\xd9\xd1\x08\xa1+\x0eW\xd0\x8f.\xe0\x5c]]]/\
o\xbbm\xc2\x1d\x10\x94\xf2m\x19?%X\xbc\xa4\xeb\
\x0a\x08\x02\x8c#M\x7f\x14\xaf\xfe4*\xd7\xe8\xc6\x87\
\xa9w\xef/\xd0\x99\x06\x19}dJy'4.\xa5\
\x19\x95\x0b\x04\x8c\x08g\x01\xc1\xf9\x00\x04Q\xae\x05\x88\
\x96\x07\xf1}\x1f\xd6\x1e\x1e\x81\x90:\xe2\xb7Pb,\
\x16a\x02m\xbd\xd2\xdekw\xd5\x80\xc5\xd9BV\x1f\
\x91$H\xa7,\xf9{@\x1c\x01\x92/T$9\xf6\
\xd6\x16\xf8\xc8\x18\x0d\xf8H\xe3B_\x00\x13 \x1fN\
#[\x0a\x04(&\x18DD\x88\x04\x1e\xa1\x8b\xa3\xf0\
\x84\x08\xd0}\x1f\xbfH\x98\x87kr\xfb:\x94\x85\x1e\
g\x82rMp\xbe\x5c\xb2\xb2\xb7\xe6\x03\xf6\x8b/G\
k\xbf?\xbb\xa0\xd5\xf3\x809\x0a\x01\xea\x98\xdcX\x95\
\xb4\xbeE|\x1cN|\xafLrM7\xea\x9c\xc6\x85\
\xd6\xf0\x1a]\x1cN\x9dK\x8d\x0e\x0e\xa7\xa2o\x85\xbc\
\x94\xec\xa5\x95?\xb8\xd4\x92\xf66\xf9R\xef\xf3W\xdd\
\x13f,\xdb\x98\xd6#\xa9\xf4q]\xc7\xe2~iK\
p,\x88<\xdc:ca\xd2\xcf\xfa\x90\x95\x93\xa8\xa5\
\xd5\xdc@\xfb\xd4\x1c@\x92N}\xaeO\x94pB\x80\
 \xcadB\xf5\xb3\x9c+~\x80\xa5\xec\x00 ^\xd7\
\x10\xc5\x9fH\x00 \x9b\xe3\x12\x04\xf3\xccw\x14\xab\xc5\
\xebS\xeb\x05\xd7~_9\xd5\x07\x22\xfb\x81 No\
\xacAo\x15\x8ew\x8bp\xdc\x81`3\x00h\xed\x14\
\xce\xf9*\x87p\x9f-q\x0b\x08m\xc9PF\x03'\
\x9a\x158n-\xc1\xbc\x96\x1b\xe5\xc6\xdb\xf6\x89\x98i\
n?\xdb\x00\x0e\xe09\x11\x01@V\xed\xb7\xf6\xc7K\
\xe8y\x19+4\xcf\xf8\x04\x80@\xf1F\x07B\xbf\x11\
E?D\x93'\xf9\xc6\xe5\x8d\xef\xbf\x9dex\x5c\x81\
`+E\xccs\xfe\xa2\xe4\xed4\x86\xc3\x99\x90\xd9\x8a\
\xb6c\xf9\xfc\xb8\xf3\x09\x8e\xa50\xbf]\xeb\xfe\xff\x7f\
\x00f[\x18\xce\x14\xfa\x00\x00\x00\x00IEND\xae\
B`\x82\
\x00\x00<d\
\x89\
PNG\x0d\x0a\x1a\x0a\x00\x00\x00\x0dIHDR\x00\
\x00\x00u\x00\x00\x00q\x08\x06\x00\x00\x00\xeb\x95\xec\xaa\
\x00\x00\x00\x09pHYs\x00\x00\x0fa\x00\x00\x0fa\
\x01\xa8?\xa7i\x00\x00 \x00IDATx^\xdd\
\xdd\x05\x94eG\xb57\xf0{\xf3p\x09\x16\x02\x0c\x16\
\x5c\xbaq\x97\x073\x0f\x1e>\xc1\x09Npg\xe1\xfe\
\x16\xc1\x16\xfep\xb7\xe0\x04\xa7\x83[\x0f\xee~\x1b\x97\
`\x81\x84$@p\x9b\xf3\xed_\xd1\xff\xfb*\x97\xee\
\x9e\xdb\xc9\xe4\xf1\xe6\xab\xb5\xce:\xe7\xd4\xa9\xda\xb5}\
\xef\xaaS\xf7\xdc\xf10\x0c\xa3=\xad\x04\xe7\xf1x\xdc\
Pw\xff\x97\xbf\xfce\xf4o\xff\xf6o\xa3\x93\x9c\xe4\
$\xad\xee\x8f\x7f\xfc\xe3\xc8su\x7f\xff\xfb\xdfG{\
\xed\xb5W;\xb4\xcdq\xf2\x93\x9f\xbc\xb5\xfd\xeb_\xff\
\xda\xda\xa5\x04n\xce\xd3\x07{\xc8\xc5?8\xb0\x87 \
\x1b4\x09\xa5g\xb8\xfb\x93\x9d\xecd\xa3\xef\x7f\xff\xfb\
\xa3c\x8e9f\xf4\xab_\xfd\xcay LE[\xd7\
\xda\x10\xec)Nq\x0a\xc2\x1f\x9f\xf1\x8cg\x1c\xed\xbd\
\xf7\xde\xa3\x0b\x5c\xe0\x02{\x18\x076Fw\x8f\x15j\
\x84E\xa0\x7f\xfb\xdb\xdfF\xdf\xfd\xeewG/y\xc9\
K\x86O|\xe2\x13\xa3\xa3\x8f>\xba\x09\xf1\xa4'=\
i\xb3\xd8^\x09\xb4=\xcdiNC\xc0\xc3\xb9\xcf}\
\xee\xd1\xe2\xe2\xe2\xe8Nw\xba\xd3\xf8\xa2\x17\xbd\xe8\xc6\
\x9c\xda\x83\x9e\xee1B\xed\x05\xd3_\xef\xdc\xb9\xb3\xb9\
\xcf\xcf\x7f\xfe\xf3\xcb;v\xec\x18}\xedk_\x9b\xb2\
\x9fP=S\xb8Wm\xf5%t\xe7#\x8f<r\xf4\
\xeb_\xffz\xb4m\xdb\xb6\xa5\x12\xea\xfe{\x90\xdc6\
Du\xaf\x0d\x9f\xfe\x1fzH\x08}\xc9=\x8b$\xb8\
\x0f\x7f\xf8\xc3[\xbf\xfd\xedo\x1f\xae\x8dX\xc9\xe5\xa6\
M\xeeOy\xcaS\xb6\xfa\xc4\xd2\xdf\xfc\xe67\xa3\xaf\
~\xf5\xab\xa3\xcf~\xf6\xb3\x97\xf9?D\xea\x09Fe\
\x8f\x15j('8.\x95`\xcb\x12\xb7\xa8\x8fE&\
\xf9\x91Di\xe3\xd0\xde\xbd\x22\xb6\xea\xf7\xdb\xdf\xfe\xb6\
\xf5\xfb\xff\xa5\xecV\xa1\xc6\x15\xf6V\x94d\xa5g\x98\
\xe7\xb3\xf5\xear\xac\xc5\xdc\xc0\xcc3\x02#$Vw\
\xd8a\x87\x8d~\xf4\xa3\x1f\xb5$Hqf\x91\x7f\xfe\
\xf3\x9f[6\x9c\xbe\x04H\x90\xf0\x944\xb9\xf7\xec\x87\
?\xfcaK\xb0\xc0K\x86\xacMp\x9c\xc5u-\xfc\
\xd4\x81\x05\xc6z\xed=\x077J\xb7\x1e\x9c\xbe~#\
\x9e\xac\xd7\x7f\xb7\x095\x88bb2S\x8c\x8f\xb5`\
`\x08\xf6\xbc\x9fB`\xbe\xba\x1ck!\xdb\x0b\x15\xd3\
\xf4q6\xee\x8f\x7f\xfc\xe3!B\xd1\xb7w\xbd\xb3\x0c\
\xd2^\x01/J\xf0\xf3\x9f\xff|\xf4\x93\x9f\xfc\xa4\xc1\
\x027m\x82c\x8f\xebZ\xb8\xa9\xfb\xd3\x9f\xfe\xd4\xc6\
E\x7f\xe27\xfc\x1c\xe8V<\xcf\xd4*8F\xc8\xeb\
\xc1=>\xf5\xbbM\xa8\x90E\x0cd\x09\x10\x91\x18\xe4\
\xda!i\xc9\x1c\xb2\x17\x90kV\xb3\xab\x12\xc6bP\
\xa6&Q\xa4_\xfc\xe2\x17\x92\x9e\x15\x0c\x8c\xa0\x02\x0f\
>J\xfaG`\xcei\xcb\xd2\x0f?\xfc\xf0f\xc5\xf0\
\x09\x9e\x81\xb1\x9e\xe5\xf58\xf7\x82\xd7\x1e\xcd\xe1\x09x\
x\x01w\xe3\xe6\xb9\xfb\x08z=\xfa7R\xf4\xf5\xfa\
\xec\xb6\xec\x17\x82a\x86s\x08\x9a\x1d\xb8g\xae>\x84\
\x1d\xc6\xcf\xb6\xed\xef\xc1\xc3\x10\xcabJ\xa2\x9fk0\
\x08\xf5w\xbf\xfb\xdd\x82\xf6`\xf5\x96\x11\xd8\xb3c`\
l\xf0=\xea\xa8\xa3\xb8o\x99\xd8?4\xa0.\xa2x\
\xb1\xa4Ye\x99\xc5\x15>\x8a\xb1\xa3\x18\xfd\x98I\xce\
\xd2/\xf4D\xc9\xd6\x83?\x8b\xf7\xec\xb8k\xdd\xef6\
\xa1\xf6\xc0!Bx\x88\x8bfb\xa2\xbaX%\x220\
U\x9b\xb5\x10\xef\xad\x19lm\xd2'\xb1\xd0\xbd\xe9\x89\
9\xaa\xf6\xee\x9dcY\xb3\x16\x178\xc1589\x7f\
\xeb[\xdf\x9a\xcei\x83wp#\xb0Y|\xd6bf\
,/\xe3\xc6K\xc1\x0b\xfe\xe1K<\x9a\xb3\xb1\xa3\xdc\
\x81\xb9\x16?\xd6\x1ao\xbd\xba\xdd\xe6~\x11B\x80\xdc\
\x8cC\x86\x19\xe6\x13\xa4\xe9\x843\x02<C\x0cb\x1d\
\xda\xa5`^\x7f\xc4RX\xa5\xc2E\xfe\xe1\x0f\x7fh\
\xfdO}\xeaS\xb7yf\xc5\xd4\xa9\xd0\xa3\xf9\x81\x97\
{g\xcc\x8a\xa0<\x8fP]K\xb4\x8e8\xe2\x88\xa9\
\xe7\x08c\xe7\x11f\xc6BK<Q\x14\x83B\xc0\x99\
\xa5\xe2\x11\xfa-\x88\xa0\x07\xdd\xc6\xf1,4\x83\xb5\x99\
13v\x7f\xde\xad\x96\x0aQ\x08%\xc34\x0f,\xb7\
\xd8\x84}\x863\x9cat\xaaS\x9d\xaa\x11\x1d\x0d&\
\xe8\x086\x84\xacE\x5c\xea\xc0\xef\xe3\x1e\xe5\xa8\xb9\xe9\
 \x1eFIB\x1cf\xa9\x8b0\x9d1U\x9d\xd2\x0b\
M\xbd\x0c\xd82\xe39\xcfy\xcei\x1b\x02\xd0/\xae\
u-\x06\xf6\xe3\xa1E{x\xb9\x06\x17\xce\xdc;\x9a\
\xe1\x8e\x07\xb1\xfc\xc0\x8f\xe5\x82\x85\xd6\x13j\xa9\xbbM\
\xa8\xb16\x88C\x92\x05\xd5\x92\xdd\xd2'?\xf9\xc9\xed\
2\xcb\x03\x0e8\xe0\xd0\x8b\x5c\xe4\x22\xfb\x9f\xef|\xe7\
k\x84!\xbc\xb7\x9e^\xa8!\xae\xaf\xa3\x00\x5c-\x86\
80\x8d\x85~\xe1\x0b_\x18~\xf6\xb3\x9f\x8d\xb5\x8d\
UFh\xb9\xd7\x960c\xa9\x9egJ\xa3\x8d\xe7\x5c\
\xf8w\xbe\xf3\x9d\xe1\xb2\x97\xbd\xec8\x02\xd1>\xca\xb0\
+F\xa3\xbf\x17~\xc2\x0ce\xa9\xc5\x0d\xab][-\
E^\xe9JW\x1a[\x9a\xb4\xee\x0c&\xc1\xc6c\xec\
j\x8c\x8d\x94\xea8\xcfb\x05\xbb:'\x01\xf8\xfd\xef\
\x7f?u\x15\xdc\xac~yF\x90\xee\x8f=\xf6\xd8\xd1\
s\x9f\xfb\xdc\xc9\x15\xafx\xc5\xe1Lg:\xd3ri\
\xecp\xde\xf3\x9ew\xb8\xdf\xfd\xee7\x94\x90M\xf6\x1b\
!\x11\x04\x86Dk\xb3P\x90g\x5c\x95\xbad\x8f\xc6\
\xc0\xa8\x8f~\xf4\xa3\xa3G>\xf2\x91C1j(f\
\x0c\xc6pv\x14s\xdbA\xf1g\x8f\xbe\xadg\xeeK\
\x11\x87\x12\xe4P\x0c\x1f\xfe\xfb\xbf\xff\xbb\xe1\xc8\xfa\x8d\
\xc9\xd2\xe0\x1awI\xc89\xd4\xc3\xcd\xb3\xb4E\x8b\xe7\
^*\xbc\xef}\xef\x1b\xdd\xe5.w\x19\xces\x9e\xf3\
4<\xea\xe5\xc1\xf2\xb5\xaeu\xad\xe1\xcdo~\xf3\x10\
\xde\xf1f\xfa\xa3__\xa1%\xcf\xc0Q\xb7+\xd9\xcc\
>o\x1a>oA@4\xd0\xe0Yv\x83D\xdc\x0b\
\xab|\xeb[\xdf:9\xe4\x90C\x16\xbe\xf9\xcdo6\
di \xebu}\xa9K]j\xb0\x80~\xbd\xeb]\
o|\xfa\xd3\x9f\xbe\x0d\xcd\xba\xd3\xdf=B\xf5a\xd1\
\xf0\xf3\x8cUZ\xab\xfd\xc67\xbe1X\xda\xab3\xcb\
ju\x88\x17\x97\xe0\xa7\xbd\xbe\xacMq\xcd\x0d\xaa\x8f\
\xf2\xa9\x0b#\xe0\xc5\xc2(\x0f<\xce\x7f\xfe\xf3\x8f\xce\
q\x8es\x8cJ\x10m\xb1\x7faaa\x5c\xc7h\x9f\
}\xf6i\x0c\xd7/\xde(\x16f\x1c\xca\x9e\xf1\xcc{\
\xdf\xf5\xaew\x0d\xaf{\xdd\xebF_\xff\xfa\xd7[=\
\xc1\x81\x01W\xde\xea^\xf7\xba\xd7\xca\x0dnp\x83E\
4\xaa\x03\xcb\x1b#\xb8\xa1\xb7\xa7!\xb44@\xf3\x94\
Y)ot\xcf\xc2<\xc7\xbc\x10H\xa0y\x13\xf2\x83\
\x1f\xfc`t\xd0A\x07M\x0a\xe9f\x01\xb4\xbf\x98\xd6\
,\xa1p\x19J!\x86\x22\xc2\xdb\x91\xe1\xeew\xbf{\
{\xa3\x12F;\xf7\xb0\x8c\x83Q\x1f\xff\xf8\xc7G\x07\
\x1f|\xf0p\xa3\x1b\xddh\xb8\xcce.3\x9c\xe5,\
gi\xf0\xc0g\x8d5\xbd\x19N{\xda\xd3N\xad\xcd\
8\xf3\x1cps\xb0\xf0R\x08\x1e\xa5\xe1\xea\xde\x19\xae\
\xfb\xee\xbb\xefp\xe9K_z\xb8\xf5\xado=\xbc\xf8\
\xc5/\x9e\xac\xac\xacL\x95!\x1e\x04/(!\xdc\x1d\
\xf0\xbd\xfd\xedo\xdf\xfa\x96\xd2\xb7\x03>\xbd'q_\
\xca3<\xf3\x99\xcf\x9cH\xce\xc0\xe0\xdd\xf0 |\x88\
\xe5FQ7\x92\xcb\xec\xb3M\x99v\xdc`\x5c0\xed\
\xe2f\x00e1\x8f\x7f\xfc\xe3'g?\xfb\xd9\x1b\x11\
\x95\x996\x01b\x1c\xa6!N\x1d\xe2<Ww\x8dk\
\x5cc\xe7+^\xf1\x8a\xe1\xa7?\xfd\xe9T\xb8\xb4\xd4\
\xea\xd0\x97\xbe\xf4\xa5\xd1S\x9f\xfa\xd4\xe1*W\xb9\x0a\
\xa1M\x08.\xc2\xc2p\xf0\xd4\x81\xa9\xde8y\xee\x9a\
\xc0\xb5s6f\x5c\xb2:G\x98\xdc\xc3t\x9d>\xa9\
\x0f\xae\x5c\xe8\x0doxC\xc2]\xa2\xbchw\xc4=\
J\xb2*\xe4\xc0w'\xda\xd2\xdf\xf5\xe9Nw\xba\xa9\
b\xbb\xa7\x88\x9eS\xfe\x17\xbc\xe0\x05M\xb01\x16\x86\
\x93\x84\x93`)\x0fK\x9e\x15\xdcF\xf7s7&\xc8\
\x1e\xb8{\x08\xa83\xf9\x7f\xf4\xa3\x1f=\xa9\x97\xcd\x0d\
\xd90\xaegr\x84\xa9\x8e0\x12\xf3\xca\xc5\x0d\xf7\xbf\
\xff\xfd\x87\x8f}\xeccM\xe3\x11\xf8\xa2\x17\xbdh\xb9\
\xdcs\xd3\xe6\x08\x93\x82\xb0 \x0c\xc1$\x96\x0a\x168\
\xae1\xcba\x9c^\xc0\xbdp\x5c\xa7_\xae\xf5\xd7\x0f\
l\xcf(K\x14 J\xe8y`\xb2\xc0[\xde\xf2\x96\
C\x85\x98%!\x81\x80Y\xe7\xbd\xef}\xef\x86/\xb8\
\xfa\xb1\xfc\x8c\x8d\x1f\xae{\xab\xad\xd9@\xab\xbb\xe0\x05\
/\xd8\x04\x1b\xe3\x88p{\x0f\x96\xeb\x8d\x04\xd9?\xdb\
TL\xe5^\x0a\xc1\xe6\xefe\xa2b\x22\xa1>\xff\xf9\
\xcf\x9f\x94U-\x10\xae\xe7\xe2\x14\xf7\xac\x98K\xf6\xf1\
\xa6\x98\xd3\xfa;\x5c\x17\x03\xdbQ\xc2=\xb6\xdc\xf2\xde\
\xfaUF\xdbb\xa8\x22~iKc\x15\xd7\x89\xcf\xee\
\xc1p <\xf7\x08T\xe0\x12|\xf2\xdc\x99\xc7\x81\xb7\
\x02^\xce\xea\xc0f\x81\x8a\x9c!\xe3\xba\x17\xf3\xe2f\
/t\xa1\x0b\x8d\xb6n\xdd\xda\xda~\xf1\x8b_l\xf1\
\x1d\x1d`h\xa3\x94\x82\xb5\xb1X\xb3b%\xcc\x14O\
)\xc5lF\xa1\x5c\xecb\x17\x1b=\xe2\x11\x8f\xd8Q\
\x9ek[\xe2\xaeq\xf1N\x813X\xf3\x96M\x09\x15\
r\x90\xc6\x08\x03q\x13\x95\xe1\x0dO{\xda\xd3\xda\xcb\
i\x0c\xc1\xc4\x10\x92\x84\x82P]k\xbfV\x810\x06\
\xc6\xbdk\x83\x81\x8a\xbe\x18W\x16\xdb\xc6\xd6F1N\
/<S\x04GYHk\x8b\x81\x18\x07NY\xda\xd4\
Ub*f\x82+\x8eQN\xee\xde\xd9\xbdb\x1c\xf8\
\xea\x87\xb9\xbdR\xa9\x8b5\xb5\xc6\xab%\xca\x05\xd7\xe0\
\xa5_\x84\x11k\xeb\xfb{f\x1c8]\xfb\xda\xd7\xfe\
\xd2\x81\x07\x1e\xf8\xbd\xeb_\xff\xfa\x07\x10\xa6\xf6hT\
\xe0\x03\xfe\xbcen\xa1\xb2 \x99\x9a\xc2Mb\x18\x97\
\xf9\xf0\x87?|\xf8\xf2\x97\xbf\xdc\x06E\x10-u\x1d\
\x86hO\x83)\x04\x22\x08\x9e`\x10\x1c\x02#\xecd\
\x7fI\xc2\xb4\xc1 \xf0\xf4!\xf8X\x98\xc5\x8c3\x9f\
\xf9\xcc-[\x95\x9d\x96\x1b\x1b\x9d\xf5\xacg\x1do\xd9\
\xb2\xa5\x09\xd5X\x19/\xd6\x0dV\x98\x0e\x0e!ZI\
\xaa\x8c}\x10\x13e\xd4\xa6K\xb2WB\x8f\x92a2\
\x18\xf0\x0a\x83\xa3T\xc1\xa7gx\x84\xaa\xcesG\x94\
=\xed\xdc'.\xe3\x8f\xeb\xdb\xdd\xeev\xa3\xbb\xde\xf5\
\xae\xe3\xcb_\xfe\xf2\x8dg\xea\xf0\x0d\x9f\x8c?o\x99\
\xdb\xa6#\xd0X!\x0d\xae\xf5\xd2\xa1\x5c\xcfJi\xdb\
\x02\x06A4.\xcb\xf3\x5c'E\x0f\x11\x10\x8c\x12`\
\x00A\xabK\xd2\x81\x09\xea\xa3\xe5\xea1\x16\xa1%\xb8\
6\xd5\xa8Lx\xa5\xce+%\xcc\x03\xd4y\xd6[/\
<\x833\xcb\xc4\x980\xd2x\x8a\xf0a\x05\xa9\xe0\x8f\
Y\x86\xb9i\xc5\xc8Cj\x95j\xa1\xe8Z\x10\x06$\
qq\xa7\xf1D\xfa\xaa\x8b\xf0\xe2e<\x87;:\xa3\
H\xe8T\x17\x0f\x03\x0f\xd7QR\xb4Ep\xefy\xcf\
{F\xd7\xbc\xe65'\xb5\x00\xb2\xe89|\xe1\xb5\x19\
\x81\xc2mn\xa1FK \xce\x12\x0cT\xc2\x5c)w\
\xb7@\xb3\xa3\x89\x9e#\x84@\x10\xa7 :\x8cq\x8f\
\x19AV[\xb0\x1c\x08\xc1\x80\x08=p\x08\xf4\x5c\xe7\
:\xd7\xe8jW\xbb\x1a7\xb5R\x0b\x0e\x8b\x95\xb04\
\x17\xab},(V\x1d\x98\xac\x8d`\x8d\xdf+\x88>\
\xf0T\x17\xe5\x82\xbf\x15\x9f:\x0e\xf8\xf7\x7f\xff\xf7Q\
-\x12\xd8\xea\xb2T\xdeh;O\xe4\x00\x9f\x00\x94(\
0\xba\x12w#d\xe7YA\x18+\xf1\x5c\xdf\x08\x1f\
,\x1e\x0a\x0d\x94\x13\xae\xc1\xcd3\xed6[\xe6\x16*\
\x01E`\xacB)\xd7\xb7h\xca\xf1\x96\xb7\xbce:\
n\x88\x89\xb6n\x84X\x98\x00.\xc2\xc46\xc4\x13b\
R{I\xc4u\xaf{]\xc7\xd8\xa4\x1d\xe1\x98\x13\x0d\
\x87\x0b\xc1\x81\x05\x0e\xc5\x00\xc3=\x86\xc3C\x1b}\xc2\
 \xd6\xe2\x19\x5cc\xc1\xdak\xab\x9d\xf6\x5c\xbae\xcd\
+\x5c\xe1\x0a<\xd2\xd2\xdb\xdf\xfe\xf6\xed\xa6Ye\xc5\
\xad\x1de\x10\x86\x14q1\xf0\xdcG\xa9\xc0\xcc\x98p\
\x8b\x22;{\x96\x03-\xc6\xbc\xeaU\xaf\xdax\x1a\x1e\
z\xae\x1e\x0c0\xe7.=\xf0\x8d\xae\xe3n D3\
\x9dYB\xad\x1c-U&\xd8\xd2\xf3\x1a\xb8MA\x9c\
\xdd\x17\xb1\xd3\xeb\xd4\x15\xc2\xd3I~1\xbfM\x7fJ\
;\xa7S\x01}\xf45u8\xf0\xc0\x03\x87\xa5\xa5\xa5\
eq\x8f&\x1b\xcf\xd8\x98\xda3\x84\x02p\x9d2\xe6\
\xdaU\xd8\x18\x1fW>\xcb\xbc0\xda\xaa\xd4\x07?\xf8\
\xc1\xb6\xe6k\x1a\x15E\x89\xf01\x12\x0c\xf1\xde\xd8V\
\xc7\xde\xf8\xc67.\xd7\x1a\xf6Pn{J\x9f)\x16\
\x9a\x8a\xf9\xd391\xbarx\x86\x1e\x87\xba\xd0\x97\xfb\
<\xb3\xc8\xf1\xfe\xf7\xbf\x7f\xaa\xac\x943\xc2\x87\xcbF\
\xb2\x99}6\xb7\xa5FSb\xb1\xce,\xa4\x5c\xe2\xfe\
\xe6m\xb5f\xda\x98\x0e\x01\x96\x82!4\x8e\x86F\xd3\
\x82\x5c_\x0f\x8ez\x1a\x89y,\xa7\x08\x1c\xdd\xf4\xa6\
7u\x8cM\x1d\x94X\x9d\xbepA0\xb7/\xc1\xa9\
\xa9T\x9b\xe7\x12\x0e\x01\xff\xc7\x7f\xfc\xc7\xe8\x16\xb7\xb8\
\xc5\xb8\x16BZ_\xf0\xb9\xbc(#%y\xd9\xcb^\
6\xd4\x0e\xc4\xd1~\xfb\xed7\xba\xf0\x85/<\xaa8\
\xe6z,\xe12\xad\x88@\xe3f\xb5\xab)\xd76m\
\x0b\xa7Iy\xa7\xb6\x0c\x0a/\x9e\x85\xf0\x8d\xa3\xc0\xd1\
\x81\xd9}\x09\xfd\xea\xd0\xe0@\xb7\x84\xeff7\xbb\xd9\
H\x82\x14\xde\xe1[x}\x1c \xf3\xdc\xccJy\xbd\
{\x08!4\x16\x8b\x08\x0c\xa4Q\xb2\xc6bd[A\
\xaa1\x9b6\xd2J\xd7\xb9g\x91\xb9\x8f\x85F\x8b\x9d\
\xf5e\x01\x96\x03-\x84S\x10\xf0\xb988Ek\xd5\
\xb3\xb2\x97\xbf\xfc\xe5Ce\x8a\x83\xb5\xe4r\xdd\x93L\
\xe6\xc19\xe8\xa0\x83\xda\xeb8\xb8\xceZ,8\x84Q\
\xeb\xcfS|\xaa?|\x7f\xc6Z,\x84\xbc\xfe\xf5\xaf\
\x1f&\x93I\x9bj`,e0n\xb2rx\xbd\xf6\
\xb5\xafm\xabGha\xa5\xbdE\xba.\xa14/\xe5\
p\xadMO\x7f\xeeK\x81\x86[\xdd\xeaV\xc3\xf7\xbe\
\xf7\xbdF\xa31Ck\xf0\xef=\xd3z\xf2\xe9\xeb7\
e\xd6\x89c\x00\xb8\xce\x9a\xa7kL\xae\xb7\x1cG\x94\
\xa55\x97\x1aw\x8b\x90\xb8\xa6\x10\xe89B=s\xc6\
\xd4\xd2\xd6\xf6\x16G\xc6\x89y!\x842\xb9\x97]\x7f\
\xfa\xd3\x9f\x1e=\xf1\x89O\x1c*Clk\xc0\xe0a\
\xa01\xcbZ\xac6M\xb6n\xdd:\xbc\xedmo[\
\xb6B\xa3\x8f\xbe\x98\xe3:.\xcd\xfb\xcd\xb2\xd4\xe5\xb2\
\xce\x86+<\xacRE\x11)\x09%\xad\xf9\xf7 \x8e\
F\xc1\xc0\xca<\x97`-:\xdc\xf3\x9e\xf7lJ\xec\
\x08M\xa1\x13n\x0ep\xe1h\x9c\x08\xdcY;\xf8\x1e\
z\xe8\xa1\xcbx\x0a>\xbcc\xd1\xe1\xf7\x89&\xd4\x00\
v\x8e\xab\x89p1\x0d\xa3\x1e\xfc\xe0\x07/{\xc5\x16\
\x02z\x8bE\xb0\x03\x13\xfbX+&Y\xe0/\xeb\x9a\
X\xc0\x00\x13<IS\x08e\x99\x18\x5c\x99o\x13\x1c\
\x86D1Xf\xcdM\x87JhvZH\x7f\xcdk\
^3\xb1\x0e\x0d\xcfX)|\x13\x8b\x9d\x1d\x16\xe7\x9f\
\xf2\x94\xa7\x1cRoJ\x86J\x8a\x9ab\xc1\x1bnp\
r\xa6h7\xbe\xf1\x8d\x87\xe7<\xe79\xcb\xe25\x81\
\xc2\x8d2\x83AQ\xb8\xf0G=\xeaQ\x93Z\xf8h\
\x8a\x05/Go\xbd\x116\xe1&\x7f `\xeb\xe4\xd5\
\xb7\x09\x14\xae\xbd\x95\xc2\xb9Wlm\xe6=\xe6n\x18\
\x80\xb4\xa8?\x0c\xec@\xac\xa5\xb2\x9a@O5\xb2\xd7\
ND \x1aQ\xd1lu\x15\xa3\x86\xc7>\xf6\xb1\x13\
\xb1\x91\xdb!L\x04\xba6G\xfc\xc0\x07>0\xba\xc9\
Mn2T\xd6;]3\xc6\x1cB \x0c\xe3Y\xf8\
\xff\xd4\xa7>\xd5\xb6y\xc6e\xe9\x8f\xf1\xf0\xe6\xce\xc5\
\x5c\x96\x10k\xa3\x84\xae\xbd\x1a{\xd3\x9b\xdetH-\
\xd3M,\xd8\xd7\xbc\xb5\x8dC\xb0\xf03\x96\xf5\xd9;\
\xdc\xe1\x0e\x83yd\x925\x8aC\x08\xc6\xe0\xce\x09\x96\
r\xb1>t\x13$:{O\x15\x1e8\xe3\xc3}\xee\
s\x9f\x81r\xa1\x17\xde\xf1$\xe1\xa9s\xacv^\x81\
j\xb7\xdb\x84\x0a\x18\xd7q\xf0\xc1\x07/\x8bM\xac\xa9\
\x17^,\xd5\x99\x16\xb30Ys\xbd\xe8\xae\xf05\x99\
Nab]\xb2\xd2\xc7=\xeeq\xc3\xe5.w\xb9\xd6\
\x9e%`\x86\xa3\xa69\xc3\x03\x1e\xf0\x00/\x9b\x97\xf4\
\xfd\xe5/\x7f9}u\xa5\x7f\xefU\xc4\xd6;\xdf\xf9\
\xce-\xceJ\xac\xc2\x1cLt\x1d\xaf@\xc8\x5c\x7fY\
\xe5\x92\x18w\xf1\x8b_|\xea\x92\xe1\xeae|%\x85\
\xc3\xd3\x9f\xfe\xf4\xc1\x1a\xb7\xbe\x14\x90\x1b\xc6x\xc2!\
X\xd6\x0d\xdf\x08\xb4Wlp\xe2\xa9x\x1d/\xfa\xe3\
\x91\xa2\x8c\x11d\x04\xfb/\x15\xaa\xc1i\x1ak\xc1p\
V\x19w\xd3\xc7\xd2\xc4\xad\xca&\x87\x87=\xecaM\
\xa0a4\x01\xd0|o>\xfe\xeb\xbf\xfe\xab\xbd\x97\xed\
\xb5\x9b\xc5\x88a\xa6\x16\xac#\x89\x0cA\xc6{$\x8e\
\xc2\x05\x5c\x82$\x0c\xefD\xc1W\xc7\xb5ig\x17E\
\x84k\x5c\x96KH\xa6Db\xae\xe9\x8bp\x12\xf7I\
X\x84[\xca6\xd1F{\x96\x1b\xe5\x10\x7f\x85\x00\x82\
E'!\xf20I\x8a\xdc\xbb\xe6\x05\xec\xb0\xd0/x\
\xc6Jg=ax\xb3\x99\xf3n\xb3\xd4\xb86D>\
\xe9IOj\x84\xb1\xd6^(\x899\xb2\x5c\xeeL\xa2\
\xc1MZLgm\x10',.U\xe2\x82\x01Q\x8c\
\x12\xccN\xef+\xc5\xb6\xcc\x1d\xa3\xc5``\x0a\xed\x86\
\x87{^C;\x999\xcb\xae\xc4\xe7g2\xcc\xc4D\
}]\xa7o\x04\x13+\x8fk\xae\xb8;\xb9\xf2\x95\xaf\
\xbc\x93K&\x5c4P6\xae3\x0aI9(\x03x\
\xdcyM\xa7\x9aE\x86^4D\x99\xd5\x09\x1d2\xec\
\x8c\x19+\x85\xcb\xf1\xb1\xccY\x81\xcf=O-\xe1l\
X\xca\x1a\xdb\xdc\xcc\x1c\x90\xeb\xc4\xe4\x22\xa4\xc5\x0b\xcf\
\x5c\x13\xb8e0\xcbp\xb7\xbd\xedm\xc7\xe5\xe2\x1aL\
\xfd\x1c\x16\xd3\x09\xae\x16\x1c\xa6.\xd4\x8b\x83\xda\xeb4\
*\xab\xde\xcb\xe2\xfd\xd9\xcev\xb6\x063\xccG\x10+\
+\x05hJ\x01N1\xbf\xcdw1\x08L\xae\xb5\x18\
\xb6\xc5<\xd6r\xa3\xe7\xda\xc1\xc99\xd6\xe2\x1e\xae\x94\
A\x1bk\xcc\x95e/\x96\xb5.\xd7\x8a\xd2\xd6\xcaR\
\xdb\xd8\xe0U\x1c6\xc6\xa4\xa6U\x8b\xf0\xd2G_}\
J)wT\xcc\xbdhe\xeb\xfb\x82\x0d\x17\xe3D`\
p\xb5\xcf8/F\xb4\xd9\xadeV\xca\xbb\xba\x9fu\
\x0f\xf1\xfd\xfaq\x87\xb5/g\xba\xc2\x94dC|\xc9\
\xcb\xeeZz\xb3wg9B\x89\xfbbE\xe6\x9db\
P\xb4\x99\xeb\xaa\x8cz\xf2\x95\xaf|\xa5Y \xe1\xc5\
M\xd1n\xe3\xa9O\x1cvf1\xc9\xce\x8dAIX\
\x86\x04\xc8\x86/x\xc6\xab8\x87^\xb0\x1d\x89i\x9e\
%\xdb5\xa6D\xcc\x8bp\x99z\x09\xa0Y\x22\xd7\x5c\
{\x8d\xa6n\x1d-b\xa4\xf1k\x1e;\xc9\x863|\
\x10\x82\x12g\xcd\xa9+[\x1f\xac~\xe1g\xbcE,\
\xb5\xe7\xf1\xae\xe4\xb1\xd6\xf3\xdd\xe6~\x01\xe7N\xefx\
\xc7;N\x91'\x1cB\xc2\x00\x84\x11\x92\x1d\x80IX\
\x10\x81\x91\xe2\xb0\x9d\x13\x18\x16\x97\xcdE?\xf4\xa1\x0f\
\x9d\x106f%\xeb$LL&@\x87kub\x1c\
\xcd\xc7\x90,\x8ap\x8bYd\xc0\xc8\xca\xb2\x07\xe3\xa5\
/\x9c\x09 ;\xfc=\x9b\x8d\xb3b\xaf\xf6\xe0\xca\xd0\
%C\x16\x0c\xd0#\x83\xb5\x9cY\xe1fY?m\x92\
\xf8\x08'\x5ct\x9f\xe0%iJ\x22\xf5\xa0\x07=h\
\xba\xe8\x10\x17\x1c\xa5\x8a\xb1\xc4\xba\xd7\x12\xdezu\xbb\
M\xa8\x04T\xc9\xc5\x92\xed)\x84\x98\xb4\xde\x19\xf1\xe2\
Q-\x1a\x1cQ{`\xdb\x98\x11,\x86\xd5\xbe\x9f\xc1\
V\x98$\x14\xab\x02\x98\xe4\x05\xb6\xf6\x84\x87@B\x88\
u\xab\x97\x9c<\xf9\xc9O\xde\xc9\x8a>\xf4\xa1\x0fM\
\xdb`\x0a\xc6\xd6K\xe7\xe9\xf4\xe26\xb7\xb9\x8d=\xc2\
S!\x11\xfe;\xde\xf1\x8e6-\x22\x18\xf1<\x82\xce\
\x9c\xd1\xb8\xae\x1d\xaee\xbe\xc6\xca<\x19\xae\x97\xb8\xc4\
%\x9a\xf7\xc9\xeaW\xf2\x03\xb4\xca\xde\xf1@\x92\xc4Z\
):Kw\x98\x02\xbd\xf7\xbd\xefm8GY\xf11\
\x02\x8d\x80\xd7\x13\xdez\xf5s\x0b\xb5\xd7\x98\xb8;@\
\xc3`\xcc\xaa\xb5\xda\xe9\x1e\x1f\x82\xccD\x9b\xdb\xa9X\
6\xd4tg\xc8\xdcN?LZ^^\x96\x9d\xee$\
P\x07Wy\xb7\xbb\xddm\x90p\xc4\x1d\x11\xa4k\xe7\
X\x19\x0b\xaeU\xac%sK\xabK\x5c\x1d\xa1\x12T\
\x88\xb5h\xc1\xcd\x85\x89\xd7\xb9\xceu\x86X%Xb\
l\xed\x0fjc\xf2\x22\xfb\xef\xbf\xbf\xccz)S\x16\
cFP9\xc3\xd9\xca\x16\x8f\xc4Zy\x16t\x9aK\
\x13\x22\x8b%\x0ct\x9a\xcb>\xebY\xcfj\xf3\xdcx\
 \xc2\x85\x0f\x9e\xe8W\xb9\xc5 \xa9\x8b\xc7\x81\xbbq\
\x1d\xb9^Ox\xeb\xd5o(\xd4\xb5|\xbb\xba\x0cJ\
\xbbrT\x221\xb1\x18@\x1bez\x88@4-\xc5\
\xb4{\xdc\xe3\x1e\x037\x8bX\xc8\x88Y2S\x02\xa4\
\xbd!\xd6\x0a\x0e\xeb\xe3\x0a1>nI\x1fc#\xde\
B\x82\xecYL\x93%c\x92\xb9\xb1z\xed\xb5\xe56\
\xdf\xf0\x867\xb4X\x1a\xa1^\xf2\x92\x97l\xeb\xca`\
k\xe3\x5cm\x96\xb3aN\xdc7?\x85\x93\x18\xaa\x0d\
x\x84\x04\x17\x9e\x83R\xa1\xdfJR\xcd5\xad\xe07\
\x1aY\x1d\xf7\x8e>B\x8a\xb2\xb3\xfe\xca\xbc\x8f D\
|\xe9]0^\xe1\x99\xb7E\x94\xd1\xd1\x1bL\xc6\xdf\
\x95\x0b\x9e}\xbe\xe6K\xbah@!<-:*\xce\
2Cm\x94rC\x0d\x99\xda\xd5\xbe \xf3\x95A\xe6\
y,\xcd\x0e\x83\xca`w\xd8$\x1d\x86bTi\xf6\
\x92\x098Bd\x8e\x95D\x11\xd6\x8eZ\xa4o\xd9\xa2\
:\xb0\x14m0\xf6\x9d\xef|\xe7rM3\xdak*\
\xf3Y\x16$#\xf6f\xc6V\x16\xf8D\xf8\x18Z\xae\
\xf0p\xb0\x1c\xa5T+vk\x80\xa3\x14\xa3m\xda\xde\
\xa6/\x1c\xd1\x01&\xd8\x96%\xadf\xa1\x93\x22)`\
\xc0\xc7Qn\xb5e\xf0\xb2]mX}Yy{\xf5\
'\xbb-\xe1\xb5>\xde\xeaT\x08\xd8\xb7\xbcI\xab\xa7\
$\xe1\x0f\xfa\xe4\x02\xc5\x07\x02\x9ff\xec\xe15\xfei\
c\xdc\xc8d\xads\x1b\xa8+k\x0a5L\xe8\x1b\x1a\
@\x890\xfbg\x96\xf3d\xa8\x04\x86Q\x11\x04f\x80\
U\x16\xe2\xb5\xd26}\xcaj\x9b\x80L5j\x9b\xe5\
\xf6\xc3\xea\x07\xbf\xda\xdb4V\x0b\x0b;j\xba\xb3\x8d\
\x96\x87\xf1qC`\x97F\x0f\xb5s\xf1\xcc\xef~\xf7\
\xbb\xdb\xb4\x82\x00+\xb9j\xbb\x14\xf2\xaa-\xc2\xa74\
\xaboj\xb6\x84)\xe5\x1a\x17x\x8b\xc0\x86_Y\xbb\
\xdf\xf9\x8c\xff\xf3?\xff\xd3\xf4\xa5\xd1\xc7m\x8au\x5c\
\xb3\xf0\xa0\x80a\xc7\x07\xa1H\x86\x08\xa8\x94a\xec\x15\
\xa1zS5\xb4\xf0\x0e\xe0\x83\x03\x17c\xf85\x82\xd7\
j\xf0\x0do\x9d\x09\x12}\xd6\xbc)\x85B\x88pW\
\xf0E\x9b\xbe\xf4\xfd\xfb\xeb\xbe\xcd\x9aBM\x83Y\x04\
\xd4\xf7Z\xe4\x1e\x02%\xa0\xb6\x86\x89\x10\xf7\x08!\x5c\
\xf7\x84e\xe7\x82\x0fPqM\x08S_\x16\xbaD\xab\
1\x89V\xd7\x04\x7fd\x8b$\xe6\x18\xd7\xfc\x14\x1c\xe3\
\x112wX\xd3\x93\x95\xcf}\xees\x0b\xe5\xd6[\x1b\
\xf3\xc3R\x84\x95\xfb\xde\xf7\xbem\xce\x0bv\xdc5\xf7\
\x9b\x15$\xe3a\x10\xdcV\x7f\xa0<\x0d!6\xb0\xb1\
\xba\xcaT\xc7\x950\xad\xd8&C\x18\xf0\xdfQ\x9f\xf0\
\xa9]\xf4\xcb\xc2A<\x10\xe52\xbe\xb1\xd0F\xb0v\
I\xc0\xb5\xc2H\xebS^kb,\x82\x07\x8b\xe2\xd9\
\x8a\x93~\xe1\xa16\xe0\xacn\x97YB\xa7q\xd0\xa6\
\xe4\x8c\xa6\xcd\x94u\x85:k\xe6\x06P\x07!\xda\xe5\
\x1eB\x98G\xfbi7\x84\x10\x17\xabv\x8f\xf1\xe5z\
\xc7\xae\xc5Q.N\xdb\x8f|\xe4#\xdbi\xb4zn\
\xb9\x92\x94\x1d6\x81)\x84\x1c\x82\x09Y\xd2T\x1b\xbc\
\xc5\xda\x050\x8c]\xaf\xf9V\x1e\xf8\xc0\x07\xae\xd4\xcf\
7\x16k\x13Z\xd3\xf0\xb8q\xcc\xe4=\x1c\x8a1\xa2\
\xf1\xc1U\xbdv\xe81\x1e\xa6\x97\x82,\xd6\xfb\xd4\x15\
\xb0\xd5s\xed\xa5x[\xbdV\xcco`\xe1\x83\xee\x8c\
U\x99\xaf\xef0\x11\xd8\x8a:!\xa8\xac|\x01>\x0a\
e\xd2\xa7\xd6\xb9\xc7\xb6\xe2\xb8\x07;\xfc\x04\x0b\xec:\
.\x13a\x83\x13\xe5l@\xaa\xcc\xca#\xf5k\x9d\xa7\
B\x050\x07\x86\xf6\xf7\x11$aA*\x04\x01(n\
\xc9\x06\xf5\x09\xe3 L\xb8\xdc\x12\x86GX\xac\xc2\xb3\
\xb2\xba\x89\xcc4\xf1\x95\xa6\x17#\xb7\xd1t0\x8cC\
k\x8d\xc5\xb2L;$A\x0a&T\x1c\xb4\xc6\xea\xed\
\xcd\x22\x86q\x87p\x8cE\x1a\xa3bc[xw\x0d\
\xa6g\xaeM\xa5J\xd8\x03\x1a\x08\xd5Xp\xa7\x9cv\
<\x94\xb5.V\x5co8G\x00\x92\xa2\xda\xb63P\
F\x16\x9c\xf0\x00\x17\x1e\x85\xb5\x96\xe2.\xa8\x07\x97W\
1\xa7%\x18c*\xac\x15/\x8c\xa9\x8e\xd0\x1d1\x94\
\xf2tm\xc5K\x9f\xd4%L\x18g=\xd9D\xd8m\
\x90\xd5\xb2\xa6P\x03\xb4\x17l:G\xbb1\x83&\x97\
;\x5c\x92\xbd)\xd1\xb4 ac5M\x96\x84\xc8\x1c\
1\x17\xa3J@\x0bI\xe3\x09\xda\xb2\xa1-\x1dq\xb7\
\xdaP\x08B\xe7\xa6MU\x5c\x13\x9e\xc4\xa3\xe6\x89+\
\xb5C\xa2\xfdb\x0c\x13\xc10\xa6\x02/mY$\xfc\
\x82\x17\xc1\x81Kxp\xd1F\xc1`\x96*\xd6{\x0e\
\xd6\xf6\xed\xdb\x17kuk\x85\x97\x01\xc3\xbc\xd3\xe6:\
\xb1/^\x8a+Ux\x0e8\x89\x99\x14\x8cb\x9a6\
\xd5O1Z&\x89fa\x87\x22j\x13\xc5\x8d\x92\xc1\
\x03O)N\xc1\x9f\xa0\x11\x1cG\x94\x11_\xd72\xb4\
^>\x0d\x99\x14\x8d\x1d\x0618&\xb9V\x87\x00\x8c\
N\x9b\xfc6\x94erI\xe6j\xa6\x03\xa5q-U\
/\x06M\x17\xae\xdd\xd7\xee\xb8\xe9\xd4\x00\xf2\xe0I&\
\xfc\x0e4S\x98\x12\xe8oJ1\xda\x98q9\x99\x13\
z?k\xeek\xca\x03\xb6\xd5\x9b\x83\xeae:\xc1h\
\xaf\x1d\xeb\x88\x95J\x9e\xe0oe\xcb\x9c\xd44\xc2\xca\
\x14\xfc\xf4/\x9a\xdb\xb8\xa6,\xf0\x00\xa3\xff\x0d\x8b\xeb\
\xd0o\xb1\xdej\x94\x15!\xfd\x8b\xc9m\x91\x22q\x1a\
/\xf4\xc7\x1f\xb4U8i?\xd3,\x01\xb5qn~\
\xf3\x9b\xb7\xd5\xab~\x9a\x22\x9b\xf6\xcb=\xcfM\xf7\xd2\
\x16l\xd7\xde\x00\x19\xf3\x85/|aK\xd0\xd0O\x01\
Y\xac#t\x1a7\x82NR\x16\x8f\xd3<f\x84\x8b\
\xa1\xb4H\x81\x08\xa41\x8d\x0b+&\xb6uJ1\xca\
\xa4\xdfB\x83\xe7\x08\xe2Bh\xad\xebX\xa2\x01X\x0e\
\x97#\xa3T\xdck\xfb\x99\xcf|f\xba\xaa\xc3:+\
A\xda;\xee\x19B\xda\xb1\x1a8H\xf5\xa5\xfc\x8a,\
\xb52\xdc\x95\xda\xa0\xb5\xc8\xa2\x92ti\x1f\xe5\xe3\x19\
V\xa7W\x83\x05\xf3\xb8/\x0c\xd0\xc7\xc1\xb2\xd0R\x8a\
\xb4\x5cS\xa0m\xbc\x88:Vo\x5c}\xf0\x82e\xd5\
\xf6\x9a\xb1\x15\xa3\xcah\x9b\xdb6\xaf.\x85\xb126\
\x8e\xa5\xc2\x99K\x16/m^#\x08\xf8\xe0\x93\x5c@\
hI\xb1\x11\x0e\x5c\x16\xaf_\x5cp\x8c\xcatJ|\
\xad9?YP\xe2\x91>\xe8\x92l\x16~\xed\x17\x08\
\x124x\xc3\x81\x97\x81oB\x9f\xb1\xa6B\xf5P1\
5\xb1\x90P\xb1\xb2\xfd\xe0\x89F\x97KX)M_\
\x98\x0d\xde\x5c\x17`\xce\x18\x17$\xc1\xe1>\xb8%H\
\xd1~\x84\xaa\x13KK!\x0e\xaf\xba-\x90\xc2\x08\x82\
\xf7\x1cC\xb9\xa2\xb8\x9d\x22\xc6\x8f\x93\x97\xab\xdd\xd6\x82\
\xb5\xa36zmC\x94\xb6\x19\xafi\xe6*\x0e\xc6%\
0;\x14X\x94\xa2-a\xc2\x8d\x02P>\xc2\xa9\x1f\
\x05oM\x9c#P\xd6O\xa9\x09(J)tT\xcc\
\x1cWVn\xeej\xb9\xd1\xf31z\xb4SX\x8dB\
X2\xf8zi\xd0\x18M\x09\xc4\xf5\xca\xac\xdb\xee\x7f\
xR^<\xb1\x00\x12A\xc0\x0b-J\x94\xd3=\xaf\
\xc1\x88d\xc6\xe8\xabWu\x14\xcf\xfa\xf8\x82\xfd\xcf\x85\
\xdb\x8a0aN\xdf\x0b\x14\x9c\xa9Pi8\xc2\x0a\xa9\
I\xad\xc5.0\xfb\x0cH\xa0A\x1e\x80\x00\x81(D\
\x10\x89`m\xd2\x0e\xa3\xbc\xe6B K\x00\x0bC)\
I\xf5\xd9\x82\xc1\xb5|\xf6\xa6b\xc6\x01Q\x0e}\x14\
\x04\x8b\xa9\x98Y+E\xcd\x9a\xb4Q\xb84\xb0\xa2\x84\
`j\x0f\x0fS\x8f\xda\xa3\xd46\xaf)\x94\xc8s\x05\
\x8e\x0a<\xd5qo\xac\xa1\xea\xc76lg\x0e\x8a&\
m\xc03\x0e\xc1\xefW\xdbCk\xf5h\xcc;\xb1f\
\xf5\x9eG\x99\x84\x00c\x95\xd0\xc6V\xb0X)\x83\x80\
O%s\xd3xH\x89)9\xdc\xe3N\x1bRU\x08\
\x12\x8d\x0e\xe3\x87\xde\xd4\xe1W\xc9h\xc1\xd4Q\xcc.\
\xc5\x5c(\x85[\xaa\xf0\xb7?xpJ\x99\x0a\x15Q\
\xdcm%\x18M\xa0J\x04\x94\x0e\xee\x11\xe3\xe8\x0b$\
\x14\x88y\x06\x11\xc4\xb34\xf5\xeeiv\xb2G\xdaj\
\x15\xa8\xe2\xce-\x085\x04\xb1RL%$\x05\xb2\x5c\
\x8dB\x10\xe0D\xf0\xee\x11JX,\xaf\x88]\xae\x84\
m\xab\xd8F\xcb\xe1\x0c\x96\x92\xb3\xb6QJ\x89T\xad\
N\xc1\xd9\x8f\x9e\x8f\xac\xd8~\x16c\xb1\xd6X\x0e\x18\
h\xa6\xec\xe8\x91\xe9\xa2\x15~\xea\xc1BW\xf0eA\
\xf5\x8d\x87\xb6\x22%l$\x8c\x093\xda\xc0\x9f+%\
\x5c\x8a\x80Wp\xcb8\x19\xb7!\xdd\x15\xfd\xa2\x9c\xaa\
\xf5\xb3xS\xc7v\xf5\xe0\x85F\xcf\xa7BE0s\
7\xcfR04\x83\xa6\x03\x820\xbe\x17v4*\x82\
\x86\x18fc\x90L\xb2\x0dR\xc4+\xfa\xda\xa0]S\
\x00?\xca\x1dsW\x94)\xe3\x80e\x8c\xc4v\xb0b\
\x0d\xfa&\xdeQ>\xb1\x0b\xb3MOL!\xb8u\xf1\
\x88W0~\xb2[\xd7\xe0\xe8\x8f\x01\xae\xa3\x84Y9\
*\x8b\xdaW\xb6j\x01\xa3\x0eq\xb4\x8dK\x88\x84\x90\
U\xb0(w\xbc\x04Xx\xe1\xdeYh\xa8\xe4\xb1-\
\x1d\xc2\xab\xa6HcB\xc7\xbf\xf4)\xbe\xf8\xd6\xc5 \
\xa9C\x0f\x9a\x03\x07|\xb8e\x1c\xfd\x1c`\xab\x8bE\
jO^\x5c<8x\x98>\x8d\xdf\x8d\xdb\xab\x0cG\
\x88\x87\x0e\x83\x01\xe8\x1c!f\x90\xf4q\x8e\x96i\xa7\
\x7f\x84\x8b\x11\xdc\xa6\xe2\x19$hT\xad\x83\x82;\xc6\
\xe0\xb8\xc7(B\xc6\xd5\x07\xc1\x04cLgs8\x9f\
\xc4!8S\x0c\x96F\x09%m\x0e\xed\x8c\x8fp\xf0\
\x8c\x19\x85\x0bM\x9e{\xe6\x88 \xf4\x05\xcb|\x1b\xce\
\xde&\x99\xcaX\x10\x91\xa8\x94\xfb=\xb4\x5c\xe6\xfeV\
\xc4\x08\x08\x0c\x8a\x12\x1c\xa3$a<\x06Wvo\x8c\
\xb6\xe0\xa2^RGA\x5c'\xc1\xd1O\x89\xb2\xb9\x0e\
n\xed\xc1j!\xe4()\x1e\xa2S\x1f\x05\x5c\x1e \
\x1e.}\xa6B\xd5\xb8\xf7\xf31w\x0c\x89p\xa3\x0d\
\xee]\x1b0\x88@\x18pBu@\x84\xc5\xa9\xd7\xc6\
}\xdcT\xb41HF\xe8\xda\xb04\xee\x1f\xa3\x8b\xe1\
\x03\xcfaz!\x8e\xc0O\x02D\xa8J\x18\xa3\xbf\xbe\
\x04\xa5?\xfc\x92\xc8\xe8\xa3\x04g}BS\x14\x90K\
\xa78h\x167e\xa7`\x12P\x09t\xbb\xa9\x14+\
$X\xc9N\x85\x8c\xb1XK@I\xac\x8c\xad\x0f\x97\
\x0b\x17\xd7\xea\xd0L\xa0\xc1\x81\x22\x87O\xea\xb4\x0d\xaf\
\xf5\xc1\x1b<\x83o\xfa\xa0!\x8a\x19\x9c\xddW\xfd\x97\
\xb8\xf1\xd9\xd2\x84\x8aPZ\x058`\xee{-W\xd7\
\x0f\x94>aj\x80\xea\x13\xad\xe1\xb6\xb81\x83&\xfd\
\xd7.\xae6\x02@\x84\x98(\x0ez\x83\xc2b$\x19\
\x5c\x0b\x81\x96{9\xbc\xc6\xd9\x02\x87\x10\x1a\x02\xc3\xc8\
\xde\xa2\x8d\x01\x8f\xb86\xf0\xdd\x1b\x17\x0dq\xbd\xda\xa1\
Y\xd1\x16\xac\xf0@[cp\xcfp\xd1\xc7\xd8E\xdb\
\xe1\x95\xa9o\xb1\xf1\x8cpe\xed\xb2\xde\xb2\xeeC\xcb\
\xb2\xf7\xcf\xdb%|!<\x0aB1R\xa2l\x94\xdd\
\x18\xc6dm\x81\x0f\xbf\x08m\xda\xa9.\xd4\xc7\xa0\xd4\
k\x83\xa6R\x98}(\xd1l\x99Zj\x1a\xf7Z\xa3\
.\xc2\xcdy\x16@\xee\x0d\x1c\xa4\xa2\x00=\x13\xc1\x85\
X\x18\x97\xf1,<\xd8Y\xe7\xf3;\x5c\xac\x15\x15%\
\xae\xb2.\xb7\xb8f\x11=n\x08K\xc2\x92\xf1\xe2\x01\
\x228\xf5\x18\x1ce\x08\x8e\xc1\xb9W\x5c\x8a\xd1\xbb\xb1\
\xc0\xe2M\xe0m\xfc\xba\xdeB\xd9\x1c\xb1xVX\xca\
\xbb\xbd\xde\xf4L\xca\xea\x16Y\xb0\xe29\xa19'\xd4\
\x80\x0fn\x0e\xed\xe0\x00\xfe\xac\x81\x04\xc7\x9cC\x83\xfb\
\xb4\xaf\xba}\xd6\xeaw\x1c\xa1\xea\xd0[\x83\x0e\x181\
O\x81\x9c\xbei\x1f\x8b\x8cp\xb8\x19\x0c\x02\x93e\xb8\
\x17\xc3d\xc1\xd6D\xdd\x8bo\xb2:\xc2\xa5\xc1\x98\x01\
\x8e~Q\x18\x0c1\x96{g\xf7\xd1n\xe3\x83\x1fa\
\xf5\xb8k\xd7\x0b5\xfd\xc3T\x0c\x87Ch\x0e\xdc\xf4\
\xe9\xdd\x5c\x09\xeb\xf0Jx\xb6\xb0R.\x19\x0d\xf5z\
q\xc1\xdaq2[\x0aG\x11\xc0\x07;\xc2\x08N\x11\
L\xf0\x98\x87\xc7\x11 \x9e\x16\xfc\xa3\xab\xef){\x0b\
\x0e\x8c\xe3\x08\x15\x12A \x8c\xeb5d\xa3\x81\xd3^\
\x1b\x0c!\x08\x07x\x84\x03\x11\xf1\xaews\xfa\x98\x06\
x\x83A0\x5c\x89\x98\xe9U\x9e\xb9\x9ei\x81\x95!\
\x09\x91\xbe\xb2]\x0a\x11\x8b5\x16A\x18\x03,\xb8F\
\xb0\xbd\x06\xc72\x8c\x81\x89\x18\xa1.\xa5\xa7\x15\xec\xf4\
U\xcf\x8d\xb2F\x02\xe3r\xfd\xb4\xb2p\xdeR+\x5c\
\xe3\xfdj\xfej\xba\x82o\x84\x09v\xc6\x0f\xc8%\xc3\
\x1b\x00\x00\x1c\x0aIDAT\xb3\xc3\x03c\xaf\x0a\xe3\
8J\x0a\x87\x08z\x8a\xd0\x06\x17\xe0\xae\xe2{L\xc1\
+v\xfec\xd1\xa8\xef\xf2OBED\x06\x8a\x96n\
0\xc6q\x1e\x059L\xc6\xfch7B!\x82xB\
H\x12C\x9b\xb5\x13w\xb4\x85\xa0\xcc\xb3\x986\xde\xba\
uk\xab\x93\x14q\xc9\x95\xbc\xb4\xed0\x87\xd5\xe2\x85\
3\x17H\xc8\xda\x80\x03\xef\x08\x0c\xf3\x5c\xc7\xc2!\x89\
\xa9\x11\x16\x81bN_\xa7\xbd\xf1\x93\x9d\xca|\x09\x91\
\xd2\xb1\xc8r\xabc1\xd4r \x0f\xa3m\x94!I\
\x16\x85\x90t\x89\x99\xc6\x8e\xe7\x8a\xa0\xe1\xc1\x03Q\xd0\
\xbe\xcc#Tc)\xda\xaez\xa6c\x8a\x8f'\xcd\xf4\
\xaf\x877\x15j\xfc~\x92\x9a^\xd3\xd72\xf1\xe3`\
5s\x03\x01\x0c\xcf[\x92(\x078\x92\x22Ha\x0c\
\x06e\x89.\xd3\x9f\xb8\x5cm%Z\xe6\xbb\xfa\xd7\xaa\
\xcfXV\xec \xe8J\xa2\x06k\xa5\xb2b.\x9bU\
c\x18\x06\x12\x1a\xc5\x01\x03\xbc(\x154\xe1\x866L\
W(`\xd1\xbcR\xee\xf3\xece}\xa7\xe7N\xc5\xc5\
J|\xc6\xac\x93%J\xfa\xfaB\x11\x8dEy\x1c`\
\x10\x14\xe5\x04\xdb\x1c\x1aNV\x8f|G\x22\xe3:\xe7\
%\x84\xeb\x9e\xaf\x11\xdaq\x06\xeanzy\xac\x0a\xf5\
\xe8\xe2\xe1\xf5\xe2!\xfa~S\xa1b\x1c7\x83\x89\xc5\
\x14/\x89\xa7\x9f/\x8fF\xae7\xa0\xfa \xe5\x8c\x89\
2\xbf$=\xa9\xc3\x88\xda\xc7\xd3\x16\xdb\x09\xb4\xe6\xac\
\x16\x22\x1a3\xa2\xbd\x04B\xd0\x81\x07\x96\x82(\xb8\x99\
Z\xac\x96q^8p\xd9\xf5j\xcc\x0e\xc4c\xcb\xa2\
\xf7VOh\xb1H}10\x16\x11\x98\x84U\x19\xeb\
\xf7\xebg\x19\x0b\xb5\x8e\xda\x16\xcbc\x89\xc6\xc7<^\
\xc0\x01F\x84\xc8Jy\x9c\xde\xc2(\xa9v;j\xe7\
\x83M\xe3\xa5d+E\xdfB\xb9\xe81/\x12\xcfP\
|\x19(<\x1c\x22\xd4^\xe96\xe2q\xda\xc3\xad\xae\
\x8f\xc1\x0f2\x9b\xed?\x15*\x845`1\x85\xf4>\
\x10\x0c\xf1\x1b\x0d4\xe5\xf0\xaa{p\xaf\x1f\x01\xd6Q\
t{\xeb\xf5\x0f\xd7\xcbM\xb1T\xcbh\xa5\xddv\x0a\
\xd8\xda9\xe6\xdeh{\x5c\xd6\xaa&N\xc7\x8f5\xa8\
\xe7nC\x1c-]\x8dqm%\xa8~l<y\xd5\
\xab^u\xd1Z!j\x8b\x1b\xda%v\xce\xd2Bq\
|\xb2\xa7>m0\xaam\xa6cBI\xa2\xa4/\x9c\
#HB4.\xfc\xa2 \xa1s\x95\xc1\x8d\x0d\xf2\x80\
\xc2\xc1/\x01V\xac\xd3\xda\x9b\x05&\x1c\x8c\xaf/\xbe\
\x80\xe5:\x8aK9r\xbd\x1e\xaf=\x8f\x92jSp\
\x8f!\xaf\xac\x05\xf4\xfd\xf7\x02\x1cPg\x03\xdb\x9aQ\
\xafy\xce\x22\xa3\xa3\xb5\x5c\x90\x0e\xb4M\x1b\x07\x22\x9d\
\xb98\x03\x05)L\xcf\xe0\xe2\x9eC\x1d\x81i\x83@\
Kq\xda\x94\xb6.\xd8'[V{\x88g\xc6\xc6h\
\xca\xa4\xbd\xc3\xa2\xfb\xc1\xb5W\x98\xf6[\x064.\xc6\
\x82\x03\x9fX7\x5c\x10\xe8\xc5ymE\xfd\x86e:\
\xf0\x8c\xed\x1ca$\x11$l\xdf\x22\xae\xed0\xbe\xb5\
\xb0H\xe3\xc1\xec]\x7f\x98K\x00\x5ci\xbd\x0b\x9dx\
\xcf\xe9eA\x98K\xd9\xe2\x01$y\xe5v'\xab\xdb\
=\x17\x12:<\x8f\x92\xc0\x05,\xf8\xe0\x01\xbc=\x8f\
2\xe9\x13~\xa6\x0e\x1e\x89\xdf\xce\xbc\x9a8_\x1b\xd3\
\xefgC\x1b8x\xe5\xec\x00oj\xa9\x06@\x9c\xb7\
\x11>fqX%$Vt\xc4\x07\xb1\xcb\x19r\x5c\
\x9b3\xab\xeb\x03>\xc1\x00\x18\xc6c\x868g\x02/\
\xc1@\x10\xa6\xeeW\x19\xa33\x8d\xb5\xe4W\xc2Z\xb8\
\xfa\xd5\xaf\xde\xfa\x85\x00\xae\xdb\xbd\xf5\xd3\xe7=\xefy\
\x90\xf5\x02\x99E\xad\x14!\x8b`\xc1\x81\x96:\x1b\x1b\
\x83\xb9\xd3\xda]\xb0\xe8\xf3\x01\x12)Y\xb3z\xe3%\
k\x86#\xeb.\xc5\xfdF\xbd\x01j\xbb'\xc2t\xcc\
\xf1\x9c28\xc4\xefR\xac\xa5zM\xb7\xdd*\x93\xb6\
\xf0\xd0\x06\x1fx\x0a\xf0\x09\x14C\xeb\xa5\xc2B\xf2\x08\
J\xe6\xb5\xa2\xb1\xc1\x82#^\xd8\xe6\xa2\x0d\x18\x11\x02\
E\x06;/R\xf0A{o\xb9\x08\x91\x17\x81\xb3\xf0\
P\xb1\xfe\xf0:\x7f\xb1\x04\xdb\xberN\xb9\x13j\xa2\
\x88M\xa8\x80G\x18\xae5\x960\x142c\xc2\xc3\x10\
\x0b\xc7\x04\xe5\xf3\xe6\x5c\xa88\xa6\x8e\xe6%\xd3\x85\xa8\
\x12\xeb\x97\xc4@T\xc2\xa0\x0d\x02M_\x0a\xb1!1\
\xb7\xacu\x01\xf3\x8d\x17\xc1#\x08\xb2\x15\xeb\xc6\x95\x85\
\xee\xac\xddyc\xcc\xa8\x98\xb9Pm\xec*\x18\x1b\x03\
L\xcc\xc8\x98\xc6\xa7\x90\xb5et\xec\x05;\xb8\xc1%\
\xccuo\xacz+\xb3h}7\x9e\xc4\xd8\xfac0\
\x1eP\xba\xda\x1b5y\xe9K_\xba@91\xce\xba\
\xb57L\x0aa*\xfa\xbbF\xab\x05\x94\xac\xf0\xc8\x9c\
\xcb\xfd\x8e\xc15&\xcb[M\xf0\xa6\xdeH\xdf\xf0\xcc\
Y\xe8\xb3\xe5\x85\x97\x94}{\x9f[\xe7\xf6\x97\xa0p\
\xc5\x13p\xe2\x19\x8d\x0b\xbe\xfb\xe3\x94h\xa5\x07\x04(\
\xb9\xa1I\x18\x96\x0e\x9eA\xd6\x19\xd1\x84K\xa0\xc5\xec\
\xab\xfb\x11p\x0d\xd6\xb6\x89\xd4\x80\xd3\x1f\xe8\x96\x1bi\
\xbb\xcf\xed\x9f\x0dl\x8c\xe1\x92\x0f\xac\xef#\x95\x96\xb7\
-05\x85\x19^\xfd\xeaWO\xe0a\xech5\xeb\
qo\xef\xadw\x94\xda\x16\xe2C\xbd\xd99\x02\xf30\
\x0a\xe3\xc1\x06W\xbf\xe0h\x11\xc3\x96\x15x\x15\xe1\xd3\
\xed(\xf0\xb3\x93\xa1~I7X\xe0@\x1f\xe5\x02\x03\
M\xfa\xabsm\xffn1\xb8\x8d\x09Ne\xc4\x0dO\
c\xc2M;\xbc\xd0\xc7}y\x94\xf6\x0d\x07\xe3\xe1\x85\
\xaf\xbcx\xe6\xc0K8\xd6\xcf\x1f\xdbO0\xc0,\xaf\
0=\xf3D%\xb8\xf6\xb5\x19o\x9c\xe2\x0dC\x9b\xfe\
\xe8\xeb\xe5\xe1\xde\xf8\xc6\xc6\x8b(\x8f>{\xd1J\xc5\
\x03\xda\x9cyZ\xe2 \x80\xb25\x96\x0c\x88v4\x84\
\xf6\x14\x83?Z?\xbdo;\x03f5\x06p\x96R\
\x8b\xf1-\xdb\xd3G\xdd\xaa\x8bl\xf7\xe2\x07\xe6\x16!\
\xd3O\xe1!^\x81,\xad\xf4G\x02qc\x5cZ\xb9\
\xc1}}\xf8Y\x06\x9d9\x1ae\x04\x0bn\x0e\xb1\x89\
\x9b\xd7^=\x1a\xa3\xa4\xc6\xf7K\x00S\x95\xc4Z\xe3\
\xb1\x94\x1c\xe2\xb7\xef,9\xa3\x13\xae6{\xd76\xd2\
\xf652\xb0z\x0bc\xa5~i@\xd1=\x17n*\
\xa4\xac$7@\x07:\xc1\xcb\x8e\x8c\xf0\x1dO\xf0\xb6\
\xb2\xef\xb6}\xc6\xfa19\xe0'/\x07\x7f\xcf\xd1\x85\
'\x0eE=\xf8p\x0b\xac\xf6\xa0J\x13\xaaC'\xc5\
u\xb4BG\x03\xf0\xe9\x01\xe0^=\xc2\x14\xae\x9a\xcb\
\xc3 \x88\x18\x04\x12\xe0\xd0j\xb1\x88\xdb\x09\xc3\xb8\x90\
B|,^hO\x93m\xd9@0!\xc5\x02\xb9U\
cr\x95\xf5\xe2y\xecw\xad4\x98bI\xa0j\x93\
u\xfb%\xb7\xf6\xe2\x0e\xe6\xc4\x15\x1b\x83\xbbR\x8f\x16\
\xb8\x18\xdfx\xda\x10\xa8\xf6\xee\xd3\x17]\x9e\xd9\x8a\xca\
\xea\x0a\xa7\xb1\xb1\xb4\xab\xc4\xebH\xefI\xc1\x84Sb\
\xb9k\x02+W\xbf\x8cN\xed\x8d\xc3EWB\xd8\xf6\
R\xe1\x05\x18\x84i\xd7\x02/\xa0h\x07O8\x80A\
\x11\xf6+E\x8c\x22\xc0\xc78p'H\xf5\xear\x1f\
\x01\xeb?[Z\x10\x8c`\xf3\xd0 \xb1,\x9d \xeb\
\x0c\x11\x08b$\x84\xd5\x1bH\xf2PVq\xb8\xe7\x9e\
9C\x02\xdcU\x81\xb5\x1d\xeb\x0e\xfd)\x81\xf8\xc4\x92\
\x94\xc3*)+A\xb5w\xa5J\x5c\x8bD\x0c,\xdb\
M\xea\x9b\x0d\x8d\xa9\x98\xe4\xcd\x89-\x9b\xf5\xd1\x8d\xa1\
\x92\x98\xe5\xac.\xc1Y_\xa5\x18\xd4V\x80\x148\x05\
\x1f\xb1\xaa\xb2\xfa&0\x8c\xd1\x87'\x91\x08\xfa\x9e\xd1\
3\x9e\xf1\x8c\xc1\x8e\x88\xc4kJu\xe0\x81\x07\xeek\
\x03\x19\x81\xe8\xe3Y\x94Z\xbf\x0aC[\xe1\xa4\xc8\x1f\
\xca\xaa\x0f\xe5\x11b,\x94\xb1\x84>\x91\x8b\xc0\x03\xef\
\x82'~\x98e\x88\xa5x\xa9\xbe\x9f\xb3\x83\xa9\xbd:\
\x1eI!\x1f\x07^x\xf6O\x82E\xb0\x03p\x00\xe3\
\x92\xa2\xc9\xb1Z\xc4\xa8\x0b\xf0\x5c\xabg9\xbe\xab \
N\xd6\x98\xd3\xdf\x83\xd6\x80\xed\xbe\xa6\x0e\x03\x86`\x9e\
\xfe\xfa\x8a\x8b~\x85&^\x89\x97bM\xfd\xfd\xf4\xf4\
7\x9e}\x8c\x83\x93Wr\xcf~\xf6\xb3'%\xac\x06\
\xb3\xb4\xb8\xc5.\x1f\xb8\xaa\xfae\xae\x1e\x5cc8K\
\xe0|^O\x9bR\x8c)Nbm\xe2\xa8\x98\xad-\
\xf7Y\x1f\xddj\xbf\xda+!\xb7\xdc\xc0\x18\xbcCY\
\xedD\xf6\xaf\x1dA:\xf3.p\x82\xa3\xcf\xfd\xd4<\
\xbb\xd1a\x9c\xca\xaa\x87\xfc\xae(^\xc7+\xc4\x0aS\
\x0d&Z\x03\xdfX\x0e\x7fk\x92O\xef\x80\x1f+4\
\x86\xfb\xb5\x8e^n\x9e\x13l\xe48u\xbf4\x80\xd4\
{\x1f\xcdJ\xd49\xc7ri\x13\x0d\x01\x84&\xd2\x1e\
_\xfa\xa4i\x88\xa6A\xb4\xd1s\xeeE\xb1o\x08\xa1\
\xe9\xa7\x8e\xab\xa9\xe9S\x9b\x16\x80\xc3E\xd7\xb7\x1e\xb6\
b \xe4\xd4yF\x09\x5cs\xd7\xfe\xf2\xa3\x5cq\xdb\
dm,\xc4\xb3\x94\xfa\x0d\xe8\xd6\xfa9\xfe2\x81\xc2\
\x0f,\x96\xc2\xca\xf4G\x83\x02\x9e:\x85@\xc4^V\
~p\xcd\x85\x0bF\xcbr\xd1\x09w\x99\xa7\x9f`\xd8\
\xb1gq\x04N\xb1Nt\x11\xac\xfd\xcf\xb5\xd1\xfcH\
\xe3\x19C\xc6\xcbJ\x9d\x19\x83>\xea\xe1\xe8;\xfbY\
u\x82\xb7\x12\xef\xc7]\xeb\x13a\xa2\x17\xcf\x9d{a\
\xf5\xc2m\x00\xaa\xa4.\xed\xd5\xfd\xcf\x16\xb4\xb4\x9a\xf3\
l@\x08'\xae\x08\xf0\x10Sb\xf14M;\x19o\
\xc5\xaa\xf6k0L\xc7hn\xaa~?\xd3\xf6)A\
\x8c\xf5\xd8'[\xdb''\xdc\x95:B\x22\x08E?\
{\x7f\xcb\xfa\xfc\xde\xc5NC\x19dk\x03ni\xfa\
V\xc9\x88:n\x9d\x02q\xd7\x95\xe8\xacD!%\x81\
\x5c\xb2g\x94Oa\xd1\xf9t\x1e\xbc\xb5)\xbcF\xf5\
\xd3\xfd\x1d\x163\xb8k\x8a\x0b\x1f\xf1\x17nh\xf2R\
_\x86\x9c\x8fu\xe8\xebC\x995G\xde_r\x95>\
p\xf2\x1f5\x04O\x11R\xc4o0\xad3WxY\
!\x94\x08\x06|\x87\x92\xf3\xb4\xe3<\x17k\x99\xf6Z\
u1\xf7\xde\xec]\x13\x9c\xf8\xe4e\xb7I?\x97\xeb\
\xe0\x8a\xb8\x19\x07\x17\xc3M\xda\xa1N\x1bM\xc21\x81\
0jY\xaf}\xfa\xae\x84\xd6\xfap\xc3\xf9\xf7\x07m\
\xc1\xd6V\xd2\x95\x98L\x90`\xf9o\x9b\xfdV\xddq\
Y\xa0\xaf\xba\xb4\xdf\xc8\xc0\x1fn<\x84\x0fp\x15\x1f\
\xda\xe1\x97\x01\x12!\xcf\xc1\xa4\x5c\xf5\xd3\xc8\xe9ny\
\x9f6\xf0\x9d\x09\xb0\xb3s\x1f\x8e\xda\xc2%\xd7\xe2\xe7\
c\x1e\xf3\x98Iy\x83i(\xf0\x89\x80\x12\xf2Rx\
\xc7\x13\xc0\xa5b\xff2\x1c\xb8]8\x94\xd25\xfe$\
T\xf9\x05:K\xa6\x04\xc60\x16:\xfbc\x96\xf7k\
\xdd\xf72;\xce\xab\xb7\x8d\x94\x80\xc6\xa4c\xae\xb5\xa7\
]\x0a\x97h\xea\xe1\xf3\xeb\xc5\xf4\x05.\x0a\x82\x8a\xf6\
\xa6 \xf5{T_+\xb3\xa0\xd0,\x93;\xaa\x84i\
[\xc5\xcbI\xed~X\x90(I\x9a\xca\x1dz\xe1\xdc\
\x16\x19h7\xeb\xa3\xd9\x04\x0c\x96k\xbfR\xf3\x8a\xae\
\x045\xf1\xdb\x1cs\xd3\xc2\xa5%@,\x13\x83x\x03\
Gv\xf9s\xe1y!\xe09\xa6\xb3ZI\x90\xc3W\
\xbfk*\xb2\xc8u\x83\x01V\xda`$\xfa\x15\xff\x90\
\x05_\xcf\xd1\xc92k\xb9qG\xb9\xde\xfd\xb57\xb5\
\xb1\x80\x80\x96J\xbaZ\x12\x05\xef\x842\xb0(\xa9,\
\xbc\x16Al\x85\x99>\x0b?\x8dc\xbc\xe3e\xb1k\
Y\xe5Fu\xb3Z\x14-\x86\xe8\x8eZ\xa3e\xad\xf0\
\x89\xa5\xd2L\x96\xaa\xae\x08\x1d\xcc1\x9309\xebo\
\xd3\xb3\xdf\xccHj$@%l\xbf\xc3\xf9\xa2\x85\x0b\
\xc4\xb3\x90\xaclaZ\x0ex\xaa\xc7<k\xae\x98\x87\
\xd1\xea\xc1\xe6\xf2|\x96\x80\x95\xb0\xaa\xfa\x8aZ\xdb\x9a\
\xa9\xbf\xe7\x04+I\xca\xaf\xd2c)Y`\xd0\xce\xd8\
\x0et\xeb\xeb\x83\x96\x92\xc2r\xc5\xedw:\xe5\xea\x07\
\x1f\x08\x11:\xb4\xa1\xac`\xe3\x87\xec\x9cr\xb2J\x1e\
\xab\x04\xd4\xf8\xc0R\x9d}\x85\xcdT\x08\xbe\xb1\xd0\xf0\
^\xff\xf5\xe2\xe9F\xf2\xf1lj}\xbbj\x98\xe7\xbd\
P!\x82p\x8ctp9~\xba_\x09\xc8\x04\xd2\x98\
\x89\xa0\x08U\x1d\xa1W\x8c\x99\xba\xc80\xd9\xaf\xbe|\
\x94C\x1b\x07\xa6\xd5\xa2\xfb\xf7^\xf9\xcaW6A\x18\
\xd7x\x8e\xb8\x1fc\x12\x80\x03\x1ep\xcc\xd93\xc20\
E\xe1\xda\xcbB\x07\x0b\x0a\x94@\x7f\xcf\xc1\xec\x99\xa8\
\xde\x84_V\xaco`i\xc3\x8b\xf8k0\xdf\x84\x08\
=\x84\xe4\x87P\x12&x\x11f\xe0\xf9\xa5\x9e\xd5/\
\xb4PV\xbc\x880\x09\xd8\x0a\x95oN\x19\x07.\x11\
jh\x0b\x9f\xdd\xcf+\x9b\xb4\xdbT\x87^{2x\
,\x95@\x01\xb5\xccE8,\xd4\xc1\xea0\x95\x05\x22\
\xa6\x12\x95\xf6\xab\xb3\xfc\xf2<\xd3\x0b}\x09\xdb4\x07\
\xf14\x1cC*3\xf4I\x80\x89\xc9{\x04\x88y\xd1\
bq\x11S\x08\x0b.IP\x82\x9f8\x0b\x87r\xd5\
-\xa6k\x13\xe21\xd4\xb5\xb6\xf0\x073\x96\xae\xdes\
cY\xe4x\xc2\x13\x9e0\x11s\xe1\xc4:\xc1,w\
;1\x9d\x0b\xbc\x08\xd5\xf4\x8b\x15\x9a\xe6\xe0\x01\xba\xf1\
\x80`\x1d\xfa\x9a\xe2\xe4\xcb\xa9h\xe8\x85\xda\x1b\xcef\
\x05\xaa\xfd\xdcB\xed\x05\xda\x0f\xa4>\xd6\x039.\xaf\
\xa6\x07;i\x22\x06\x10\x10\xa2\xe2\x8e\x9d\xcd\xeb|\x8a\
\xd5tB6IX\x84\x8b\xb1\x15\x83\xdaWB1\xae\
&\xe5\x0d\x86\xf6>4eZ\x10w\xc8\x8a\x10\xcfe\
\xc2'\xf3\xdf\x08\x8ap=\xb7RE\xa0\x92$\xc2\xd1\
/m#@\xf8\xc7*\x09\xc6s\xf7\xaey\x10_\x15\
\xb5\xfe\x0c\x17\x9e\x87\xc2\xf9>S\xfe6TR\x955\
`\x16\xedC_<\x8d\xf6\xd6tY6\xab\xc6\x0b\xca\
\xad\xbf\x9f\x82\x1a7\x1e\xc3x\x11l\xbcR\xefI6\
#\xdc\xb9\x13\xa5B\xb01I\xd2\xa24\x8dX=K\
\x000\xd3\xd9\xd4#\x99\x9f{}2_\x95|(\xa6\
\x11\x15\xc7\x16j%j\xb9\xe6\x81\xdb\x82\xb0\xa4\xc0\xcf\
\x04-\x8fq\x9b\x16(\xbc\xcf\xb5\xb0P\xc9\x93\x05\x88\
\x9d\x95\x90\xd8-\xd1\xbe\x8f\xaf\x9d\xc4\x82`)\x17\xc6\
H|\x94LYLQLE$g\xf00\x86\xb6\x0a\
|\xf4\xd1\x1f\xae\xee3m\xa1\x00\xa6a\xb5\xca\xd4\x84\
\xe7Y\x92\x1d\x1f\x0e\xa9\xcf\xd7\xb5\x1fV\xf5\x82\xa1H\
\x92\xa8r\xab\x0b\xae\xe1\xc2\x95\xe3\x19\x1a\x9d\x8d\xa7\xa4\
\x0e\xdf$\x8cp\xd2\x06\x1e}\xf1\x1cO7S\xe6\x16\
*\x82\x22\xd0\xb8\x87\x08-\x19\x1aF\xfa)a\xc5\x98\
1b0B\x1bBv\x1d\xa5\x80<\xa6\xd5k\xad\xab\
\xd3b\x82\x8a'\x00\xcb/\xcb\x0b\xd6X<5\x05\x89\
\x15\xd4\xa2\xf9\xd8\xea\x8c\xdf\xb8\xfa\x08\xa5W[\xb2\xee\
\xbc\x5c\x8er\x85q\x98\x0a'md\xbe\x94@\x1b\x82\
 \xc8\xd0\x84.\xe3\xf32v/xm\xc7\xad\xa2\xa5\
\xea\xaa\xd9?^MVl\x5c\xa9\xfd\xbd\x0b\x04\xba_\
-\x9e\x10\x9cy\xb4qXw\x09sR\x8b -\x8b\
W(\x9c\xf1{A\xa2E\x9dP\xe3\x03\x22\xde\x93\xc6\
c\xc0\x0do\xe0\xa7\xc0+Jz\xa2\x08\x15\xd1\x90\x8c\
k\x88\xe6\xaas@\xc8\xfc\xb3\x90}\x8d\xb8J\xc3 \
\xe5\xc0@%\x09\x01\xa20\xa4,\xb1\xfdx\x97K\xae\
\x1d\x17c)~\xb2R\x82\xf5.\xb1,r\xe2\xc3\x18\
\xab\xbb\xf5\x1b\xd3M\xe8%\x22\xe5\x96\x7fS\x8b\x10{\
{\x93cU\xc6\x1a*&D\xb3\xe1\xcc\xd2-&\xb0\
@c\xa9\xd3&\xc2\xa5p\xe0\xd5<{\xe2_\xa3J\
\x90\xc7\xf2\x0c\x923\xa1A\xd1\xd7\xaa\x19\x81\xc2\x93\x82\
\x80\x85\x1e\x197K\xf3\xee\x957\xf1+v\xf4\xe1\x13\
\x1ac\x91\x14\xc3}\x0c@|/\xa5\x5c\xae/\xcbl\
\x8b\xe0\xc2S\xe7\xf0L{\xe3lJ\xb8\xf3\xfa\xea\xc4\
.g\x9a\x879IR\xc00\xb0\x85\x84\xfc\xfc\xbdx\
\xd1\xe2\x88\xa3\x88lq\x85\xf0\xd4\xbb\x16s\xd4{\xbf\
\xe9\xfb}\xc5\x90I4VR\x94\xd8\x88\xc1>-\xe7\
\x1b\xba\xd6b\xb3H\x01\x8e\xfeb\x9d\xaf\x9d\x99VT\
,\x9fx\x05&F\xc3\xc9\x19\x9e\xe0%\x89I\x9cZ\
\xdd\xd5\xe0m\xcf\x92\xbe\xb2Z1\xbc\x84\xd0pt\x18\
\xcb\xa2\x89\xbf\xa06\xbd\x22\xfc\xc0\xcd\xaa\x17\xd8\x129\
\x9f\x06\xd0^\x7fq\x14\xdd\xc1\x11\xddhv\x8fn\xed\
\x5c\xcb\x1d\xfc\xef\x0e\x98\xf8\x9a\x98\x1ak\x8dKN\x12\
:\xaf\xac6\x95(Ex\x06\x83\x04\x17\x9b@OC\
\xfd\xe7\xa9\x04\x07\xb3\x11\x12\xc2\x10\xe1:\x8b\xde\x08*\
\xcdk\xed\xd4K\xf9\x09\xa6\xe6u\x93,\xccS\x18\x8c\
O\x12\xe6mO1o\xc9|\xd6\xaaS\x94\x22\x8a\x82\
\x99\xbe\x99 \xab4\xc5\xa0x\x5c]\x92\x1eJ\x22\xa1\
!\x5cx[\x08)\xb7\xdf\xa6:\x11\x22\x5c\xe0\x8a\x06\
\xc9\x99\xb1*\x04,\xf1\x0e\xe9\x0f&\xc5\x00_}}\
\x19\xad\x09\xd4\xf8\xbd\xe2\x82\xa5\x0e\x8d9\x1bG\xa2\x15\
E\xf7\xcc\x18\xb2e\x82\xc3S\x8a\x98\xf0\x16C\x8a\x22\
\xeev\xa1\x06 \x17B\xa8\x88r\xad\x9e\x0b\xaa\x8co\
\x99\x86b\x0a!EK\xc30\xe7\x08\x1aQ\xe5\xfe\xda\
\xbds\xe6\xb2\x18\xe9\x8d\x8e\x15\xa0hk\xb4\xd8\x19c\
\xadLU,\x9ex\x03c\xfac\xb7\x81\x8c\xd2a\x8c\
r\xe1\xcdb\xb9OxbV<\x00\x05\x01G\xd6]\
\xd9\xb7\x05\x89\xf6mA\xca\x06g\xdblj\xd1\xe3\x0f\
\xbe\xe1\xeb{\xbd\xf0\x88\xc7\x880\xc1B\xb7\xd7h\xe5\
:\xdb\xa2\x86\xbe\x04\x0aN\xe8%\xc8X}\x04\x1e%\
\xd6F\x1d\xc5t\xd4\x92\xe32\x8b\x8f\xd1D\x88\xe1\xef\
\xbc\xc2L\xbb\xb9\x13%\x0c\x12;\xfb\x22va\x9a\xff\
P\xf5\x0e\xd2\xb4D<\x00\x5cq\xd6G\xdf\x12d;\
+\xfay\x06y\xb1\xcdY\x12\xc3J}\xdb\xa0\xb4\xb5\
%O\x92!\xf1\xcc\x18\xda\x88]\x12\x8b:l.k\
\x02\xae\xd5\xa8\xb6\x9aC\x88\xd6P\x09\x8ekd\xe5\x96\
\xef\x8c\xab$\x9e\xc1\xc7\x92\x22\xc1\xd6\xb3\xb1\xe5<0\
%S\xde\xf3\x96\xd5\x9d\xca\xbd\x85\xff\x12B\xc3\x93\xb5\
\x8b\xa1\x04K\x99\xad\x80\xd5k\xc26\xc5bMa\xbe\
\xb1\xd0\x1f:\x93 \x81\xa1.\x89\x10|\x228\x96Y\
\xeb\xc3[k\x0e\xec\xdf\x9d\xb7\x857\xda\x84\xdf\xfa\x87\
\x8eF\xcc.\xca\xdc\xff\x9f\x1a\x01@\xd4`4\x16\xd1\
4\xb6\x16\xc1wV\xe0\x1fG@\xa5\x85S\x17\xa2\x8d\
>IL\x04|\x08\xb2\x00\x85\xd0bQ\x18\x87H\xfd\
e\x86\xbe\xfb\xe7MNv\x1c`\xa0\xbe\x9e\x83\xa7\xa8\
\x93\xa0y\x13T\xee\xd0\xea\xd3J\xad\xe4,\x12\x8c\xe9\
\x0c<\xd3\x16\xde\x0e\xcaSIZ\xdbq(9\xab\x97\
\x01\xbe\xd5\xd0\xb2\xe8L\xbf\xc0u\xc0\xd7x\x04\xcb\x9a\
|\xa8\x8b\xe2q\x99\x9e+`R\xa6\x08\x15\xaf\xa2\xc8\
\x84\x9c{m#4\xcf\xf1\x05\x8e\x94\xb0>\xe73z\
\xc8C\x1e\xd2~\xf7\xaa\x0f<\x22L\xb0\xd5\xcd]b\
\xb2\xbb:C \xda\x95$Al\xb2Y*\x81\x9f\x1b\
\x8d\x1b,\x02\x9bkup5b\xa8\xebBl:\x11\
\x8f[Ro\x95%\xf1\x07\x1c.\xcdr\xa3\xb7\x18>\
\xdfj\x9a\x90\x18#.&K\x86\x97z\xb8Q\x14V\
\x13\x81\xb8O\x9f\xe0\xee\xacM\x92<\x0cK\x82\x02V\
\x0f\x0fO<3v\x09rY\x0c\x96\xd8\xc5\xd5\xf64\
\xa1\xab\x84\xdbhp\x84V\xf5\x0e}B\xbbk\xfcq\
\xc6\x03\xf5E\xff\xa4B\xc2!\xc9#\x92\xd8\xc5\xa3\xed\
J>\xfd\xf3\xa6\x0d\x9b=0\x0bS\x10\xea\x95\x97X\
\x82@g\x88\x22.\xe7\x10\xb5\xd6\x19a\x18\x90~\x08\
T\xd73\xc7\xa2\xb9\x15!\x1f\xa6\xaa\xc5\xf4%\xd6\x15\
|\x09\x08\x1e\x89{\x04\xe2:\xc2\x8d\xe0\x22H\x02\x8e\
\xd0\xa2\xa4\xe9\xc3\xa2\x03\x07|}-er\xb3\x07\xd6\
\xeeG\xf1\x96\xf2\xc2\xcd\xd9\x81fG\x84\xe3\xd9,\x9d\
\xea\xfaz\xd7\x11\xb83\xfa\xd5\x81c\x83\xb9\xa9\x11<\
\x92 nV6\xdao\xc2\xa6\xff\xe7\x9b\x04q\x9f\xb5\
v\xb9\xd5\xfc\x11 n\x162\x18\xa8h\x93\xd8\xe2Z\
\x1bn\x8c\x1b\x89e\xa4\x8d{\x85kR\x17\xebr-\
\x8e9\xb8\xd8\xca\xb0\xb7\xfbY\x83]\x165\x8fm\x9b\
\xce\xb9\xecbJ\x13\x961\xf4\x89\xbb\xcd\xf8\xce\xdc\xa8\
\x12W\xa8O\xaf\x1c\x9e\x13\xac\xa4Ol\xae\xa9\x91\x95\
\xa4\xefs\xb3bpy\x8e\xd6\x17\x9d\x0em\x8d\xa9$\
^\x82\xd9\xdfkg\x8c\xb8i\xb89\xc2\xa3\x8c\xaf\x9f\
6\xc6\xb1\x00\x12\x5c\xd5\x81\xb1\xd92\xb7P\x11A \
A\xca`5\x85\xd8Qs\xad\xad\xa63\x10\x81\x9c\xe7\
J\x04\x15\x06#$G\x98\x1d\xc6\xba'\xf0\x10\x99q\
\xc0P'\xbe\xe8k\x0a!\x86[\x8f\xad\x0fx\xb5\xaf\
\xa9X\x14\x10\x13\xf3\xbb\x15\xcc\x0f#\x8c\x8d1\xe0\x04\
7ua\xbezI\x98\x83U\x96\x00[\xd2%\xeb5\
V\xb9\xc2\xf3\x197x\xc5=\xa3Q\x1d8\xc6\x82/\
w\x19\xd8\x9e\xe9\x87g\xbdb{\xde\xf3\x05\xcd\x0a8\
\xda\xdaBSs\xf1\xc5\x08\xb1\xe7\xa51\xe6-s\xb7\
$4\x08B \x87/\x7f\xd6\xe7\xd1'e\xad\xed?\
\xc9\x11\x13\xed\x0c#\xc3\xd8Xh\x8f\x98\xba\x08\x16Q\
\x0a\x18\x11\xb2\xe7\x84\x22\x06\x82\x03\xb63!\xd8i!\
\x0b\xb5\xa6\xeb\x8b*V\x8e$\x1d^\x82Kzd\xb5\
5\xdd8g)\xc4\xb1\x05\xe7\xd8\x82\xbb\xb7\xa3\xc6\xf1\
\xab\xb8\xbd\xcb\xf2?\xcd\xcb\x10\x1e\x0b\x01\xd39\xdf'\
\x84?\xa6\xf2\x1e\xc6\x94\xc0\xc1\x95\xd2\xc0\x11^\xee\xb5\
\xe3\xaa\xe1\xaa\x9d\x02\xff\xd0\x11^i\x17\x01k\x13k\
TO\xb8\x12\xbbZ\x07\x7f\x93\x97\xf5\xfaR\xa0^\xe8\
\x0d\xf0\x9cen\xa1\x82\x87\xf1\xd1L\x83Z\x96\xab\x0f\
;.\xfa\xcdM\xad{6m\x0d\x92\xda\xc7\xdd\x04\x97\
\x10\x88x\x9a\x1c\xb7\x04y\xfb\x87\x09\x04\x83\xb8<g\
\xed\x11\x8fa\xc6\xe6\xde\xa3X\xa6@`\x88\xb1Vz\
\x14ms\x10F\x1d?\xd1\x17\x93\x82K\x04\x12e\x81\
3\xa5I!4\xb0\x09\x19-\x99\x0a\xc1\x11l\xfd\xe1\
f\x1f\x94i\x90\xe2\x15\x1a\xdcb\x99\xc6tD\x88\xbd\
\x85f\x1c\xb0\xe1\xe0\x99\xa9W\xadj\xed\xa8%\xcf\x03\
(&\xde\xea\x1fK\xc5\x87\xcd\x94\xb9\xa74\x80\x22&\
\x16\x13\x01#\x86\xeb\xf2\xdfe\xde\xaa\x98.`@\xe2\
\x86\xebX!\x18!X?\xc5\xdb\x96r\x9fG\xd62\
\xe0\xbe\xa6.2j\xbb\x18\xbc\x19!\xac\x9eQ\x98\x8a\
\x19\xb3\xf0\x08\x02\xbc\x84\x06m\xe6)\x98EI\xf5s\
\xceZ/\x1c{\xe5\xed\x85.\x14P@\xdbi\xacO\
\x1b\xfb\xb0\xday\xe1_\xaf\xb8m\xf4+\xe8\x86\x07%\
H\x01\xb3\x8f\xfd\x9e\xf9\xb5@\x19\x86\x0fH\x8fm\xac\
\x83S\x84\x89\x87\xf8\x1d\xa5\x9c\x87&m6e\xa9I\
\x16\x0c\x82p\x83\xaa\xb3\x93\xd0.\xfaB\xb8\xed\xef\x8d\
\x15b\xbe\xeb\xb81D\xba\xd6\x1f\x81\x84X\xee\xdb\xf7\
\xfb\xcebC8-U\xbc\xd2*\x05\xf1\x9d\xdf\xed\x96\
\xfcX#f P\x7f\x0c\x8b&\x1b#k\xbd\xea\xd2\
F;\xf7\x8aqY\x8d{L\x83S\x94\x0e\x5c\xd7\xe0\
\xe8\x9b0C\x81\x837\xab\x97\x909\xe0V8\x1fZ\
B\xdd\x9f\x8b\x07\x9b2\xd8z\xea\x85\xbc\xbf\x0e\xa3\x8c\
\xc6\x09\x8f\x5ck\x97\xba\xe0\x82^\xbf\xf8\xabM\x03m\
\x9e\xac\x1e>\xc6\xc3\xa3\x08U\x1d~\xcd[6e\xa9\
\x80F\xf3\x9c\xfbk\xcfXW-\xea7\xc2\xac\xf0@\
Z\x1bD#\xc8\xe1\x1eslR\xaby_\xfb\x85Z\
-\x0fN\xad/B\xd3N\xcc\xab\x1d\x81\x93\x82\xeb\xed\
I\xcb\x80e\x87\x0a\x18\x14\xc8\xe2\x05\x01\x04\x9f\x1e\xa7\
h\xfcz\xcc\xe8\x9fS\x14\xcc\xc4X\xd9\xb6\x82\x91V\
\xb1\xbc\x95\xb1\x95\xd5\x1ao\xe5\x11{Y \xd0V!\
,L\xe7\xb2\xed7\xb28\xe1\xb5\x9a\x84.\xb9\x80q\
\xc0e\xe5\x5c.\x05\x12j\xd0_/\xe0\xc7\xf9\x5c\xfc\
,\xbe\xfd\xfd\xec\xb3\xf5hR\xbf[\x84\x0a\x10Di\
\xa6\xec\xd1{\xd0Z0\x9f~X*\x96\xc5\xa2\x10S\
\x7f\xfda\xffn\x9b\x92x\x16\x84cY\x04C\x01\x14\
\x8c\xb1\xfchI\xb06\x84\xb7\xa591\x97\xa2\x10p\
b\xec\x09\x15*+\x8dp\xc4K\x87\xd7y\x5c\xac\xdf\
\xfep\xb9V\x9c(\x13\x0b\xd2\x16\xdeq\x8f\x14\xcb3\
B\xa6\x80\xf5\x0b\xb9\xc1w{)\xb76h\xd3\x07\xbe\
\x94\xc2\xb7\x8b\xeb\x93\xf1\x8bx\xa0/\xe5\x99-\xff\x12\
\xa1B\x22\x96\x01\x81X\xa2\x17\xe0\xb501\xa9\x95\xa0\
\xf6\x1eTAT\xedX L\xbfVo;\x17\x10\xab\
\xa4_\x88\x88\xdbN\x5c\xd3\x86p1\x8c\x80\xc1\xf4;\
Y\x02\xf6\x12]\xb2\x83\xd1\x11\xac\xf6\xaew\xa5\xdd\xfd\
sc\x11\x9aX)\xc6\x15\xb3\xdb7 \xac\x01\xc3\x93\
0r&\x1c8\xb3\xd6\xe0n\xfcx#\xd7\xe6\xba\xf5\
\xdd\xe1I}{\xbfy\x19\xc5x\xa6`\x95\x14\xb5\x8f\
Q\x8b\xa1J\x5cs\xbbY-\xb3\xb8\xcf\xde\xf7m\xff\
\xe9\xba\xd7\xf0y\xae\x11\x97#\xb1)\x0c\xc5p\xae\x0b\
\x1c[VjK\xca\x92\xdf\x96x\xc7\xea\xcf\xeav\xd4\
\x16\xd2\xc4\xb7\xbc\xeb\xd46\x99\xa3g`\xe5l\x1c\x02\
&\xb4\x8c\x89\xa1\xfa\xb0T\xd3\x1a\xbb\xf9\x8a\xb9\xd3\xb7\
>E\xfc\xf4\x95_\xae\xd7;\x97\x10\xdaj\x8e\xa3b\
i\xdb\x07\xe5\x15_\xf8\xc0U\xe6\x1a\x0epfU\xc9\
\xc2=\x83o\xf2\x08\xd7\x9eQ@\xcf\xf4)w|\x88\
\xdf\xf0\xfa\xad\xab\xd7l\xb5\xa3\xf1\x10\x1e&\xcf\xb3\xe4\
\xda\xf3\xb2\xe7\xb1\xeb\xe00\xefy\xd3\x1df\x07\xec\x99\
\x8d\xe1\x04bp\xf52YsI\x09\x04\x81#61\
%\x8a\xa0-\xc1i\x1f\x81\x06F\x88\xc83\xf0\x03'\
\xc4\xd6\x8f\xa3\xda\xff\xc8\x95\x155\xe1\x1c_\xa1z\xaf\
\x9a\x1fH\x1b\x87p0|6^\xc3\x0d\xbe\xe8\x08\xbe\
\x99\x1e\x05_B\x8e\xd2\xa2\xd9\xda\xb1\xbdN6\xc1e\
>o\x0c\xcfz\xdagy;\xaf\x10g\xdbm*\xfb\
e\xe6\xeb\xb9\x01\x80\xc5G\x05\xb1\x10\x14\x97d\xc6b\
R\x84\xc8E\x81\x81(\x07\xb7,\xe3\xeca\xeb\x8b\xa9\
`ry\x0e\x8c\x12w\xc0T0\x92\xcb\xe4&\xbd\xd3\
\xb4ppB\x8a8\x97y'o\xc3\x15\xc3\x0b\xde\x18\
\x0fo%\x0a\x8b\x06\x07\xfc\xe1\x97)\x8c\xf6\xc9\x0d\xf4\
\xd3\xc6|\xbe\xb2\xdb\xb6\xd4\x86\xb6\xde}\x83\xe7>\xbc\
\x0b\x0d\xeb\xf1y\x1e\x1a\xe7\x16\xaa\xc1\x95\xf5\x06\x83\x14\
\x22\x14\xcc\xc0\x84\xcc\xefd}\x88\xe9\x11'\x90\xa4\xe9\
\x18\x11\xc20H\xdf\xa4\xf5\x19/\x89\x04\xeb\x093\xf5\
7\x950\xad:\xa1e\xbf\xdaH\x16\x85\x81\x03Z\xe0\
\x04v\x94nv\x0c<\x81\xbb\x12\xe5\x8b@\xd5\xb1r\
\xb4\x84\xee\xb8\xe5\xe0\x1b\x8f\x84\x8e\xf0W\xbf\xf5x<\
;\xfez\xf7s\x0bu=\x00\xa9G\x5c\x88O\xe0\x0f\
\xf2\xac.\xf3\xbf \x1dW\x13f8\xf7Z\xec\x1eq\
\xbde`\x10\xe1\xaaO\xdc5\xd7ee\xb5\xc3pW\
(n\xf8\x5c\x02\x13k\x8c\x02E\xc1x\x05c\xe6\xe8\
\xad\xb6\xa7G=|\x13\x8b\x09K\x9fX:\xe5V(\
\x0bZ\xd7S\x96\x0d\x11\x9d\xe3\xe1\xdc\xebO!h=\
\x98\x18\x90B[C\xb8\xba\xcc\xe9z\x18\x9ek\x17\xc1\
i\x17\xad\xeeay\xee>\x16\xe1^\xbcR\x17\xe51\
\xe7\xeda\xc520\x18L}\x9c\xc3t\xf7\x8av\xda\
X\xa6\xe3zMI\x94\x8c\x85\xf1i\xa7m\x5cm\xe8\
\x00/\x82\x0fl\xed\x093\xdeJ\xdb\xf45\x96\x03\x9c\
Xg\xea\x023\xb8\xb5\x81\x8fg\x99[\xa8\xc7\x13\xfe\
n\xeb\xd6\x13\x1b+\x8eb\x10\x8a_\xaa\x11B\xdc_\
\x18\xe9^=A\xe9\x87\x99\xea\xe2\x01\x22\xd4\xea?\xfd\
<\xfa,c\xb5\x99\xa7\xcc\xf6\x9b\xbd\x9f\x07\xc6\xeeh\
\xb3\xc7\x08\x95\x00c9\x11\x5c\xb4\xbb\xe6\xbcmN\x89\
\xf9\xea\xb8?..1+\x8cR\x0f\x86s_\xf6\xab\
x\x9ays`x~|\x842\xdb'8\xee\x0ea\
\xcd\x0b\xe3\x7fM\xa8!n\xbd\xf3\xae\x10\xee\xdd[\xdc\
s,(\x9f\xdc\x03#\xc9W\x0f\x8f\xfbO\x9f0\x9d\
%\xa7-\x81\xe6\xa3\x1f\xb3\x8a\xd0\x0byW8\xe6\xf9\
\xac`\xd5\xafG\xf7\x89!\xf4\xff5\xa1\xce\xcb\x90y\
\xdaaDb\x91\xf6q\xbf\xae%%,\xd9Z\xac\xc2\
*\x1d\x11*\xe5H\x8c\x97\x9dV9\xdc\xbbX\xf1\xb4\
w\xc9\x1ed\x9c\xb5\x84\xd4\x80oPN\x0cam0\
\xdcq\x1e\xedQB\x0ds\xc3|\x02bY\xb2\xecl\
\xebt\xdf[[\x04\x13\xaa\xb9\xe5\xb8gpjMw\
K\xed8\xd8A\x11\x92x\x9d\x10a\xce2\xfe_!\
\xdc\xdd6\xa5\x99%\xe6\xc4\xb8\xef-\x86@\x22\x08n\
\x94\x0b\xb5\xad\xd4G9j\xd5\xe6\x0d\xf5|\x9f\xb2\xce\
3\xd5\xb1O\x09q\x9f\xd5\x09\xffQ\x05\xe3\xa8\xcaL\
\x8f\xae\xc4\xe9\xa8Z\x14\xb8\x95\xc5\x91\xda&\xda~y\
'\xdef\x1a\x12\x01\x9f\x18t\x9c\xd807\xfd\x96\xe6\
\xc4Fh=\xf8}l\xc3\xfcd\xba\xb1J\x13{\xaf\
\xbbjY\xf29\xb5\xb6\xbaO\x1d\xb7\xb2$G\x98\xce\
b\xa8\xc5\x05s\xc5\xda\x02\xf3\xc1r\xc1G\x95\x22\x1c\
UI\xd2\xfdL\x89\xd4k\x9b\xb9\xa3\xeb$dp:\
>.x=ZN\xec\xfa=F\xa8\x18A\xb0}\xe9\
\xef]ge*q\x94\xc0\x09\xdf3\xae:\xf3J\x02\
\xee\xa7<\x11X\x7f\x9e\xad;\xb1\x05\xb1;\xe1\xefQ\
B\xddH\xb0\xc9\x8e\x090\xc2N<s\xce\x82B\x0f\
\xa3W\x0a\xfdS\xd2\xcf\xfd\x9ed\xa1S\xfcg\xb5\x7f\
wj\xcc\x89\x05k-\x9c\x09-\xf5\xce\x84AP\xbd\
`g\xf1\xe9\x15\xa0W\x84^\x98{\xa2P\xff\x1f\xa9\
P\xd6\x94fX5\x8c\x00\x00\x00\x00IEND\xae\
B`\x82\
\x00\x00C\x9c\
\x89\
PNG\x0d\x0a\x1a\x0a\x00\x00\x00\x0dIHDR\x00\
\x00\x00\x84\x00\x00\x00\x8b\x08\x06\x00\x00\x00\xa0\x121r\
\x00\x00\x00\x09pHYs\x00\x00\x0fa\x00\x00\x0fa\
\x01\xa8?\xa7i\x00\x00 \x00IDATx^\xed\
\xdd\x07\x90$Iu7\xf0\xee\x03\x04\x12\x1e\x84w\x87\
p\xd2\xcdHx\xeff\xf1\x02\xee\x00a\x0e#\xbc\x09\
\xec\xe1\x09 \x08\xbc9l\x00\xc2\x0a\xb78\x09w \
\x16ow\xf0\xde\xf7\x1c\x1e\x0e\x0f\x87\xf7\xfe\xea{\xbf\
\xd4\xfe\xfb\xcb\xeb\xeb\xd9\x9d\x99\x9d]fOdDE\
Uee\xbe|\xe6\x9f/_feW\x8f\x87a\x18\
\xfd5m\x9e\x06\xa2\xcf\xfe\xdc_\x9f\xecd'\xdb\xbc\
\xc66\x89R\x8f\x81\x836\x89\xe6\xa6\x91Y\x0b@\xff\
\xfc\xe7?O\xdb;\xee\xb8\xe3F}\x1d\xd79\xd6\xca\
\xd4\x9e\xea\xec\xe9y\xdf\xce\x9f\xfe\xf4\xa7\xd1x<n\
Y\xbf\xf9\xcdoF'9\xc9IF'=\xe9I\xdb\
u\xf2\xd7\xca\xd7\xfe*\x87\xaf\x1c[\x0e\x10\xf3\x94\x10\
\x830\xbeD\xc9\x7f\xf8\xc3\x1fF\xee\x0f:\xe8\xa0\x06\
\x80\xdf\xfd\xeew\xf3\xaa\xae)\xafW\xc8\xbc\x0a{z\
\xde\xd7\xf9\xfd\xef\x7f\xdfn\xf1u\xf2\x93\x9f|\xf4\xcb\
_\xfer$\xefT\xa7:U\x03\xc6VO[\x0e\x10\
}/\xea{&\xaf\x00\x00\xdf\xfb\xde\xf7\x9aN\xff\xe6\
o\xfe\xa6)\xfa\x8f\x7f\xfccC\xf7Vq\xc5\x0c\x8f\
'\xbc\x01\xc5\xdf\xfe\xed\xdf6^\xc9\xf2\x8b_\xfcb\
\xab\xe3a4\xc6\xe8VL\xe1+CB\xc0A\xb9\xbf\
\xfe\xf5\xaf\x1b\xcb\xa7<\xe5)\xdbY\x19\xae\x9a\xe7`\
\x84\xa4\xbf\x84\x8b\xc6\x07O\xc0\x83I\x80\x8aw|\x01\
5\x1e\xb7r\xdar\x1e\xa2WV@\xd1{\x0a\x0a\xd7\
\x03\x03\x06C\x85\xde\x08(\x19R\xf6\xa7\xc2{\xde\x5c\
\x87\x07\x80\xc0\xa7\xf4\x93\x9f\xfc\xa4\x1d=X\xf7'\x8f\
\xebikK\x0fjz8%\xe7L\xb0\xcf\x7f\xfe\xf3\
\xa3c\x8e9f8\xcbY\xce2\xfe\x97\x7f\xf9\x97\xe3\
\x0d\x15\xe9\x8d\xebQ@@\x97:\xb9\x8fwY\x8b\x97\
\xe9idx\x90g\xf8\xf8\xfa\xd7\xbf>z\xcdk^\
39\xd3\x99\xce\xb4p\xe8\xa1\x87\x8e\xcfx\xc63\xae\
\x87\xbd\xfd^v\xcbz\x88\xde \xae\x1dz\xd8\xd9\xce\
v\xb6\xd1\x9b\xdf\xfc\xe6\xd1\xdd\xef~\xf7\xe1\xa5/}\
\xe9 \x9f\x1b\xfe\xf9\xcf\x7f\xben\xe5\xa5w\xeb\xd5\x0e\
.}\xb6\xc7\xcf\x02\xa6od\xf6\x99\xfb_\xfd\xeaW\
\xd3\xe1\xeb\xcb_\xfe\xf2\xe8\xc9O~\xf2\xf0\x82\x17\xbc\
`\xe1\xc7?\xfeq\x03\xc8VO[\x16\x10Q\xdc,\
0\x8c\xcf\xe7?\xff\xf9G\xdf\xfa\xd6\xb7FG\x1ey\
\xe4\xe8E/z\xd1\xe4G?\xfaQ\x1b26\x92z\
P\xcc\x82\x01\xbd\xe4\xadF;\xa0\xc8\xf9\xef\xfe\xee\xef\
\x1a@?\xf5\xa9O\x8d\x1e\xf1\x88G\x0c\xcf|\xe63\
G\xe7<\xe79G\xff\xf6o\xff6>\x10\x86\x8c-\
\x0d\x88x\x86\xcc\xe5\x81\xe1t\xa7;\xdd\xe8\xcaW\xbe\
\xf2\xf8B\x17\xba\xd0\xe8k_\xfb\xda\xe8)Oy\xca\
By\x8a\x9d1\x98^\xae^\xdf{3\x96\xa7L\xa6\
\xa8\xca\x89?\xd0uv\xef\x99\xfb\xdf\xfe\xf6\xb7\xcd#\
9\xf4\xfa\x9e^\x82Z\xe5M+\x95\x1138\x5c\xef\
\xdc\xb9sT@\x18\xde\xfa\xd6\xb7\x8e\x00\xe4r\x97\xbb\
\xdc\xe8\xef\xff\xfe\xefW\xc3\xd4\x96\xca\xdf\xd2\x80\x98\xa7\
)\x06\xfb\x87\x7f\xf8\x87\xd1e/{\xd9\xa6\xeco|\
\xe3\x1b\xa3\xd7\xbf\xfe\xf5K\xaf{\xdd\xebv2T\xe6\
\xfa\x89\xf2gi0\xec)Nq\x8af`\x01j\xa6\
\xab@\x078\xea\x1b>\x94q\xaf\xcc\xa9O}\xea\x06\
\x96,\x88Y_HJ9u\xd0\x9aL&\xa3W\xbd\
\xeaU\xc3{\xde\xf3\x9e\xd1\xcf~\xf6\xb3\xe6\x1d\xaer\
\x95\xab\x8c\xd1\xe8A5\xcb\xd7V\xb9\xdf\xd2A\xe5<\
%1\xdc\x19\xcep\x86\xd1E.r\x916\xd3\xf8\xe1\
\x0f\x7f8\xfa\xc8G>\x02\x1cKg>\xf3\x99y\x8f\
\xe9T\x8f\x012\xe4\xe4\x9aQ\x03\x1a\xd7\x8c\xeb\x9cu\
\x0d\xf7\x80\xc5\x80\xc0\x00X)\x8f\x06\xc3\xf7\xf7)\x1f\
O\xb2c\xc7\x8e\xe6\x19\xbe\xfb\xdd\xef6\xda\x07\x1f|\
\xf0\xe8\x90C\x0ei`\xd8*k%\xf3\xf4\x9a\xbc\x03\
\xceCd\x1c./1>\xebY\xcf\xdaz2w\xff\
\xb1\x8f}l\xf4?\xff\xf3?\xc3\xb7\xbf\xfd\xedi\x0f\
\xcf\x140C\x0f\xa1\x03\x10\xe7\x18V}\x063#\x10\
\x9c&\xdf\xd9\xc2R\x92\xfb\xd4\x97\x17\x8f\x01\xa4\x8e\xcf\
|\xe63\xa3w\xbc\xe3\x1d\xc7\x09 \x01\x0c`\x01\x17\
\x0dCP_wwF\xf9K>;\xe0\x00\xa1\xd72\
\xf4\xf9\xcew\xbe\xd1?\xfd\xd3?\xb5k \xf9\xe9O\
\x7f:z\xff\xfb\xdf?\xfa\xf8\xc7?>\xd1\xc3)\x9f\
\x91\xf5\xf0\x18B\xd9\x0c\x15\x94\xee\xde\xa1'\x0bL\xcd\
Z\xde\xfb\xde\xf7\x0e\x19\x12\xb2\x0a\x9a\x18$^&\xc3\
\x91v\xe3e\xc4\x12o{\xdb\xdb\x86\xcf~\xf6\xb3\x95\
}P\x1bn<\xbb\xe2\x15\xaf8]\xad\xc4\xfbVO\
\x07\x1c \x18\x8b\xb2Os\x9a\xd3\x8c\xce{\xde\xf36\
\x83gQ\xca\x1aE\x05t\x0bY\xde\x06\x84x\x89\x00\
\xa0\xf7\x0c}\x0f7\xf6o\xdf\xbe}\xf4\xeaW\xbf\xba\
\x81C\x02,e\xb2\xba\xd8\x03#\x86\xf5\x1cP\xb4\xfd\
\xeew\xbf{\xba\x00%O\x8cS\xc1\xef8\xab\xa8[\
\x1d\x0c\xf8;\xe0\x00\x11\xa52\xec9\xceq\x8e\xe9\xdb\
\xc4x\x83\x0f~\xf0\x83\xa3\xaf~\xf5\xab\xcdHz*\
7\xef:\x9e$C\x0e:\x0c\xed\x9e\xe1\x0bH\xc3\x0f\
~\xf0\x83\xd1\x07>\xf0\x81\xd1'>\xf1\x89i\xc0\x19\
/\xd1\x1b\xb3\x0f*S\xbf\xea\x0d_\xfc\xe2\x17\x9b7\
RG\xbcp\xees\x9f\xbb\xc5\x22@\xe3\xc8P\xb4\x95\
\x81q\xc0\x01\x22/\x8d\x18S\x0cA\xc9\xf2$\xf1\x84\
\xa9h\x05t\x83\xa9b\xbc\x01@0H<\x86k \
`L\xcf\xbe\xf0\x85/\x8c>\xfc\xe1\x0f\xb7\xa1\xc3\xf8\
_\xb1\xc0\xc0\xf3\x88\x01\xd4Q>\xcb\xe3\xbd\xdb\x072\
\xed\xa3\xc5\xc3\x88?jE\xb2\xbd\xea\x06\x0aA.\x9e\
\xd0\x89\x97\xd9\xca`\xc0\xdb\x01\x07\x88\x04v\x8ct\x9e\
\xf3\x9cgl\x91\x8a\xf2\x0d\x1b\x8c\x08\x085\x0dm\x06\
d0yz\xabk\xc6uH\xca\xbb\x06\x08\x9e\x81W\
q\xaf\x1e\xe3\xa2\xe9`Hmf\xa8\x0a\x00\xd0H\x8f\
\xff\xdc\xe7>\xd7\x00\xa5\xacX&\x1e\x04o\xf8\x94\x02\
,\xed\xe5h\x0f\xb6X:\xe0\x00\x11#:3*c\
\xf7y\xae\xbdH\xfa\xfe\xf7\xbf\xdf\xdc~R\x80\xd0\xdf\
3\x0c\x00T@\xd8<\x0a\xf08\xac\x1f\xe8\xf5\x9eK\
\x89C2\xdc\x04\x08\x8c\xcd\x1b\xd4\x12\xf5\xa0N\xdf\x1e\
p\x84\xbf\xb4\xd9\x0fW[\x0c\x07Sv\x0e8@D\
\xa9\xce\xdc\xb1\x83\xb1{\x0f \xa8\xac\x1e?\xc8c\x98\
\xc4\x0f\xa4\x8e\x91\xd5q\x00\x80\x19\x82ia\x0co\xdf\
\x02C\xa7\xad\xf4\xf2\xdc\xc7\x03\xa8o\xa1\x8c\x87\xc8\x10\
\x14\x00i\xd7tSYm\x86\xbf\xad\x0a\x84)h\xb7\
:\x83\xf3\xf8\x8bQy\x87\xdeC\xc4\xe0\x16\xab\xac)\
H\x0c\x93\xf8\xa1\xa7\xc5\xb8\xbd\xc1\xd1\xec\x87#u\xd4\
U&@\x89'\x0a\x1d\xf7\x80\xf4\x95\xaf|\xa5y\x07\
\xf5\x95\x8d\xf1\xdd\x07\x90\x01\xd5<y\xb6R\xde\x01\xe7\
!(o\xd6\xfd\xcf*T\xef\xfe\xcew\xbe3\x1d\xbf\
c FW\x97\x91C\xc35P1\x5cR\xee\xe7\xf5\
\xea\x80\x83gq-\x08\xd5\x16@0z\x001\xef<\
\xcb\xe7V\xbc?\xa0\x01\x91\xc0/F\xca\x99a,\x1d\
\x1b\x0a\x02\xa0\x1e\x00\xe9\xe9\xca\xeb\xc5\xd6\x0b\x80\x80Q\
\x81\xc6\x1aG\x82H\xf5\x81%^)\xc0\x89\xf7\xa8v\
\xce`\x88A\xb3\xf7\x02\xae\x81&k\x17\xb3\xcf\xb7\x22\
\x18\xf0t\xc0\x02\x82\x81\x8c\xdf\x8e\xf4\xe4\x00\x82\xf2\x01\
\xe2\xd8c\x8fmzg\xbcY\x83\xa4G3\xfciO\
{\xdaqv`)g\xba\x08\x14\xca\xb8\xcfP\xd0\x1b\
1C\xc17\xbf\xf9\xcd\x1f3\xbc2\xf1<\x19f\xf0\
\xe6\x19\x1a\xf2\x02\xaa\xad\x0a\x86\x03\x1e\x10z\x1f\x85\xf7\
\x89\xf2\x1d\xa6\x7f\x0eFM\xafNp\x078z\xb0{\
\x86b\xfc\x00\x02@\xecj\xb2\xa0\xd4\xa7\xde\x0bi\xd7\
\xbd\xb6\x05\xb0Y\x07\x89\xe1\x13\x9b(\xa7\x1d\xf7\xbd\x97\
\xf9?\x0f\x08\x8a\xcf\x11\x17\xcaP\xc6\xfa\xb8Y\xf7\x9e\
\xf5F\x9b\xedQ\xee\x95\x8b\xc2\x8d\xdf\x86\x053\x0dt\
2\x1d\xa4|\x8bD5\xb6\x0f}\xef\xee\x0d\xe6:o\
8\x0f\xae7\x92\xff\xf8\x8f\xff8\xf5$\x97\xbf\xfc\xe5\
\x8f7\x85d|CJ\xebA\xbbb\x0eg@\xc8\xfa\
E\xd6,\x94\xf5L\xbb\xc7\x1csL\x93\xc9=o\x11\
P\x04\xb4\xe8)\x9f\xa1\xca\xfd\xac\xfc\xee3\xf4\xcc\xea\
#\xe5\xe7\xe57f7\x90\xf6\xcb\xebo\x0a\x08\xd3\x19\
\xab)\xc9\xd8-J\xcf*\xa0g)\xd7\x0b\xa9\xfel\
\xf2\xbc\xe6\xfem\xfd eS\xce\xfdj\xde\x03p\x18\
&^\x83\xe1l\xba\xb9\xc0\x05.\xd0\x9a\xb0\x7f\xa1\xb6\
\xe9\x8d=\xcf\xf42\xde\x01\xcfh\xa7\x1d\xf9\xda\x09\x90\
=K\x19F\xe6\xa1\xfa\xcd8\x9ei_\xbd\x80B^\
\x9f\x8f\x16\xa0\xe2\x0b\x0d\x07\xc0K\xe1c\x9e>f\xf5\
\xb3\xd1\xfb\xfd\x16CD\x01\x020\xc2R\x8c^,?\
\xbfe\xd0\xe3)\x95\xe0\xce\xf3\x0e\x82\x02\x90z\x16\x9f\
B#\xf4\xa38\x86\x00\xb6\x80%\x0a\xca}\x14\xce\x18\
yM\xcd\x10\xf6.x\x07\x81\xbf\x00\x14?1Fx\
\xea\xdb\xc9\xb0\x15\xb0\xa4\x0d1\x0c\x0f\xe6^;R\x00\
\x13\xcf\x18\xbe\x00\x01\xb8yM H\xec\x91\xd7\xfb\x9e\
\xa5\xee\xacL\xa1\xb1\x19\xe7\xfd\x06\x880\x9b\x9eI\x01\
z \x81\xed#\xa8\xe5f\xaf\x8eO\x00\x82\xd4\x8b\x12\
z\x85\x9a\xee1T\x94\xdd\x1b\x0d (7\xbd1\xc6\
J\xfb\xe8\xf6\x86\xae!c|\xaes\x9dk\xb4\xb8\xb8\
\xd8b\x88\xd4\x0d\xfd\xbeW\xa6\x1dg\xed0\xa0\xa4\x0d\
y\xe1\xd5\xea%\xc0\xba\xef\x87\x8bx\x85^6\x00A\
\xe7\x8do|\xe3P/\xda\x0e\xb1\x96\x22\xe1\x03x\xd3\
i\xd0:\xa0\x01\x11\x01r\xce.'\xbd\x1c\x18\xea\xcd\
\xe2!/|\xe1\x0b\x87:\xaf0\xc4l\xf9\x08\x1f\x83\
P&\xe5R\x94\xcd0\xd2, \xe4Q.\xd0%\x05\
\x18\xe8\xa0\xc9\x00\xea\xb9\xc7\x8b\xa1\xe2\x0aW\xb8\xc2\xe8\
\xa2\x17\xbd\xe82\x03\xa8\x1b\xe3\xbaO\xfb\xa9\x8f\xae\xe7\
\xf1\x0e\xc9O\x1d\xf7\x9e\x95\x97\xa8\xe6\xfe\x17\x10\x01\x8e\
g\xe19t\xdc\xd3G\x9dW\xea\x15\xfcJ\xed\xbc\x9a\
\xc4[\xf0\x0e\x91)\xf4\xf7\x15(6\xddC\xcc3h\
\x9fGI\x14L\xb0\xea\x0d\x93\xda9\xbd\xe2\xdd\xc3u\
\xaes\x9d\x9b\x5c\xecb\x17\x9b\x1a0\x171D\xff\x00\
 \xb8c\xfb)\xa5(\xc7\x19]\xca\xcdu\xea\x07\x10\
\xbdB\xd3S\xe5\xd9\x96w\xedk_{\xf4\xcf\xff\xfc\
\xcf\xdb\xd0\xcc\xb8\xdd+\x1e\x88\xd0S>)\xae\x1fO\
\xb3\xb4=\x13X\xf6C\x0aP\xf4\xe5B\xcbp%\xa6\
\xaa\xdd\xd9\x8b6\xff\x14 \xce\xf4\xacg=k\xa7a\
\x14\xed\xec\xe4\x8a.\xd3~\xe4\xdb,\x80\xecS@\xf4\
\x82\xf7\x06\x92\xbf\xbc\xbc<\xfc\xe7\x7f\xfe\xe7\x82\xcd(\
\xd7\xbb\xde\xf5Vj#\xea\xd1}\x8f&p\x84u\xce\
\x91\x9em\xb8\xa85\x80\xa6\xac\xf4\xbc\x00!\x86F#\
^ \x0a\xeb=C\x94\x0a\xa0\x8e\xcb\x5c\xe62c\x9e\
B\x19.Z\xdd\x18\xbc\x07fh\xc9\xcbu\x86\xa2\x1e\
\x8c\x80\xf0\xa5/}\xa9y\xb3\xa4y\x06\xed\x8d\x0a\x88\
\xb7\xbc\xe5-\xc7\x15\xe4\xfe\xb0<\xe7R\xe9\xe88\xb1\
R\xffvvJl\x1f\x5cl\xfa,\xa3G\xea<\xd4\
r\x7f\xb5\x09u\xf2\xf8\xc7?\xbe\xf5\x9cG=\xeaQ\
+7\xba\xd1\x8d\x16]'\xae\xe8\x95?{\xcd@\x94\
_@\x1a\xf4\x1e\xcf{@\xf4\x06g\x9c\xde\x10\xae\xd3\
#c\xec\xdeK\xf8\x11\x10zx\xcc.i\xb4\xc9!\
?F\xef\xed\x10\xfe\xf2\xcc9\xc0v\xb6N\x91\x99F\
\x0fT4R\x17O\xdaq\x88\xabN\x7f\xfa\xd3\x8fn\
|\xe3\x1b/V\x1c1\xd4\xefN\xc6\xf5z~\xb8\xcf\
}\xee\x03$\xad\xe9yz\xedy\xda\x9b\xebM\xf7\x10\
\x14\x92Y@\xc6bo\x02E\xfc\xceoz\xd3\x9b&\
\x05\x82\x05/\x9fnu\xab[\x1d{\xc9K^r\xd1\
3\x8ap(#\xbaw\xf4\xae\x99\x90\xee\xf5\x14\x06S\
\x9f\xf1\x03\x06\xe5\x19\x80\xd2\xb5\x1f\xc5\xaa\x17\xfaQ\x94\
:\x8c\x91\x9e\xab|\xa6\xaf\x80\x09\x0c\xf8\xf0\x5c{\xb3\
\x9e+t\x02\x12m\xab\xd7\x03F=\xfc\xf1b\x00\xe1\
\x9a!\xc9\xa0\xac\xba\xe8jG=\xcf\x9c\xe5+_\xb1\
\xcc\xe8\x88#\x8eh\xfb=\xfe\xfb\xbf\xff{t\xff\xfb\
\xdf\x7f\xb0MO\x19\xb4\xc2\x7fO\x0b\xed\x1c\xf1D\xb3\
\x1eiO`\xd9t@`\xc8X\x98=\x05\x18\xa60\
\x06z\xf1\x8b_<y\xf4\xa3\x1f\xbd`1\xe7\xfa\xd7\
\xbf\xbe\xe3,\x96\x891\xcd(\xce\xd6\x04\xfc*\x8b\x11\
\xfb\xdeFI\xe9\xf1\x94H\xd1\xf1\x16\x84d\xe4\xde#\
0HvLS^z!>\x94S^\x19\xf9\x9e\xe3\
Y\x0a\x08\xf1l\xd8P&S\xd4\x80/J\x95/H\
\xee\x83\xce\xf4\xde\x18\x82\x1e,\xa3\xe7^Y:\xd1\x8e\
6\xc8\x90\x99\xc8\xae\xa0\xb2\xed\xba\x92L\x81+\xa6h\
\xf1\x8d\xad}\x0f{\xd8\xc3\xda6=I\xbd\xf0\xac\x0d\
|\xf6\xf2\x87\xc7\xf5\x9e\xd7\x0d\x88\xd5\x10\x97\xfc\xb8A\
\x8a\x22\xb4ea\xe9\xe5/\x7f\xf9D\xcc@ {!\
\xeb\x87\xaf\xcb\x5c\xa02\x04!\x90\x83\xb2(\x801\xd3\
s\xa2\xbc\x08gno\xdb\x9b\xfc\xf4\xca\xfeZ9\xed\
g\xf99\x80\xa0\xc4\xf4\xd4\xf42\x8bG\xdag\x1c\x1e\
!Je$\xf7\xe4\x92\x87~\x82\xe1\xc8\xa8\x0e\xf7.\
?@\xe8\x0d\x8d\x0f\xd3\xc7\x8a#\xa6\xdf\x5c\x00*:\
\x01p\x1e\xc2u\xbdKir\x00\xba\x8e\xa1\x0c\xfe\xe4\
\xd7p:.]5^l\xe2}\xc2\x13\x9e0\x08T\
\x95\xd7\x16\x9d\x05\x18\xe1!z\xda\xc8y\xdd\x80\xd0H\
\x14\xd27\xd8\xe7\xe9\xdd\x94\x95_<\xbd\xf3\x9d\xef\x1c\
\xeaG\xaf\x0d\x0c\x0c]A\xa4)\xde6e\x08\xd4\xf7\
\x14B2\xe6\xd1G\x1f\xdd\x16\x9e\xf4h\xca\xa3\x80,\
4Q\x1c/\x22)\x9f\xb6{\x85PR\xb5\xdf\x968\
\xe3\x8a\x95c\x04u\x1c\xd6=\xeaw\x14\x83\xc52u\
\x03\x12\xd7~\x9by\xd4QG\x0dyA\x966\x9c\x03\
\x1aty\xb4\x00N\xbd\xf0\xe3\xac\x1cC\xda\xe7\x19`\
\xf5:\xd3\xae\x1f\x04\x9b>\xd3C\xd6e\x0c_\xc0\x80\
WAn\xc5\x13c\xbfV\x93oW\xf8\xf3\x9e\xf7\xbc\
\x89:\x89\xbb\xd4\xa5\x9b\xcdH\xeb\x06\xc4<0\x84\x91\
(&?L\xa1\xe0w\xbd\xeb]~\x01=U\xca\xc1\
\xf5\xde\xe0\x867\xbc\xe1\xf8\xecg?{\xabFQz\
E\xe2\x0dJ|\xd9\xcb^6y\xfa\xd3\x9f>\x88\xd0\
%\xca\x95\xd0\xa3$.2_c\xe9\xddx\x0c\xaal\
<\x84<4\x1dq\xed\x0c\xa9^\xfd\x8a|\xf2_\xff\
\xf5_\xcd \xf8\xc0w\xf8\xa9u\x91\x9d\xe5\xd5\x1a(\
\xa5\x1e\x10\xa9/\x0f $<\x06\x90\xe1\x17\xd0%C\
\x06\x83\x85\x07\xfc\xbb\xc6\x1b\xd0=\xf5\xa9O\xadm\x9c\
\x93\xa9\x07\x0a\xe0b\xe4K]\xeaR\xa3\x7f\xfd\xd7\x7f\
m\xa0\x91j\xf6\xb1`\xf8\x15T\x03E\xe2\x97\xdd\xd9\
\xa6U\x5cCZ7 \xf6D\x93\xb2\x18\x98A\xf4\xb2\
\xff\xf8\x8f\xff\x18\xfc\xd4\x8e!1\xcc\xfdU \xd9\x0c\
B \x89\xa1$=\xe0\x89O|\x220,\xd4\xf8\xbd\
R\x9bh\x1b-\x8a\xa0l=\x88\xf0\x15?\x0c\x891\
\xd4\x8b!\x9c\xa3\x14\x1e\x82;\x0e \xe4;r\xcf\xcb\
\xd4\xd6\xb7\x85x\x22t<\x0f\xff\xb5\xc6\xb1\xc4H\x8c\
)%?m$f1d\xc4\x80i;\x80\x88\x5c@\
e\xe8\xf0\x1c\xffb\x05t\xe8\xa8\x82\xc6\x95O\x7f\xfa\
\xd3\x0b\x0f\x7f\xf8\xc3\x87Z\x97\xd9i\x08\xc3\xb7\xe7\xda\
\x94x\xda\x9b\xde\xf4\xa6c1\x05\xb9\xe9\xb2f\x1f\x0b\
\xc0\x84f\xda\x8f\x1eZ\xa5\x0d\xa6\x0d\x03\x82\xd0\x94\xe2\
\x88\x02\xc2\x83\xde\xab\xd7\x89\x1b\xfc\x12\x1a\xd3\xcaXp\
\xa9\x05\xa81\xc3f,uMH?\x8e}\xc63\x9e\
1\xa9\xc5\x98\x05n\xf2\xf6\xb7\xbf\xfd\x22@\xa8\x17\xef\
\xa1\xc7\xa9g\xe8\xc9\xaf\xae\xb5\x99\xf6\xa3\x18y}\x0c\
\x912\xe1\x95B\xb9jk\x19\x86\xa3\x1a\x93\xdb\xfeK\
\xcf\x19\x81Q\x0cI\xe2\x88\x8f~\xf4\xa3\x83\x853\xca\
v(\xe3\xac|b\x88x\x82\x00\x22z\xc8=@h\
K\x02p\x80\xd0\x8ez7\xb8\xc1\x0d\x16\xebX!\xd3\
\xd3\x9e\xf6\xb4\xa5\x8a\x13&\x86)\xc0\xd5\x11\x9c\x81\xd7\
\xaf\xd4\xaeu\xadk5\x1a@(0\xe7\xdd>\xf4\xa1\
\x0fM\x03r\xbc\xedm\xda\x10 (c\xde\x81\x19\x02\
0\xc6+_\xf9\xca\xa1\xdeO,P>\xa5\xd7\x17_\
F^+_\xe2\x12\x97h\x08\x8fB(\xff\x93\x9f\xfc\
d+\xff\xecg?{\xc1Z\xc0\xdd\xeev\xb7\xf1\x05\
/x\xc1\xe61\xa2\x94\xcc\xe5\xd1\x076\xe7\xf4\xe8\xf4\
\x8c\x1e\x10\xeaQ|\x8c\xa2<\x85\x19\x16\x18\xa5z\xe5\
\x90\xdfr\x1a\x9a\x02<g\xdb\xf2\x01B\xfb~\x1eh\
F\xa3\x0eZ\x01\x04Y\xb5G\xd6x\x02\xf7\x8e\xf0\x15\
\xe3\x18\x22\xac\x9b\xe0So\xe7%\xf0\x97\xd9\xc6-n\
q\x8b\xc5\x1aF\x8f\xad\x9f!\x8e\x1e\xfb\xd8\xc7.\x94\
.&@\x18o\x068\xbc\xc6a\x87\x1d6\xbe\xf0\x85\
/<\xfd!1\xbe\xeac$m\xe6\xa1cmF\xda\
\x10 \x08M\x18g\x86J\x94Mi\x0c]\xbd\xca\x14\
\xb3\xb9I\xf71N\x09\xbd@\xe1\xee\x9d!\xdf\xb0R\
c\xe8 X2\x1e\xdf\xf1\x8ew\x1cY\xc2f\x0c\xd3\
>\xf5)\x98!\xb5\xa9\x0e\x05\xc8g\x1cJ\x93\x02\x9c\
\x00\x00}\xcaW\x0e\x00)U\x9e:\xe5\x11Fo\x7f\
\xfb\xdb[]<\x03\x84\xe1K\x19\xe5k1\xa9\x05\x93\
\x94\xbc\xb2\xb2\xe27\x17\x83\xf6\xd1aTr\xa3%\x09\
\x5c\xe5\xe5\xb9|t\xd0V\x1e(\x01\x98\x97p\xef\xa0\
\xaf\x80SYr\x97\xe7<\xcbu\xaf{\xdd\xf6\x9b\x10\
_\x9cy\xees\x9f;Q'\xba\xa6\xe7\x85\x85\x85\xd1\
\xd2\xd2R\xa3/\x9f~\xfd\xd2\xbc:^\xfb\x14\x82$\
?\xe0\xa5\x0b\xf5\xa2\x93t\x9cVp\x95\xb4!@\xa0\
e\x8c\xee\x8d\xcb\xedS\xa0\xf7\x0b\xde\xd8Y\xa1#\xb4\
|\x86\xb4\xd0Rc\xe0\xd1\x8c\xac\x0c&\xcd\xad+f\
\x18\x9c\x09q\xe9K_\xba-\x1fs\x89\x14I\xa9\x84\
H\x0ft\xd6{\x09\x1f\x0f\xd1\x0b\xabl\xbc\x8f\x17e\
\x94\xe1\x90\x8f~zQ\x19x\x87\xd8\xc1\xb2\xb9\xf2x\
\xa5\x5c4\x1d\xdaP\x8fr\x0dM\xef{\xdf\xfb\xdaV\
\xfb\x00\x99L\x19&\xd0\xd4{\xe5\xf5`\xa4#\xed:\
\xe8A\x1b\x99\xd6\xf6<\xc7\xcd\x9bE\x5c\xf3\x9a\xd7\x5c\
\xf6!\x14o\x7f\xc5\x085$Lx\x81|\x8aH;\
\xd5YV\x04\xe4\xf8\x04B\xc3\xda[\xde\xf2\x96\xa5\x02\
\xc6\x8e\xf0\x84~\x00\x9b<\xfc$o\x15,\xb4\xec\x0d\
\x01\x22Hs\xd6 \xa5\xa6\xa7\x96\x8b\xad\xf72;\xa6\
\xb3\x00\xf9z\xea\xd5\xaf~\xf56\x85r\xafG\x10\xda\
WV\x96\x97\x97\xdb\xac\x81\x90w\xb8\xc3\x1d\x16\x0c\x15\
\x12E1J/\x04\x03\xf9\xbd\x85\xf2\x12\xc1\xe5I)\
\xa7\x87\x03\x13\xc0\xe2\x8f\x11\x1d\xae\x95\xe5\x0d\x0a\xb0\x87\
f\xaa\xa7,\x80\x01\x01\xc0\xb96\x1d\xe5\xa1$<\xd4\
/\xc2\x1d;\xb5g\x88@+\xe0r\x9f\x99Fx!\
#Z\xce\xd1\x95\x98%\xb3\x8bF\xb8\x92\xf2\xd1\x1b\x00\
_\xedjW\xdbv\xd5\xab^\xb5=3\x9c\xf1\x14\xdb\
\xb7oo\xb3\x09\xf2\xe8X\xf5\xfd\x8bzC\xbf\xd8\xae\
\xf1C^^\xa5>\x85p\xa8\xe9m\xe8z\xae\xedt\
&\xd7\x01b+\xb4JZ7 \x10\x8e\x10q\xe7\xf2\
\xa0X\xa0SS\xb9C\xfdN\xc1\xb3\x18\xc9\xd7\xe2j\
\xea\xd4~\x05\xad\x97\x88\xdc\xeb]\xc6P?\x9foJ\
\xa1\x5c\x9f\xdd\xb9\xd2\x95\xaet4\xe3\xe9mQd\x84\
P\x17\xf0\x08\x9d\xdd\xd4d\x9a\x15\x12@\xe5Q\x84\x1e\
\x85\x0fFexmWo\xdf\x09\x8cdH9\xbdP\
\xf0\xe89ER\xb0\xe7\xae\xd5\xc7o\xadW,Y:\
V\x07\xbf\xd1\x81^\x9a\x85!\xcf\x1c= \xa2\x03|\
gV\x15\xd9\xc8\xee \xaf\x04\x145l\x8c\xcd\xc2\xb4\
qL\x0dm\xa6\x98\xf5E\x9a\x16S\xa8\xa7\xe3T\x1c\
\xb6\xa2\xcdx=z\x11\x5c\xea\x89d\xcd\x10\x1e\x1e\xf1\
\xa0n\x00\xbb\x0a\x16Z\xf6\xba\x01\x11\x03Dh\x0dQ\
\x9a\xa3f\x14;\xcc\x16\x82Fe0!\x10\xb2:\x99\
\xb1\xf59\xcfy\xce\xe4\xb5\xaf}\xedt%\xd1\x8fv\
\xad\xc8\xf51\x83k\xca\x96\xd0s\xe8\xb5\x82\xbd\x8c\x8b\
\xc9O\x19\xe7\xb8z\xf5\xa3\xec(\x5c<P\xdeaI\
|@\x0e\x0a\xa5Lu\xe4Q\xb2^l\xec\xd6vd\
\xdc%[\xfbT\x10\xc3\xb8\x07\x1e\xcf\x01\xcd\xc1\x80\xd1\
EczW\x0a \xd0\xcc\x22\x97r1\x16\x9d(\x83\
\x0f\xa0\x17t\x0b\xbeyU\xcfx\xae\x8a'\x16l \
\x8aW2l\x98\xb1\xe1\x1f\xef\xea\xe9\x8c\x15\x17\x1d\x0a\
\xbc\xe9d\xe1!m\xf5|\xadv\xbdn@ \xa4A\
BI\xce\xee\x19\xaaz|c(\x86\x97ov\xc1\xc5\
e\xd5\xd2W^\xcc><\xa3\x08\xbd\xd0\xa2\x8b\xcd)\
I\x14.\xa5\xb7\x11\x982\x18\x0b\xfd\xf4\xdc\xb4\x9fz\
\xe9\x01\xe9\xb5)\xc7\xa5\xeb\x9de\xd0\x9d\x89Wx\x22\
\x09\xaf\xca3X\xf5\xe2+\xfb`H\xff\x91Q<0\
\xb8\xa9\xb4\xcf!\xfaT\x80aE/\xc4'\xe0\xf1D\
\x09j\xc3\xc3\xac\x11\xd4/\x1d\x0d\x89\x19\xfa\xa1\x10\x0f\
\xea9\x0cA5l\xac\xd0\x1b\x83\xa3/~\xa9\x8f\x99\
\xb4\xb6\x95\xad)\xe8\xe1\x19Z{:5s\xe2)&\
\xea\x85^t\x94\x8e\x1c]\xadv\xde\x10 \x10\xcb\xd8\
\x84!B\x96K\x9dX\x80\xd2\xb0g\xf20%H\xaa\
\xcf\xea\xb4\xe1\xc2\x9aD\xad\xc57\xa32\x02\xc5\xdb\xbf\
\xc8MRzzl\x98W'^\x80\xf2\x13\xfci\x13\
\xed^\xc8\x00\x94\xc2\x18'A\xa5k\xbd\xb9>\x1e:\
\xd4\x87\xc9\x96\x5c\xe3/u\xb5\xc9\x83XQ\xbd\xdf\xfd\
\xee\xb7\xfc\x92\x97\xbcd\x99'\xd2c%<\xc4\x88\x5c\
x\xcd\x9e\x06\x9f/J\xc27\x0f7\x9b\x00\x02\xcf\xf8\
t\xd6\x8e`\x1a\x98\xa2\xa3\xf0\xecy\xca\xca\xab\xe0z\
\xb1\xf6\x87L\xbd\x18\x19\xb4Y\x9eu\x00\x5c/\x04\xcd\
\xc4\x00\x9d,:\x8b\xc3\xb3Z\xacZ\xc0\xa7\x14Pj\
\xcf\x91\xf6fy\xed\xef\xd7\x0d\x88\x18\x08\x11BjT\
O\xac`r\x81\x97\xc0 \x83\xc9\xa7H\x06?o}\
\xe9E\x0f\xa9\xa8y\x10\x5cI\xca0\x9eO\xeeX\x81\
\xa3\x10L;\x07lQ\x5cz]\x05\x82\xed\xbd\x83\x14\
!c\xd8\x08\xcb\x90\xaek\x7fd[\x00\xe3RMm\
k9\xbc\x05j\xf2\xb4\x0d\x04\xda\x92(\x9c\x07y\xc3\
\x1b\xde`\x81lI\x1e\xfe\x95EOY\xc3\x09Z\x96\
\xb3\x0b<\x13|0\xae\xb6\x80\x0f\x1f\x196\xd4\xd7F\
\x80\xe7\x19zf2\xc0\xe6\x9e\xec1R\xf4\xa5-4\
x\x1cz\xb10\xa7<\xd09W\xa7\xa3\xe7A\xdd\x1a\
Z\xc6\xbc\x08\xdd\xb3C\x82h/\xc0\x00/C\x09\xfe\
\xa2\xbf}\x02\x88\x18 B\xeb\xe9<\x83/\xb7`\x1c\
\x83\x04\xe4\xfa\x9c\x8du\xf5\xa2\xe6\x10\x8b-5=j\
J\xc2<\x05)_\xd3\xcc\xf6\x0dG\xf7\x9e\xf5Lk\
+\x9e\x80\xd0\x8cf\xac\xa4\x10\xcas\xa4\x17\xa4\x1c\x1a\
\xa6\xad\xf8bh\x00\xac\x15\xc0\xb6|\xce\xfd2n\xea\
h+\xc0U?\x9e\x87\x0c\x9e\x05\x5c\x9eQ0\x1e\xa4\
\x92e\xa1\xf6u\x0c\x01M\xc9\xba\x82\xae\xf2\x01*\xf9\
\x95\x0fM\xf4\x04\xdb\x02b\xe5BK\xa7Q&^\xc2\
=\xba\x15w\xb5\xc59\xf2\x18*\xbd\x01f\xe8Z\xbc\
#\xd3!\x16\xf0\xeah\xeb\xea\xe4BS\xc2{\xad\xe9\
\x0c\x16\xfc\x12\x83\xa1/\x91\x03\x1f9Z\xe6L\xda\xd0\
\x8e\xa9\x08\xc00\x90[\xd3\xb4\xf69\x1eJ\xcb\xf4H\
\x19h7\xee=\xeeq\x8f\x9bT|1&\x18E\x19\
*(\xcerl\xcd@ZO\x8e\xf1\xd5sD\xb1A\
8A\xd5\xf3lwH\xa7P<\x00\xd9\xae\xa9\xdb\xc4\
\xb41\x06\x9eU\xc0z\xef\xb9i \xab\xa1\xa5}f\
\xd9W\xe6\xca\x18+\xa5\x8b\x85^\xd91\x02\xfa\xf2\xdd\
\x1b\xae\x12\x7f\xf4FJ\x99\xc8L\x1f\x82p/\xb5|\
\x88D\x1dzf`S\xe2z?\xb4\x02(y\xe3\x0b\
\x8c\x8c\xed\xb9ke\x8e\xa9a#\xfb*\xd8I~\x00\
\xb2;\x997\x04\x88\xb8 L\x89\x07\x04j\x8cM\xa0\
 \x9c\xc0\x181\xf6\x95\x9b\x1b3\xa6\x1e\x9b\xde\xc7;\
P\xa6\x1dA\xa1\x07\xe5\xe9\xfd\x196\xd0\x93g\x01&\
\xbb\xa4\x02\x88\xde[\xf5J\xa5(;\xb9\xf5\x12^\x89\
\xab\x8e\xcb\xdf\x9d2\xd6\xf2,=\xdb4\x8f\xe7\x110\
\x9b\xbdD\xf6\xf0\x1d/$?\x80\xa0#\xbf&\xabE\
\xba\xca\xfe\xff\x8bG\xea\xd0W\x860\xe5u\x9c\x1a6\
\xc6\x96\xf43\xb3\x22\x83\xc5\xb4\x0a\x8e\xa7q\x09\xf0d\
\xe8N\xdb\xa6\xcd>\x8bT\x1b\x86[g\x93\xe8v-\
\x808\x9e\x0b\xe9\x11\xbe\xbbk\xc2z\xeeL\xe15,\
\x98r\x0c54\xb4s\x19\xbe\x9d\x1de\xec\xe9u1\
\xd4\xaeK\x19C\x8d\x8f\x837\xa1\x94D\x19hA1\
\xba\x11P~\xf2\xbc\xefXZZ\x9a\xd6G\x03\xed\xd9\
\xa3\x14p\xbcv\x0bLC\xb9\xd4\xa1\x94\xdd\xf8Ro\
o\x0e\xfc\xd7\x90\xe4'\x82\x8d\x0e\xfa\xceiW;\xca\
\xe4\xac\x5c\xae\xcbk\xd9\x17\xd2~m\xc6@<\x06\xc0\
\x939gz \xbf{\xeb#\xf5\xfeb(p4\x9a\
hi/\xbaEW^x\x91\x1f\x1d\xdf\xe66\xb7i\
\xdf\xec\xe4\xb5\xd1\xd7V\x80I\xaf\x8ey6^wP\
Y\x8d6B\x12WV\xef\x15\x86\xbc\x22\x86z\x07T\
\xa6\xd7++\x0f\xba3\xcee\x16`\x9c\x84j\xcf\x95\
\x0b\x9a\xc3\xa8\xfc\xd0\x11?\xe8\xe9}\xfb\xedf&\xf1\
@\xa1\xe7,Q\x0aE\xa7\xd7\xce\xd6Y\xef=c9\
\xd2\xb3\xa3h\xf7\xd1M\x86\x84\xc8\xa2\x0d\xf1C\xf6X\
\xf2\x06\xd1\x97g\xa9G^\x1e\x11\xaf\x99M\xa0E7\
\xa1\xa9\x9e\xfa\xee\x03$:\x95\xa2/\x1d\xc8\x1bV\xf7\
\x00\xc6;\xacE\xfeu\x03\x02\x13qm\xdc\xb8\xadl\
\x0c\xada\x8a\x97\xe2V)H\x22l\x18\x97\xe7Z\x90\
d\x06\xd2\xbb4\x82\xa2\x8fV\x14\x14\x1a\x05\x86\x01\x00\
\x93zE\xa7\x0dyxsFW\xb4\x1e\x10\xaeU!\
\xd3\x06V\xb9\xc0\x9b\xde&1\x9c\xa1O\x0a\xcf\xe1\xdb\
Y^z\xa32\xf4bq*SO<\x06\xb49\xe3\
\xd75\xb9=\x17g\xe9Lt&?\xde9\xb2\xa2+\
O;d\x8c\xbc\xbcC\xad\xab\xb4\x19I@\x82\xc6\x9e\
\xd2\xba\x01\x11\x81\x11\xb6.`1D^\x0c\x8di\xbd\
T\xea\x8d\x16F1GP\xab\x97\xb6\x89\xb9\x8f\x12R\
\x9e\x10\xbdb\x0d\x1b\x04\xec\x97\xac{\xfa=O\x01+\
p\xa6\xbc\xde\x83\xe6f$\x8a'c\x80\xd1\x834=\
\xd0\xf3\x1c\xe1-\xc0\xb6V\x90ehe\xfa^?\xcb\
\x9fg\x15c\xb5\x8d1h\xc7\xb0\xeaEW\xae%:\
\x94\xa7\x1c\xfd\xe2\xcb\x12=\xddE\xf6\xe8f\xb6\x9d\xfe\
~\xdd\x80\x08\xcav\x19\xa9m\x0d\xc7D\x98L\x8f\x89\
\xdb\xd3X\xdc\x99r\x0e\xf3vo6\x95%\x04\x9a\x84\
p\x8e\xd0\xea\xb9w0,E\x9a\xfbG\xd1\x11\xa2\x07\
\x9d<\xbd\x90g\x90\xd0\xd7\xb6\x1e\xad\xae\x1e\x94\xf2\x1b\
=S*\x9e\xd4\x8f\x82\xf1\xdc\xf7\xbe\x18)<:\xa7\
\xac\xa1\xaf\x82\xdd\xb3\xc5\x8b\xc6\x83D\xee\xe8-@\xf1\
{\xd3\x8b_\xfc\xe2\x8d\x94g\xbd\x07\x8d\xde\x03\xb6x\
he\xd1g\x9b\x80\xaf\x7f\xd6\xf35{\xbd&@\x10\
\x1e#a@c\x94\xadA\xc8\xc4\xa8s\xbc\x84{\x0a\
\xea\xd1K\xe0\x08\xcb\x05\xd6p\xd1V'\xd1T\xafW\
\xb0\xba\xca\x12\x82\x22\xcd\x16\xbc\xa5L\x1b\x01\x18aB\
\xd75\x1a\xea\xc5\xa5'\x90\x92'i+\x09\xdd\xe4'\
\xcf}\x0fHer\xef\x8c\xef$\xf71\x04\xdd\xa4\xed\
\x94w\xdf\x1b\xcc\xb5gf\x09\xd5s\xbf\x9b\x0e\xd0\xb7\
\x89N\xf4\x86\xb6\xf2td\x0a\x1d`\xbb\xef\x01\x97:\
\xf8\x0a\xe8\x026\x1dI\xdcE\x0f\xea\xf7\xb2M\x05\x99\
\xb9X\x13 \xfa:\x08c\x08\xf2\xb8q\x82\xbb\xc7\x18\
F\x0c\x17q_Q\x9a\xb3\xe7\xf2)\xc2bU\x16S\
(\xaa\xa7\xa1-\xe5\xd0\xd1\x96g\xb5wa\x87E\x99\
(Q;\xda\xccP\x90\xfa\x94\x18\x051\x1e\x8f\x90\xde\
\x8c\x074M\xe7$\xedf\xa8R\x0f\xbd\x00.\x0aW\
\x06=\x8av\xa6\xd8\x1e\x5c\xf8@\x8f\xc7C#r\x87\
\x9f\xe8-\x80A\x97+\xb7\x17\xc3T\x12]4x\xaf\
\x805\x9d#\xf7d\xb4&\x11\xbeu\x92\x80\x068\xc8\
I/h\x05\x84\xf2\xd1\x01\x06\x9eU\xdd\xb5\x80\x01\xbf\
\xeb\x06\x04\xa5bHcV\x0d\x09\x1b\xe3`\x0c3\x94\
&\x0f\x83\x12f\x09\xe6\x99\xbav\xfe\x88\x1f\x08\xdd\xf7\
\xc2\x80F9\x89P\xbcC\xf5\xa8S\xe7\xd3=\xe9\x95\
\xe8\xc7\xc8h\xaa\xebH/f\xbc\xde@Qh\xc6|\
\xbc\x02\xa5\xb6b\xb0\xd0\xd3\x86|\xbc9\xdc\x07\x08\xe9\
}\xea\xe3\x81>\x0c\x9f\xce\xe8\x85VSn\x81P\xea\
\xf3\xf4Z\xeb\x16@\xa1\x1e\x1a\xeai' \x88\xder\
\xf6W\x10f\x1c\xca\x90/\xa0\xc1\x0b\x1a\xce\x01/z\
\x0ee\xcdh*\xe8o\x9fi\xc6\xc3l\x0c\xd6\x98\x9b\
I'X\x98\x9aEw_^C\x94\xcc\xb8\x18\xb1:\
\x19\x05)G\x01\x8e\xf4zy\x18\x99\xa5\xc1Cd{\
\x1b\xe1\xd0\x95\xb4\xdd\x0f5h\x19*jqk)\x86\
$h\x0cM\xd0(-@!\xb4\xc5\x22\x9f\x08\xc2\x87\
}\x8az\xa3|\xca\x0c\xe8\xe2\xcdz\xe0Fv<h\
#I\x1d2\xab\x9fy\xbd\xe5q\xef\x1a\xectB\xcb\
\xdeKk*\xb3\xb2\x86?4\xf0\x88'K\xd8\xf6_\
T\xb086\xd3RF>\xd0)\xd7\xeb\x91\x8c6\x16\
y\x81\x96}&t\xa0N\xf8%\x83\xbax\xc4\x9f:\
\xdar\xe6}\xd2Au\xc2\xf0s<F\xbb\x9b\x93\xce\
+\x90\xbc^Y\xa9\x13\xf4Q0Pp\xcb\x1a\x96\xf4\
\x9a\x8c\xdf\x18\xc2\xb8\x14\xe6\x9d\xad\xcf\xd7/\xb6\xc6\x94\
\xdb\x0b\x96\xde\x14A\xdc\x1b\x96\xeae\xcd\x0e\xefI(\
J/G?\x00\x0a\xd8(B\xdb\xee\x19\xaavl\xfb\
5\xf9\x22\xe5\xd4\x8b\xad\x1d\xf6\x09\x88\xb8\xad\x97P<\
\xda\xea8\xab\x93\x1e\x14\x1e\xd2S\xd3\x1b\xd1\x01\x10e\
\x8d\xe7\x07\xd7oK\xec\x00\xab\xf70\xdf+\xe0]\xbf\
\xdc\xf2\x05J\xe9/\xb3\xc7#4W\xd3!\xe3\x98z\
zQU+\xb5;\xcb\xd0\xdb\xd05\x85\xf7\xb2\x0a\x18\
\xf1&E>C\x92er|\x05\xa8\xe8h\xc3\xbd|\
\xf5\xd8C]\xf7t\x04\xa8\xda\xa2\xb3\xd8#6i\x0d\
\xccK\x1aE`\xf6\x90\xdf\x1fyNyzk\xad\xe5\
\x0fV\xdeJ\x01\xd3\x95\xb8\xa2\xdfV\xec\x1c\xc5\xf0t\
EM\xbe{+\x86\xfe\xa9N<\x10\xdah\xc5\xe59\
\x13\x8c\xa0\xc0P{\x00&\xb5\xfc\xda\xe8X\x1d\x0c\xcd\
\x12\xae\xad\x0e\xcaw]B\xb6\xa3\xbc\xceP\xbf_h\
3\x1ft\xac\x08:[\xf2\xde\xbe}\xfb\x8e\xfaq\xf1\
P\xaf\xe3\x87r\xbfm\xd5R\xdd\x1a\x1a\xda\xea\x1e\xda\
h\x86.\xb9<C\xd7u\x8d\xe3C-%\x0f\x0fy\
\xc8C\x06\xfb\x22\x0c\x99d\xc0\xabv\xeag\x8a;\xcb\
[\xb4:\xca\xe3mV7he%Q\xfbx\xf5\xae\
\x22\x1d\x06\xaf\xf4\x8c.C\xd3\xb5\xc3u\xfd&vR\
o\x8d\x1b\xdf\x91\xd7\xb9\xd7C\x01\xb8=\xa3\x7f|\xe0\
\xe1v\xb7\xbb\xdd\x10\xaf\x86~o\xd3\xbe\xa3\xe6\xfax\
C\xc6,\xaa\xd3\x13{ A&&\xb3\xe4\xac\x01\xe8\
S\xd63Fu\xd6S->A=\xd7\xea\x9dE\xf5\
\x86e?\xe1\x83x4\xf4j\x0a\x80\xea(\x97\xf0h\
\xd7\xcb\xb0I\xed)<\x93\xb1\x16\xfd(\x09/z!\
\xe1$\x88\xcf\xb0e\x9c]ZZ:\x96\x8b\x95\xaf\x9c\
C\xfb\xf5\xcd\x85\xc3\xecW,\x03\x1c\xb7\xbc\xbc<\xb6\
\xe4\x9e\x9f\xd8\x89\x17\xf0O\xfe\x0c\x0b\xda\xa3Hn\xd6\
:\x00\x8fP;\x99\xc6\xfe\xfc-[\xe9\xf5H\xed\xf0\
\x5c\xb5\x05p[\xad\xad\xb4O\x14D\xf1\xe8i?\xb4\
\xf1\xeb\x99:\xe4\xaf\x9f8\x8a\x1f\x86\xda\x16\xd7>g\
\x84\x9exB\x99\xe8'\x86\xaa\xdfd,\xd6\xb3\x1d\x15\
\x17\x5c\xbc:\xcb\xd9\x0d\xd7\xda\xd2q\x1c@\xc9\x13$\
&\xa2\x93xM\xde\x87-\xd6\x92\xa6CF\xc0\xa0\x92\
\xeby`\xf0\x8c\x92$J0~z\xfb\xc7\x852\x06\
\xb7f\xef\x83\xc6\xcb\xf8m\xf7\xb4r\x14(\x0f\xb3\x12\
\xc6\x09\x8fa\x0acpJ\xd0.\xfa\xc0P\xef9\x16\
\xf2\xca\x9aq\x08E\x91\x00\xd4\xf3\x8a\x06\xe1\x81\x8a\xe1\
\xaeq\x8dk\x9cE^b\x06\xcf\x5c{\xf3\xb7k\xab\
\xdeA\xb5w\xd3;\x02\xefaZo\xcfO\x06\xf1\x09\
\x90h\xe1\xdd\xe2Y\x0d=\xedo!\xad\x18z\x8eo\
I9\xe0!\x0b\x19l\x04\xf2C\x1aoV{\xdd\xb9\
\x0e \xf0\x1d\x97O\x17\xbc\xa3\x9dP\xe55&\xff\xfe\
\xef\xff\xbeh\xbd!\xee?6\x88\xf7\xf4\xac\x8e\xc3\xe8\
\x89.\x1cx\xd1>`\x14@\xda{!@1\xfb\xb3\
lm=\xc6\x0b\xc4\x0c#\xf4\xd2\xeb\xae\x092\x9b(\
;\xc3\x81\xc60\x90q)\xf9)\x13\xa3a\xc4\xd8\xa4\
\x87y\x15l\x080\xbf\x86\xd2 :\xae\xa9\xbfG\x8f\
\x12\x18\x9d\x91\xcc \xe2\x19\x08\xc3}>\xe0\x01\x0f\x98\
\xe4eY\x094}\xb1\x137\x19w\xcc-\x96,\xed\
p]\xc0\x1c\xbc}\x14Yk\x93\xa2\x22\x8b6\xe5i\
\xc3\xb5\xde\xe7\x1e\x0f\xe2\x93{\xdd\xeb^C\x05w\x03\
\x97k\x18\xac\xed\xf0\x83\x9dQb\x0eA\x99\xb2h\x91\
1\x9e\x91.\xe8\x01=\xc6Q\xc6[\xc6\x02E\xe3\x89\
k\x0f\xafq\xdf\x86%\xf9\x9e{\x96|\xfc\xc6\xc0\xfb\
\xa6\x00\x00 \x00IDAT\xd7\xcf\xfe\x87z\xb3\xb9\
3\x86\xa6#\xfaD_[\x0e2\xb1\x8d\xc3}t\xa7\
my\xea(\x83Oz\x10L\xbb\x8e.2t(O\
\x07\xb1g\xe84O;\x0b\x08\x85\x03\x8c\x14LcQ\
d_F#\xf2\xd3s\x11\x95\x97\xc33\xf5\x9d=\xeb\
i\xc8\xc7\xb0W\xe4Oz\xd2\x93\x86\xfa!\x0f\xf79\
\x1d#\xa30\x0a\xec\xe3\x07\xf7\xd5\xeb\xa6y\xe5\x85\x86\
r\xd9\x03\xe3\xe2\xcd\x11\xe5\xf9Q\x8f\x00\xee\x98\xda\x1f\
\x90g\x80\x90\xd8\x85\xac\x8c\xe0\xf7!h\xd6Vx1\
\xc8u\x13\x7f\xd0\x81\xf2xW\xdf\xd9V@?F\xca\
*`\x9e\x89+\xc4\x18\xe5\x0d\x9b\xc1\x03\xda\x9e\xf7\x80\
\xc4Y<\x01\xe8\xe4\x01\xe8\xda\x1b\xe2K1\x7f.`\
\xec\xd0\xc3\xc3/\xddF\x87\xf8\x0aP\xe2i\xa3We\
\xd4q\x06VG\x0c//\xb6Q&\x9d\xdds\xe5\x92\
w\x82ig\x88\xf2$\x94\x15\x97\xc7]\xabD\x91\xae\
\xb9y\xae()\x04\xc5\x0f\xf1\x0e\xceAr\x80\xc7+\
8\xca@\xed\xd7\xdd\xbc\x0cc\xe5g\xf1\xca\xa3o,\
m\x88\xad\xa4-\xee\x99az\x17\xac}\xfc\x12\x8e\xcb\
\xce\xc6S\x06V\xc7:\x89W\xec6\xe9\x94K6\xfb\
\x18+\xcf]\x87O\xee\x9ek\xf5\xad\x0a\xb1\x87\xa1\xaf\
\x86\xc2Ox\xce\x1b\x18:\xf0\xa2m2\xe0\xb5\xfeM\
\x98!\xed\x14\xe7\x11\xdaw\xb2y\x12\xe7\x1a\x8e\xc6\xfe\
\xbb\x13X\xd0\xc6/\xfe$:JBK\xa7Q\x06-\
m9\x0a\xc0\x07\xd5\x8fn\x0e\xad\xb5\x9a\xc1\xf0\xbbk\
\x0bb\x9b\x9e\xe2\xc5\xb0E6\x87\xba\x926\xfa\xb6\x5c\
'.\xd3No\xd3\xb4\x1f^b\xa3\x00\xee\x04\x80\xc0\
|\xc6\xfa\x186`\xa0\x14\x8aRf\x16y\xb9gD\
\xa0)\x85\xb4]TV\xca\x12\x00\xc5u3\x98!\xc7\
\xd8G\x91\x14\x93D\xa9\xca\xe5\xbd\x85\xfc\xb8\xcb\x5c\x13\
V;\xf8\x92\x8c\x8d\xc0\xa0.\xb4Ga\x15\x83L\xaa\
\xb75z\xe5\x92W(\x8eLd\xd0\xbb\xf0Lyv\
5\x0b2\x95\xb3\xff\xb2\x86\x8bw\xf8\x1a\x5c\x80\xc0\x08\
\x12\xbaR\xc9\xb6R\xeb\x1b\x0b\xeem\x9b\x17$\x87\xae\
XC\x10k\xd7R\xbcf@\xac.ChS\xf9t\
\x22\xfa\x06x\xe5\xe4\xe9$<\x1b\xfa\xbb\x02s3\xb4\
VO\x9c&\xd0\x15\xac\x03\xafip\x01\xe5|\x95\xf7\
\x83\xa2\xf1k\xcb\x00\xf4BG\xfdAG\xf2{]\xbb\
wx&\xe1\xe9\x04\x80\xc0\x90^\xe0\x10\xa8@\x0eF\
)\x8f\x12\xb9\xab\x5cS`\x5cX\xc6\xa9\xfc\x84O\x19\
F\xcb\x11\xc0h4)\x1e&\x0aK\x8f\x8f\xe2\x18\x8e\
\x12\xf0\xe0HJ\xcf\xa0\xf0(\xc9\xcen\x8aUN=\
.\xd7_6\xe2OO\xae\x19\xc6b\xe8\xa5Wh\xcf\
,F\xbc \xb8L\xb4\xeeK7U\xc6\x10\xd6>q\
\x0cdxd \xb3\xa5\x9a\xb1\xb4\xbf\x82dt\xe34\
\xef\xa4\x9c\xb6\xf5be\xdcGV\xd7\xea\x03vdK\
\x1e\x19\x18\x89\x9e\xf0GO\x92\xf2\xf2t\xa8\xec\x03A\
\x0f\xcf\x0c\xc8\xf0\xae\xd1\xa9z_u\xad\xbe\xc0\xd9Y\
\xe7\xe0\xf9\x80\x07\x98\x02\x08y\xc0\x87\x17u\xaa\xdc\xd3\
\x0bX\xf7\xe4!\xdb.\xee\xa9\x96w]0r-\xe4\
\x08p\x1aJ)#.\x07Q\x06 \x04\x82\xceQn\
\x0c\x16E\xc4%\x11,Jp\xc6hz\x8e\xfb\xd0N\
o\x09\xa3i\x07}\x02\xa2\x9b\xe1G=\xcf\x81P=\
\xbdD\xaf\x0c=\xe5y%\x8bQz\xd1\xe1\x87\x1f\xde\
\xa2m\xcafT\xf5\xf4z\xf4j\xe1kgm\xcfo\
\xc0\xa6dty\x0c\x1f99x\xd7\x02T\x8cE7\
\xea\xd7\x17p\xc6\xe5}l\xeb\x07\xa8\xa1\xa2\xff\x06F\
\xb2\xd2\x11\xe52\x04\x8f\x1a^\xc9\x11Y\xc8L\x07h\
\x05\x04\xe4\xc0_\xe8\xa8\x87\xbf\x1c\xf8r(\xc7&\xf8\
E\xa3Oh\xf1pR\x80\xa3\x0d\xf5\xd2\xbe\xbal\xa0\
-:-OsD\xad\xaf\x1cQk4c\xbf\x9e;\
\x01 \x08D\xc1\xe6\xc5\xdc\xb6q\xcd\xb9\x9f\x15\xf4L\
P\x02F\xe2v\xc2tzG\xca\xba'\x0c\xa5J\xea\
)\x1b\xef /e\x02\x86\xde+\x84\x8eg\xf2\xd3#\
\xe5\xeb\x01\x0eB\x06\x80\x14\xa9l\xb9\xf0\x15?\x86t\
M9\x0e\x89<\xca\x94\xb1\x97\xa2X\xf7\xe8J\xe4a\
\x9c\xf0\xe8\xde\xc1\x8b\xe8\x85~X\xe4\x17\xe4z\xaf2\
t\x806\x19\xb8ue\xb5\x11}\xcc\x93E{\xd1]\
:P\xef\xd2\xd5\x8d\x17\xc5\xa3\xc3\xbds\xf4\xa6^t\
\xe9Z\xbb\xd1\x01\xe0\xcf\x82\x86l\xe4\xe2)x\xb3Z\
p\xdb^\xfc\xde\xc6}\x93\xa1I\xdf%\x04\xfdp\xc6\
\xcf\xc9L'\xcbe\xb5_rs\x8f\xd9\xcd\xdb\x0f\x1d\
A6\xe6%\x0a\x95\x17F\xc3x\x98\xd4\xa8g\x11P\
\x9d<\x0b\xf3\x0cK\xb1Q4\xc5y\xe6>HOo\
V\x1f\x182v\xa2\x15\xe0\x11\xbc\x02\xc4\x05\x82\xa3\xa9\
\xbe\x9e\xa5<\x9a\xcaq\xf7z\xb3@720\x9ey\
\xbfN\xc1;\xa0\x13\xb0\xc6@55^(\x17\xbb\xe2\
9 0$\x1e\xd0,\x97|\xaa:\xff\xcau<&\
>\xd1\x0f0\x22\x8b{\xd7\xd1\x99\xf2\xee\xc9\xa1M\xf4\
\x93\xe2\xddB\x8b.\xa3\xef\xe8\x13\x9d\xc8\xe1Z2D\
\x88E\x0c\x09\x863q\xce\xae\xa3\xfd\xb6\xa3\xf8\xbe-\
\x1d4\x0f\x1a\x05F\xd1\x11BAG\xdd\x8f\x09\x9b)\
\x8ca\xa4\xa2\xf6\xf6;\x07K\xc2<\x88\x19\x02 )\
\x13\x83G\x08\xf4(\x1f}I9\xcc\x13\xceY\xbek\
|d\xfc\xcc\xbdz\xf1\x06\xe8\x04$\x94\xa0-\x06\xa0\
0\xfc\xa1\x15\xe5h\x87\xe1\x94\xf7f\x15O\xcaq\x95\
\x01\x9f6x\xab2\xec\xd8\x86\xdfc*f\x0a\xef\xce\
^\xc0Y\xccB\x13_\xe8\xe1\x01\x0d\xa9\x14|\xb4\xe7\
\xd5\xb3V\xe4\xa3\x17\x03\xd4\xf5\xd9bP\xc6!\x07^\
\xf1,\xc5`\xed\xa6\x92\xbaR\x86\x12|\x87\xcfx,\
y\xe8\xa4\xbc:\xf2\xa23\xf9\xeaD\x0f\xea\x19.\xcd\
T\x1c>\xc7\xe0S\x0bf+:\x84!\x13\x1f\xf4\xa2\
]\xc7\x09<D\x98\xe8\x1b\x22\xa4\x8a\x14\xe1\xb0\xd3\xc9\
\x12.#X\xb8\xa9\xa9c\xfb\x15\xb7\xd51\x001n\
\x879\x0d\x00@z\x03\xba\x94\x12\xc5\xb5\x82\x95b\xf4\
\xdc\xf7B\xcaS\x0f-J\xd5nzY\x94\x8e&e\
\xe5\x90\xaf7\xf0\x0c\xdc\xb6z\xf2bXJS\x16o\
\xf6\x1a\xd4\xfb\x92\xb6(\xa6\x1d\xbc\xf1\x0c\xf5S\xb9\xf6\
\xe3c\xf7\x8e\x00P\xfb<\x86\xa4~MUW\xd4\x8b\
r\xe9\xa8:\xc9\x97\xe5\x85\x9e\xb2\x919\xa0\xf5,\xa9\
\x97\x17M\xbc\xc5[*\x83w\xf4\x1d\xea\xc7Nh\x86\
Nt\x8dwC\x96U[?\x82*{\x8d\x0dq\x00\
\x04\xd4\xf1h\x01e:_xi\xd0\xd4@\xdfH\xdf\
\x90\x8a*\x05\xa9\x8c\xe1\x9e\xb2L\xf5\xea\x18[\xe77\
\xb6Z\x1d\xf3{\x00\xd3&\xc1M>\xe8\x15dk\x8b\
\xfb\xc2T\x84\xeb\x8d\xeb9\x85*O\xd0\x18\xdc}P\
\x9c\xde\xd4{\x22\xee\xde\x02Wz4^\x05\x99^\x81\
{\x16\xb7\x8f\x8e\xf6\xd1B\x9f\xf2\x01\xc7\xe7\x0a\xf4\x18\
4$n5\xfb\x18\xf1\x80^\x5c\xb7v%\xf2\x02F\
y\x92\xc3\xa3\xec\xe8\xc8P\x1b#\xd3e\xc6}\xf5b\
htC+y\xe8\xf4C\x84\xe7\xca\xe1W\x99\x009\
\xe0\xc2?9\x0d{<\x80`\xb6\xc2\xa5\xf6\x85?@\
\x8fM\xd5';P\x93_}y\xa1\xa3\x5cl>\x8d\
!R\x19\xd3\x01\x81\xbc\xe4\x07\xed1\x08\xe2\xe9}\xf2\
\xf2.\xc3\x8fP\xb8b\xc1\x96)Y\x0d'\x83\xa8\xdd\
\xb6p\xef\xf3\xb3;\x88pa\xc29\xca\xcc\xcc\xa1i\
\xbd\x12\xda\x14C\xa0Y\xa0\xcaS\xcf\x9aF\xb51\xf8\
\xcf\x0b\xf7z1\xc0\xd6\xbb\x88\xe5\xca_b\xbc\x80\xa5\
w\xa9\x01])t\xecm&@\xf0&\x94k\xcc%\
c\x86\x08\xca\x97\xd0\xc7Gy\x81\xc1\xb0rp\xcdD\
\xa2\x13\xcf\x0d\xa16\xc0dxP\x9e>\xf1\x14\x19\xd5\
w\xcczB\xbci/\x81w:\x0b\xbahx\x16=\
{\xcfb\x0d\xc4&\x5c\xeb \xbc\xa18@\xb9\xc49\
\x09*\x81\x80\x5c\x92v\xe9-\xfa\x0c\x7f\xb1\xf3\x09\x00\
\xa1\x80\x87q)!By\x18vN\xef\xa64\xd7\x11\
8=\x1b\xe3z\x1c\xf4\xfaP\x08%Y\x17\xb0\xae\x01\
\x18V\x10\xadR\xeaI\xfd7\x13\xd0\xd16\x05\xa77\
\xa0\x09\x10\xe9e\xee=wV\x86\xe1-p\xf9\xec\x8f\
\x17Qz\x07\xaf\xa0L\x05N\xdb*\x88lk)\x0c\
\x82/F`\x5c\xed\x84\x16o`\xd8\xf0.\xc2\x0c\x8b\
\xabU6\xb2f\xb8\xd0{)T\xfdjw\x5c/\xbd\
\xbc\xfbh\xe5<\xc3\x0f\x1a\x8exA\xbc\xcb\x97\x5ck\
\x9f\x9c\xc9\x93\x9f\xa9&>\x03\x06\xf9x\xe0\xee\x8d\xfb\
z\xbf\xe1`ii\xa9Mq\x01\x00\x10R\x97\xbcl\
\xa7\xdd\x18\x17\x10\xa4\x9e?\xe5gA\xd0\xdbz:d\
\xa8\xd8{\x09\x82'\xa5\x07\x07,\x01\x06\x85Zu4\
e\x910E\xe04\xa8!J\x00\x0e\x01j)v\xec\
+\xb6\x86\x16\xc1\xa99<\xe5\x19b\x1c\xd9'\x81\x0e\
\xc6)\x88\x80\xce\x01\x8bvf\x05gl1@\xbd\x13\
\xd9Yo1\xb7\x01\x0f\xde\xf4\xde*;\xc6\x1f\xa5\xa0\
\x93`\x13\x0dy\xee\x19\x15(\xc8I\xc9\xb6\xaci/\
=\x7f\xd6\xa0\xf4d\x99\xbbx\xac\xcb\xffu\xb7\xf85\
\x83\xa9_\x86\xb7!SJ\xc7\x8a'@S\x9bR@\
\x19=\xa73y\x06\x00\x00j\xed\xc4l@\xe0+O\
\x07\xec\xe9\x86~O\x03\xcf\xda`\x17g^\x03\xff\xca\
\x00H@\xde\x08\xedJ\x9e\xc5\xf6'\x98v\xce\x16\x0c\
\x03\xa9@h\x8dR\xa48\xc1\xaf\xba\x8b\xd1\x05+\x85\
\xc6b\xa8\x06\x02\x8dPDz\xb8:\x18\xd2\x03\x04=\
\x04\xac\xd8\xc3\xa7\xff\xdb\x8f}\x96\xeb\xff3lC\xf3\
;\x0f.>c)\xc3\x05\x80hP*\x9a\x12\x1e\xf0\
\xa3\x8c\xe1\xa8~\x91\xbd\xc4\x8d;\xe4Q\x866\xd3#\
\xf1\xe4:\xee;\xc6t\xae\xb1w\xb9xZ2\x5c\xe8\
\x95\xda\x08\xb0\xd2\xd3\xd4ex\xfc(#Q\xb0\xfah\
z\xb9\xe6\xabp\x86\x1eu\xc9\xdf{\x82\xd0\x0c(\xf0\
\xc8\xfb(\xc3\xa5\xf3n\xfe\xc4\xa5xyCy\xd6\xc3\
\xc8!\xc6\x89\xee\xb5\xd7\x0f=\xd1\x83|\xc3\x83!\x9c\
\xee\xc4qf\x81\xb6'Xp\xd2\x19\xa3O:\xe8A\
\xe1>\x07:'\x00D\x04\xc4D\xcf\x88|\x15\xb9\xe8\
$\x1f\x00\xf3\xf1L\xccT\x8f\xf1\xa6\xb2\x05d\xdc[\
M\xf7\xda\xa6\x0f=.c\x9b\xfa\x00C\x01\x18$\x10\
\xd7W\xae\xb7\xfd\xfc\x9d2|\xc1\xce\xc7;\xbcMT\
NO\xa24u%J\xcc\xd8J\xe9\xe8\x00 \x1ex\
\x89R\xe6\xa4\xc6\xd9\xc5x\x05\x8a\x06\xc2\x0c;h\xa8\
\x13\xd7\xa9\x0d@+~\xb7UD>l\xdb\xb6\xady\
\xb3\x80P[\x99\xdej\x8fN\xd0C\x9fq\xf0\xe7^\
\xbc\xf4\xfc\xe7?\x7f\xc8\x0f\x97\xe4GF@\x0a\xdf\x0c\
lH#;\x1e\x80\x8d~|\x0f\xa2\xde\xb4.\xd7p\
\xb5\x8d\xf7\x89\xd7%\xbb6\xe3\xd1\xf0\xeaP\x1f\x1dk\
D\xc7\xd4\x8bBq\x9a\x8eeh\xd69\xe4\xfb\xc7\x81\
\x9b\xdc\xe4&Mo\xe4\xe8\xbd\x12\xf9\xd0\xed=\xafr\
'\x00\x84\x02\xf3R\x9f\x0f\xf9\x14\x5c\x06\xb7\x09\xa6}\
\xd5\xc4\x94\xd3\xac\xc2\xaf\xa2)\xb0\x82\xb8\xe1\xe0r\xd9\
f\x22\xdc\xb1\x0d\xa5\x00B!\xf1\x22\x19\xdb\x03\x14n\
R\x94\x5c\xc7\xce\xfa\xe2\xcb\x92\x1eg:\x8bq\xed\x05\
\x08\x19\x97\xb3\x12\x98!\x85\x22\xb6o\xdf\xbeP\x82O\
nv\xb3\x9b-\x1a\xaa\x18\x0b?\x94\x98 8n\x94\
\x1c\x8c\x22){\xf7\xbb\xdf}\x8cg\xf9\x8c\x1f\x10\x06\
\x98\xd1\x0b\xc5\x8a\x8b2\x97\xb7e\xaf\xbe\x035\x90]\
\xc7\xd1V@\x88F\xbc\x84|\x1e-\xdeCY\xba\xf1\
\xda\xbf:\xc3A:\x932\xf1\x8a\xf1(\xda\x8d\xb7\xa5\
k1\x98O0hW,F\xf7\xc0\xa1\x9d\xe8\x88\x8e\
\x0d\x85\xda\x92\xb2\x18\xc7\x8e\xb3 \x88\x5c\xce'\x00D\
\xffpw\xd7\x8c\xa4\xf7\xf3\x06\x18$\x04\xc5c\x08\xaa\
\xf3q\x0f\xbd\x96\x17\xa8abP\xde\xa7p\x00\x83\xe1\
\xb9g\xc6\xcd{\x04\x0a\xd2\xeb\xea\x9bS\xdb\x18\xa66\
\xadN\xea\xab.\x0b\xa2vt\xf5\xa6\xccB\x08E\xd9\
\x110\xbc\x8aM|\xe5\xa5\x943\xa9xe\x91\xd7R\
G}\x06t\x9d:\xea\xc7@x\x14\xb53H\xf8 \
#\x85*\xcf8\x0e\xcf\xf1\xac<\x0f`Ww\xb57\
\xb1\xe7\x02x{\x83\xc68\xf4\xa2-\xb2\xa1\x87>/\
\xe4\xddA}\xe9~\xd9\xe7\x08\x19\xcfsF\x05&\xb2\
\xd2\xa9\xb8\xaa<@\xfb\x9d\xa6\x05@\x1fu3,d\
:\x8d\xa7t\x08\xe0\xd6>\xbe\xf0\xec\xfb\x12\xe2\x8e<\
\xdf\x9d=\xa7\xcf0\xba\xde\x03\xd3\xea0\xfaC\x1f\xfa\
\xd0\xe9F\x90b\xa8mZ)f\xa6\x9b?\xab\xa1\xb6\
\x01\xc4Q\x0an;\x86\xca\xd8\x5c\xf3P\x9f\xf9oS\
=\x0cgH\x8a\xc1\xdds\x81\xf5-\xcbI-#\xb7\
\xfa\xea:k\xc3\xb5vB\xb7\x94\xd76\xcd\x96\xf2\xdb\
\xb9z\xde\xf0\xe8\xda\x98\xcak\xe0U\x0f\xc3/\xb0j\
\xaf\x979=K\x19F\x99W\x86\xe2\x95\xe3\x19B\xcf\
\x17d\xebc\xeemC\x8cv\xcb\xcdO7\xf7\xe0\x8f\
>\xf0\x82G\xbc\x96\x91\x9b\xae\xca\xf8C\xbd1\x1d\x0c\
\x8bh\x05\x04\xae\xf1\x16`\x98\x91\xd5g\x9e\x87\x8a\xcf\
\xda\xc6\xa1\xc8\xde\xeb\xb4\xbf\xd6\x16\xdd\xc8+\xc05\xfa\
\xf8\x06\x10\xfa\x8c\x0c\xd1\xf5<\xbb\xaf\x1b\x0c\xb3\x8a\xf4\
\xf9\x9a\xea\xf9\xc7c6\x86\xa7\x00\x07&1KI\x9e\
\x95;k\xe5\xcbC\x0c\x820\x0a\x81x\x8a`\x14\xbd\
\x96{\xc7\xb8\xdeP_u\x9d\xd4\xd8:\x05E\x94\x1d\
\x80D\xe1\x94\x9e\x03@*\x96\x18\xcaK\x0c5\x8c\xec\
\xd4\xcb\xd0\x8b\xf1\x01O$n]$\x00\xa00\xf2Q\
`x\xc0\x87\x1e\x8b/\xf5=\xb3\xc3\xab\xbeI=\xd4\
\x86\xdb\xe9\xae\xefr\xc9\x8d?r:\x80A\x1e\xa0\x84\
'`\xa8\xe1j\xb8\xe7=\xef9\xe1\xf5\xd0\x8b\xbc\xf8\
!?~\xe4[\x05~\xe4#\x1f9\x01\x9e\xde\xe8\xbd\
>\xb5\x11\xd0\xd1k:\x88\xf2K\xf5-\x0d\xb3\x1dr\
\xa4\x038\x93\x7fS\x01\x81`<\x04\xe5Y\xaa\xb6}\
\x0d\x13\x98\x8d\xd1{!\x5c3\x90\xe7\xe5\xb6\xdbA1\
\x84\xb9\xeb]\xef\xda>l\xc18\x14O1\x09\x22\x09\
\xe0Z\xaf\xacm\xff\x93\x1af\xa6\xdb\xd8\xd3\xe3\xd0E\
\x1f\xe8\xd2;\xe4\xe5\xda3\xef*\xeet\xa7;\x0d\xe5\
\xda\xdbO\x00\xe2\x85\xf0\x1f\x10\x04\xe8dK\xaf\xea=\
\x89\x856=\xd6\x0e,{.+\x16jm0D:\
@<\x17\xc3\xbb\x0e\x1f\xe4\x0e8j\x8b\xdc\xa4\xdf\xea\
\xa7#\x00\x85\xf6\x03\x0a\xed\xd6p\xb9C\x90\x8b6z\
t\x96\x8e\x14\xdd\xd2\x01\xf0i\xc7\xb5s\x0e\x9e\x1b\xcf\
\x09l\xd1\x5c\x8b\x87Xw\x0cQ\x0dO{Z5\xde\
\x02\x17\xb1\x80)\xa8\xc6K\x11\xd3\xa0\xa8\x18o)\xca\
\xc6\x90\x83\x02\x04\x97z\x84\x8d)\xa5\xe0\xb6~\x00\xb9\
\xe8\xcb\x97\x94\xd5C\xad2\xd6\xc7\xc1\xfdY\xdb\xc4?\
\xf3\x08\xa4\xd2\xdb\x95G\xdfx\xcf\x98\x02>\xc2{\x9e\
\xb1[o\xf3\x15:?\xa4\xb1U^\xa0+\x80\xb5\xca\
\xe7\xc5\x8fi0:z\x13:\xa5\xe4\xc6\x83E3\xd1\
\xba\xd9\x94XA$/\x90\x03\x5cI\xe0&\x058f\
\x06\xf8\x8d\x1e\x04\xafz<C\x8b\x9b\xec\xf6\xbe\xef}\
\xef\xbbX\x9d\xa6\xd1\xd0\x8eq?\xfc\xba\xd6\xbe6k\
\x0a~i\x00\x8cl\xe8J\xf4+/\xc95Y\xa5\xe8\
\x99n\xbd\xad\x15Hj\x0b}\x87\xb8$e\xa7\x04f\
.\xd6\x0d\x08\xf51-!.P\x13\x8c\xd9,\x92_\
F\xa5\x0d\xccSt\xdc\x14\x03S\x12\xe6\xa24\xd3\xa4\
\xda\x83\xb8\xe4\xbd\x83\xb5\x09J\xc9\x18\xca\xb8\x8c\xaa\x9e\
\xe0H\x90X\xeb\x16\xbe\x82\xbb`z\x17\xba\xf8\x88\x1b\
D\x97\xa2)\x87w\x91\xd0\xc1\x87{\xdb\xe4\xf5\xd0]\
Q\xf8`\x8a\x97em\xedj_]\xe0\xb0F\x02\x14\
\x19V\xd0\xd6\xa6\xba\xdaCO[xt-F!\xb3\
\xa4=\xd7\x01\x180\xdc\xfb\xde\xf7nk\x02:\x12Z\
\xd9&H\x87\xf2\x12\xe0V\xe0\xb8\xa3\x00qfz\x92\
\xb4\x89\x0e\x83\x02W\xf4\xdf\x1eV\xd2\x96C\xbe\xcef\
A\xcb\xac\x0eo\x92\xfc\xf0\xb5\xab\xca\xea\xa7\xa0j=\
\xe7\xde\xcdR\x8c1\xb5f\x0f\xcd}q\x8f\xce\xd5\xe2\
\xf1\x0e\xae\x8c\xeb\x93o\xaa\xealx\x91'`\xaa\xcf\
\xed\x0dz\x01\x81)+\xfcP\x0a!\x1d\x94\x0et\xf7\
\xb8\xc7=&\x82&CN)\xa2\xd1\x8a\x9b\xd6v)\
\xa0\xe5\xcbs\xb8\x0f?\xda\xc4\x8br\xb9\xf6L\x19\xe3\
}xL\x9e{\xe5\xd2\x8e\xba\x89\x0b\x22Ch'\x9f\
\x0e\xf0&_y;\xb9\x0b\xc4;\xc9\xc4\xb8\x86\x09\xb1\
\x11=\xd2\x1f`\x00\x83\xe7\xd63\x0co\xd1\xe1\xec0\
\x11\xde=w\x1dY];\x94\xf7\xeb\xb8\xb4E\x9f}\
gI'Z\xcd\xdeS\xc5\xafV`6\xbf\x07\x03\x03\
&\x10,\xf47\x86(\xd09\x0a\xa4\x14\xd7\xb3 \x89\
\xe2=#D\xedyl\x8b+\x18\x06\x02.\x95\x92\xdc\
\xe3!y\x04\xb4\xf4-\xf6@[\xdd(?\x00\x08(\
b\xa8\xfe\xac\xbd\xdd\x1d\xea\xee\xee\x88\xe2\xfb2\x91\x17\
\xdd\x18%\x86\xaa\xd5\xc6\xe1\x15\xafx\xc5N \x0f\xd0\
y\x92\xe8\x15\xc8\xc9HV\xa0\xaf\xaf\xd5\xfe\xa0\x86\xb1\
il\x82w@\x0b=\xd7\x91\x07\xf0r-&s]\
\xc3\xe1`#\x13\xfa\xec\xe3\x8cn\xec\x16o\x1a\x90\xcc\
\xdaw\xfe*TQ^-q?\x12\x82\x5c\xa5T\x8a\
\x18U\xc4\xdd\xfe#+\xee\xcd\xf3RZs\xc1\xae1\
\xa4|)\xac\xd5\x09\x1d\x0c1>0\xd4\xaf\x98\xda\x17\
\xda\x08R\xc6m\xaeY=`@K]\xf4\xb8\xd8\xfa\
[\xa2\xf1\xd2\xd2\xd2t\xce\x8e\x87\x04gh\xce\xa6\x9e\
\xef^)\xb3\xd7\xf8\xdf\xdd1\xab\xc0\xdck/\xd7\xea\
[\xa70\x96\xd7~\xce\x95\xfa\xba}{\xbf\x82\x7f\x00\
0l\x026\xb9\xf0\x85w\xb2\xfa\xbdG\xc5Tg6\
\x15wOV)\xc6TV}g\x07y\x93\x80My\
k\x1b\xda\x96\x22\xb3km\xac)\xad&\xe0j\xf9A\
V\x94\x1f\x0fa\xbc\xade\xd2\xd6\xfbD\xd8\xd5\xf84\
\xfav\xed\xe8]t<I\x5c\x9f\xe7\xd0]\xb1\xc8\xf4\
o\x13\x83p\xbcdf\xa0}\x8a\x04\x1c\xbb\xa5M\xcb\
\xb4\x17/\x81\x1e\x1e\xd2f)\xe5x\xbd-\xf9\x1b=\
\x87\xde\xac\x97\xe9\xdb!\xa75\x89\x0a\x84\xdb\xcb;\xfc\
g\xd8\xc3\x7f?$\x1a><7\x14\xd6_-Mg\
\x12f1\xf1\x00\xe8\xe17r\xf1B\xe4\x94G\xf6x\
(\xb3)\x8by\xf1:t\x06\x9c\xb1\xd5,\xf8\xe7\xd9\
x\x8d\xb0\xa9\xa6w\xa5\xa0\xae?3\x90\xf7\xf4\xf5N\
\xe2\x0d\x024\xcf 2\x8ap\xad\x87`,\xf5z\xe6\
x\x0e\xcfM?k!\xaa\xed'\x90\xf4\x8c\xf4\x82\xd4\
\x8b\xb7\xf0\xbc~\xc79\xf6\x1bMy\x12\xaf\x12\xc0\xba\
W'G+0\x93\xd7?\xcf5^ww\xf4J\x0c\
\xcd\xfe\x1c\x0f\x88\x97Z|:V\xb0\x0c\x001\x8av\
\xc2\xafs^\xdf\xd7\xd6\xff\xf6\x87u\x8c(\xe9h\xae\
yF\x87D6\xbc9\xd3\x8dDoh*c\xb6W\
\x9ezQ\xdb\x80 /zV\x16\xef{L\xf3P\xb2\
\xd6<\x82j\x90\xcb\xc7\x80\xde`!(\xe3\x5c\x10\x0e\
\xd9\x09$\xe3=\x82z|\xf2\x16\xea\x04\xe9\xf5\x1eb\
\x00\x0a|\x08\xb8\xfa\xd5A\x8a\x92\x9f\xd7\xbbf\x0d\xa5\
\xf4i\x10\xa9\xadR\xd0\xd4C\xb9\xef\xf3r\xbf\xda\x19\
\x0f\xbb;\xf0\xeb\xd0\x86\xa3\xa7\xe3\x9e|\xe4\xf13|\
|G?\x8c\x8f\xefx\x87\xfcXI^\xfd\xb7w\x0b\
\x92\xe9\xc0zC\x1f,\xd3St\x85\xaf\xe8/<\xc4\
3\xd6\x0cm\xa8\xf8cG:\x11/\xa1m\xedFg\
l\xd4w\xc4yv\x9e\x8e{\xf3\x1e\xce\xcb\xd3`z\
a\x1a\xd2h@Q\x7f\xb3\xb8\x03s\x18\xe66\xa3\xc0\
>Z\xa6D\x82\xc5p\x04\xa5\x0cn\xd0A)\x82\xc6\
\xfcpW{\x14\x19\xe1\xa2\x5cm\xe2\xa1\xfe\x5c\xbe\xd5\
\xd1\xd6\x9e\x86\x8c\x18r\xa3\xe7\x1e\x10\xe4\x08x\x02\x0c\
\xc6\xf3\x9d\x08\xaf\x9f\xe9/C]t\x19OA\x06\xc3\
\x9e\xbfm\xc8\x0c\x8dq\xe9IG\xcaP\x90\xa1A\xbb\
}'\x92\x1f0h\xbb~\x8c\xd4~\x1a\xc9>\xe8\xf6\
\xb6\xd1&\x1d\xee\x13@ J\xb8\x00c\x16\x1c\xdex\
\xfa\x10\x06\x03\xeb)\x98\x0d\x9a\xa3\xcc\xe4\x05\xf1\x11N\
y\x0a\x91\xcf\xa3\x1cq\xc4\x11\xed/\x8d\xb5\xa7\xb7Q\
\x22\xe1\x22l\xa6j~\xbbY\xc3Gk\x87\xd2\xd4\x0f\
\xd8z\x03\xe6zo\xcf\xf1\x0c\x01C\x80\xec\xder\xf9\
\xfd\xef\x7f\xff\xf6\x91U\xbd\xd4\x110\x04\xc8t\xc7\xf3\
y\xcd_\x1b\x96\x1b\xdfb\x86\xf0M\x06\x80\x98\xed4\
\x9e+\x1b z\xaem\x8bm\xf5m\xef\x1d\xe94\x09\
X\xd9*\x01\xe9>\x03D\x84\x8b\xa0\xbd\xc0\xe9\x0d\x5c\
W\xed\xf4\x99\x1a(C\x08a\x22h\x8c\x12\x94\xbb\xef\
=\x86{n\xf4\xc1\x0f~\xf0\xc4{\x08\xed&\xc8\x8c\
\x1b\x96\x07\x1c\xa6q\xf5\xc5\xfd\x06\x22\xa0\xa2\xa4Y@\
\xa4\xbd=y\x86\xb5\x80\xa5\x07D\xc0\x90\xb3_p[\
\xb5\xb5\xa0\x857\xbc:3V\x0er\x88\x17,\x81\xf3\
\x06\xbd'\xd5~\x80\x11\x19\xd0\x8e\x87\xf5\xac\xd7\x99\xba\
\xb7\xa9\xefZ[A\x8d\xd1{/\xb4\xdf\x00\x11`8\
c$\x87{3\x8e;\xdf\xf9\xce\xd3\x8f\x8eG\x88\xde\
\x18q\xb1\x9e\xe5:\x9e\x83\xfbO\xfca\xe3\x8doF\
xg\x82v\xdc\x9f\xeb\x00\x90\xa7\x10\xbf\xd8\xe3\x88^\
\xaf<mRh\xc08\x0b\x88=\x01`\xb6|\xc0\xa0\
^\xdaA\x1f\x10\xf5\xf2Z\x9an_}\xe3!\x02`\
=\xd55\x0f\xa1\x03\xd5\xcb\xb6\xa1V.\xdb0\xa7^\
\x1f3\x84\xdfx\x83\xd9\xfb\xc8\xa2-<\xe8x\xfe|\
-q\x96\xb6f\x87\x86x\xf1\xdef\xab]\xaf;\x86\
\x98G\xa8\x07\x84^@h\xdb\xe1\xf4\x00\x02e\xecs\
\x8e\x82{\x10\xf4\xd7\x14\x94^\x92UO\x9bm\xac\xde\
\xd9\x0b@X\x00p\xc4\x05k\xcf\xb4\xcd\x0a\x9d\x1e\x13\
`\xe5\x1c%\xce3\xeez\x01\xa1<zh\xf3|h\
&\x18\xf4\xf6\xd6\xcf\xfb\xf0\x96\x99\x05\x1ec,\xa0\xa8\
\x97c\x13\xaf\xfe\xd5\xb1\x98\x947\xc5=\xc0\x5c\xa3\x9b\
\xf3\xec\xf0\x91\xce\xe2\xfc\x98\xc7<fg^\xeb\x03\xe2\
\x96\x03D\x5c\x94\x1e\xe2\xaf\x00\xea\x05\xd2t\xd6\xd1\xbb\
\xc2y\x80\xe8\xc1\xd3\xbbI\x8a16\x03\x18\x85{\xff\
\xa1\x1d\xc2\xc7=\x02\xaao6\x09\xd0\x94OP\x16p\
\xad\x06\x8a\x8d\x00\x02\x9fdq\xc4;X\x0f\x01ZC\
E\xc6r:\xc0\x97\xb3MD\xf5\xd7\x94\x13\xfb4\x12\
\x00\xe3\x91\x97\x89\xf1\xe9\xa4\xa7\xdd\xdf\x07\xdc\xf8\xcd\x10\
\x5c\x1b\x89\x86x\xce\xc4W{\x0b\x88\x0d\xbd\xdc*\xa6\
VM\xa5\xa4\xf6\xcc\xb8Y\xdb\xe2\xc7\xb56o?\xc2\
t\xdeLAI%|\xbb\xec\xf3\x18\xba\x94\xdc\xf2\xf5\
\xfcRZ\xbb\xd7\xcb\xfcB\xac\x94=\xf8\xf8\x07\xda\xde\
RJ\xcaHv(\xdbB\x9f\xbd\x06\xa1\xcf\x83\xa5L\
+\xb8\x17\x09\xcd\xf0K\xf9\xe8\x02\x80\xb7\x99\xf6E\x96\
\xb1Z^\x82ng1EM-\x87\x9aQ\xb4\xd8\xc2\
J\xab\xf5\x87x9\xab\x92x$/\xfdi#\xed\xa4\
-\xf7\x9e\x95\x07mC\xa5\xb7\xb55=_\xa6\x03\xf5\
\xb4\x8b\x9f\xbdN\xf3\x86\x80\xf5\xe6\xcd\xc6\x10\xee3\x03\
X\xae\x7f\xee]\xaa\xcd\x1a\xc6\xc9\xf4(\xbd*\x87\xbc\
\xf4\x04\xbdC\xaf)\xa1\xa6\x87<\xf7\xca\xc4U\xfa\xba\
J\xfd\x83\xde\xc4\x8c\x06\xaf\x14\x94\xf7\x03>exp\
\xed\xc8R'\xed\xb9\xce\xb0\x85^\x7f\xf4m\xcd\xbb\x9e\
-\x9f\x80.|\x87_\xb3\x9c|\x0e\x11?\x80\xc0P\
6\x10\xf9\x13\x14C!\x1e\xe6\xc9N\xb6\x9e\xd7\xc8+\
/\xf9\xea\x93?CM\x05\xdb;M\xcb\xb5\x11\xaf\xbc\
%\x87\x8c\xb8\xc8\x80\xca\xf4\xca7--\x1e\x11\x94B\
\x09\xd7+\x88\xd0\xbd\xe1c\x98\x18#\xf7\x99R\xba\xb7\
G\xf3\xc8#\x8f\x1c\x120Y\xff\xd7\xa6)\xa8%c\
e\xd4\xef\xe3\x97\xb4\xb37\x80\x08\xbd\xf0\xc4\x98b\x81\
\x07=\xe8A\xd3%w\x8bNx\xf1~\xa6<\xd9\x14\
\xc8Y_H]`\xcaP&\xcfu\x80\x96!5e\
\xe5g\xa8\xb8\xf9\xcdo\xde>\x93\xd4\x07\xd8\xbc\x946\
\xf7v\xc8X\xf7\xd2u1\xb8\xc7T\x0aoe\xe2\xca\
|^\xa0\xdc\xfcJ\xbe\xacb\x08(\x01\xa7K\xc4=\
A\x06\xf6L\x19\x02\xba\xe6R\xddS\x00\x97YFi\
3\x99\xea}m\x17\x93\xe4E\x12\xa5\xd8\xdfP/x\
>\xe2\x05R)u\xea\xde\xd1B{o\x13\x1e\xfa\xa4\
\x0d\xbf\x7f\xf0\xe9Bn[o\xc5\xa31\xbd6\x08O\
?\x84F\x86\xac\x0f\xe0\xdf\xa1\x8c\xf2dtd\xb8\xec\
u\x13]\xca3\x14\xf9uZ\xad\x82\xb6\xdf\xc0DG\
\x86\xe7\x94\xdb[\xf96\x1d\x10\x14\x9f\xf1\x0c\x93\x02*\
\xc6\xba\xf5\xado\xbdX\xc0X\xa1@\x87g\x11bV\
\x98\xf4z\xf9\x94\x94\xe0\x8c\x12)\x95b<\xd3\x03\xfd\
\xfaK^\x94\xaa\xad\xdaj\xf7\x0d;\xbc\xfb\xb8!\x1e\
ko\x15\xa6>\xf9\xf0B\x0e\xd7\x00a79\x03\x05\
\x10<\x96\x99V\xd6 \xc8\x80G\x09\xa8\x80!I\xaf\
\xc6\x9f\xfa\x09H\xd1\x91\xc8P\x9e\xa5\xfdN\xc3&\xa1\
Z\xac\x1b\xf9\xed\x08\xf9\xe9)\xa0WN\xdd\xbdM\x9b\
\x02\x88\x18\xd7\x99`A\xbe\xfb\x04A\x14W\xeb\x09\x8b\
\xf5\xda\xba\xe5e\xd1&\xe3\x9fzQ@\x5c_\xf2\xe4\
S\x1a\xe1%u\xd3\xc3\xec~\xa2\xec\x8c\xdb\x94Z\xc3\
\xd3\xe1\x0c\xa4\x1c\xfa\xf8\xe8\xeb\xafGi\x01R\xce\xe8\
'\xf8K^\x01\xbd\xbdr\xce=\xfa\xb5\xe5n\xa7]\
\xe3\xf8\x0cX\x13\xf4\xb9\x97?\xdb\x11\x02\x02\xcf$\xe5\
j\x88m\xb2yyXC\xe4J\xcd\xb4\xda\xbf$\xe7\
\xb93\xddJ\x01i\xdf\xe1b\x9bV`\x0diS\x00\
\xd1\xb7\x83\x99\xb8<\xcc\xc4\xd5a\x9a\xdb\xac`p\x5c\
;\x88\xa6?\x1c\xf1<\x86\x8f\xcb\x0d\xbd\xd4\x8f\xe2\x18\
X\xd2\x06\xa3\xa8g3\x88\xe5\xedx\x1eg\xdb\xd4j\
z\xb7B\x99z\x97\xa4\xec\xac\x01z\xbe\xd7z\x1d^\
3\xdd\xf5A\x12\x9fD\x00\x14\x1d\xc1\x19@+\xc0\x5c\
23\x0a\xe0\xc37\xa3\xe9\xd9\x19\xf3\xe5\xabC\x0f\xce\
\xf8G;\xa0\x10\x83\xf9\xedKy\xd8\x95\x1a\x0a\x17\xd7\
k\xe0\xb5\xca\x95r\x9b\x0e\x08\x84{\xc5\xbb&(\xe3\
\x00\x84\xe9\xd2mo{\xdbq\xfd\x9ea\xba\xbf2=\
\x88B{@\xa1\xc5\x00\x9e\xf74\xd1K2\xc5\xf4)\
\x00\xf7\xea*/~\xa8}\x9e\x9f\xd2\xabB\xa3?O\
+o\xe0B/\x07\x5cF\xc5\x93i\xae\xdf`J\xf1\
B\xb6\xc1\xf9\x15\x97\xe02\xbd5\xde!\xc3\xa1\xf2\x9e\
q\xf5\x9e\xc5\xab\xca'\x9f\xbc\xc4D\xf5}\xcd\x15C\
\xae\xf8(z\xd8\x0cp\xcf\x13\x7f\x9f\x00\x22\xbd\xa8o\
\x90\x00\x14\xa0\x97/--\x8d\xeex\xc7;6O\xc1\
xQd\xbc\x89!%\xe3\x7f\x14\xa8\xae\xa4\x0c\xe5\xe9\
A\x00F\xe9~\x90\xe2\x1c\xc5*W\xdf|\xb8\xa5\xde\
\xcb\x93H\x01K\xbbYgJ\xaf\x8c\x11\x02Hc\xba\
\x0d\xadYG\x08p\xfd\x1e\x22\xdf\xa9$K\xca\x93%\
C\x18\xf9\x94\xef=\x08\xfa\xf2\xf0J\x16;\xd0\xeer\
\x97\xbb\xac\xd4\xc6\x99E\xe0\xe69\xc2\xcb<\x116\x03\
$\xfb\x04\x10\x11,.\x10\xf3\x94\x91 \x881)\xb2\
\x90?\xf6\xc9@.\x9e\x91\xd5sN9\xf5\xe5\xc5\xdd\
\xe7>J\x8dR\x00\xc2\xef-$\x0a\x95\xfc:\xdbN\
\xe7\xf0\xc20\x1bI\xbd\x92s\x9d\xe1B0iw3\
\xe3\x02\xba3\xfe}$\xc5Vzi^}r\x90I\
\xd9x@C\x1b/\x1aOB?\xf5\x1b\x8e\x95Z\xfd\
l\x9e\xc10\x14o\x83fOw#r\xadVg\xd3\
W*\xa3\x84\x9eaB\xe7\x00\x86\xf4p\x7fWPK\
\xbe\xfeLeR?\xe5_\xf0\xdbE\xf5(\x9cr\xd3\
\x8b\x94\x8f\x17\xa1L\x80\xc88\x8c\x9ee\xe1\x1a\xb3\xdb\
_(SZ\xa6\xa7\xb5\x97\xb1}\x19\xc6{\x8e\xf4\xc4\
\xf5(2e\xfb:\x0c\x97\x99\x8e\xc0\xb56\xc4\xb6 \
91\x8d\x95H\xcb\xc9\xf1L}\xe4\x8f\xd7\xf0\x8e\xff\
\xe8\x0a\xcf\xca\x91Q\x19?k(\x0f\xbaR\x0bZ\xed\
\x07\xcb\x9eiW\xdd\x00~5\x83\xeem\xfe>\xf1\x10\
\xb3Le\x08\xa1X\xc6\x8d\x22\x08g>]1\xc5b\
\xf5\x84\x15\xbd\xc2\x0f\x7f(%=%\x0a\x08\x8d\xf4(\
\xcf)\x08h\x0c\x17~H#\x00\x93\x1f\x8frp\xfd\
`\x98r\xd3\xeez\xc0\x10\x19zP\xf4\xf5-\x19\xdb\
\xd0j\xc8\x93\xe2\xfeM\x85\xfd,!2\xe21`\x0e\
M\xf7h1r\xbc\x0a\x99}\x17\xca\x96\xc0\xfa\x15\xfa\
rmxY4\x85\xb6\xe2+\x01\x0d\x10\xa9\xb7\x119\
\xd2\xf6\x9e\xce\x9b\xee!b\x0c\x0d\xbbNOpO\x90\
\xc4\x06\x99\x12zn\xac/\x05/z\xab\xf9\xd4\xa7>\
\xb5\xbd\xbc\xca\xef\x16(:4\xd2\xfb\x8d\xd9\x5c\xa8D\
\xb9\x0e\xaf\xbfy\x02\xf3\xf5\x0c-\x19\xe3\xbd\x10\x03\xc4\
\xbe\xde\x9e\x14\xb3\xdas\xbd\x15\x1f~TT\xefN\xda\
\x0a\x5cf?\xf8\xf4\xa7gv.\xe1\x9b\xacY\xc8\xa2\
\x8bx\xae\x80\x9d>\xf2\x1cx}\x0cU\xc0\xedOZ\
$\xb3\x14\xd3Yt]\x03H:\xc6j\xfc\xedu\xbe\
\x06\xf6\xe7A\xb8\x1c\xe9\xe5\x94B\xa9\x8e\x0f|\xe0\x03\
\xa3;\xdc\xe1\x0emoA)\xfexo\x03\xab\x17\xb5\
%\xe9R\xf4\xf1\xde\x8b(\xe7\xc7>G\x1du\xd4\x80\
&\xe3\xebY\xae\x97\xeb]\x8a\xdf9\xa8W\x80\x98\xbe\
7q?\xef(CN\x97\x8f\xcb`\xd32\xf2\xb5\x1b\
\x1a\xd5\x8b\xdb\xbe\x07\xaf\xb4\x0d!t(\x98\xf4\xde\xc2\
\xf2\xbc\xbay\xef\xa1^\x81\xb4\xd5\xc7\xabv\xd1#O\
\xcdX\xda\x8e'_\xd8\xcf\xa6\x1a\xa0C\x9b\x1c<L\
\x7f\xf4\xfa\xdb\x17v\xdbt\x0f\xb1Q\x84\xea-\x04\xac\
q_\x909\xa6$\xdf\xdb6\x1es\xad\x8c\x9b\xc0\x8d\
R\xd2\xcbx\x03\xf7\xbcC\xed\x13i\xdf\xd1\xe4z\xe5\
K\xae\x8d\xf5\xd6*\x18.\xee6\xed\xcd\xf2\x8b\xd6<\
\x97\x1c\xe5\xf3L<\x8f7\xab\x92@P\x1d\xa9\x86\x8b\
\x9d\xe2\x19\x86\xe4!\xc2c\xe2\x17e\xc4\x1b\xe8\x93E\
]CD\xfd\xe4\x7f\xec[\x0e\xca\xcfk\xbb\x11\xdfO\
iK\x00\xa2W\x02Cr\x9f\xbe\x8d\xe4\xd3{^\x1b\
{g\x91\xef6)\xcb\x00\xc6\x5cF\xa2D\xaeY>\
\xa3\xfb\x1e\x84YK\x8c\xe4\x1aH\xec\x95\x10k(\xb7\
\x1a\x18z>f\xcb\xe5\x99\xe1\xc2Z\x8a\x80\x95\x8d\xf0\
\xab7\xe3\xa3\x82\xe2%_xI\xc2\x9f5\x0b\xfc\x01\
#\x9e\xf4~\xae\x7f\xa9\xa6\xde>\xf7SS\xef\xf6\x1a\
?CL\x1fc\x85\x87\xfd\x84\x85\xd6\xcc~\x07D\xaf\
\xf4y\x82r\xc1\x94(\x16\xd0kj\xca5\xae\xb5\xfb\
\x1d5\x0b9\xd4\xbb\x01FOO\xcaK$\x8a\xa6|\
\xb3\x94z%\xdc\xbeN\x9f L\x94njh\xbf%\
\xa3\xa4\xd7j\xbb\x07\xc6,\x18\xd4\x97\xd0MYgm\
\x01\xac\xa9`\xe2!u\x8f\xa9}\x9f\x82I\xaf\xe1\x81\
\x95\x81\xd5u\xe6\x0d\xb4K\xa6z\xcfr\x5c\xcd\xae\x0e\
\xaa\x85\xb9\xb1\xdflx\x8e/\xc0\x8a\xf7\x08/= \
\xc2Gcf\x1f\xa6\xfd\x0e\x88^\x96y\xe0\xe0F)\
ZO\x12\x07X\x9c\xa9\x18\xe00n\xbf\x82\xc3\x1d\x15\
c\x1cj\x15\x100\x12X\xa2\x03D\xca\x8b\xf2k\xbd\
\xbf\xad\xfdg\xea\xe7K\xaf\x0e\xfb\x07\x02\x82\xfe\xdc\xf3\
\x94\xa1\xa17@\x0f\x8a]\xab\xa0\xcd\xb8\x8cl8`\
H\xab\x93\xd6B\xf0\x8f\x17\xc0\xce4\x11(\xcd\xa0\x04\
\x8d\xe5\x19NR\xa0h^L\x19<\x1a\x82\xa4\x0c5\
\xae{Ph\x7f\x9e\xae\xf6\x05.\xfe\xa2\x80\xe8\x05\x8f\
p\x99\xab\xeb\xa1\x94\xcf\x1d;\xb8\xd5\xda\xb8\xdb\xfej\
\xb1\xfe\xe3bR\xbdq\xc1\xccB\xcf\xf4a\x0c\xca\xd4\
\xd3\x0c\x0d\x96\xc5\x01\x82\xc1(\xd3n&_\xf7\xafz\
\xad\x87\x07\x0c\xb3\x0aM~<N\xff<\x1e\xc3+|\
\xdf\xfa6c\xc1\x17\x83\xaag\xf9\xdc\xc7\xbf\xe2\x0d\x80\
\x81\x17\xf1k*CL\x01al\xe8\x12\x0f\xe1\xd5\x01\
(\x12\x1e\x03\x86\x1e\x08i\x7f5~g\xf9\xdf\x8c\xfb\
\xbf8 z\xa1s\x9d\x80\xd0\xbdk\xbdN\xa24\x1f\
\xfb\xa8U\xc8E\x9f0\x04\x88\xda\x0f1\xf8\xf5\x16`\
\x182L\xcf\xca0m\x91\x8a\x22y\x1a cD\xbf\
\xc4Vf^\xea{\xa0\xeb\xde\x08\xae\x01\xc2a\xba\xa9\
wK\xe8\xe2O\xdbY\x07\xd1\xdb-V\x1d\x5c\xc3J\
\x81\xa0\xbd\x90\x02f\xf9\x00\xea \x0f\x9a@C&\xd7\
\xbc\x22\xfa=\x1f=\x9f=?\xf3\xf8\xdf\xac\xbc-\x01\
\x88^\xd8\xf4\x96(\x89\xa0\x09\xb4(M\x0f\xd4\xb3\xb8\
l\xcb\xd3\xa5\xf0\xb1!\xa2\xdcu\xfb\x97\x5c\xaf\x9c\xd5\
\xd5\xcb\x95Io\xd4\xb3\xadw\xf4\x80\x98\xa7\xe4\x1e\x8c\
\xda\xc6\x0fC\x19\xeb\x1d\xb5\xb1\xb5\xb5\xcb30(O\
\xc1C\x19&|\xa5\xd7bU-\xb6\xb5O0\xfa\x02\
\x1e\xe3\x03\x81\xba\xea\x18^2\xd4\xc8So\xadi\x1e\
\xbfk\xad\xbb\xe6r\xfd\x98\xb9\x15\xae\x19rOG\x14\
\xea\x9c\xb2\xc93\xcb0\x055|d\xb8Q\xc6\xbd\xef\
.\x99\xfb\x97\xd1\xdb\xb6\xb62\xcet\x0f\xa7k\xf6w\
\xf4\xd7\xd6\x1d\x94/P\xb4\x1d\xe4<\x01\xaf\x83\xa6\x18\
\xc6\xd9\xcc\xc2\xf4X\x1c1\xbbn0{\xbf'\xd9\xfe\
\xd26\xd8\x12\x1eb\xcd\xe8]CAA\xa8\x9e\xa4\xf7\
I\x14\x0c,z\xa2er._p\x19\xcf\xa1\x9c\xf2\
\x89\xf0\x13\xc3\xc8\x0f\xc8\x128\x0al\xed\xc4\xe21\x18\
V=\x87<\x9e@\xcc#\xff@N\xfb\xe5]\xc6\xbe\
VP\x0c\xe3\xcc\xe53f\x0c#\x8fa\xa5z\xaf1\
6\xbe3\xb0\xbc\xd4\x03\x1a\xefgl\xf8*\x00\x00\x03\
6IDATA\x0cGf*\xbc\x09`0|\xa6\
\x96\xb6\xcd\x03\x84\xcf\x1d\x04\x10\xce\x926\x13 \xca\xdb\
\xdd\xb1\xafu\xb1\xb7\xf4\xb7\x1c z\xe3\xee\xe9z\x9e\
\xf0\x86\x09\x06ftg\x09\x1di\xd7N\xaa\xa9\x91y\
\x85\xc4\x0c@d] S@\xcf\x80\x0a\x0d\xd7\x02\xc3\
Z\x9d\x5cv\x8d6\x9a\xc0\x02X\x19\xba\xf2\xc6sw\
n\x7f#2\xcd\x93s_\xe5m9@\xacG\xd0(\
\xb7\xaf\xa3w\xcaghg\xc6a8g\xf7\xa6~\x82\
\xc2\x0c%\x8c\xae\x8e\xfc\x07>\xf0\x81C\xfdr}:\
\x8b@\x97\xd7\x90x\x96Z?h\x9fN\x0c \xe2!\
\x9c\xb5\x07,\x07z:\xa0\x01\xd1+?\xe0\x88\x91\x18\
\x9c\xf1x\x8c<\x03\x0c\xfb\x1fml\xe1\x11\xe2E<\
\xe7\x1d\xea\x95\xf3A~2 \x1e\xb0h\xa4|\x0c\xed\
#\xe5f\x0e\xea%>\xd1~\x82D\xd7\xda\xde\x9dw\
\x88\xc7\xda\xca\xa09 \x011\xcf3\xf4J\x06\x82\xf4\
\xfc\xc4\x0f\xb9\xe7\xfa\x19\xdf\x944^C\x191\x83)\
\xa4\xa9b\xbcG\xe2\x11u\xbct\x03\x10`\x90\x8f\x9e\
z@\x90\xeb\x80\xe2\xaf1\xc4\x16\x82|\x86\x8c\x04\x83\
\x090\x8d\xeff\x16\x8ck\x173@H\xc0%eX\
\x01\x0a\x87|\xc3\x85\x00S\xec\xe1\xeb\xfd\x00\x10\xb0\x05\
`\xe8\xa7\xad-\xa4\x86\x0d\xb3r\xc0N;c\xc8^\
\xf2\xde\xb8\xf2\x13?\xb8\xeeW;\xbd\xec\xf2\xed\xe9\x18\
\xd2\xdbG@I\x8f\x8f\xb70\xa40\xbcw\x0fY\x0a\
Ol2\xdb~?\x8cl\xd8\x1a[\xa0\xe2\x019d\
\xacGo1\x5c\xce\x8c\xed\x1d\x83\x97]@b\x91\x89\
\xe7\xb0N\xc1\xd8\x9e[O\xe0Q\x00\xc44\xd36<\
\xa09\xb1\x18}w\xfa;Q\x03b\xb6\x17\xe7\xde,\
C\xaf\x8f\xd7\xe0)2\x84\x18r\xec\xeb\x04\x06\x1e\x02\
x\xfc\x9f\x98\xba\x89Gv\xa7\xd0\x03\xfd\xd9\x89\x1a\x10\
1\x0ec\xe60\x8cXD\x12G\xf0\x04\xbc\x82\xb5\x07\
\xab\x8d\xe2\x03\x80p\x9f\x00\x92'\xe1%\x0c\x1d\x07\xc2\
,ao\x01y\xa2\x07D\x0f\x06\xd7\x0ckX(@\
\x8c\xf3K(Ad\x81\xa0m\xaa\xf1\xcc+j\xd7V\
'm\xd2\x01 \xf7\x7f\x1d2\xf6\x16n[\xb0~\xdc\
\xbew\x1a\xde\x80\x8a\x1f\xf4\xfc\xc4\x10\x0c\xefZ\xbe\xa1\
\xc3\xbf\x05\x02\xc8\xff\x95t\xa2\xf7\x10\xb3\x86\xe4%\x0c\
\x0d\x86\x05q\x84\xdeo\xe8\x00\x82L%m\xcc\x05\x02\
\xbf\xd94\xbb\xc8P\xf1\xd7!cV\x9b'\x82{\xb1\
\x81`\xd1\xd0\xe0\x1fu\x0c\x1bV \x01\x83\xf7\xf0\xbc\
\x96\xa9_&\xf0\xe4A\x94\xcb\xcb0\xf1\xc6\x89=\x8d\
\xa1\xbe\xef\x01\xb96^Z\x94\xd1S\xf4(\x8a\x91\xb8\
\xd2~!&.\xd7s\x0au\xa4,Z\x99\xdbs\xc5\
\x92\xfb~,VF\xcf\xcc\x02R\xca\xed+\xc5\xe3W\
\x22\x83\x1f\xd4\xd4\x07D\xdb\xffw\xfb\x02L~\x08c\
\x13\x8dmz\x05\x94\x85\xda\x10\xd3~\xbbizjV\
\x12\xf9\x81D\xeaA\x92\xad\xf5\xfb\x8a\xf7\xcd\xa2K\x06\
\xfa\x8e\xae\xdd\xbbn\xf1\xd6<@\xe4!%xa\xc3\
\x88\x0a+\x9bga.F\xa7\x18Jr\x96\x97\xf2\xa9\
\xa3|\x9e\xbb\xc6\x842\xbdBSo\xb3\x04_\x8dN\
\x8cj\x83\x8b\x1f\xc7\x182\xfcB\xca_\x15d\xab\x9b\
M6\x00\x12\xcfA\x07Q\x9c\xe1\x85\xf1\x0f\xc4U\xca\
\xbe\x03\xce\xd3\xcf\xff\x03\x9d\xfd/\xfd.\xaa\xa42\x00\
\x00\x00\x00IEND\xaeB`\x82\
"

qt_resource_name = b"\
\x00\x05\
\x00o\xa6S\
\x00i\
\x00c\x00o\x00n\x00s\
\x00\x03\
\x00\x00j3\
\x00c\
\x00l\x00s\
\x00\x08\
\x08\x01Y'\
\x00m\
\x00a\x00i\x00n\x00.\x00p\x00n\x00g\
\x00\x08\
\x08\x87ZG\
\x00b\
\x00a\x00r\x00d\x00.\x00p\x00n\x00g\
\x00\x0a\
\x0d\xcaG\xc7\
\x00r\
\x00a\x00n\x00g\x00e\x00r\x00.\x00p\x00n\x00g\
\x00\x0a\
\x08\x88\x95G\
\x00w\
\x00i\x00z\x00a\x00r\x00d\x00.\x00p\x00n\x00g\
\x00\x0d\
\x0e\x90G\xe7\
\x00b\
\x00a\x00r\x00b\x00a\x00r\x00i\x00a\x00n\x00.\x00p\x00n\x00g\
\x00\x0b\
\x0a,S\xa7\
\x00p\
\x00a\x00l\x00a\x00d\x00i\x00n\x00.\x00p\x00n\x00g\
\x00\x09\
\x0e\xb8\xa5\xe7\
\x00r\
\x00o\x00g\x00u\x00e\x00.\x00p\x00n\x00g\
\x00\x0b\
\x0a\x1c\xac\xa7\
\x00f\
\x00i\x00g\x00h\x00t\x00e\x00r\x00.\x00p\x00n\x00g\
\x00\x0c\
\x07\x88D\xc7\
\x00s\
\x00o\x00r\x00c\x00e\x00r\x00e\x00r\x00.\x00p\x00n\x00g\
\x00\x09\
\x0b\xf7\x80g\
\x00d\
\x00r\x00u\x00i\x00d\x00.\x00p\x00n\x00g\
\x00\x08\
\x06NY\xc7\
\x00m\
\x00o\x00n\x00k\x00.\x00p\x00n\x00g\
\x00\x0a\
\x08\xfb\x12\xc7\
\x00c\
\x00l\x00e\x00r\x00i\x00c\x00.\x00p\x00n\x00g\
\x00\x0d\
\x08\xf0\xaf\x07\
\x00a\
\x00r\x00t\x00i\x00f\x00i\x00c\x00e\x00r\x00.\x00p\x00n\x00g\
\x00\x0b\
\x05iE'\
\x00w\
\x00a\x00r\x00l\x00o\x00c\x00k\x00.\x00p\x00n\x00g\
"

qt_resource_struct = b"\
\x00\x00\x00\x00\x00\x02\x00\x00\x00\x01\x00\x00\x00\x01\
\x00\x00\x00\x00\x00\x00\x00\x00\
\x00\x00\x00\x00\x00\x02\x00\x00\x00\x02\x00\x00\x00\x02\
\x00\x00\x00\x00\x00\x00\x00\x00\
\x00\x00\x00\x10\x00\x02\x00\x00\x00\x0d\x00\x00\x00\x04\
\x00\x00\x00\x00\x00\x00\x00\x00\
\x00\x00\x00\x1c\x00\x00\x00\x00\x00\x01\x00\x00\x00\x00\
\x00\x00\x01\x9a\xa2\xb5\xdd=\
\x00\x00\x01r\x00\x00\x00\x00\x00\x01\x00\x03\x8f\x83\
\x00\x00\x01\x9a\xbc\xb1\xd7\xfd\
\x00\x00\x01\x22\x00\x00\x00\x00\x00\x01\x00\x02\xe3R\
\x00\x00\x01\x9a\xbc\xb3\xda\xae\
\x00\x00\x00\xec\x00\x00\x00\x00\x00\x01\x00\x02\x83f\
\x00\x00\x01\x9a\xbc\x9f\xe1\xf4\
\x00\x00\x002\x00\x00\x00\x00\x00\x01\x00\x01\x16f\
\x00\x00\x01\x9a\xbc\x8erF\
\x00\x00\x00b\x00\x00\x00\x00\x00\x01\x00\x01\x83i\
\x00\x00\x01\x9a\xbc\xa3\xf8\x9e\
\x00\x00\x01R\x00\x00\x00\x00\x00\x01\x00\x03S\x1b\
\x00\x00\x01\x9a\xbc\xa8\xf1\x03\
\x00\x00\x018\x00\x00\x00\x00\x00\x01\x00\x03\x1f\x13\
\x00\x00\x01\x9a\xbc\xa6\xf4\x93\
\x00\x00\x00\xd0\x00\x00\x00\x00\x00\x01\x00\x02Y\xe5\
\x00\x00\x01\x9a\xbc\x97\x04\x92\
\x00\x00\x00\x9c\x00\x00\x00\x00\x00\x01\x00\x01\xfa\x98\
\x00\x00\x01\x9a\xbc\xb5r\x96\
\x00\x00\x01\x0a\x00\x00\x00\x00\x00\x01\x00\x02\xac\xdc\
\x00\x00\x01\x9a\xbc\xac\xf0C\
\x00\x00\x00H\x00\x00\x00\x00\x00\x01\x00\x01Lu\
\x00\x00\x01\x9a\xbc\xb8,\xbf\
\x00\x00\x00|\x00\x00\x00\x00\x00\x01\x00\x01\xc4{\
\x00\x00\x01\x9a\xbc\x94h\x92\
\x00\x00\x00\xb8\x00\x00\x00\x00\x00\x01\x00\x024\x07\
\x00\x00\x01\x9a\xbc\xb6\xb1]\
"

def qInitResources():
    QtCore.qRegisterResourceData(0x03, qt_resource_struct, qt_resource_name, qt_resource_data)

def qCleanupResources():
    QtCore.qUnregisterResourceData(0x03, qt_resource_struct, qt_resource_name, qt_resource_data)

qInitResources()
